timestamp,type,id,mac,rssi,rate,noise_floor,fft_gain,agc_gain,channel,local_timestamp,sig_len,rx_state,len,first_word,data
1773371353.9027622,CSI_DATA,189174,98:4a:6b:31:4a:10,-62,11,-99,-35,59,1,2085749206,83,0,256,0,"[0,0,0,0,0,0,0,0,-15,42,-29,38,-33,31,-38,20,-47,11,-47,2,-53,-11,-42,-22,-40,-31,-31,-38,-22,-40,-11,-53,-4,-55,4,-51,20,-51,26,-49,33,-42,42,-38,47,-29,55,-20,55,-6,64,4,64,15,60,26,53,40,47,49,35,53,22,62,0,0,-8,67,-13,64,-17,58,-31,53,-40,38,-47,26,-49,15,-51,4,-49,-2,-47,-8,-44,-13,-35,-22,-38,-24,-26,-26,-20,-35,-13,-35,-6,-40,2,-33,6,-35,13,-35,17,-22,24,-20,26,-17,26,-13,26,-4,26,2,29,4,24,11,0,0,0,0,0,0,0,0,0,0,0,0,0,0,-4,-44,-31,-33,-40,-11,-38,6,-35,31,-8,49,13,49,44,33,53,6,49,-22,31,-42,2,-55,-33,-44,-53,-15,-51,13,-35,40,-11,58,26,53,47,29,58,-6,44,-38,20,-55,-15,-55,-49,-38,-69,-2,-55,38,-26,58,11,62,0,0,53,15,58,-20,38,-49,4,-53,-31,-49,-51,-24,-51,4,-33,31,-4,40,22,38,38,20,42,-11,24,-26,6,-33,-17,-35,-33,-15,-38,2,-26,26,-8,33,11,31,26,26,35,4,31,-15,15,-29,-4,-26,-17,-20,-26,-8,-29,8,0,0,0,0,0,0]"
1773371353.9188719,CSI_DATA,189175,98:4a:6b:31:4a:10,-62,11,-99,-33,59,1,2085760066,83,0,256,0,"[0,0,0,0,0,0,0,0,29,33,25,40,14,46,8,50,-6,48,-16,48,-23,44,-35,33,-38,29,-50,25,-54,12,-57,8,-50,0,-50,-8,-46,-23,-46,-31,-42,-42,-31,-44,-29,-52,-21,-52,-12,-54,-2,-52,6,-57,23,-59,31,-54,38,-54,54,-50,50,-44,0,0,63,-19,63,-4,65,6,57,10,52,25,46,27,42,33,35,40,27,44,14,40,10,44,-2,46,-2,46,-8,44,-16,38,-23,33,-25,27,-27,21,-29,19,-33,12,-35,6,-35,-2,-33,-4,-23,-8,-27,-12,-21,-19,-16,-19,-12,-23,0,0,0,0,0,0,0,0,0,0,0,0,0,0,-40,-12,-42,12,-29,31,-8,44,23,42,44,23,50,0,44,-23,16,-46,-8,-50,-38,-31,-50,-6,-50,25,-25,46,4,57,40,42,57,12,46,-25,25,-50,-12,-61,-42,-46,-61,-14,-57,23,-35,54,2,59,44,48,59,16,65,-23,0,0,-4,-65,-42,-50,-59,-16,-50,23,-25,42,6,52,33,38,44,10,44,-21,25,-35,-4,-42,-25,-31,-40,-10,-33,14,-14,38,10,40,27,27,35,6,31,-14,14,-29,-4,-31,-21,-21,-29,-6,-31,12,-14,27,2,31,16,21,23,10,0,0,0,0,0,0]"
1773371353.9252977,CSI_DATA,189176,98:4a:6b:31:4a:10,-58,11,-99,33,37,1,2085760371,83,0,256,0,"[0,0,0,0,0,0,0,0,27,-71,39,-63,51,-59,51,-51,71,-27,79,-11,79,7,83,19,71,35,63,39,71,51,51,67,35,67,31,75,15,83,-3,91,-23,87,-27,79,-59,75,-59,71,-75,63,-83,47,-95,31,-99,19,-103,7,-115,-19,-91,-27,-95,-39,0,0,-63,-59,-63,-91,-39,-87,-23,-87,-15,-95,0,-91,15,-91,27,-75,35,-67,51,-55,51,-51,51,-35,67,-27,63,-15,59,-7,67,11,63,11,43,19,47,31,39,35,39,39,23,51,15,43,0,39,-3,55,-7,43,-23,39,-31,39,0,0,0,0,0,0,0,0,0,0,0,0,0,0,7,63,43,51,67,15,63,-27,47,-55,7,-79,-31,-63,-71,-39,-79,15,-71,55,-11,75,23,79,71,47,83,7,79,-43,31,-79,-19,-83,-79,-47,-91,0,-71,59,-39,91,35,91,83,59,107,7,83,-59,39,-87,-19,-99,-79,-67,0,0,-79,47,-47,91,11,79,71,63,71,19,71,-23,27,-55,-15,-71,-55,-47,-63,-7,-59,39,-15,59,11,59,35,39,59,7,47,-35,19,-59,-11,-51,-43,-31,-55,0,-55,31,-19,47,7,51,35,23,51,0,47,-15,23,-39,-3,-31,0,0,0,0,0,0]"
1773371353.931763,CSI_DATA,189177,98:4a:6b:31:4a:10,-62,11,-99,-38,59,1,2085779832,83,0,256,0,"[0,0,0,0,0,0,0,0,36,21,31,34,26,41,17,46,0,46,-12,43,-26,39,-34,36,-41,29,-46,21,-53,7,-53,-7,-48,-12,-48,-26,-39,-34,-34,-43,-26,-56,-14,-56,-4,-61,4,-58,19,-51,29,-46,43,-46,56,-36,61,-24,63,-7,68,2,61,17,0,0,46,43,41,51,19,61,9,61,7,51,-7,51,-21,48,-29,43,-36,36,-41,29,-41,12,-41,9,-46,2,-43,-7,-36,-14,-26,-17,-24,-29,-17,-26,-12,-29,-7,-31,-2,-31,9,-34,14,-26,17,-21,24,-19,24,-9,26,-4,24,2,0,0,0,0,0,0,0,0,0,0,0,0,0,0,-43,-2,-41,17,-17,34,2,46,26,39,46,19,48,-2,46,-29,26,-46,-2,-48,-31,-39,-51,-21,-51,17,-39,41,-12,56,17,53,43,29,53,-2,43,-36,19,-56,-12,-56,-46,-41,-58,-21,-61,17,-41,43,-9,63,31,53,56,29,0,0,51,-36,24,-58,-17,-58,-43,-36,-48,-17,-43,17,-29,41,0,51,26,39,39,17,46,-14,31,-29,2,-39,-19,-31,-34,-17,-36,9,-26,21,-7,39,9,39,26,24,31,4,29,-14,17,-26,0,-31,-14,-24,-24,-14,-26,2,-21,17,0,0,0,0,0,0]"
1773371353.9480202,CSI_DATA,189178,98:4a:6b:31:4a:10,-62,11,-99,-40,59,1,2085789805,83,0,256,0,"[0,0,0,0,0,0,0,0,0,46,-12,46,-23,38,-31,36,-38,25,-49,18,-49,5,-51,-5,-46,-10,-49,-20,-41,-33,-36,-36,-25,-46,-18,-51,-10,-54,0,-54,10,-54,23,-54,31,-51,36,-43,49,-36,51,-25,59,-18,62,-2,64,2,64,15,64,28,56,38,0,0,36,54,18,62,12,67,2,62,-12,54,-18,54,-25,46,-36,38,-38,28,-43,20,-41,20,-43,7,-43,2,-41,-7,-36,-12,-36,-20,-25,-23,-20,-25,-18,-28,-10,-28,-7,-31,0,-36,5,-28,10,-25,15,-23,18,-20,23,-15,25,-10,0,0,0,0,0,0,0,0,0,0,0,0,0,0,-18,-38,-38,-25,-46,0,-41,28,-20,41,5,51,33,41,51,15,54,-12,33,-36,7,-54,-23,-43,-46,-28,-59,5,-49,36,-18,56,18,56,46,33,59,0,46,-33,23,-56,-18,-59,-46,-41,-69,-7,-59,28,-31,56,10,67,46,49,0,0,64,-23,36,-54,2,-56,-28,-49,-51,-20,-54,10,-33,38,-5,46,25,38,38,15,43,-5,28,-33,2,-41,-20,-38,-33,-12,-38,7,-23,28,-2,38,18,33,31,18,36,-7,25,-23,7,-31,-10,-28,-25,-18,-28,-2,-25,12,-12,23,0,0,0,0,0,0]"
1773371353.95424,CSI_DATA,189179,98:4a:6b:31:4a:10,-62,11,-99,-38,59,1,2085801180,83,0,256,0,"[0,0,0,0,0,0,0,0,-46,-4,-43,-17,-39,-29,-29,-36,-19,-46,-4,-48,4,-51,19,-51,26,-46,34,-36,46,-26,51,-19,51,-7,51,2,51,14,43,26,41,34,31,48,24,51,14,58,2,53,-12,63,-19,63,-34,53,-39,48,-53,41,-61,29,-65,14,0,0,-65,-14,-56,-29,-46,-41,-41,-46,-31,-48,-14,-51,-4,-53,7,-51,14,-48,19,-43,29,-36,34,-29,39,-19,39,-12,41,-4,36,4,39,12,31,17,26,24,21,24,14,29,4,34,0,31,-7,26,-7,26,-14,24,-19,17,-24,12,0,0,0,0,0,0,0,0,0,0,0,0,0,0,39,-14,26,-34,4,-46,-17,-41,-39,-29,-46,-2,-43,19,-26,43,0,51,21,46,51,24,53,-7,41,-34,14,-53,-14,-53,-43,-36,-58,-12,-53,29,-34,48,0,63,31,43,51,24,63,-9,43,-46,12,-61,-21,-58,-53,-34,-63,2,0,0,-29,63,9,56,41,46,56,12,51,-17,34,-39,4,-51,-24,-41,-41,-19,-46,4,-31,29,-7,39,17,34,31,21,41,0,29,-21,14,-34,-9,-34,-24,-24,-34,-9,-31,12,-19,29,-2,34,14,26,26,14,31,-2,21,-14,9,-24,0,0,0,0,0,0]"
1773371353.9623806,CSI_DATA,189180,98:4a:6b:31:4a:10,-62,11,-99,-33,59,1,2085810838,83,0,256,0,"[0,0,0,0,0,0,0,0,40,-23,44,-14,48,-2,48,6,46,16,42,29,38,35,27,44,19,50,8,52,-4,52,-12,52,-21,50,-29,44,-38,40,-44,31,-50,25,-54,12,-59,6,-59,-6,-54,-14,-57,-23,-50,-33,-44,-44,-35,-52,-27,-61,-19,-65,-6,-67,0,0,21,-63,27,-54,38,-48,44,-38,48,-31,50,-21,52,-10,50,-2,50,6,44,14,42,21,38,27,31,29,25,33,16,38,8,40,4,38,-4,38,-10,33,-16,31,-19,27,-23,23,-25,19,-25,12,-27,6,-29,0,-27,-4,-25,-8,0,0,0,0,0,0,0,0,0,0,0,0,0,0,-23,38,2,44,25,40,42,19,46,-6,38,-35,12,-48,-14,-50,-40,-35,-52,-6,-46,27,-23,48,6,54,35,40,52,12,52,-21,31,-48,-2,-57,-33,-48,-57,-16,-59,19,-38,50,-4,63,33,54,59,25,67,-12,46,-50,12,-65,0,0,-57,-31,-63,4,-48,40,-14,54,19,52,42,27,50,-2,38,-29,12,-46,-14,-42,-33,-23,-42,2,-33,27,-10,38,12,35,31,23,38,0,29,-21,12,-33,-10,-33,-25,-21,-33,-2,-29,16,-14,27,4,29,19,21,27,8,25,-8,0,0,0,0,0,0]"
1773371353.9786742,CSI_DATA,189181,98:4a:6b:31:4a:10,-58,11,-99,35,37,1,2085820426,83,0,256,0,"[0,0,0,0,0,0,0,0,-37,-56,-18,-78,0,-82,18,-67,37,-63,45,-60,75,-41,71,-26,82,-7,75,18,75,26,63,41,63,52,48,67,37,71,22,82,0,78,-11,86,-26,78,-52,75,-52,67,-75,60,-93,45,-97,15,-97,-3,-101,-22,-97,-45,-82,-56,0,0,-37,-93,-37,-90,-15,-108,3,-101,7,-93,33,-71,56,-67,63,-56,60,-45,71,-30,71,-3,67,-7,63,18,63,18,52,26,45,37,37,48,22,52,3,52,0,48,-3,48,-26,56,-26,45,-41,37,-33,30,-41,22,-48,7,-48,0,0,0,0,0,0,0,0,0,0,0,0,0,0,0,48,48,67,11,60,-41,41,-63,3,-75,-45,-67,-71,-37,-82,0,-71,41,-41,71,18,78,67,60,78,18,71,-37,56,-67,7,-93,-45,-78,-82,-45,-90,22,-71,71,-26,90,30,93,75,60,86,7,78,-41,41,-82,-11,-97,-63,-71,0,0,-97,41,-60,75,-7,75,56,82,75,33,78,-7,52,-52,11,-75,-22,-71,-52,-37,-63,3,-45,37,-30,67,22,48,52,37,67,3,52,-30,22,-52,-11,-60,-37,-37,-56,-22,-48,18,-37,45,0,48,22,45,48,22,45,0,33,-18,0,0,0,0,0,0]"
1773371353.9856384,CSI_DATA,189182,98:4a:6b:31:4a:10,-62,11,-99,-35,59,1,2085830143,83,0,256,0,"[0,0,0,0,0,0,0,0,-44,4,-47,-6,-44,-15,-40,-24,-33,-33,-26,-40,-15,-47,-6,-51,2,-51,13,-53,22,-49,31,-44,38,-38,44,-31,49,-22,53,-13,58,-4,58,6,58,13,55,22,49,31,44,40,38,49,29,55,20,62,8,67,-2,67,-11,64,0,0,-35,55,-44,47,-51,35,-53,26,-53,17,-55,8,-51,0,-51,-6,-47,-15,-42,-22,-35,-29,-29,-31,-24,-35,-17,-38,-8,-40,-4,-40,2,-35,8,-35,13,-33,20,-29,24,-24,26,-20,26,-15,26,-8,26,-2,26,2,26,6,24,11,0,0,0,0,0,0,0,0,0,0,0,0,0,0,38,-24,17,-40,-6,-44,-31,-33,-49,-11,-49,15,-33,40,-6,51,22,47,47,24,51,-6,40,-35,13,-53,-20,-51,-47,-31,-55,2,-44,33,-17,53,17,55,49,35,60,0,51,-35,22,-58,-15,-62,-51,-40,-62,-2,-53,31,-29,60,0,0,42,49,62,13,55,-26,26,-49,-6,-53,-35,-35,-49,-6,-44,22,-22,42,4,44,31,31,40,6,35,-22,15,-35,-8,-38,-29,-24,-38,-4,-31,15,-15,31,4,35,22,24,33,6,31,-13,17,-26,0,-29,-15,-24,-26,-8,-26,4,0,0,0,0,0,0]"
1773371353.992409,CSI_DATA,189183,98:4a:6b:31:4a:10,-62,11,-99,-36,59,1,2085830403,83,0,256,0,"[0,0,0,0,0,0,0,0,6,46,-2,46,-11,46,-20,43,-32,36,-39,29,-46,20,-50,11,-52,2,-52,-9,-50,-18,-46,-27,-41,-34,-34,-41,-25,-46,-18,-50,-6,-55,0,-57,9,-57,18,-57,27,-52,36,-46,46,-41,52,-34,59,-25,64,-13,69,-4,64,6,0,0,57,32,50,41,39,48,29,50,23,55,11,52,4,52,-4,50,-13,46,-20,41,-25,36,-29,32,-34,27,-36,20,-36,13,-39,6,-36,0,-34,-4,-32,-11,-29,-16,-25,-20,-20,-25,-16,-27,-9,-27,-6,-27,0,-27,4,-27,9,-25,0,0,0,0,0,0,0,0,0,0,0,0,0,0,-27,-34,-41,-13,-43,11,-32,34,-9,48,18,46,41,27,50,2,43,-27,20,-48,-11,-52,-39,-36,-55,-9,-50,25,-27,48,4,55,36,43,57,13,52,-23,29,-50,-4,-59,-36,-48,-59,-16,-59,18,-36,52,-2,64,39,55,62,23,0,0,41,-48,6,-64,-29,-52,-52,-20,-50,9,-34,36,-4,50,23,41,43,18,43,-9,27,-34,4,-41,-20,-34,-36,-13,-36,11,-25,29,-2,36,18,29,32,13,34,-9,23,-25,4,-32,-16,-29,-25,-16,-29,2,-23,18,-9,27,6,25,0,0,0,0,0,0]"
1773371354.0087664,CSI_DATA,189184,98:4a:6b:31:4a:10,-62,11,-99,-37,59,1,2085852433,83,0,256,0,"[0,0,0,0,0,0,0,0,23,37,14,42,2,45,-9,45,-23,42,-35,35,-42,26,-49,14,-49,2,-49,-11,-47,-21,-42,-33,-35,-40,-23,-45,-11,-49,0,-52,11,-56,23,-49,33,-45,42,-37,49,-28,56,-16,59,-4,61,9,56,23,52,35,49,47,33,56,0,0,2,64,-9,61,-23,56,-33,47,-40,40,-47,28,-49,18,-49,4,-45,-4,-42,-14,-37,-21,-33,-28,-26,-33,-18,-35,-7,-37,0,-37,7,-35,14,-30,21,-26,23,-21,28,-16,30,-9,30,-2,28,4,26,9,21,14,18,18,11,23,0,0,0,0,0,0,0,0,0,0,0,0,0,0,-37,-18,-42,2,-37,26,-21,40,2,49,28,45,45,26,52,0,42,-28,21,-47,-7,-52,-35,-42,-54,-16,-54,14,-42,40,-14,54,18,54,45,33,59,4,52,-28,30,-54,-2,-64,-35,-52,-61,-26,-61,11,-45,45,-16,64,18,61,0,0,64,7,56,-23,33,-52,0,-54,-28,-45,-47,-18,-49,9,-37,33,-9,45,14,42,35,26,42,2,35,-21,16,-37,-9,-37,-28,-28,-35,-9,-33,9,-23,28,-4,33,14,30,28,21,33,0,28,-16,14,-26,-2,-30,-14,-23,-23,-11,0,0,0,0,0,0]"
1773371354.0153124,CSI_DATA,189185,98:4a:6b:31:4a:10,-58,11,-99,38,37,1,2085852693,83,0,256,0,"[0,0,0,0,0,0,0,0,-58,-34,-41,-51,-24,-58,-6,-65,20,-72,37,-68,51,-62,58,-48,72,-27,75,-10,79,0,72,27,72,41,62,55,44,72,31,79,13,79,-3,82,-24,79,-44,86,-48,68,-79,65,-93,41,-96,27,-99,-3,-89,-20,-72,-55,-72,-89,0,0,-27,-96,-10,-106,0,-89,13,-75,37,-75,62,-55,72,-55,65,-31,82,-17,68,3,65,10,68,24,55,31,44,44,20,51,24,62,17,62,0,58,-6,48,-31,41,-34,34,-31,27,-51,20,-41,0,-51,0,-34,-13,-37,-24,-24,-34,0,0,0,0,0,0,0,0,0,0,0,0,0,0,75,10,68,-20,41,-51,13,-65,-34,-68,-62,-48,-75,-3,-75,34,-41,72,-6,89,34,65,75,62,86,6,68,-48,41,-75,-10,-86,-62,-79,-86,-20,-93,24,-65,55,-17,93,24,99,75,65,103,6,82,-55,58,-89,-13,-106,-48,-75,0,0,-99,24,-75,68,-27,82,31,75,68,51,82,13,75,-31,31,-62,-3,-68,-44,-58,-62,-17,-72,17,-44,37,-10,58,41,48,55,31,62,-6,51,-31,13,-58,-17,-48,-31,-31,-48,-10,-51,3,-31,44,-10,55,17,41,44,27,55,6,0,0,0,0,0,0]"
1773371354.0236838,CSI_DATA,189186,98:4a:6b:31:4a:10,-62,11,-99,-28,58,1,2085853026,83,0,256,0,"[0,0,0,0,0,0,0,0,12,-43,20,-39,32,-30,41,-22,45,-12,49,2,47,12,45,26,36,36,26,45,14,49,4,51,-6,53,-20,49,-30,43,-39,34,-47,26,-53,16,-57,4,-57,-8,-55,-18,-49,-28,-43,-41,-32,-51,-22,-59,-8,-63,4,-63,20,-63,0,0,43,-45,51,-32,55,-18,57,-6,55,4,51,14,45,26,34,32,26,39,16,41,6,45,0,43,-10,41,-16,36,-24,30,-28,24,-32,16,-34,10,-36,2,-32,-6,-30,-12,-26,-18,-20,-20,-12,-24,-6,-26,-2,-26,4,-26,10,-24,0,0,0,0,0,0,0,0,0,0,0,0,0,0,10,43,30,32,43,14,45,-12,34,-34,14,-49,-12,-49,-34,-36,-51,-12,-49,16,-34,43,-10,53,20,51,45,32,57,4,49,-26,28,-51,-4,-57,-36,-47,-55,-20,-59,12,-43,43,-12,59,22,61,49,39,65,6,59,-28,34,-59,0,0,-34,-55,-57,-24,-59,10,-43,36,-14,51,16,49,39,30,47,4,41,-20,22,-39,-2,-43,-24,-32,-39,-12,-39,12,-24,28,-4,39,14,34,30,20,34,0,28,-16,18,-30,-4,-34,-20,-26,-30,-10,-30,6,-22,18,-8,26,6,26,0,0,0,0,0,0]"
1773371354.0403004,CSI_DATA,189187,98:4a:6b:31:4a:10,-62,11,-99,-28,58,1,2085853331,83,0,256,0,"[0,0,0,0,0,0,0,0,36,-24,45,-14,47,-4,47,4,41,12,41,26,36,30,28,43,20,47,14,49,2,55,-6,49,-16,45,-26,43,-36,41,-39,36,-47,32,-53,20,-59,14,-53,4,-55,-8,-55,-10,-57,-28,-45,-36,-45,-43,-39,-51,-26,-57,-12,-63,0,0,8,-67,18,-53,32,-55,32,-43,41,-41,43,-30,49,-24,49,-12,45,-6,43,4,43,10,39,18,36,22,30,28,26,26,20,30,12,32,4,36,0,32,-4,32,-12,30,-14,28,-16,22,-20,18,-22,14,-26,10,-24,4,-28,-2,0,0,0,0,0,0,0,0,0,0,0,0,0,0,-22,36,0,45,24,39,43,14,47,-12,34,-36,10,-53,-20,-53,-45,-32,-49,2,-43,30,-18,51,12,53,39,39,55,12,49,-20,30,-47,-12,-57,-45,-43,-57,-8,-53,24,-28,59,4,63,47,47,57,20,59,-16,39,-47,4,-63,0,0,-63,-22,-57,18,-34,49,-2,57,28,49,49,16,47,-16,28,-41,-2,-47,-22,-39,-39,-16,-39,8,-24,32,0,43,22,32,36,12,36,-12,22,-30,2,-36,-20,-28,-30,-12,-32,8,-22,24,-6,30,12,26,26,14,28,-2,22,-16,0,0,0,0,0,0]"
1773371354.0471933,CSI_DATA,189188,98:4a:6b:31:4a:10,-62,11,-99,-33,59,1,2085893267,83,0,256,0,"[0,0,0,0,0,0,0,0,44,-2,44,12,38,23,31,31,23,42,12,48,0,50,-10,50,-23,46,-31,40,-40,29,-48,19,-52,10,-52,0,-52,-12,-48,-23,-44,-33,-35,-42,-27,-50,-16,-54,-4,-59,8,-57,19,-57,33,-52,44,-46,52,-35,59,-25,63,-10,0,0,63,16,54,29,46,40,35,44,23,50,12,52,2,52,-10,48,-16,46,-25,38,-29,31,-33,23,-38,16,-38,6,-38,0,-35,-8,-31,-14,-29,-19,-23,-25,-16,-27,-10,-29,-2,-31,4,-29,10,-25,14,-23,16,-19,21,-14,23,-8,0,0,0,0,0,0,0,0,0,0,0,0,0,0,-40,21,-23,40,-2,50,23,42,42,25,52,0,44,-25,25,-48,-4,-54,-33,-46,-52,-21,-57,10,-42,38,-12,54,16,54,44,35,59,6,54,-27,29,-54,-4,-63,-35,-50,-59,-23,-63,12,-46,48,-10,65,25,61,54,40,69,2,0,0,31,-57,-6,-63,-40,-48,-54,-16,-52,12,-38,42,-8,50,21,44,42,23,46,-4,35,-27,12,-42,-12,-42,-31,-25,-40,-2,-33,19,-19,31,4,35,25,29,35,12,33,-8,23,-25,6,-31,-10,-29,-25,-19,-29,-2,-25,12,-14,23,0,0,0,0,0,0]"
1773371354.0548177,CSI_DATA,189189,98:4a:6b:31:4a:10,-62,11,-99,-38,59,1,2085894073,83,0,256,0,"[0,0,0,0,0,0,0,0,24,39,12,41,2,43,-7,46,-19,43,-31,41,-41,31,-48,19,-48,2,-56,-7,-48,-14,-43,-26,-39,-39,-29,-43,-17,-51,-7,-53,2,-58,12,-53,26,-53,36,-41,51,-41,51,-31,61,-12,63,0,63,14,58,29,51,39,43,51,0,0,14,61,4,63,-7,63,-21,51,-34,51,-39,41,-43,31,-46,19,-46,7,-46,-4,-43,-9,-39,-19,-34,-24,-29,-29,-17,-31,-12,-39,-4,-34,2,-36,9,-31,19,-26,24,-26,24,-21,26,-12,29,-4,26,2,24,7,24,12,21,17,0,0,0,0,0,0,0,0,0,0,0,0,0,0,-41,-19,-48,0,-39,21,-19,41,2,48,29,43,48,21,53,-4,43,-34,14,-56,-12,-48,-36,-39,-56,-14,-51,17,-34,46,-7,58,26,51,46,29,58,-7,46,-34,26,-61,-19,-63,-46,-41,-63,-12,-58,24,-41,56,-4,65,31,61,0,0,63,-7,51,-36,24,-56,-12,-58,-43,-39,-56,-7,-46,21,-24,41,2,48,26,34,41,12,43,-12,29,-29,4,-41,-17,-34,-36,-19,-39,2,-31,21,-12,34,7,36,26,24,31,7,29,-9,21,-24,2,-29,-14,-26,-21,-17,-26,-2,0,0,0,0,0,0]"
1773371354.0719619,CSI_DATA,189190,98:4a:6b:31:4a:10,-58,11,-99,33,37,1,2085913678,83,0,256,0,"[0,0,0,0,0,0,0,0,-67,7,-75,-23,-63,-27,-59,-55,-43,-55,-31,-71,0,-87,11,-83,23,-79,47,-67,63,-59,75,-39,79,-27,91,0,87,3,83,23,79,43,63,51,55,71,43,83,11,95,3,95,-7,95,-43,95,-63,87,-83,75,-91,51,-107,31,0,0,-95,-11,-95,-19,-91,-55,-75,-55,-59,-79,-39,-79,-15,-83,0,-79,15,-75,19,-67,43,-59,47,-55,59,-43,63,-31,63,-19,67,-3,55,11,55,11,43,31,31,31,31,39,15,51,0,43,3,59,-11,47,-27,39,-19,23,-43,15,0,0,0,0,0,0,0,0,0,0,0,0,0,0,59,-31,39,-63,0,-75,-31,-63,-67,-35,-91,7,-67,47,-31,75,11,83,55,63,75,19,87,-23,55,-63,19,-87,-31,-79,-71,-47,-83,0,-75,47,-23,95,15,83,59,67,91,23,91,-35,63,-71,11,-107,-51,-79,-83,-47,-103,7,0,0,-35,99,31,87,71,63,91,11,87,-39,43,-67,0,-79,-43,-67,-63,-23,-63,19,-43,47,-3,67,31,59,55,23,67,-19,35,-43,11,-63,-23,-47,-47,-35,-47,-7,-51,27,-23,39,7,47,31,43,43,11,47,-7,27,-23,15,-31,0,0,0,0,0,0]"
1773371354.0788486,CSI_DATA,189191,98:4a:6b:31:4a:10,-62,11,-99,-33,59,1,2085924260,83,0,256,0,"[0,0,0,0,0,0,0,0,44,12,40,21,35,31,29,40,16,46,8,50,-2,50,-14,50,-25,46,-33,42,-42,33,-48,25,-52,16,-54,8,-54,-4,-52,-12,-52,-23,-46,-33,-42,-42,-35,-48,-25,-52,-14,-59,-4,-61,8,-63,19,-63,29,-59,40,-52,50,-46,0,0,63,-23,63,-10,63,2,59,12,52,23,46,29,40,38,31,40,21,46,14,44,6,44,-2,44,-6,42,-14,38,-21,33,-25,29,-27,23,-31,19,-31,10,-33,6,-33,-2,-29,-8,-27,-12,-23,-14,-21,-21,-16,-21,-10,-23,-4,-25,0,0,0,0,0,0,0,0,0,0,0,0,0,0,-42,10,-31,31,-10,46,16,44,40,29,50,4,46,-25,27,-44,-4,-52,-31,-42,-52,-19,-52,12,-38,42,-6,54,25,48,50,27,57,-6,44,-38,14,-59,-23,-54,-50,-31,-61,2,-52,35,-21,59,16,61,48,42,67,4,59,-33,0,0,-8,-63,-40,-46,-59,-12,-52,21,-29,46,2,50,31,40,46,12,44,-16,25,-35,0,-44,-25,-33,-38,-12,-38,14,-23,33,0,40,21,29,35,14,35,-8,23,-25,4,-33,-14,-27,-27,-14,-31,2,-23,19,-10,29,6,25,21,19,0,0,0,0,0,0]"
1773371354.0861917,CSI_DATA,189192,98:4a:6b:31:4a:10,-58,11,-99,32,37,1,2085934371,83,0,256,0,"[0,0,0,0,0,0,0,0,8,-69,24,-61,49,-53,57,-49,77,-24,73,-16,90,0,77,20,73,40,61,61,40,73,28,77,12,86,-8,86,-20,90,-40,61,-49,65,-81,61,-81,45,-86,20,-94,0,-94,-4,-90,-28,-90,-49,-77,-69,-61,-81,-40,-102,-32,-106,0,0,32,-98,45,-102,57,-81,69,-57,81,-53,73,-20,81,-8,86,8,81,20,77,28,57,49,49,53,32,65,20,57,-4,61,0,69,-16,61,-32,53,-32,49,-40,36,-45,20,-45,12,-49,16,-49,0,-36,-16,-32,-24,-28,-28,-20,-32,0,0,0,0,0,0,0,0,0,0,0,0,0,0,12,65,53,49,69,12,69,-20,45,-57,8,-77,-32,-81,-73,-53,-77,0,-73,24,-40,77,8,86,45,69,81,24,90,-12,57,-69,20,-98,-36,-81,-81,-53,-102,4,-77,53,-32,86,4,102,65,77,94,24,102,-40,61,-81,-4,-110,0,0,-86,-53,-81,8,-73,65,-20,90,32,73,61,49,69,8,65,-32,32,-69,-12,-65,-49,-40,-65,-8,-57,16,-32,49,0,57,32,45,53,24,57,-12,36,-45,8,-53,-16,-49,-40,-32,-45,0,-36,24,-20,45,12,40,28,36,49,16,0,0,0,0,0,0]"
1773371354.103149,CSI_DATA,189193,98:4a:6b:31:4a:10,-62,11,-99,-33,59,1,2085948350,83,0,256,0,"[0,0,0,0,0,0,0,0,-44,4,-44,-6,-46,-19,-38,-27,-31,-38,-23,-46,-14,-48,-4,-52,8,-50,19,-48,29,-44,40,-38,46,-31,48,-23,52,-10,52,-2,54,8,50,19,46,29,46,38,35,46,31,52,21,59,8,63,-4,63,-16,63,-31,61,-40,57,0,0,-61,38,-61,25,-61,10,-59,0,-52,-10,-48,-19,-44,-31,-38,-35,-31,-42,-21,-42,-14,-42,-4,-42,6,-44,10,-40,16,-35,23,-33,25,-27,29,-23,33,-16,31,-8,33,-2,31,6,29,10,25,12,21,16,16,21,14,21,6,23,0,0,0,0,0,0,0,0,0,0,0,0,0,0,35,-27,16,-40,-4,-44,-27,-35,-48,-16,-48,10,-35,35,-8,50,19,50,44,33,54,2,46,-27,25,-48,-6,-52,-35,-40,-52,-12,-52,21,-31,52,2,59,35,50,54,21,59,-16,40,-48,6,-63,-29,-54,-54,-27,-65,8,-48,40,0,0,21,61,50,35,59,2,48,-33,21,-50,-10,-50,-35,-33,-48,-6,-40,23,-19,40,8,42,27,29,38,4,33,-16,19,-35,-6,-38,-23,-29,-35,-10,-33,12,-19,29,0,35,19,27,29,14,31,-4,23,-19,8,-29,-10,-23,-21,-14,0,0,0,0,0,0]"
1773371354.1105335,CSI_DATA,189194,98:4a:6b:31:4a:10,-58,11,-99,33,37,1,2085948691,83,0,256,0,"[0,0,0,0,0,0,0,0,15,71,0,71,-23,71,-31,63,-55,59,-67,43,-83,31,-87,7,-79,0,-83,-19,-83,-47,-59,-55,-55,-75,-39,-67,-19,-91,-7,-91,11,-103,19,-71,43,-75,55,-67,67,-63,83,-59,95,-51,103,-27,111,3,103,15,103,31,83,51,0,0,59,79,51,91,27,103,7,91,-7,95,-23,79,-39,71,-55,59,-63,51,-63,35,-67,27,-71,15,-75,3,-71,0,-59,-23,-59,-35,-43,-35,-31,-35,-19,-43,-19,-55,-11,-51,3,-51,7,-47,31,-43,27,-43,35,-31,35,-27,31,-11,0,0,0,0,0,0,0,0,0,0,0,0,0,0,-43,-43,-59,-23,-75,15,-55,51,-11,83,23,71,63,55,79,11,79,-35,43,-75,-3,-87,-55,-67,-75,-27,-79,19,-55,59,-19,91,43,79,83,39,99,-3,71,-63,23,-99,-39,-99,-75,-59,-99,3,-79,55,-47,95,15,103,67,67,0,0,107,-47,59,-83,3,-103,-55,-63,-83,-35,-79,31,-59,59,-7,67,39,55,59,35,67,-7,35,-51,7,-55,-27,-43,-51,-19,-55,19,-43,47,-11,59,23,35,39,27,59,-3,31,-27,19,-51,-11,-43,-39,-31,-47,-11,-43,23,-23,43,0,0,0,0,0,0]"
1773371354.1275933,CSI_DATA,189195,98:4a:6b:31:4a:10,-58,11,-99,33,37,1,2085969387,83,0,256,0,"[0,0,0,0,0,0,0,0,67,7,71,35,63,43,55,47,39,67,15,87,0,83,-11,75,-39,79,-43,71,-55,51,-67,39,-83,23,-87,11,-71,-11,-79,-15,-83,-27,-79,-39,-63,-63,-59,-71,-43,-79,-27,-91,-11,-103,11,-99,23,-99,51,-103,55,-83,79,-67,0,0,103,-31,91,-11,87,7,99,23,75,35,71,47,63,59,59,63,43,71,15,71,3,79,-7,67,-23,59,-31,63,-35,59,-47,51,-39,31,-55,27,-55,15,-63,15,-55,-7,-51,-11,-39,-19,-31,-27,-27,-35,-15,-39,-15,-35,-3,-39,0,0,0,0,0,0,0,0,0,0,0,0,0,0,-63,15,-43,67,-7,67,31,67,59,43,79,0,63,-35,35,-71,-7,-79,-55,-63,-75,-23,-87,19,-59,63,-11,75,31,71,83,39,87,-11,63,-55,27,-91,-35,-91,-75,-47,-95,3,-79,59,-43,95,27,99,75,67,95,7,87,-47,0,0,-11,-99,-59,-75,-91,-11,-83,31,-59,63,7,79,39,59,67,27,75,-27,39,-47,3,-63,-39,-59,-47,-15,-55,23,-35,47,-7,59,31,51,51,23,55,-7,35,-39,11,-51,-23,-51,-43,-19,-47,-3,-39,31,-19,43,15,47,23,15,0,0,0,0,0,0]"
1773371354.1349232,CSI_DATA,189196,98:4a:6b:31:4a:10,-62,11,-99,-37,60,1,2085981371,83,0,256,0,"[0,0,0,0,0,0,0,0,6,44,-6,46,-19,44,-29,35,-38,29,-46,21,-50,8,-52,-4,-48,-19,-44,-27,-35,-38,-27,-46,-16,-50,-6,-52,6,-54,16,-52,27,-48,38,-42,46,-33,52,-25,57,-12,59,-2,63,10,57,25,52,38,46,46,35,54,19,61,0,0,-8,65,-21,61,-33,54,-40,42,-46,33,-50,21,-50,10,-50,-2,-48,-12,-42,-21,-35,-25,-29,-29,-23,-35,-16,-38,-4,-40,2,-38,10,-35,14,-31,21,-27,27,-21,29,-14,31,-8,31,-2,29,4,25,10,23,16,19,19,14,23,0,0,0,0,0,0,0,0,0,0,0,0,0,0,-25,-35,-40,-19,-44,4,-35,27,-19,44,6,50,31,40,50,16,50,-10,38,-35,12,-52,-16,-50,-42,-33,-54,-4,-48,25,-27,46,2,59,33,44,54,21,57,-10,42,-40,12,-59,-21,-59,-50,-38,-63,-2,-54,31,-29,59,6,63,0,0,61,23,57,-14,40,-44,8,-54,-23,-50,-42,-27,-48,2,-40,27,-14,42,10,42,33,29,40,6,35,-19,19,-35,-2,-38,-23,-29,-38,-10,-35,10,-23,27,-4,33,14,31,27,19,31,0,27,-14,12,-25,-2,-27,-14,-23,-25,-10,0,0,0,0,0,0]"
1773371354.1521406,CSI_DATA,189197,98:4a:6b:31:4a:10,-62,11,-99,-30,58,1,2085995505,83,0,256,0,"[0,0,0,0,0,0,0,0,21,-39,30,-34,39,-26,43,-15,50,-4,50,6,47,17,41,30,34,36,28,45,15,50,6,54,-2,52,-13,52,-23,47,-32,43,-41,39,-50,26,-52,19,-58,8,-56,0,-58,-10,-58,-21,-52,-36,-43,-45,-34,-56,-28,-63,-13,-65,0,0,15,-67,23,-58,36,-50,41,-41,47,-30,50,-21,52,-13,50,-2,47,8,45,17,39,23,32,28,28,32,21,36,13,39,4,39,0,36,-10,34,-15,32,-19,28,-23,23,-28,17,-28,10,-28,4,-28,-2,-26,-8,-23,-10,-21,-17,0,0,0,0,0,0,0,0,0,0,0,0,0,0,0,43,23,39,41,19,45,-4,41,-30,19,-50,-8,-50,-34,-39,-52,-13,-50,15,-34,41,-6,56,26,50,50,26,58,-4,45,-36,19,-56,-17,-54,-45,-36,-60,-4,-52,30,-28,56,8,63,45,47,63,17,60,-21,39,-54,2,-67,0,0,-60,-28,-63,10,-45,43,-10,56,21,50,45,28,52,-2,39,-28,13,-47,-13,-43,-34,-23,-43,0,-32,21,-13,39,10,39,30,26,41,4,32,-17,19,-30,-2,-34,-21,-26,-34,-10,-32,8,-21,26,-4,30,13,26,23,15,28,0,0,0,0,0,0,0]"
1773371354.1593196,CSI_DATA,189198,98:4a:6b:31:4a:10,-62,11,-99,-38,60,1,2086006060,83,0,256,0,"[0,0,0,0,0,0,0,0,-26,39,-32,30,-43,21,-47,8,-50,0,-47,-13,-45,-26,-34,-41,-23,-47,-10,-52,2,-58,10,-54,21,-45,32,-41,39,-30,41,-23,50,-13,58,-2,56,6,54,19,45,26,34,41,28,52,17,58,2,67,-2,63,-21,65,-34,56,0,0,-56,39,-54,26,-58,10,-60,0,-56,-10,-47,-23,-41,-34,-30,-39,-23,-41,-8,-45,-4,-45,6,-41,15,-39,23,-32,26,-32,32,-23,34,-15,39,-4,34,0,34,13,30,19,28,21,19,23,13,23,8,26,2,26,-6,26,-8,23,0,0,0,0,0,0,0,0,0,0,0,0,0,0,4,-43,-21,-39,-36,-23,-43,0,-43,17,-26,41,0,50,23,50,43,30,52,2,43,-26,21,-50,-6,-58,-36,-45,-54,-19,-50,15,-34,41,-13,58,23,58,52,34,65,2,60,-32,32,-58,-4,-65,-36,-52,-65,-15,-60,19,-41,54,0,0,28,60,47,34,58,-2,50,-32,23,-52,-8,-52,-34,-34,-50,-10,-45,15,-32,36,0,45,21,32,36,15,36,-8,30,-23,8,-36,-15,-36,-30,-23,-36,-4,-30,13,-19,26,0,30,19,26,30,13,28,-4,21,-15,10,-26,-6,-28,0,0,0,0,0,0]"
1773371354.1676402,CSI_DATA,189199,98:4a:6b:31:4a:10,-58,11,-99,34,37,1,2086015819,83,0,256,0,"[0,0,0,0,0,0,0,0,50,-46,65,-34,69,-27,73,-11,77,11,77,34,61,50,54,58,42,65,27,77,11,81,-3,69,-19,73,-34,58,-54,61,-69,46,-81,46,-85,27,-85,7,-96,-7,-92,-3,-88,-30,-73,-50,-69,-73,-54,-73,-38,-96,-19,-116,0,-116,0,0,30,-100,54,-92,61,-77,69,-50,77,-34,85,-23,88,-3,85,0,77,23,65,23,46,46,46,61,27,50,42,61,15,65,0,61,-3,54,-7,46,-15,50,-34,38,-34,34,-54,23,-42,15,-46,11,-38,-7,-34,-11,-42,-11,-30,-27,0,0,0,0,0,0,0,0,0,0,0,0,0,0,-30,58,11,58,50,38,61,11,65,-34,46,-73,7,-81,-30,-73,-65,-38,-85,0,-54,46,-34,81,23,81,58,61,73,23,85,-34,54,-85,-7,-88,-61,-61,-88,-19,-81,23,-54,73,0,108,58,88,85,46,92,-15,69,-69,23,-96,0,0,-77,-38,-92,-3,-77,65,-19,85,19,73,61,58,85,3,73,-30,19,-61,0,-61,-42,-38,-65,-15,-46,27,-27,50,11,54,46,42,58,11,46,-23,27,-58,0,-61,-30,-42,-46,-19,-50,19,-34,38,-11,50,7,42,34,27,38,-7,0,0,0,0,0,0]"
1773371354.1850982,CSI_DATA,189200,98:4a:6b:31:4a:10,-62,11,-99,-38,60,1,2086025637,83,0,256,0,"[0,0,0,0,0,0,0,0,-28,-34,-19,-41,-8,-45,4,-45,17,-45,28,-43,39,-32,45,-21,50,-13,52,-2,50,13,50,21,43,32,34,39,23,47,13,52,4,56,-4,54,-19,52,-28,50,-39,45,-52,36,-54,26,-65,15,-65,-2,-63,-15,-60,-28,-52,-39,0,0,-34,-58,-17,-65,-4,-60,8,-56,19,-52,26,-47,34,-39,41,-30,47,-19,45,-8,43,0,41,8,43,17,36,21,23,28,21,34,15,32,4,34,2,34,-8,32,-13,28,-21,26,-23,19,-26,13,-26,6,-26,2,-26,-2,-23,-10,0,0,0,0,0,0,0,0,0,0,0,0,0,0,41,17,45,-6,34,-28,17,-43,-8,-47,-32,-39,-50,-17,-52,10,-34,39,-13,54,19,52,43,36,54,8,50,-23,30,-45,0,-58,-32,-47,-56,-19,-58,15,-43,41,-15,58,26,56,52,34,67,-2,56,-32,28,-60,-6,-65,-41,-50,0,0,-60,17,-43,47,-8,63,26,50,47,28,56,-2,41,-30,17,-47,-15,-45,-32,-30,-43,-6,-36,17,-21,34,4,41,28,28,39,8,36,-10,23,-26,2,-36,-17,-30,-32,-15,-34,2,-28,19,-13,30,6,30,21,21,26,8,26,-6,0,0,0,0,0,0]"
1773371354.1929426,CSI_DATA,189201,98:4a:6b:31:4a:10,-62,11,-99,-38,60,1,2086035266,83,0,256,0,"[0,0,0,0,0,0,0,0,45,-6,45,4,45,15,41,26,34,34,30,41,15,45,6,50,-4,52,-15,52,-26,47,-32,41,-41,34,-45,28,-50,17,-54,8,-54,0,-56,-10,-54,-21,-50,-30,-45,-39,-36,-45,-30,-54,-17,-60,-10,-65,2,-65,15,-63,26,-60,0,0,47,-45,52,-34,56,-21,58,-10,58,-2,54,8,50,15,43,21,39,32,30,34,26,39,17,41,8,41,2,41,-6,39,-13,39,-17,32,-21,28,-28,23,-28,17,-30,13,-32,6,-30,2,-28,-4,-26,-10,-23,-15,-19,-17,-15,-21,0,0,0,0,0,0,0,0,0,0,0,0,0,0,-34,26,-15,43,8,45,34,34,45,13,52,-15,34,-41,6,-52,-23,-47,-45,-26,-54,4,-41,34,-15,54,17,54,45,34,58,4,50,-30,23,-52,-13,-60,-43,-41,-60,-10,-56,28,-30,54,6,65,41,52,63,19,63,-21,41,-54,0,0,-34,-56,-58,-23,-58,13,-41,43,-6,54,23,45,45,23,47,-6,34,-34,8,-45,-19,-39,-36,-19,-41,6,-30,30,-6,39,15,39,32,19,36,-4,28,-21,10,-34,-10,-34,-28,-21,-32,-2,-26,15,-13,28,2,30,19,21,26,6,0,0,0,0,0,0]"
1773371354.2005956,CSI_DATA,189202,98:4a:6b:31:4a:10,-58,11,-99,34,37,1,2086045999,83,0,256,0,"[0,0,0,0,0,0,0,0,19,-77,38,-58,54,-46,58,-34,77,-19,73,0,77,11,73,42,54,50,42,61,30,77,15,81,-3,77,-15,81,-34,81,-50,54,-61,61,-85,42,-81,30,-92,7,-88,-11,-85,-23,-77,-30,-77,-58,-65,-73,-38,-92,-15,-104,-11,-100,0,0,65,-92,58,-85,61,-77,81,-38,81,-30,81,-15,73,11,81,23,69,38,58,38,46,58,30,50,27,50,3,69,-3,61,-15,54,-19,58,-38,50,-42,38,-50,27,-50,15,-46,11,-50,-7,-46,-11,-34,-15,-30,-23,-27,-34,-11,-46,0,0,0,0,0,0,0,0,0,0,0,0,0,0,11,77,42,58,65,34,69,-11,58,-46,19,-85,-19,-73,-61,-65,-69,-19,-73,27,-50,77,-7,85,50,73,65,42,96,-7,73,-42,30,-85,-15,-85,-65,-54,-92,-3,-85,34,-54,81,0,104,54,81,96,34,104,-19,77,-69,19,-119,0,0,-69,-58,-100,-11,-88,50,-46,77,7,92,50,58,77,15,69,-30,42,-58,-7,-65,-38,-58,-61,-19,-69,7,-34,42,-7,58,30,54,50,30,65,-3,42,-30,19,-46,-11,-46,-42,-42,-58,-11,-42,15,-27,34,0,46,11,38,38,19,0,0,0,0,0,0]"
1773371354.2083395,CSI_DATA,189203,98:4a:6b:31:4a:10,-62,11,-99,-28,58,1,2086056903,83,0,256,0,"[0,0,0,0,0,0,0,0,20,-36,30,-32,41,-26,43,-16,47,-8,45,4,47,18,41,26,39,32,26,39,22,49,10,51,4,47,-6,51,-16,51,-26,49,-34,43,-43,36,-45,28,-55,22,-47,12,-59,-2,-61,-4,-61,-16,-53,-28,-49,-39,-43,-51,-30,-57,0,0,-4,-67,0,-63,12,-55,26,-55,28,-49,34,-34,43,-28,47,-20,49,-14,47,-6,43,4,43,8,41,14,32,20,32,26,22,28,16,32,8,32,6,34,0,34,-8,28,-12,30,-18,26,-18,20,-22,14,-24,10,-24,8,-26,2,0,0,0,0,0,0,0,0,0,0,0,0,0,0,0,45,20,36,41,16,45,-4,41,-30,14,-49,-12,-47,-39,-34,-49,-12,-51,18,-26,47,0,57,32,41,53,18,53,-12,32,-41,4,-57,-28,-51,-51,-28,-61,12,-36,41,-14,57,22,61,51,34,65,0,53,-39,18,-63,-18,-61,0,0,-61,-4,-55,32,-24,61,16,55,36,39,51,12,45,-22,24,-41,-4,-45,-30,-34,-43,-8,-36,16,-16,36,6,39,28,28,36,4,34,-14,14,-32,-2,-34,-20,-28,-32,-12,-32,12,-22,26,-2,28,16,24,24,12,28,-2,22,-18,0,0,0,0,0,0]"
1773371354.2255697,CSI_DATA,189204,98:4a:6b:31:4a:10,-62,11,-99,-30,58,1,2086057272,83,0,256,0,"[0,0,0,0,0,0,0,0,15,-41,26,-39,32,-30,39,-23,45,-15,47,-4,45,6,52,19,43,30,36,36,26,45,19,50,13,50,2,54,-6,54,-17,47,-23,47,-39,41,-41,39,-50,32,-58,17,-60,13,-58,0,-60,-10,-54,-23,-58,-32,-47,-41,-36,-52,0,0,-17,-63,-8,-58,8,-63,19,-56,23,-54,34,-43,39,-36,41,-23,47,-21,43,-10,47,-4,41,4,41,10,36,15,34,23,28,26,23,28,15,34,10,36,4,32,-4,32,-10,30,-13,30,-17,26,-19,19,-21,15,-23,10,-28,4,0,0,0,0,0,0,0,0,0,0,0,0,0,0,6,43,28,32,43,10,45,-10,34,-32,10,-50,-15,-45,-45,-28,-52,-4,-43,26,-17,50,13,54,36,41,52,8,52,-23,28,-45,-2,-56,-32,-43,-56,-19,-56,13,-32,50,0,60,30,56,58,26,56,-13,45,-47,8,-67,-28,-60,0,0,-65,2,-50,36,-17,58,15,52,43,32,50,0,39,-30,13,-50,-15,-43,-30,-26,-43,0,-32,23,-10,39,10,41,30,23,36,2,34,-19,13,-34,-8,-36,-23,-21,-32,-4,-30,15,-15,28,2,30,17,23,26,8,28,-4,19,-19,0,0,0,0,0,0]"
1773371354.2331161,CSI_DATA,189205,98:4a:6b:31:4a:10,-58,11,-99,36,37,1,2086057658,83,0,256,0,"[0,0,0,0,0,0,0,0,-18,-76,0,-69,14,-73,18,-58,47,-54,62,-51,73,-32,76,-21,73,-7,80,7,73,21,69,47,65,58,54,65,43,69,29,83,0,83,-7,87,-25,91,-40,80,-51,83,-69,69,-69,62,-87,40,-91,29,-98,3,-102,-18,-94,-36,0,0,-69,-80,-58,-76,-51,-83,-29,-91,-25,-83,7,-80,18,-87,32,-83,36,-73,43,-54,62,-43,58,-32,69,-10,62,-3,65,-3,58,10,54,14,58,32,51,32,43,32,25,43,18,58,-3,54,3,47,-14,47,-14,40,-29,40,-43,25,0,0,0,0,0,0,0,0,0,0,0,0,0,0,47,43,65,14,65,-18,58,-51,18,-76,-32,-83,-69,-47,-76,-3,-76,43,-32,73,18,76,62,65,76,21,73,-29,47,-62,0,-87,-54,-69,-87,-29,-87,25,-58,76,-7,87,43,83,83,40,102,-21,65,-69,18,-98,-32,-91,-58,-51,0,0,-76,51,-32,76,29,83,69,58,80,7,65,-36,32,-69,-14,-76,-54,-43,-76,-3,-62,29,-29,58,0,58,43,54,65,0,43,-29,29,-54,-18,-54,-43,-36,-62,-3,-54,29,-21,43,-3,43,25,40,47,21,51,-10,29,-36,18,-36,0,0,0,0,0,0]"
1773371354.240327,CSI_DATA,189206,98:4a:6b:31:4a:10,-64,11,-99,-26,59,1,2086058053,83,0,256,0,"[0,0,0,0,0,0,0,0,36,3,34,12,31,20,25,27,19,34,12,39,3,41,-6,41,-13,41,-20,36,-29,31,-34,25,-39,17,-41,10,-43,1,-43,-6,-43,-12,-41,-20,-36,-27,-32,-34,-24,-39,-17,-44,-10,-48,0,-50,8,-48,17,-48,29,-44,34,-41,0,0,46,-22,48,-15,51,-3,48,3,46,10,39,19,32,25,29,29,24,32,15,34,8,38,1,34,-1,36,-6,31,-13,31,-17,25,-20,20,-24,19,-25,13,-27,8,-27,1,-24,-1,-24,-6,-20,-12,-19,-13,-15,-17,-12,-19,-6,-20,0,0,0,0,0,0,0,0,0,0,0,0,0,0,-32,13,-19,29,-3,36,17,32,34,20,41,-1,32,-22,17,-38,-5,-41,-29,-31,-43,-10,-39,17,-24,36,1,44,25,36,41,15,43,-12,31,-36,5,-48,-24,-43,-43,-20,-48,6,-36,32,-12,50,20,48,44,29,53,0,44,-31,0,0,-13,-48,-38,-34,-48,-6,-39,22,-19,39,6,41,27,29,38,6,34,-17,17,-32,-5,-36,-24,-24,-31,-5,-27,13,-17,27,3,31,17,22,29,5,27,-10,15,-24,1,-27,-15,-22,-24,-10,-24,5,-15,15,-5,22,8,20,19,13,0,0,0,0,0,0]"
1773371354.2490408,CSI_DATA,189207,98:4a:6b:31:4a:10,-58,11,-99,35,37,1,2086097178,83,0,256,0,"[0,0,0,0,0,0,0,0,-63,3,-67,-11,-63,-41,-60,-41,-45,-48,-37,-75,-22,-75,-3,-78,3,-90,26,-86,41,-67,45,-75,67,-56,71,-45,71,-18,78,-15,90,-3,90,7,75,33,78,41,75,60,75,67,52,78,41,101,26,90,0,97,-22,112,-30,116,0,0,-71,67,-75,82,-78,56,-86,30,-78,37,-86,15,-75,-3,-67,-15,-75,-33,-63,-45,-48,-52,-41,-56,-33,-56,-18,-60,-3,-63,-3,-75,0,-60,15,-60,30,-45,33,-48,41,-37,45,-22,45,-26,45,-15,48,-7,45,15,41,7,37,15,0,0,0,0,0,0,0,0,0,0,0,0,0,0,60,-26,33,-67,-3,-78,-48,-56,-67,-22,-86,7,-60,63,-7,86,30,75,63,45,86,3,78,-48,26,-93,-22,-90,-63,-63,-86,-15,-82,45,-37,78,22,90,71,67,108,11,86,-45,37,-90,-18,-105,-60,-78,-101,-22,-90,52,-48,101,0,0,71,86,105,26,90,-41,60,-67,-7,-86,-60,-67,-86,-18,-56,22,-37,56,0,67,45,56,63,11,45,-26,26,-56,-15,-52,-45,-41,-48,-11,-48,22,-26,48,15,48,30,37,52,18,56,-22,37,-45,-7,-45,-26,-41,-37,-15,-41,-3,0,0,0,0,0,0]"
1773371354.2660797,CSI_DATA,189208,98:4a:6b:31:4a:10,-58,11,-99,33,37,1,2086107992,83,0,256,0,"[0,0,0,0,0,0,0,0,-43,-47,-39,-63,-27,-63,-11,-67,3,-71,31,-75,51,-71,59,-55,63,-31,75,-23,83,-3,79,15,83,19,71,39,63,55,55,75,43,75,23,79,11,91,-3,87,-23,83,-43,91,-59,75,-75,55,-87,39,-103,27,-107,11,-115,-19,0,0,-91,-51,-83,-55,-59,-59,-43,-67,-31,-83,-3,-91,7,-87,23,-71,35,-71,51,-59,55,-55,67,-31,67,-31,63,-11,67,7,63,15,63,19,55,31,47,43,27,35,19,43,15,55,0,55,-11,47,-7,55,-19,43,-27,27,-39,31,0,0,0,0,0,0,0,0,0,0,0,0,0,0,63,19,71,-19,55,-59,23,-79,-15,-71,-59,-51,-79,-11,-83,39,-39,75,0,87,47,63,79,35,87,-15,59,-55,23,-79,-27,-79,-79,-55,-91,3,-83,55,-31,87,19,99,71,59,87,15,91,-39,59,-91,0,-103,-47,-83,-103,-31,0,0,-67,63,-15,95,47,83,75,43,87,-11,63,-47,23,-79,-23,-71,-71,-39,-75,3,-51,47,-27,51,7,63,47,39,55,0,59,-39,19,-55,-7,-59,-35,-43,-59,-7,-55,27,-27,35,-7,55,19,47,59,23,47,0,35,-27,3,-51,0,0,0,0,0,0]"
1773371354.2732441,CSI_DATA,189209,98:4a:6b:31:4a:10,-62,11,-99,-38,59,1,2086117891,83,0,256,0,"[0,0,0,0,0,0,0,0,-43,-12,-41,-24,-31,-31,-24,-39,-12,-48,0,-51,12,-48,24,-43,34,-39,41,-29,48,-17,53,-7,53,4,51,14,46,29,39,36,31,46,21,51,12,58,-2,58,-12,58,-24,56,-34,51,-46,41,-56,31,-61,17,-68,4,-65,-12,0,0,-53,-36,-43,-46,-31,-53,-19,-53,-4,-58,4,-53,17,-51,26,-46,34,-36,36,-29,39,-19,43,-9,43,-2,41,7,39,17,31,21,26,26,19,31,12,31,4,34,-2,31,-9,31,-17,26,-19,21,-21,17,-26,9,-26,4,-26,-2,0,0,0,0,0,0,0,0,0,0,0,0,0,0,41,-9,31,-29,12,-43,-12,-43,-31,-34,-48,-9,-46,14,-34,36,-9,53,19,48,43,31,56,4,48,-24,29,-46,0,-56,-31,-46,-53,-24,-56,12,-41,39,-14,58,19,56,48,39,61,4,58,-29,29,-56,-2,-63,-36,-53,-61,-24,0,0,-48,46,-17,61,19,58,46,36,56,4,46,-24,24,-43,-2,-46,-31,-36,-41,-12,-41,14,-26,31,-2,41,21,36,34,17,36,-4,29,-21,9,-36,-9,-34,-26,-24,-34,-4,-31,12,-17,26,-2,31,14,26,26,14,29,0,24,-12,0,0,0,0,0,0]"
1773371354.2815056,CSI_DATA,189210,98:4a:6b:31:4a:10,-62,11,-99,-40,59,1,2086129569,83,0,256,0,"[0,0,0,0,0,0,0,0,15,43,5,46,-7,46,-18,43,-28,38,-38,33,-46,23,-49,12,-51,2,-51,-10,-49,-20,-43,-31,-36,-36,-31,-43,-18,-51,-10,-54,0,-56,12,-54,20,-51,31,-49,38,-43,49,-36,56,-28,64,-15,64,0,64,7,64,20,59,33,0,0,38,51,28,59,15,62,5,59,-5,59,-18,51,-25,49,-31,41,-38,31,-41,23,-43,15,-43,7,-43,0,-41,-5,-36,-15,-33,-20,-28,-23,-23,-28,-15,-31,-7,-33,-2,-31,2,-33,10,-31,15,-25,15,-20,20,-18,23,-12,23,-7,0,0,0,0,0,0,0,0,0,0,0,0,0,0,-33,-31,-43,-7,-43,15,-31,38,-5,49,23,46,43,28,54,0,46,-31,23,-49,-10,-54,-36,-41,-54,-12,-54,20,-33,46,-2,59,31,51,54,23,62,-10,43,-43,12,-59,-25,-59,-54,-33,-67,0,-54,38,-25,64,15,64,51,46,0,0,59,-28,33,-56,-2,-64,-36,-46,-51,-18,-51,15,-31,38,0,49,28,41,43,18,41,-10,28,-31,5,-43,-20,-36,-36,-15,-41,7,-25,25,-7,36,15,33,28,20,36,-2,31,-18,12,-31,-5,-31,-20,-23,-31,-7,-25,10,-15,20,0,0,0,0,0,0]"
1773371354.2984905,CSI_DATA,189211,98:4a:6b:31:4a:10,-62,11,-99,-33,59,1,2086139461,83,0,256,0,"[0,0,0,0,0,0,0,0,46,-6,46,6,44,16,38,27,29,40,21,46,8,50,-4,52,-14,48,-29,44,-38,38,-46,27,-50,19,-54,6,-52,-6,-52,-16,-48,-27,-42,-38,-31,-46,-25,-54,-12,-57,0,-63,10,-61,27,-59,40,-52,50,-44,61,-31,67,-19,0,0,65,10,59,25,52,35,42,42,31,48,19,50,6,52,-2,52,-12,48,-23,42,-29,35,-35,27,-38,21,-40,12,-42,4,-40,-4,-38,-12,-33,-19,-25,-23,-21,-29,-12,-29,-4,-33,2,-31,8,-29,12,-25,16,-23,21,-16,25,-8,0,0,0,0,0,0,0,0,0,0,0,0,0,0,-33,25,-16,40,6,46,29,35,44,16,48,-8,40,-33,16,-48,-12,-50,-35,-38,-52,-12,-52,16,-35,42,-6,54,23,48,46,29,57,0,48,-31,23,-54,-12,-61,-42,-42,-59,-14,-59,21,-40,50,-4,65,31,57,57,31,65,-6,0,0,23,-61,-12,-61,-42,-42,-57,-10,-48,19,-31,42,-2,50,25,40,44,16,44,-8,31,-31,8,-40,-16,-38,-33,-21,-40,2,-31,23,-14,33,6,35,25,25,35,8,33,-10,21,-25,4,-31,-12,-27,-25,-16,-29,0,-25,14,-12,23,0,0,0,0,0,0]"
1773371354.3057435,CSI_DATA,189212,98:4a:6b:31:4a:10,-62,11,-99,-33,59,1,2086151669,83,0,256,0,"[0,0,0,0,0,0,0,0,46,-2,46,8,44,19,40,29,31,38,21,44,10,50,-2,52,-14,52,-23,48,-33,44,-40,35,-46,29,-52,19,-52,8,-54,-4,-52,-14,-54,-25,-50,-35,-42,-42,-33,-48,-23,-52,-12,-59,0,-63,10,-67,23,-63,33,-57,46,-50,0,0,59,-29,63,-12,61,0,61,10,54,19,48,29,40,33,31,40,25,42,14,44,4,46,-2,44,-8,42,-14,38,-21,33,-25,29,-29,21,-31,14,-35,8,-33,2,-33,-4,-31,-10,-27,-12,-21,-19,-16,-21,-12,-23,-6,-25,-2,-25,0,0,0,0,0,0,0,0,0,0,0,0,0,0,-38,23,-19,38,4,44,29,38,46,16,50,-10,38,-35,14,-48,-14,-50,-40,-31,-54,-4,-46,25,-25,50,4,57,35,44,54,16,52,-16,35,-46,2,-59,-31,-50,-54,-25,-61,12,-46,42,-12,63,23,59,50,35,65,-2,52,-38,0,0,-12,-65,-46,-44,-59,-10,-52,25,-25,46,4,50,33,38,46,12,46,-16,27,-38,0,-44,-25,-31,-38,-8,-35,14,-21,31,0,40,21,31,33,16,35,-4,25,-25,8,-33,-12,-31,-27,-16,-31,0,-25,14,-12,25,4,27,16,21,0,0,0,0,0,0]"
1773371354.3142595,CSI_DATA,189213,98:4a:6b:31:4a:10,-62,11,-99,-40,59,1,2086162449,83,0,256,0,"[0,0,0,0,0,0,0,0,41,20,36,31,28,38,18,41,2,49,-10,51,-20,46,-33,41,-41,31,-49,23,-51,10,-54,0,-51,-12,-49,-25,-41,-36,-33,-46,-25,-51,-12,-54,-2,-59,10,-59,23,-56,33,-51,43,-43,56,-33,62,-20,64,-10,67,5,62,20,0,0,49,46,38,51,23,59,10,59,0,59,-12,54,-25,49,-31,41,-38,31,-41,20,-43,12,-43,2,-43,-5,-41,-10,-33,-20,-28,-25,-23,-28,-15,-31,-5,-33,0,-36,5,-31,12,-31,18,-25,23,-20,23,-15,25,-7,25,0,28,5,0,0,0,0,0,0,0,0,0,0,0,0,0,0,-43,2,-38,23,-20,41,5,46,28,38,49,20,51,-5,43,-33,20,-49,-7,-51,-38,-38,-51,-15,-54,15,-36,41,-7,54,23,51,49,33,56,0,49,-33,23,-54,-10,-59,-43,-46,-62,-18,-62,20,-38,51,-7,64,31,59,59,33,0,0,54,-36,25,-56,-12,-59,-38,-38,-51,-15,-49,18,-31,41,-2,49,25,38,41,18,43,-10,31,-28,7,-41,-15,-36,-31,-20,-38,2,-33,20,-15,33,5,36,23,25,33,7,31,-7,20,-23,5,-31,-12,-28,-25,-15,-28,-2,-23,12,0,0,0,0,0,0]"
1773371354.3315208,CSI_DATA,189214,98:4a:6b:31:4a:10,-62,11,-99,-32,59,1,2086173039,83,0,256,0,"[0,0,0,0,0,0,0,0,43,4,43,16,41,24,32,32,24,41,12,47,6,49,-8,51,-18,49,-26,45,-36,36,-43,28,-49,20,-51,10,-51,0,-51,-10,-51,-18,-49,-28,-43,-36,-34,-45,-26,-51,-18,-55,-6,-59,6,-59,16,-61,28,-57,39,-53,49,-45,0,0,59,-22,59,-8,61,4,57,12,51,20,45,32,36,34,28,41,20,41,10,45,2,45,-6,43,-12,39,-18,36,-22,30,-26,26,-28,18,-32,14,-34,8,-32,0,-30,-4,-30,-10,-24,-14,-20,-18,-16,-22,-12,-22,-6,-24,-2,-24,0,0,0,0,0,0,0,0,0,0,0,0,0,0,-41,18,-24,34,-2,45,22,41,43,22,51,-2,41,-28,18,-47,-10,-55,-36,-39,-51,-12,-51,18,-30,45,0,53,28,47,51,24,55,-12,39,-39,8,-59,-26,-55,-51,-28,-61,4,-49,36,-20,59,18,61,51,41,63,4,57,-32,0,0,-8,-63,-43,-47,-57,-12,-55,20,-28,45,2,51,30,39,45,16,45,-14,28,-34,2,-45,-22,-34,-39,-12,-36,10,-24,30,-2,39,18,32,32,16,34,-6,26,-24,8,-32,-12,-30,-26,-16,-32,-2,-26,14,-12,26,4,28,18,20,0,0,0,0,0,0]"
1773371354.3493314,CSI_DATA,189215,98:4a:6b:31:4a:10,-62,11,-99,-40,59,1,2086188666,83,0,256,0,"[0,0,0,0,0,0,0,0,-46,10,-46,-2,-46,-18,-36,-25,-28,-41,-15,-43,-7,-51,10,-51,18,-51,25,-41,43,-33,49,-25,49,-12,51,-5,51,10,49,23,41,31,36,49,25,49,15,59,2,54,-12,59,-18,64,-38,51,-43,46,-56,38,-64,23,-64,10,0,0,-62,-23,-51,-38,-38,-49,-28,-51,-18,-54,-2,-54,10,-51,18,-46,25,-41,31,-36,38,-25,41,-15,43,-5,41,2,38,12,33,18,31,28,20,31,18,31,7,33,0,31,-10,33,-12,28,-18,20,-20,18,-23,12,-28,2,-28,-5,0,0,0,0,0,0,0,0,0,0,0,0,0,0,36,-25,15,-38,-7,-46,-28,-36,-46,-20,-49,10,-41,31,-15,51,7,51,31,41,56,18,54,-15,36,-41,7,-59,-20,-54,-46,-33,-59,-10,-54,31,-31,51,0,64,33,46,56,25,67,-5,46,-46,20,-62,-15,-62,-49,-41,-64,-2,0,0,-41,56,-2,62,33,51,54,25,54,-2,41,-31,18,-49,-10,-46,-36,-31,-46,-7,-41,20,-23,36,2,41,23,33,38,15,36,-10,28,-25,5,-36,-10,-33,-28,-20,-33,-7,-33,15,-15,28,0,31,20,25,28,12,28,-2,20,-15,0,0,0,0,0,0]"
1773371354.3574657,CSI_DATA,189216,98:4a:6b:31:4a:10,-58,11,-99,34,37,1,2086199501,83,0,256,0,"[0,0,0,0,0,0,0,0,-54,-50,-50,-58,-27,-69,-11,-73,11,-69,30,-77,46,-69,61,-61,77,-38,69,-27,81,-15,85,11,77,30,88,46,65,58,54,65,42,73,19,88,3,88,-11,92,-30,85,-54,77,-69,85,-88,61,-100,42,-100,30,-104,3,-104,-11,0,0,-100,-50,-65,-69,-58,-85,-38,-85,-23,-92,3,-85,15,-81,34,-77,34,-61,46,-58,58,-34,69,-34,69,-15,61,-7,65,0,69,15,54,19,58,27,42,46,19,46,19,42,3,58,7,58,-11,42,-27,34,-27,30,-42,30,-54,19,0,0,0,0,0,0,0,0,0,0,0,0,0,0,69,0,77,-23,42,-58,15,-73,-27,-65,-50,-38,-85,-7,-69,42,-46,73,0,88,50,69,77,42,85,-19,73,-54,23,-85,-27,-88,-77,-46,-96,3,-73,50,-42,77,11,85,61,65,100,23,108,-38,42,-81,3,-104,-46,-85,-96,-50,0,0,-81,77,-19,100,42,85,85,54,85,0,69,-50,23,-73,-19,-69,-69,-34,-65,-3,-54,38,-27,61,11,65,34,42,54,0,58,-38,27,-58,-3,-54,-38,-46,-54,-15,-58,15,-30,38,-7,42,15,42,46,19,54,0,42,-15,11,-42,0,0,0,0,0,0]"
1773371354.3653507,CSI_DATA,189217,98:4a:6b:31:4a:10,-62,11,-99,-34,59,1,2086210044,83,0,256,0,"[0,0,0,0,0,0,0,0,34,-30,41,-21,45,-10,47,2,45,15,41,28,32,39,21,47,10,52,0,52,-13,52,-26,47,-34,41,-43,32,-50,19,-54,8,-54,-2,-56,-15,-52,-26,-47,-36,-36,-45,-28,-52,-15,-58,0,-63,10,-65,28,-58,39,-56,52,-43,0,0,63,-17,63,0,60,13,54,26,47,34,34,41,26,45,15,47,6,50,-4,47,-15,43,-21,36,-30,32,-32,26,-36,17,-36,8,-36,0,-34,-8,-32,-15,-28,-21,-21,-26,-13,-30,-6,-30,0,-28,4,-28,10,-23,17,-21,19,-17,0,0,0,0,0,0,0,0,0,0,0,0,0,0,-13,41,8,43,30,34,45,17,50,-10,39,-34,15,-50,-10,-52,-36,-39,-52,-15,-54,17,-36,43,-8,56,21,54,47,34,56,4,50,-28,28,-52,-6,-60,-39,-47,-58,-19,-60,13,-43,45,-13,65,23,65,54,41,67,6,60,-32,0,0,-2,-65,-34,-54,-56,-23,-58,10,-39,36,-10,52,17,47,39,30,50,2,43,-23,19,-41,-4,-41,-30,-28,-39,-8,-39,15,-23,32,-2,39,17,34,34,19,36,-2,30,-19,13,-32,-6,-32,-21,-23,-30,-10,-28,6,-19,21,-6,26,0,0,0,0,0,0]"
1773371354.3727849,CSI_DATA,189218,98:4a:6b:31:4a:10,-62,11,-99,-35,59,1,2086220295,83,0,256,0,"[0,0,0,0,0,0,0,0,-40,-15,-38,-29,-33,-35,-22,-38,-15,-44,0,-44,8,-49,24,-42,29,-40,38,-35,47,-26,53,-17,51,-6,53,8,51,20,51,31,44,31,40,49,31,49,22,55,6,55,0,58,-13,62,-31,58,-40,53,-49,47,-58,35,-60,22,0,0,-67,-4,-60,-17,-53,-31,-47,-35,-38,-44,-29,-44,-20,-51,-8,-49,2,-49,6,-47,15,-42,26,-40,29,-35,31,-26,33,-20,35,-8,35,-4,33,2,35,8,31,15,26,20,22,24,13,26,6,26,2,26,-2,26,-6,24,-15,22,0,0,0,0,0,0,0,0,0,0,0,0,0,0,44,-4,31,-29,11,-42,-8,-42,-38,-31,-47,-6,-53,15,-31,42,-8,53,20,47,47,24,55,-4,42,-33,17,-49,-11,-51,-35,-38,-53,-13,-47,29,-24,49,8,60,33,44,62,13,62,-15,38,-49,6,-64,-29,-55,-55,-29,-67,6,0,0,-17,64,20,58,44,35,58,4,47,-26,20,-44,-11,-49,-33,-33,-49,-6,-42,20,-22,40,6,40,29,26,35,8,33,-17,17,-31,-2,-40,-22,-29,-31,-11,-35,11,-24,24,-4,31,13,26,26,15,29,0,24,-15,11,-26,-6,-26,0,0,0,0,0,0]"
1773371354.3818681,CSI_DATA,189219,98:4a:6b:31:4a:10,-58,11,-99,34,37,1,2086220672,83,0,256,0,"[0,0,0,0,0,0,0,0,-61,42,-58,34,-73,19,-65,7,-73,-15,-69,-30,-61,-54,-46,-61,-30,-69,-15,-85,-7,-73,3,-85,30,-73,46,-69,54,-58,77,-58,77,-46,88,-15,92,-11,96,19,96,34,92,46,69,58,58,81,42,100,30,100,15,108,-15,116,0,0,-61,77,-73,69,-77,69,-96,34,-92,27,-85,3,-81,-3,-77,-15,-73,-38,-58,-50,-38,-58,-38,-58,-30,-65,-15,-69,-3,-58,11,-69,23,-54,34,-46,42,-38,46,-34,54,-19,46,-19,54,-3,50,11,34,19,42,27,38,23,23,34,0,0,0,0,0,0,0,0,0,0,0,0,0,0,23,-69,-11,-65,-34,-54,-69,-15,-77,23,-54,58,-7,77,27,77,69,46,81,3,73,-42,34,-77,-7,-77,-69,-65,-81,-19,-77,27,-46,69,-3,88,50,73,88,38,92,-19,77,-73,11,-100,-42,-96,-77,-58,-88,11,-85,65,-34,81,0,0,85,65,96,27,88,-27,42,-69,-15,-81,-54,-58,-73,-15,-69,23,-50,65,-3,61,42,58,61,23,58,-7,38,-42,3,-58,-34,-54,-54,-23,-58,3,-30,34,-11,54,23,50,46,23,54,3,50,-27,23,-42,-7,-50,-23,-42,-46,-15,0,0,0,0,0,0]"
1773371354.3994863,CSI_DATA,189220,98:4a:6b:31:4a:10,-58,11,-99,34,37,1,2086240261,83,0,256,0,"[0,0,0,0,0,0,0,0,-30,73,-34,65,-50,50,-69,30,-69,27,-69,11,-77,-11,-73,-30,-73,-54,-61,-61,-46,-69,-23,-77,-7,-85,0,-77,15,-85,30,-85,50,-81,61,-65,69,-54,81,-34,92,-30,96,-7,96,15,96,27,88,50,88,69,61,77,65,96,0,0,11,96,0,104,-30,88,-50,73,-42,77,-50,61,-69,50,-69,34,-77,15,-81,0,-69,-3,-65,-15,-58,-30,-50,-38,-38,-42,-27,-54,-23,-54,-11,-58,0,-50,11,-50,15,-54,30,-50,38,-42,38,-30,42,-23,38,-7,42,0,46,7,0,0,0,0,0,0,0,0,0,0,0,0,0,0,-11,-65,-38,-54,-69,-23,-77,23,-50,54,-19,77,30,65,58,50,85,3,77,-30,42,-73,-7,-81,-54,-65,-81,-27,-81,23,-42,61,-3,85,50,77,85,46,85,-19,61,-73,23,-85,-42,-92,-85,-58,-96,23,-85,65,-34,108,34,96,0,0,96,11,104,-46,50,-85,-23,-81,-58,-73,-77,-23,-69,30,-38,54,11,65,46,42,73,11,65,-23,23,-42,-3,-58,-38,-42,-61,-23,-61,23,-38,42,0,61,30,38,58,19,61,-3,38,-34,15,-46,-11,-42,-30,-15,-46,-7,-34,23,0,0,0,0,0,0]"
1773371354.4069855,CSI_DATA,189221,98:4a:6b:31:4a:10,-58,11,-99,34,37,1,2086240575,83,0,256,0,"[0,0,0,0,0,0,0,0,34,61,19,73,-11,69,-19,69,-34,69,-58,50,-73,42,-77,30,-81,11,-77,-3,-85,-27,-77,-38,-65,-58,-54,-65,-38,-77,-30,-88,-7,-92,7,-88,15,-85,34,-81,50,-73,69,-61,77,-61,88,-42,100,-27,104,0,104,19,108,30,0,0,77,61,50,81,61,88,23,85,11,88,-11,88,-23,81,-34,77,-38,69,-54,46,-58,38,-61,30,-69,15,-61,7,-61,-11,-58,-19,-46,-27,-50,-34,-50,-50,-30,-50,-23,-54,-11,-50,0,-46,23,-42,15,-34,19,-38,30,-34,34,-27,0,0,0,0,0,0,0,0,0,0,0,0,0,0,-61,-42,-69,-7,-77,27,-42,61,0,69,38,81,65,30,77,-3,61,-54,30,-81,-19,-81,-65,-50,-88,-11,-69,38,-38,73,3,81,50,65,85,23,85,-27,50,-69,11,-96,-46,-88,-81,-46,-104,19,-61,77,-27,92,42,96,88,65,0,0,88,-54,30,-88,-27,-88,-77,-58,-88,-15,-69,50,-38,77,11,69,50,58,69,11,58,-34,38,-61,-23,-65,-46,-42,-65,-11,-50,23,-34,54,15,54,38,34,50,11,46,-19,30,-42,7,-50,-19,-42,-30,-23,-54,3,-38,27,-15,38,0,0,0,0,0,0]"
1773371354.4143648,CSI_DATA,189222,98:4a:6b:31:4a:10,-58,11,-99,33,37,1,2086261730,83,0,256,0,"[0,0,0,0,0,0,0,0,-23,67,-31,59,-43,51,-63,43,-79,19,-83,7,-79,-3,-75,-27,-79,-39,-55,-51,-43,-79,-39,-75,-23,-75,0,-87,11,-79,27,-75,43,-87,63,-67,71,-51,79,-39,91,-35,91,-19,103,0,99,19,91,39,91,55,75,67,59,79,0,0,27,99,3,99,-7,107,-19,79,-47,79,-63,67,-59,51,-71,43,-71,23,-71,15,-67,-3,-67,-3,-63,-19,-55,-19,-55,-39,-43,-47,-31,-59,-15,-47,-7,-51,-7,-51,7,-51,7,-47,19,-39,35,-39,39,-27,35,-23,47,-15,55,-7,0,0,0,0,0,0,0,0,0,0,0,0,0,0,-11,-67,-39,-47,-67,-19,-71,23,-51,59,-11,83,35,79,67,35,83,3,75,-39,31,-75,-11,-83,-59,-55,-83,-11,-87,35,-55,71,0,95,55,75,87,27,91,-19,63,-75,0,-91,-43,-87,-87,-51,-99,15,-71,55,-27,103,39,115,0,0,103,7,91,-43,27,-87,-19,-91,-63,-47,-75,-7,-71,35,-35,67,15,59,55,43,71,3,55,-31,7,-47,-11,-51,-39,-43,-63,3,-47,19,-23,51,7,55,39,35,59,3,51,-23,31,-39,11,-47,-27,-43,-47,-15,-31,0,-31,27,0,0,0,0,0,0]"
1773371354.4233716,CSI_DATA,189223,98:4a:6b:31:4a:10,-62,11,-99,-33,59,1,2086262116,83,0,256,0,"[0,0,0,0,0,0,0,0,-42,-12,-40,-25,-31,-33,-27,-40,-14,-48,-2,-50,6,-50,19,-50,27,-44,38,-40,44,-31,52,-23,54,-10,57,-2,54,8,52,16,50,27,44,38,38,44,29,52,16,54,10,59,0,61,-12,61,-27,61,-38,54,-48,46,-57,38,0,0,-63,14,-63,2,-63,-12,-54,-21,-52,-27,-42,-35,-33,-40,-25,-42,-19,-46,-6,-46,0,-46,8,-42,14,-40,19,-35,27,-31,29,-25,31,-19,35,-12,35,-4,35,0,35,6,31,12,25,19,19,21,16,23,12,25,6,27,0,27,0,0,0,0,0,0,0,0,0,0,0,0,0,0,44,-8,33,-31,14,-44,-12,-44,-38,-33,-48,-8,-46,21,-29,44,-2,52,29,44,50,21,54,-10,40,-35,10,-54,-21,-52,-48,-31,-57,2,-46,35,-19,54,16,59,46,38,63,4,54,-31,29,-59,-10,-63,-44,-46,-65,-12,-59,25,0,0,2,65,35,50,57,19,57,-14,33,-40,4,-50,-27,-42,-46,-16,-48,12,-31,33,-4,44,21,38,40,19,38,-8,29,-29,4,-38,-16,-35,-31,-19,-35,4,-27,23,-8,31,10,31,27,19,31,4,25,-14,14,-25,-4,-29,-16,-21,0,0,0,0,0,0]"
1773371354.4404855,CSI_DATA,189224,98:4a:6b:31:4a:10,-58,11,-99,35,37,1,2086288704,83,0,256,0,"[0,0,0,0,0,0,0,0,-48,-56,-45,-60,-22,-63,-7,-75,7,-75,26,-82,52,-67,60,-48,71,-45,82,-26,90,-15,82,7,78,22,78,45,63,52,56,71,37,67,22,82,15,86,-15,86,-18,78,-37,82,-63,75,-71,52,-90,48,-97,33,-108,11,-101,-18,0,0,-90,-37,-63,-56,-63,-86,-45,-75,-33,-71,-11,-86,0,-78,22,-67,26,-67,37,-52,56,-52,56,-30,67,-26,60,-11,56,-3,63,0,63,18,52,15,41,26,30,33,26,41,15,52,7,37,0,33,-11,33,-22,37,-26,30,-33,26,0,0,0,0,0,0,0,0,0,0,0,0,0,0,71,15,60,-26,41,-56,11,-75,-33,-63,-52,-45,-82,-3,-63,41,-45,71,7,82,45,67,86,22,78,-18,63,-56,11,-75,-30,-82,-71,-48,-86,3,-71,56,-33,90,22,86,71,63,86,26,86,-37,56,-86,-15,-93,-52,-71,-86,-22,0,0,-67,97,0,93,41,78,86,41,86,-11,60,-52,11,-75,-22,-67,-63,-37,-63,3,-52,45,-22,52,11,60,52,41,52,-3,52,-33,18,-52,-3,-60,-41,-37,-60,-7,-60,18,-30,52,7,52,22,37,56,15,48,-3,30,-15,11,-37,0,0,0,0,0,0]"
1773371354.457787,CSI_DATA,189225,98:4a:6b:31:4a:10,-62,11,-99,-37,59,1,2086301952,83,0,256,0,"[0,0,0,0,0,0,0,0,-18,42,-28,35,-40,28,-45,16,-47,4,-49,-9,-47,-23,-40,-35,-30,-45,-18,-49,-7,-54,4,-54,18,-49,28,-47,37,-37,47,-28,54,-18,56,-7,59,7,56,16,49,30,45,40,35,49,23,59,11,64,-4,64,-18,66,-33,61,0,0,-54,35,-56,21,-61,7,-61,-4,-54,-16,-49,-28,-40,-33,-30,-40,-21,-45,-9,-45,0,-47,11,-42,16,-40,23,-33,30,-26,35,-18,35,-9,35,-4,35,4,33,11,28,18,21,23,14,26,7,26,2,28,-2,28,-7,26,-14,23,0,0,0,0,0,0,0,0,0,0,0,0,0,0,-4,-45,-26,-37,-42,-18,-49,4,-42,28,-21,47,4,52,30,45,49,21,54,-7,42,-35,16,-54,-11,-56,-42,-40,-56,-14,-54,16,-35,45,-7,56,28,54,52,30,61,-2,52,-37,26,-59,-9,-66,-42,-49,-61,-18,-64,21,-45,49,0,0,26,64,52,35,64,2,49,-28,26,-49,-4,-49,-30,-37,-47,-14,-45,11,-30,35,-4,42,18,37,35,21,40,-4,30,-23,11,-37,-9,-37,-26,-26,-35,-7,-33,11,-21,26,-2,35,16,28,28,16,30,0,26,-14,14,-26,0,-28,0,0,0,0,0,0]"
1773371354.4655354,CSI_DATA,189226,98:4a:6b:31:4a:10,-62,11,-99,-40,59,1,2086312498,83,0,256,0,"[0,0,0,0,0,0,0,0,-41,-23,-33,-31,-25,-38,-15,-43,-2,-49,7,-51,18,-49,31,-43,38,-36,46,-25,51,-15,54,-5,54,7,54,18,49,25,41,36,36,43,25,51,15,56,5,59,-5,59,-15,59,-28,56,-38,51,-49,43,-59,33,-67,20,-67,7,0,0,-64,-20,-54,-28,-46,-41,-38,-43,-28,-51,-12,-51,-5,-54,5,-51,12,-46,20,-41,25,-36,31,-28,36,-23,38,-15,41,-7,38,0,36,7,33,10,28,18,25,20,18,25,12,31,7,31,0,28,-5,28,-7,25,-15,23,-18,20,0,0,0,0,0,0,0,0,0,0,0,0,0,0,43,0,38,-23,20,-41,-2,-46,-25,-41,-46,-20,-51,7,-38,33,-15,51,15,51,41,36,54,7,51,-23,25,-46,0,-56,-33,-43,-54,-18,-56,15,-38,46,-5,59,25,54,54,31,62,-5,51,-38,18,-62,-18,-62,-49,-41,-64,-7,0,0,-31,56,5,62,38,46,56,15,54,-15,33,-38,5,-49,-25,-41,-41,-18,-43,10,-28,33,-5,41,20,36,36,18,38,-5,28,-25,7,-36,-12,-36,-28,-20,-36,0,-31,18,-15,31,5,31,20,25,28,7,28,-7,18,-20,5,-28,0,0,0,0,0,0]"
1773371354.4835293,CSI_DATA,189227,98:4a:6b:31:4a:10,-62,11,-99,-39,59,1,2086322791,83,0,256,0,"[0,0,0,0,0,0,0,0,45,2,42,17,37,22,30,35,17,42,12,52,-2,55,-17,50,-30,47,-40,35,-45,27,-50,15,-57,5,-50,-10,-50,-20,-45,-30,-37,-40,-30,-45,-20,-55,-5,-52,2,-62,20,-62,32,-52,45,-47,52,-37,60,-25,62,-12,70,0,0,0,57,35,47,42,40,47,27,50,10,60,-2,55,-15,52,-20,45,-32,35,-35,27,-37,25,-42,12,-40,5,-40,-2,-32,-10,-35,-17,-27,-27,-20,-30,-15,-30,-7,-32,2,-30,10,-32,12,-25,20,-22,20,-15,22,-12,27,-7,25,0,0,0,0,0,0,0,0,0,0,0,0,0,0,0,-40,20,-25,37,-5,45,20,40,37,25,52,5,45,-20,25,-45,0,-52,-27,-47,-47,-25,-50,2,-45,32,-17,50,12,52,40,40,55,15,55,-15,37,-47,7,-55,-27,-55,-50,-32,-62,5,-50,40,-25,62,10,65,40,45,67,15,0,0,40,-50,5,-60,-22,-60,-47,-30,-55,5,-45,27,-22,47,10,45,30,27,42,2,40,-15,22,-35,2,-40,-20,-32,-32,-12,-42,10,-25,25,-7,35,15,32,30,20,37,5,27,-15,17,-25,0,-30,-17,-22,-27,-12,-27,2,-22,15,0,0,0,0,0,0]"
1773371354.491632,CSI_DATA,189228,98:4a:6b:31:4a:10,-62,11,-99,-33,59,1,2086333850,83,0,256,0,"[0,0,0,0,0,0,0,0,42,-19,46,-10,48,2,46,14,42,25,35,38,25,44,16,50,6,52,-6,50,-16,50,-27,48,-35,42,-42,33,-50,23,-52,12,-57,6,-57,-6,-57,-16,-52,-27,-48,-35,-38,-46,-31,-52,-19,-61,-8,-63,4,-65,16,-65,31,-61,0,0,52,-44,57,-31,59,-16,59,-6,59,4,54,12,48,23,44,29,33,35,27,40,16,42,8,44,2,44,-6,40,-12,38,-19,33,-25,27,-27,23,-31,16,-33,10,-33,4,-31,-4,-29,-6,-23,-12,-21,-16,-16,-21,-12,-23,-6,-27,0,0,0,0,0,0,0,0,0,0,0,0,0,0,-27,33,-4,42,19,42,38,23,48,0,42,-27,23,-46,-4,-52,-33,-42,-48,-16,-52,14,-35,40,-8,52,23,48,46,29,54,-2,48,-33,16,-54,-16,-57,-46,-40,-59,-8,-52,29,-29,54,8,63,40,48,61,16,61,-21,42,-52,0,0,-29,-57,-57,-27,-61,6,-42,38,-12,54,16,48,42,27,48,0,40,-27,16,-42,-10,-42,-31,-25,-38,-4,-33,23,-14,38,6,40,27,25,35,6,33,-14,16,-29,0,-35,-23,-27,-29,-10,-29,6,-21,21,-6,29,10,25,23,16,0,0,0,0,0,0]"
1773371354.4996552,CSI_DATA,189229,98:4a:6b:31:4a:10,-62,11,-99,-33,59,1,2086343482,83,0,256,0,"[0,0,0,0,0,0,0,0,2,-46,14,-44,29,-38,35,-29,42,-21,50,-8,52,4,48,19,44,29,38,38,27,46,16,52,4,54,-6,54,-19,50,-27,46,-38,40,-48,31,-52,21,-59,10,-59,-2,-57,-12,-54,-27,-50,-38,-40,-52,-29,-57,-16,-63,0,-65,0,0,27,-61,35,-52,48,-42,52,-27,52,-19,54,-6,52,6,48,14,44,23,33,31,27,38,19,40,8,40,2,40,-8,40,-14,35,-19,31,-25,25,-33,16,-31,10,-33,4,-29,-2,-29,-8,-25,-14,-23,-19,-16,-21,-12,-23,-4,-27,0,0,0,0,0,0,0,0,0,0,0,0,0,0,19,42,35,27,44,6,40,-19,27,-40,4,-48,-21,-44,-42,-29,-52,-2,-44,25,-25,46,4,54,31,44,50,21,54,-12,40,-38,12,-57,-21,-52,-48,-33,-59,-4,-52,29,-27,57,4,63,40,50,61,19,63,-14,46,-48,12,-63,0,0,-50,-35,-61,-4,-52,33,-25,52,6,54,31,40,48,14,46,-14,27,-35,4,-42,-23,-35,-38,-16,-38,6,-27,27,-10,40,12,35,29,21,35,2,33,-19,19,-29,-2,-33,-21,-25,-31,-10,-29,6,-21,21,-8,25,8,27,21,21,0,0,0,0,0,0]"
1773371354.5068715,CSI_DATA,189230,98:4a:6b:31:4a:10,-62,11,-99,-34,59,1,2086353115,83,0,256,0,"[0,0,0,0,0,0,0,0,13,-43,23,-41,32,-34,39,-28,47,-17,52,-6,50,4,50,17,43,28,39,36,32,43,23,47,13,52,2,54,-8,54,-19,54,-28,52,-36,43,-45,36,-50,30,-56,21,-58,13,-60,-2,-63,-13,-58,-26,-54,-34,-50,-45,-39,-56,0,0,-15,-63,-2,-63,8,-63,21,-56,28,-50,34,-43,39,-32,43,-28,45,-15,45,-6,45,0,43,6,41,13,36,19,30,26,23,30,19,34,10,32,4,32,-2,34,-8,32,-13,30,-15,26,-21,21,-23,15,-26,10,-26,6,-26,2,0,0,0,0,0,0,0,0,0,0,0,0,0,0,10,43,32,34,45,10,45,-15,30,-41,6,-54,-21,-47,-43,-28,-54,0,-43,30,-19,52,10,54,41,41,56,8,52,-21,30,-47,-2,-58,-34,-47,-58,-17,-58,19,-39,50,-2,67,32,56,58,28,67,-10,50,-47,15,-67,-26,-63,0,0,-63,2,-52,39,-21,58,15,56,43,34,54,4,43,-28,19,-47,-10,-47,-32,-30,-43,-6,-36,21,-17,36,6,39,28,26,39,6,34,-17,19,-30,-2,-36,-23,-26,-34,-8,-32,10,-19,26,-4,32,13,26,26,13,30,-2,23,-17,0,0,0,0,0,0]"
1773371354.524085,CSI_DATA,189231,98:4a:6b:31:4a:10,-62,11,-99,-33,59,1,2086364267,83,0,256,0,"[0,0,0,0,0,0,0,0,-14,-40,-8,-44,6,-48,21,-46,29,-35,40,-31,46,-14,52,-6,54,6,52,16,50,29,38,33,27,42,23,50,10,54,-4,57,-16,54,-25,52,-38,46,-44,33,-48,29,-54,14,-61,2,-61,-6,-54,-21,-57,-29,-46,-46,-38,-54,0,0,-8,-63,4,-63,19,-59,31,-50,38,-46,42,-38,44,-25,46,-14,48,-4,44,6,44,14,38,19,33,27,25,33,16,35,10,38,0,35,-6,35,-16,33,-16,29,-25,21,-27,19,-27,10,-27,2,-27,2,-27,-8,-23,-12,-21,-16,0,0,0,0,0,0,0,0,0,0,0,0,0,0,31,31,38,10,40,-16,29,-40,6,-46,-21,-48,-42,-27,-50,-4,-42,21,-27,42,4,52,27,44,46,21,57,-8,46,-31,16,-52,-19,-57,-44,-35,-61,-4,-52,23,-25,50,2,59,35,50,59,27,67,-8,46,-42,16,-65,-23,-59,0,0,-67,-4,-57,29,-27,54,6,57,35,40,46,10,44,-19,29,-40,2,-48,-23,-42,-38,-19,-40,2,-29,27,-6,42,14,33,33,19,35,-2,31,-21,12,-29,-2,-31,-21,-25,-33,-6,-31,8,-21,21,-2,31,10,27,21,19,27,4,0,0,0,0,0,0]"
1773371354.5315511,CSI_DATA,189232,98:4a:6b:31:4a:10,-62,11,-99,-34,59,1,2086374609,83,0,256,0,"[0,0,0,0,0,0,0,0,-34,-28,-26,-36,-21,-43,-8,-50,2,-45,13,-50,26,-43,34,-36,45,-30,47,-19,54,-15,52,0,54,8,50,19,47,30,43,39,34,47,28,50,17,58,10,54,2,60,-15,58,-23,56,-39,54,-43,45,-54,36,-63,28,-67,17,0,0,-65,-10,-58,-21,-52,-30,-47,-41,-39,-45,-23,-47,-15,-50,-6,-50,2,-50,10,-45,15,-41,19,-36,26,-34,32,-30,32,-21,36,-17,34,-4,34,0,34,6,30,10,26,17,23,21,17,23,10,26,8,28,4,28,-2,26,-8,23,0,0,0,0,0,0,0,0,0,0,0,0,0,0,41,10,39,-10,26,-34,4,-50,-23,-41,-45,-28,-47,2,-43,30,-19,50,8,56,39,36,50,8,50,-23,30,-45,2,-54,-28,-43,-54,-17,-54,13,-39,47,-2,56,32,54,52,26,63,-8,43,-41,15,-63,-21,-60,-54,-32,-67,2,0,0,-23,60,17,60,47,41,56,6,47,-28,23,-45,-6,-50,-32,-34,-45,-8,-39,21,-21,43,2,41,28,28,41,6,32,-19,19,-36,-4,-36,-26,-30,-36,-8,-32,13,-23,28,2,34,15,26,28,13,30,-4,21,-19,6,-26,-8,-26,0,0,0,0,0,0]"
1773371354.549155,CSI_DATA,189233,98:4a:6b:31:4a:10,-61,11,-99,-32,59,1,2086392585,83,0,256,0,"[0,0,0,0,0,0,0,0,-41,18,-43,10,-45,0,-45,-12,-45,-20,-39,-30,-32,-41,-24,-45,-14,-49,-4,-51,4,-53,16,-49,26,-47,34,-45,39,-36,45,-28,51,-22,53,-14,55,-4,59,6,55,16,55,24,51,34,43,43,39,51,26,55,16,61,6,65,0,0,-18,63,-26,59,-32,49,-41,41,-45,30,-47,20,-49,12,-51,4,-47,-2,-47,-10,-41,-14,-34,-20,-30,-24,-24,-28,-20,-34,-14,-34,-8,-36,-2,-34,6,-34,8,-32,14,-28,18,-24,22,-18,22,-14,26,-12,26,-4,26,-4,24,2,0,0,0,0,0,0,0,0,0,0,0,0,0,0,26,-39,2,-45,-22,-39,-41,-22,-49,2,-39,28,-14,49,14,51,39,36,55,8,49,-22,28,-47,-4,-55,-34,-41,-53,-14,-51,20,-30,47,0,61,34,49,57,20,55,-16,39,-47,2,-61,-34,-53,-63,-26,-63,16,-45,51,-8,67,0,0,55,32,61,-10,41,-41,10,-59,-22,-51,-45,-26,-49,4,-34,30,-10,45,18,41,39,20,41,-6,28,-32,6,-39,-18,-34,-32,-18,-36,6,-24,26,-6,36,14,32,28,20,34,-2,26,-20,10,-30,-8,-28,-20,-16,-28,-2,-24,14,0,0,0,0,0,0]"
1773371354.5571382,CSI_DATA,189234,98:4a:6b:31:4a:10,-62,11,-99,-34,59,1,2086404956,83,0,256,0,"[0,0,0,0,0,0,0,0,0,-47,13,-45,21,-41,32,-34,41,-26,47,-15,52,-4,50,6,47,19,43,28,36,39,28,45,17,50,6,54,-4,54,-15,52,-23,50,-34,45,-43,36,-52,30,-54,19,-58,10,-60,-2,-60,-15,-58,-30,-52,-39,-43,-50,-30,-60,0,0,-2,-67,6,-60,19,-56,30,-52,36,-41,43,-32,45,-23,50,-13,50,-2,47,6,43,15,39,19,32,26,26,30,19,34,10,36,4,36,-4,34,-8,32,-15,30,-19,26,-26,21,-28,17,-28,8,-28,2,-26,-2,-28,-8,-23,-13,0,0,0,0,0,0,0,0,0,0,0,0,0,0,21,39,39,21,45,0,39,-23,23,-45,-2,-52,-30,-41,-47,-19,-52,8,-41,36,-13,54,17,54,45,34,56,4,50,-26,28,-50,-4,-58,-36,-47,-56,-19,-58,19,-39,47,-6,63,30,58,56,30,67,-4,52,-41,21,-63,-17,-65,0,0,-65,-8,-56,28,-30,52,4,58,34,43,52,17,50,-13,32,-39,2,-45,-21,-41,-41,-19,-41,8,-28,28,-6,39,17,34,32,19,41,-2,28,-21,10,-34,-8,-34,-26,-23,-32,-6,-30,13,-17,26,0,30,13,23,26,13,28,-2,0,0,0,0,0,0]"
1773371354.575367,CSI_DATA,189235,98:4a:6b:31:4a:10,-58,11,-99,33,37,1,2086415649,83,0,256,0,"[0,0,0,0,0,0,0,0,27,63,3,75,-11,75,-23,71,-43,59,-55,51,-75,43,-83,35,-79,7,-79,-3,-79,-15,-83,-35,-71,-51,-63,-63,-51,-75,-31,-83,-19,-79,-7,-83,11,-91,19,-91,47,-79,59,-79,67,-71,87,-51,87,-51,99,-19,111,-7,99,-3,0,0,87,43,67,63,75,75,55,87,35,83,27,83,15,83,-7,91,-19,79,-19,63,-39,51,-55,51,-55,43,-59,27,-55,19,-55,7,-59,0,-47,0,-51,-15,-51,-31,-47,-35,-31,-51,-31,-43,-15,-47,-15,-35,3,-47,11,-55,27,-43,0,0,0,0,0,0,0,0,0,0,0,0,0,0,-47,-51,-67,-15,-67,27,-31,63,-15,63,39,63,67,35,79,0,75,-55,31,-83,-11,-79,-59,-51,-91,-15,-71,47,-43,79,11,87,59,63,87,15,87,-39,39,-75,-11,-83,-63,-75,-87,-27,-91,27,-51,87,-3,91,55,71,103,43,0,0,91,-91,11,-91,-47,-75,-79,-39,-67,19,-47,63,-11,83,31,67,71,27,59,-19,43,-67,7,-55,-47,-43,-55,-23,-63,19,-35,51,0,59,39,47,55,23,47,-7,43,-35,0,-51,-23,-47,-43,-23,-47,3,-31,31,-11,43,15,47,0,0,0,0,0,0]"
1773371354.5837955,CSI_DATA,189236,98:4a:6b:31:4a:10,-62,11,-99,-34,59,1,2086425856,83,0,256,0,"[0,0,0,0,0,0,0,0,15,-43,26,-39,34,-30,43,-21,47,-10,50,0,50,13,45,23,39,32,32,41,21,50,13,50,2,54,-8,54,-19,52,-28,45,-36,41,-45,34,-52,23,-56,13,-58,4,-58,-6,-58,-17,-54,-32,-50,-43,-41,-52,-30,-58,-17,-65,0,0,10,-65,23,-58,32,-52,41,-43,45,-32,47,-23,50,-13,50,-2,47,6,43,15,39,21,34,26,28,32,21,34,13,34,4,41,-2,36,-8,34,-15,30,-19,26,-26,23,-28,17,-28,13,-28,4,-28,0,-26,-6,-26,-10,-19,-15,0,0,0,0,0,0,0,0,0,0,0,0,0,0,6,45,28,34,43,15,45,-10,34,-32,13,-50,-17,-50,-39,-34,-52,-6,-50,21,-30,47,0,56,32,47,54,21,56,-8,41,-39,10,-58,-23,-54,-52,-30,-60,2,-52,34,-21,58,13,63,47,45,65,13,58,-26,34,-58,-2,-67,0,0,-60,-23,-63,15,-41,43,-8,58,23,50,45,28,52,-2,36,-30,13,-45,-13,-45,-36,-26,-43,0,-32,21,-13,39,8,36,30,26,39,4,32,-17,17,-30,-4,-34,-21,-26,-32,-10,-32,8,-21,23,-4,30,13,26,23,17,28,0,0,0,0,0,0,0]"
1773371354.591669,CSI_DATA,189237,98:4a:6b:31:4a:10,-62,11,-99,-32,59,1,2086435579,83,0,256,0,"[0,0,0,0,0,0,0,0,30,30,24,36,18,45,8,43,-2,49,-12,45,-22,45,-34,43,-41,32,-45,26,-49,18,-51,6,-57,-2,-51,-10,-49,-22,-49,-28,-45,-34,-39,-45,-28,-47,-20,-55,-10,-57,-2,-59,8,-61,22,-57,28,-53,36,-51,49,-45,53,-34,0,0,63,-12,61,-4,61,6,57,16,49,22,45,28,36,34,28,39,22,43,14,43,6,43,0,45,-6,43,-10,39,-16,34,-22,30,-24,26,-28,24,-32,16,-34,12,-32,6,-30,0,-30,-4,-26,-12,-24,-14,-20,-20,-14,-20,-14,-24,0,0,0,0,0,0,0,0,0,0,0,0,0,0,-45,-10,-43,12,-30,36,-6,43,24,43,45,22,53,-2,43,-30,18,-49,-12,-51,-39,-32,-55,-6,-51,26,-22,51,10,53,39,39,57,14,49,-28,28,-51,-8,-59,-41,-43,-63,-12,-59,24,-32,57,4,67,41,51,67,18,63,-22,0,0,-2,-65,-39,-49,-59,-18,-55,20,-34,41,0,49,30,36,45,10,43,-18,26,-36,-2,-45,-26,-32,-41,-10,-36,14,-18,34,6,39,24,28,36,8,34,-12,18,-30,0,-34,-18,-24,-32,-6,-28,8,-16,24,-2,28,16,22,24,10,0,0,0,0,0,0]"
1773371354.5991523,CSI_DATA,189238,98:4a:6b:31:4a:10,-62,11,-99,-33,59,1,2086446597,83,0,256,0,"[0,0,0,0,0,0,0,0,42,-21,46,-8,46,2,46,12,42,25,35,33,29,42,21,50,6,54,-4,54,-14,52,-25,46,-38,40,-42,33,-48,25,-50,16,-54,6,-57,-4,-57,-14,-54,-27,-48,-35,-40,-42,-33,-52,-21,-61,-12,-63,2,-63,16,-65,25,-61,0,0,48,-46,54,-33,61,-23,57,-8,59,0,54,12,48,19,40,25,40,35,27,38,21,42,12,42,8,42,-2,40,-10,38,-16,38,-23,31,-25,25,-31,19,-31,12,-31,4,-29,-2,-29,-8,-25,-12,-23,-14,-19,-21,-16,-21,-10,-23,0,0,0,0,0,0,0,0,0,0,0,0,0,0,-25,33,-2,42,21,40,38,23,46,0,44,-27,21,-44,-4,-52,-31,-42,-48,-16,-50,12,-35,40,-8,52,25,50,48,29,54,-2,44,-33,19,-54,-19,-57,-46,-42,-57,-4,-54,31,-27,54,10,61,44,50,65,16,63,-23,42,-52,0,0,-31,-61,-57,-23,-61,8,-42,42,-8,52,19,48,44,25,48,-4,33,-29,14,-42,-14,-42,-33,-21,-40,2,-33,23,-12,35,10,38,27,23,40,4,31,-16,16,-31,0,-35,-21,-27,-31,-8,-27,8,-19,21,-4,27,12,25,23,16,0,0,0,0,0,0]"
1773371354.6160443,CSI_DATA,189239,98:4a:6b:31:4a:10,-62,11,-99,-40,59,1,2086459453,83,0,256,0,"[0,0,0,0,0,0,0,0,15,-43,25,-38,33,-33,41,-25,46,-15,51,-7,51,5,51,15,46,23,43,33,33,41,25,46,18,51,10,54,0,56,-7,56,-18,51,-28,49,-38,46,-43,38,-51,31,-56,23,-59,15,-64,2,-64,-7,-64,-18,-59,-28,-51,-41,0,0,-36,-54,-25,-59,-12,-62,-2,-62,5,-56,15,-51,23,-46,31,-41,36,-36,38,-28,41,-20,41,-15,41,-7,43,0,38,7,36,12,33,18,31,20,23,25,20,28,12,31,7,31,2,28,-2,28,-7,25,-12,23,-15,23,-20,18,0,0,0,0,0,0,0,0,0,0,0,0,0,0,5,43,28,33,41,12,43,-12,31,-36,5,-49,-23,-43,-46,-25,-51,2,-41,33,-15,51,15,54,43,33,56,2,46,-28,23,-51,-12,-56,-43,-38,-59,-5,-51,28,-25,54,10,59,43,46,64,10,59,-28,33,-56,-5,-64,-43,-49,0,0,-59,23,-33,49,2,62,33,46,51,15,49,-18,28,-41,0,-49,-28,-36,-41,-10,-41,18,-23,33,2,41,25,31,36,7,36,-15,20,-31,-2,-36,-23,-28,-33,-7,-33,10,-20,28,0,31,15,28,28,10,28,-5,20,-20,5,-25,0,0,0,0,0,0]"
1773371354.6230001,CSI_DATA,189240,98:4a:6b:31:4a:10,-62,11,-99,-30,58,1,2086468942,83,0,256,0,"[0,0,0,0,0,0,0,0,-30,36,-32,32,-41,15,-43,8,-52,-6,-50,-15,-41,-26,-41,-34,-34,-41,-21,-50,-10,-50,-2,-54,13,-50,23,-47,30,-43,36,-34,47,-26,47,-21,56,-8,58,-2,56,10,56,19,50,30,47,36,41,54,28,58,17,65,4,65,0,0,-21,58,-30,54,-43,45,-50,36,-50,28,-47,15,-47,6,-50,-2,-45,-8,-41,-21,-39,-30,-30,-28,-21,-34,-15,-36,-8,-36,0,-39,8,-34,13,-39,17,-32,21,-28,26,-21,26,-15,28,-10,28,0,30,2,23,6,23,13,21,15,0,0,0,0,0,0,0,0,0,0,0,0,0,0,4,-41,-17,-36,-34,-23,-45,-4,-43,19,-26,41,4,50,26,43,45,21,50,-8,39,-32,10,-52,-17,-50,-43,-30,-56,-4,-47,28,-21,54,6,56,39,43,58,10,54,-23,30,-47,-6,-63,-39,-54,-58,-21,-63,13,-43,50,-8,60,0,0,54,30,65,-2,45,-36,17,-56,-13,-47,-39,-28,-45,0,-39,26,-15,43,10,45,30,26,39,8,36,-17,15,-34,-4,-36,-23,-28,-34,-6,-32,8,-19,30,0,32,19,26,30,13,30,-10,21,-17,8,-28,-8,-26,-21,-17,-26,-4,0,0,0,0,0,0]"
1773371354.6305263,CSI_DATA,189241,98:4a:6b:31:4a:10,-58,11,-99,33,37,1,2086478820,83,0,256,0,"[0,0,0,0,0,0,0,0,47,-47,67,-43,71,-19,71,-3,71,15,71,35,59,55,39,63,27,87,0,79,-11,83,-27,79,-43,67,-59,59,-79,35,-87,27,-91,11,-91,-3,-83,-27,-91,-55,-75,-55,-59,-75,-35,-75,-15,-91,7,-99,15,-99,43,-103,55,-95,0,0,111,-51,91,-19,111,3,99,23,79,31,79,47,55,59,47,59,23,71,11,71,-3,71,-19,63,-23,63,-35,47,-51,43,-59,23,-59,19,-63,11,-51,-11,-55,-11,-55,-35,-47,-23,-35,-43,-7,-43,-7,-43,0,-47,11,-47,19,-47,0,0,0,0,0,0,0,0,0,0,0,0,0,0,-19,71,15,67,43,51,63,19,71,-23,51,-51,11,-79,-23,-71,-59,-55,-79,-19,-71,35,-43,67,-7,87,39,79,79,43,87,-3,71,-51,27,-79,-19,-87,-71,-67,-99,-19,-87,39,-63,79,-7,103,47,87,87,43,99,-7,87,-59,0,0,-7,-103,-55,-67,-91,-23,-75,35,-43,67,7,83,43,59,71,23,63,-3,39,-51,11,-71,-31,-47,-51,-35,-59,0,-39,47,-15,55,7,63,47,31,51,7,55,-27,27,-35,3,-55,-35,-51,-47,-23,-43,3,-35,23,-15,39,15,51,0,0,0,0,0,0]"
1773371354.6579967,CSI_DATA,189242,98:4a:6b:31:4a:10,-62,11,-99,-29,58,1,2086497463,83,0,256,0,"[0,0,0,0,0,0,0,0,-14,-42,-4,-44,6,-46,19,-42,31,-38,40,-29,48,-21,50,-8,52,4,50,14,46,25,40,35,31,42,23,50,12,54,0,52,-8,54,-21,52,-31,46,-42,42,-48,31,-54,23,-59,12,-61,-2,-61,-14,-59,-27,-52,-38,-44,-50,0,0,-16,-63,-6,-63,6,-61,19,-54,29,-48,38,-40,42,-31,46,-21,48,-12,46,0,44,6,42,12,35,21,31,25,23,33,16,35,10,35,0,35,-4,33,-12,31,-16,27,-23,23,-25,19,-27,10,-27,6,-25,0,-27,-6,-25,-12,0,0,0,0,0,0,0,0,0,0,0,0,0,0,33,29,44,8,40,-14,27,-35,6,-46,-19,-44,-40,-29,-50,-4,-44,23,-25,44,2,52,31,44,48,19,52,-10,40,-40,12,-52,-19,-52,-46,-33,-57,-2,-50,33,-25,52,8,61,42,46,61,16,59,-21,38,-50,4,-65,-31,-57,0,0,-63,8,-48,35,-19,57,16,54,40,35,50,6,44,-23,23,-40,-4,-46,-27,-33,-40,-10,-38,16,-23,33,0,40,21,29,35,14,38,-8,25,-25,6,-33,-12,-31,-25,-21,-33,-2,-27,16,-14,27,2,27,16,21,25,10,27,-4,0,0,0,0,0,0]"
1773371354.6661646,CSI_DATA,189243,98:4a:6b:31:4a:10,-62,11,-99,-29,58,1,2086497876,83,0,256,0,"[0,0,0,0,0,0,0,0,19,-42,27,-35,38,-27,46,-16,48,-6,50,6,48,16,42,29,33,38,25,46,14,50,2,54,-8,52,-19,50,-29,46,-38,38,-46,31,-52,21,-54,10,-59,0,-54,-12,-54,-23,-50,-35,-44,-44,-31,-54,-23,-59,-8,-65,6,-67,0,0,33,-57,40,-46,48,-38,54,-25,54,-12,52,-2,50,10,46,16,42,25,33,31,27,35,16,40,10,42,0,40,-6,40,-14,35,-19,31,-25,27,-29,21,-31,14,-31,4,-31,0,-29,-6,-25,-12,-23,-16,-16,-21,-12,-23,-8,-23,0,0,0,0,0,0,0,0,0,0,0,0,0,0,4,44,25,38,42,21,46,-6,40,-29,16,-48,-8,-50,-33,-38,-50,-14,-50,14,-35,40,-8,54,21,52,46,31,54,2,46,-29,23,-54,-8,-57,-40,-46,-59,-14,-59,21,-35,48,-4,63,33,57,59,29,65,-6,52,-42,21,-65,0,0,-48,-42,-61,-8,-52,27,-29,50,2,54,31,42,50,16,48,-12,31,-35,4,-44,-21,-38,-35,-19,-42,8,-29,27,-10,38,12,35,29,21,38,0,31,-19,14,-33,-2,-35,-23,-25,-31,-8,-31,8,-21,23,-6,29,10,27,21,16,0,0,0,0,0,0]"
1773371354.6745298,CSI_DATA,189244,98:4a:6b:31:4a:10,-62,11,-99,-44,60,1,2086517766,83,0,256,0,"[0,0,0,0,0,0,0,0,36,31,25,41,18,46,5,46,-7,49,-18,46,-31,41,-38,33,-46,23,-51,12,-51,2,-54,-7,-49,-18,-46,-28,-38,-38,-31,-46,-20,-51,-10,-56,0,-59,10,-56,20,-54,33,-49,43,-46,54,-33,59,-25,64,-12,67,-2,64,12,0,0,51,38,43,49,31,54,20,54,7,56,-5,54,-15,51,-23,43,-31,38,-33,31,-38,23,-41,15,-43,7,-41,0,-38,-5,-36,-12,-31,-20,-25,-23,-20,-28,-12,-31,-5,-31,0,-33,7,-31,10,-25,15,-23,20,-18,23,-12,25,-7,0,0,0,0,0,0,0,0,0,0,0,0,0,0,-41,-10,-41,12,-31,36,-7,46,18,46,41,31,51,5,49,-23,28,-46,0,-54,-31,-46,-49,-23,-56,10,-41,38,-12,54,18,54,46,36,56,2,51,-33,23,-56,-10,-59,-43,-43,-62,-15,-62,23,-36,51,-2,64,36,56,62,28,0,0,49,-43,18,-62,-20,-59,-43,-36,-56,-2,-46,25,-23,46,7,49,33,33,46,7,41,-20,20,-36,-2,-41,-25,-31,-38,-7,-36,15,-23,31,0,38,20,31,33,15,36,-5,28,-20,10,-31,-7,-31,-23,-20,-31,-2,-25,10,-15,23,0,0,0,0,0,0]"
1773371354.6822305,CSI_DATA,189245,98:4a:6b:31:4a:10,-62,11,-99,-38,60,1,2086527595,83,0,256,0,"[0,0,0,0,0,0,0,0,-39,19,-43,8,-47,-4,-45,-15,-39,-28,-32,-39,-21,-47,-10,-52,4,-50,17,-50,28,-43,39,-36,45,-28,50,-17,56,-4,54,6,52,19,47,28,41,39,32,47,21,56,8,58,-4,63,-17,58,-32,56,-43,50,-54,39,-63,26,0,0,-65,-6,-56,-15,-54,-30,-45,-39,-32,-47,-19,-50,-10,-50,4,-50,10,-47,19,-41,28,-36,32,-26,36,-21,39,-8,39,-2,39,4,34,13,30,19,23,23,17,28,10,30,4,32,-4,30,-10,26,-13,26,-19,19,-21,15,-23,8,0,0,0,0,0,0,0,0,0,0,0,0,0,0,26,-34,4,-43,-19,-43,-39,-28,-47,-4,-47,19,-28,41,-4,52,23,47,45,30,54,0,47,-28,26,-50,-4,-56,-34,-45,-52,-19,-56,10,-41,41,-13,60,21,56,50,36,63,4,56,-28,30,-56,-4,-65,-36,-54,-60,-23,-67,10,0,0,-17,65,15,58,45,41,58,8,47,-23,28,-45,0,-50,-26,-39,-43,-17,-45,8,-30,32,-6,41,15,36,34,23,39,0,32,-21,17,-32,-6,-36,-23,-28,-36,-8,-34,8,-21,26,-6,30,10,30,23,17,30,4,26,-10,15,-21,0,0,0,0,0,0]"
1773371354.6898983,CSI_DATA,189246,98:4a:6b:31:4a:10,-58,11,-99,35,37,1,2086537699,83,0,256,0,"[0,0,0,0,0,0,0,0,7,-67,37,-71,41,-52,60,-48,75,-30,75,-15,82,3,75,22,71,45,60,48,60,63,41,75,18,75,3,82,-7,78,-33,78,-41,63,-60,71,-71,60,-82,33,-90,22,-90,15,-97,-11,-97,-30,-93,-48,-82,-63,-63,-82,-56,-101,0,0,0,-97,11,-97,45,-90,52,-78,52,-71,56,-48,82,-41,82,-22,78,0,60,11,56,11,63,30,52,41,41,45,33,48,30,60,15,63,3,60,-7,56,-11,48,-33,41,-30,45,-37,37,-41,15,-37,15,-41,3,-41,-7,-45,-26,0,0,0,0,0,0,0,0,0,0,0,0,0,0,18,63,45,48,63,11,71,-22,45,-56,7,-86,-37,-63,-67,-45,-71,3,-60,45,-30,78,18,86,60,67,78,18,90,-26,48,-67,-7,-101,-56,-71,-82,-33,-86,18,-67,67,-11,90,37,78,78,45,86,0,78,-60,33,-97,-7,-97,0,0,-93,-15,-86,30,-56,75,3,78,41,71,78,22,71,-26,52,-60,-3,-67,-30,-60,-60,-26,-63,18,-48,37,-3,48,26,52,48,22,67,-18,41,-37,0,-52,-15,-52,-45,-22,-56,-3,-45,18,-26,41,7,45,30,30,33,11,41,-7,0,0,0,0,0,0]"
1773371354.6989865,CSI_DATA,189247,98:4a:6b:31:4a:10,-62,11,-99,-29,58,1,2086538050,83,0,256,0,"[0,0,0,0,0,0,0,0,38,-19,46,-10,50,-2,46,12,42,23,40,31,23,42,16,46,8,44,-6,48,-16,50,-27,46,-29,38,-38,35,-48,21,-59,8,-61,2,-57,-6,-57,-19,-52,-27,-44,-33,-35,-46,-33,-54,-21,-63,-2,-63,6,-63,19,-69,27,-59,0,0,54,-40,54,-27,59,-16,59,-4,54,6,44,16,44,23,40,31,33,42,25,38,10,42,6,44,0,44,-6,42,-14,40,-19,35,-25,25,-25,19,-29,14,-31,10,-31,0,-33,-6,-29,-12,-21,-12,-16,-21,-14,-23,-12,-21,-6,-23,0,0,0,0,0,0,0,0,0,0,0,0,0,0,-27,33,-4,40,21,38,38,25,52,-4,42,-29,21,-42,-4,-52,-31,-35,-50,-19,-52,12,-40,38,-8,52,23,48,46,33,52,2,44,-35,16,-50,-12,-52,-48,-38,-57,-4,-50,23,-27,48,2,61,35,52,61,19,59,-12,44,-46,0,0,-27,-52,-52,-35,-61,8,-38,38,-14,48,14,50,40,31,44,6,38,-23,16,-35,-6,-44,-27,-29,-38,0,-35,16,-12,38,8,35,25,25,35,6,31,-12,21,-27,4,-35,-14,-27,-27,-14,-31,4,-23,21,-8,25,6,25,19,19,0,0,0,0,0,0]"
1773371354.7162733,CSI_DATA,189248,98:4a:6b:31:4a:10,-62,11,-99,-31,58,1,2086557829,83,0,256,0,"[0,0,0,0,0,0,0,0,-26,38,-35,29,-42,22,-47,11,-49,0,-49,-13,-42,-24,-38,-35,-31,-42,-22,-49,-11,-51,-2,-53,8,-53,17,-51,29,-47,35,-40,47,-33,51,-24,58,-17,58,-6,58,2,55,13,53,26,49,38,42,47,35,58,24,62,11,67,0,0,-13,64,-24,58,-38,49,-44,40,-47,31,-51,22,-51,11,-49,2,-47,-6,-42,-15,-40,-22,-33,-26,-29,-33,-22,-35,-13,-35,-6,-38,-2,-35,6,-33,13,-31,17,-26,22,-24,26,-20,26,-15,29,-8,26,-2,26,4,26,6,22,13,0,0,0,0,0,0,0,0,0,0,0,0,0,0,6,-42,-15,-40,-35,-24,-47,0,-40,24,-24,44,2,49,29,42,47,17,51,-11,33,-38,8,-51,-20,-51,-44,-31,-58,-2,-47,29,-22,53,11,53,44,38,58,6,53,-26,26,-53,-4,-62,-42,-49,-58,-15,-60,20,-40,51,-2,64,0,0,58,29,60,-8,44,-40,13,-53,-20,-49,-42,-26,-49,4,-35,31,-11,44,15,40,35,26,40,2,31,-22,11,-38,-11,-35,-31,-24,-38,-2,-29,17,-13,31,6,33,22,24,33,6,29,-13,17,-24,2,-29,-13,-24,-24,-13,-26,2,0,0,0,0,0,0]"
1773371354.7234974,CSI_DATA,189249,98:4a:6b:31:4a:10,-62,11,-99,-33,59,1,2086568906,83,0,256,0,"[0,0,0,0,0,0,0,0,-31,33,-40,25,-48,14,-48,2,-48,-10,-46,-23,-38,-31,-29,-44,-19,-50,-6,-54,6,-52,16,-52,29,-46,38,-38,46,-29,52,-19,57,-8,59,4,57,14,52,27,46,38,38,46,29,54,14,61,2,63,-10,67,-23,61,-38,54,0,0,-54,33,-59,19,-61,4,-59,-8,-54,-19,-46,-27,-38,-35,-31,-40,-21,-44,-10,-44,0,-46,8,-42,16,-40,23,-33,29,-31,31,-21,33,-14,35,-6,35,2,33,8,29,14,25,19,21,23,12,25,6,27,0,27,-4,25,-10,25,0,0,0,0,0,0,0,0,0,0,0,0,0,0,10,-42,-12,-42,-33,-31,-44,-10,-46,14,-33,40,-10,50,14,50,38,33,50,8,46,-23,29,-46,0,-54,-29,-48,-48,-23,-54,6,-44,35,-14,54,16,54,46,38,59,6,54,-27,31,-54,0,-63,-35,-52,-59,-23,-63,12,-48,46,0,0,19,63,48,40,59,6,50,-25,27,-44,-4,-48,-31,-38,-46,-12,-46,14,-29,33,-4,44,19,33,35,19,40,-6,27,-27,8,-38,-10,-35,-27,-23,-35,-4,-31,16,-16,29,2,33,21,27,29,12,29,-4,23,-16,10,-27,-6,-27,0,0,0,0,0,0]"
1773371354.7307637,CSI_DATA,189250,98:4a:6b:31:4a:10,-62,11,-99,-33,59,1,2086579069,83,0,256,0,"[0,0,0,0,0,0,0,0,42,21,35,27,31,35,19,44,12,50,-2,50,-12,50,-25,48,-33,40,-42,35,-48,25,-52,14,-54,4,-54,-4,-52,-16,-48,-25,-44,-35,-38,-42,-29,-48,-21,-54,-10,-59,0,-59,10,-61,25,-59,35,-54,46,-48,54,-40,59,-29,0,0,65,-4,65,10,59,21,52,27,44,35,35,42,25,46,14,48,8,48,0,46,-6,44,-16,40,-21,38,-27,31,-31,25,-33,21,-33,12,-35,6,-35,0,-33,-6,-29,-12,-25,-19,-23,-21,-14,-23,-12,-25,-6,-25,0,-27,4,-25,0,0,0,0,0,0,0,0,0,0,0,0,0,0,-42,4,-33,27,-21,42,6,50,31,38,48,12,48,-12,35,-38,6,-52,-21,-48,-46,-27,-52,4,-44,33,-16,50,12,54,42,35,57,6,52,-27,27,-52,-8,-59,-40,-44,-59,-14,-59,21,-35,52,0,63,38,54,61,23,63,-16,0,0,10,-63,-27,-57,-50,-29,-59,6,-40,33,-12,48,19,44,40,27,48,-4,33,-27,12,-40,-12,-40,-31,-21,-38,0,-31,23,-12,38,10,35,27,23,35,2,31,-19,16,-29,-4,-31,-21,-23,-29,-8,-29,8,-16,23,-2,27,12,23,0,0,0,0,0,0]"
1773371354.7581036,CSI_DATA,189251,98:4a:6b:31:4a:10,-62,11,-99,-36,60,1,2086599622,83,0,256,0,"[0,0,0,0,0,0,0,0,45,0,43,10,41,20,32,28,30,36,14,41,6,49,-2,51,-16,47,-22,43,-28,43,-39,32,-51,28,-51,18,-55,16,-51,0,-49,-10,-53,-22,-51,-28,-41,-39,-41,-47,-32,-51,-18,-57,-8,-55,-2,-63,16,-61,22,-57,39,-53,0,0,57,-32,53,-22,59,-8,57,0,57,8,53,20,45,26,34,30,28,30,26,36,18,43,10,39,2,39,-6,36,-8,36,-14,32,-22,28,-26,24,-26,16,-28,14,-28,6,-28,2,-28,-6,-26,-10,-26,-12,-18,-14,-16,-18,-10,-20,0,0,0,0,0,0,0,0,0,0,0,0,0,0,-36,22,-22,36,0,45,28,36,41,22,51,-4,39,-30,14,-49,-10,-49,-41,-30,-55,-8,-49,28,-20,47,8,55,34,32,51,12,47,-18,32,-45,2,-61,-36,-45,-49,-18,-53,16,-39,47,-8,55,34,51,55,28,65,-12,47,-39,0,0,-22,-59,-45,-32,-59,-4,-45,30,-20,49,8,41,36,26,47,2,41,-20,14,-39,-12,-43,-34,-20,-36,2,-28,24,-16,34,6,39,28,22,36,2,28,-14,14,-32,-6,-34,-24,-24,-32,-6,-26,10,-14,22,-2,26,14,22,24,10,0,0,0,0,0,0]"
1773371354.765748,CSI_DATA,189252,98:4a:6b:31:4a:10,-62,11,-99,-35,59,1,2086610186,83,0,256,0,"[0,0,0,0,0,0,0,0,-44,17,-47,4,-49,-6,-47,-17,-40,-31,-31,-40,-22,-47,-8,-53,2,-55,15,-53,26,-49,38,-42,44,-33,49,-24,53,-11,55,0,58,11,55,22,51,31,44,44,35,49,22,55,11,62,-2,64,-15,64,-29,62,-40,53,-51,47,0,0,-67,17,-62,4,-62,-8,-55,-20,-51,-29,-42,-35,-33,-42,-22,-44,-13,-49,-2,-47,6,-47,15,-42,20,-38,26,-33,31,-24,35,-17,33,-11,35,-4,35,4,33,11,31,15,24,22,17,24,11,24,6,26,0,26,-4,24,-11,24,0,0,0,0,0,0,0,0,0,0,0,0,0,0,29,-33,8,-44,-15,-44,-35,-29,-49,-6,-47,22,-31,42,-4,53,24,47,47,26,53,-4,44,-33,22,-53,-8,-55,-38,-40,-55,-13,-55,20,-33,49,0,60,31,51,55,24,62,-11,47,-42,15,-64,-20,-60,-51,-40,-64,-6,-58,33,0,0,4,69,38,47,58,17,55,-17,35,-40,4,-51,-24,-42,-42,-20,-47,6,-33,29,-11,44,15,40,33,20,38,0,31,-24,13,-38,-8,-38,-26,-24,-35,-6,-33,13,-20,29,0,33,17,29,29,13,29,-2,24,-17,8,-26,-6,-26,0,0,0,0,0,0]"
1773371354.7733953,CSI_DATA,189253,98:4a:6b:31:4a:10,-62,11,-99,-41,59,1,2086610446,83,0,256,0,"[0,0,0,0,0,0,0,0,31,37,21,45,7,50,-2,47,-18,50,-29,39,-39,39,-47,26,-53,15,-50,7,-53,-13,-53,-18,-42,-29,-39,-37,-29,-47,-15,-50,-7,-53,7,-61,15,-55,29,-55,37,-45,50,-39,55,-37,61,-18,66,-7,66,5,63,21,55,29,0,0,37,55,26,61,10,63,0,58,-10,55,-21,50,-29,42,-37,37,-42,29,-45,18,-45,7,-45,0,-42,-7,-39,-15,-34,-23,-23,-29,-21,-34,-10,-34,-7,-34,0,-34,5,-31,15,-29,18,-26,21,-18,21,-13,23,-7,29,-2,26,2,0,0,0,0,0,0,0,0,0,0,0,0,0,0,-39,-18,-42,5,-37,31,-15,42,7,47,31,34,50,18,50,-13,34,-37,13,-50,-21,-55,-45,-31,-53,-2,-47,29,-26,53,5,58,37,47,61,13,58,-15,39,-47,5,-53,-26,-53,-55,-34,-63,5,-50,37,-23,61,18,61,47,39,0,0,58,-26,31,-50,-2,-61,-34,-47,-47,-21,-50,10,-37,37,-7,47,18,42,37,26,42,-5,31,-26,10,-42,-13,-37,-31,-23,-34,0,-34,15,-13,31,5,34,23,26,34,10,34,-7,21,-23,5,-29,-15,-26,-26,-15,-29,0,-23,13,0,0,0,0,0,0]"
1773371354.7814922,CSI_DATA,189254,98:4a:6b:31:4a:10,-62,11,-99,-34,59,1,2086629719,83,0,256,0,"[0,0,0,0,0,0,0,0,15,-45,26,-39,34,-32,43,-21,47,-10,50,0,50,10,47,26,41,34,32,43,21,47,13,52,0,54,-8,52,-19,50,-30,45,-41,41,-47,32,-54,23,-56,10,-58,2,-58,-8,-58,-21,-54,-34,-45,-43,-39,-54,-28,-60,-15,-65,0,0,13,-65,23,-56,39,-52,41,-41,47,-32,50,-21,50,-10,50,0,47,8,43,17,36,26,32,30,26,32,19,36,10,39,2,39,-2,36,-10,34,-17,30,-21,26,-26,21,-26,17,-28,10,-28,2,-26,-2,-23,-8,-23,-13,-19,-17,0,0,0,0,0,0,0,0,0,0,0,0,0,0,6,45,28,36,43,15,47,-10,34,-32,13,-52,-15,-50,-39,-36,-52,-6,-47,21,-30,45,0,56,30,47,52,23,56,-8,43,-39,15,-58,-19,-54,-50,-34,-60,0,-52,34,-23,58,10,63,45,47,63,13,63,-23,39,-54,2,-67,0,0,-60,-28,-65,13,-45,43,-13,56,21,50,43,28,52,-2,39,-30,13,-45,-13,-43,-34,-28,-41,-4,-36,21,-15,39,8,36,28,28,39,4,34,-15,19,-30,-2,-34,-19,-28,-32,-13,-32,6,-23,23,-6,30,10,28,21,17,28,2,0,0,0,0,0,0]"
1773371354.7991798,CSI_DATA,189255,98:4a:6b:31:4a:10,-62,11,-99,-34,59,1,2086639354,83,0,256,0,"[0,0,0,0,0,0,0,0,2,-47,13,-45,23,-39,36,-32,45,-23,50,-10,52,2,52,17,47,30,39,34,28,45,17,52,6,54,-6,54,-19,50,-30,45,-39,39,-50,30,-56,21,-58,8,-58,-4,-58,-15,-54,-28,-47,-43,-39,-54,-26,-60,-10,-65,4,-69,0,0,34,-60,41,-47,47,-36,54,-26,54,-10,54,2,50,13,45,21,39,32,30,36,23,41,13,41,6,43,-4,41,-10,39,-19,34,-23,28,-28,19,-32,10,-34,6,-32,0,-32,-8,-26,-13,-23,-17,-15,-21,-10,-23,-6,-26,0,-26,0,0,0,0,0,0,0,0,0,0,0,0,0,0,21,43,39,26,45,4,41,-21,26,-41,2,-52,-21,-47,-45,-26,-54,0,-47,26,-23,50,4,56,34,45,50,21,54,-10,41,-39,13,-56,-19,-54,-47,-36,-60,-6,-54,28,-30,56,4,63,36,52,60,26,67,-13,47,-43,17,-65,0,0,-50,-43,-60,-6,-56,26,-30,47,2,54,28,45,47,17,47,-8,34,-32,8,-47,-15,-41,-34,-19,-41,2,-32,21,-13,36,8,36,26,26,36,8,32,-10,21,-28,2,-32,-15,-30,-30,-17,-32,0,-26,15,-15,23,2,30,17,23,0,0,0,0,0,0]"
1773371354.8067365,CSI_DATA,189256,98:4a:6b:31:4a:10,-62,11,-99,-34,59,1,2086649321,83,0,256,0,"[0,0,0,0,0,0,0,0,26,-36,34,-30,43,-21,45,-10,50,-2,47,10,45,23,41,34,32,41,23,47,10,52,2,54,-8,54,-19,52,-28,47,-36,41,-45,34,-52,23,-56,15,-58,6,-58,-6,-56,-17,-56,-28,-50,-39,-41,-50,-32,-58,-21,-63,-6,-67,0,0,21,-63,28,-56,39,-47,45,-39,50,-30,52,-17,50,-8,50,0,47,10,43,19,36,26,30,30,26,32,19,36,10,39,4,36,-2,36,-8,34,-15,30,-19,28,-23,21,-28,17,-28,10,-28,4,-26,-2,-26,-6,-23,-10,-21,-15,0,0,0,0,0,0,0,0,0,0,0,0,0,0,-4,45,17,41,39,26,47,2,41,-26,23,-45,-4,-52,-30,-43,-50,-19,-52,10,-39,39,-10,54,21,54,47,30,56,2,47,-30,21,-52,-13,-56,-43,-41,-60,-8,-54,26,-30,54,4,65,41,52,63,21,63,-19,41,-52,6,-67,0,0,-56,-30,-65,6,-45,41,-15,56,19,52,43,28,50,0,41,-28,17,-43,-10,-43,-34,-26,-43,-2,-32,19,-15,39,8,39,28,26,39,4,32,-15,17,-30,-2,-34,-21,-28,-34,-10,-32,8,-21,23,-4,30,13,26,23,15,28,0,0,0,0,0,0,0]"
1773371354.814294,CSI_DATA,189257,98:4a:6b:31:4a:10,-62,11,-99,-36,59,1,2086659181,83,0,256,0,"[0,0,0,0,0,0,0,0,16,43,2,48,-9,43,-18,41,-34,34,-41,29,-50,20,-52,4,-55,-6,-50,-20,-41,-27,-34,-39,-27,-48,-13,-48,-6,-52,4,-52,13,-50,27,-46,39,-39,48,-29,55,-25,62,-11,62,2,59,13,59,29,52,36,43,48,32,57,0,0,2,66,-13,59,-18,59,-27,50,-43,41,-46,27,-50,18,-48,6,-46,-4,-43,-13,-41,-20,-34,-29,-25,-27,-18,-32,-6,-36,-2,-39,4,-39,11,-34,20,-32,23,-25,27,-18,27,-13,27,-6,32,2,23,4,23,11,23,16,18,20,0,0,0,0,0,0,0,0,0,0,0,0,0,0,-32,-27,-43,-6,-41,9,-29,32,-13,43,18,48,36,34,48,6,46,-20,29,-43,4,-50,-23,-46,-48,-25,-52,6,-43,34,-18,52,11,57,39,43,57,13,55,-18,34,-50,6,-59,-34,-52,-57,-27,-64,9,-48,41,-18,62,18,62,0,0,62,9,52,-25,36,-48,4,-55,-32,-43,-48,-20,-50,11,-32,34,-6,43,20,36,36,25,43,-4,34,-18,13,-32,-4,-36,-25,-25,-34,-9,-29,13,-16,27,2,32,16,27,27,16,32,-4,25,-18,6,-27,-6,-27,-20,-23,-25,-6,0,0,0,0,0,0]"
1773371354.8223717,CSI_DATA,189258,98:4a:6b:31:4a:10,-62,11,-99,-36,60,1,2086670755,83,0,256,0,"[0,0,0,0,0,0,0,0,39,-22,43,-8,45,0,43,6,41,18,39,32,32,39,18,47,10,49,2,51,-8,51,-20,47,-28,47,-41,36,-41,28,-49,20,-53,16,-55,0,-55,-4,-53,-16,-47,-26,-41,-32,-36,-45,-26,-55,-18,-63,-4,-57,2,-59,18,-63,0,0,39,-47,47,-34,53,-32,51,-22,55,-4,53,2,47,12,41,20,36,28,28,32,26,30,14,41,10,36,6,36,-4,36,-8,34,-14,32,-18,26,-22,22,-28,18,-28,14,-26,6,-26,0,-26,-4,-24,-10,-22,-14,-18,-16,-14,-20,0,0,0,0,0,0,0,0,0,0,0,0,0,0,-24,34,-2,49,20,41,36,18,45,-4,43,-30,22,-47,-10,-51,-34,-41,-47,-14,-47,16,-32,41,-4,57,24,45,51,22,55,-8,41,-34,12,-57,-22,-49,-49,-28,-57,2,-47,39,-22,57,18,59,45,39,67,10,55,-26,32,-59,0,0,-41,-47,-57,-12,-57,14,-36,41,0,57,30,43,43,18,43,-10,26,-32,4,-41,-20,-41,-39,-14,-39,8,-24,26,-6,39,18,32,32,16,36,-4,28,-24,10,-32,-10,-30,-26,-18,-30,-2,-26,16,-10,22,2,28,18,22,26,8,0,0,0,0,0,0]"
1773371354.839694,CSI_DATA,189259,98:4a:6b:31:4a:10,-62,11,-99,-37,59,1,2086680823,83,0,256,0,"[0,0,0,0,0,0,0,0,21,42,9,47,-4,47,-16,45,-28,42,-37,33,-47,23,-54,11,-52,0,-52,-14,-47,-23,-40,-35,-33,-45,-23,-52,-11,-54,-2,-56,9,-54,23,-54,33,-47,42,-40,52,-30,56,-21,61,-9,61,4,61,18,59,33,49,45,40,54,0,0,11,64,0,64,-16,59,-23,54,-35,47,-40,35,-45,26,-47,14,-47,4,-47,-4,-45,-14,-37,-21,-33,-26,-26,-30,-18,-35,-9,-35,-2,-37,7,-35,11,-33,16,-28,23,-23,26,-18,28,-11,28,-4,26,0,26,7,26,11,21,18,0,0,0,0,0,0,0,0,0,0,0,0,0,0,-35,-26,-45,-4,-40,18,-26,37,-4,47,21,45,42,28,52,2,45,-23,23,-45,-2,-54,-30,-45,-52,-18,-52,9,-40,37,-11,52,18,52,47,35,56,4,52,-30,26,-54,-7,-59,-40,-49,-59,-21,-61,18,-42,47,-9,64,28,61,0,0,61,0,52,-30,26,-56,-9,-54,-37,-40,-49,-9,-45,16,-26,40,0,45,23,37,40,16,40,-9,28,-30,7,-40,-16,-35,-33,-18,-37,0,-28,21,-14,33,7,33,23,23,33,7,30,-9,21,-23,4,-28,-11,-26,-23,-16,-28,-2,0,0,0,0,0,0]"
1773371354.847337,CSI_DATA,189260,98:4a:6b:31:4a:10,-58,11,-99,37,37,1,2086690552,83,0,256,0,"[0,0,0,0,0,0,0,0,10,-74,28,-63,42,-63,60,-53,67,-31,67,-28,85,-7,74,10,85,31,70,46,56,63,53,70,39,78,24,88,-3,85,-7,85,-31,88,-39,81,-60,70,-70,60,-74,42,-88,42,-92,28,-109,10,-95,-24,-92,-42,-95,-56,-67,-78,0,0,-42,-99,-31,-95,-21,-109,14,-85,24,-92,35,-60,39,-53,49,-53,67,-46,74,-17,70,-10,78,-14,74,0,63,21,63,35,53,39,46,49,35,39,17,49,17,53,3,49,-7,60,-14,46,-28,46,-28,28,-31,31,-39,21,-39,7,0,0,0,0,0,0,0,0,0,0,0,0,0,0,14,60,56,49,70,3,60,-28,46,-63,-3,-78,-49,-63,-74,-31,-78,3,-53,53,-28,74,35,78,70,53,95,-3,74,-46,31,-85,-17,-88,-63,-49,-85,-10,-74,46,-39,81,14,92,56,70,102,28,88,-31,49,-78,10,-99,-46,-78,0,0,-109,10,-70,67,-17,92,42,81,67,49,88,-10,67,-46,10,-74,-21,-70,-53,-28,-67,7,-46,42,-10,49,17,49,56,24,56,-10,46,-28,14,-53,-21,-60,-46,-28,-49,-3,-49,28,-14,42,14,60,35,35,46,10,39,-17,28,-35,0,0,0,0,0,0]"
1773371354.8547142,CSI_DATA,189261,98:4a:6b:31:4a:10,-62,11,-99,-41,59,1,2086700487,83,0,256,0,"[0,0,0,0,0,0,0,0,39,26,31,37,23,42,10,47,-2,50,-13,50,-29,45,-37,37,-45,29,-53,21,-55,5,-55,-5,-53,-15,-50,-26,-39,-37,-34,-45,-23,-53,-15,-58,-2,-58,10,-58,21,-55,31,-50,42,-45,55,-34,61,-23,66,-13,69,2,66,13,0,0,53,39,42,50,26,58,18,58,5,55,-5,55,-15,50,-23,45,-31,34,-37,26,-39,21,-42,13,-42,5,-42,-2,-37,-10,-34,-18,-29,-23,-21,-26,-15,-31,-7,-31,-2,-31,5,-31,7,-29,15,-26,18,-21,21,-15,26,-10,26,-2,0,0,0,0,0,0,0,0,0,0,0,0,0,0,-45,-5,-39,18,-26,37,-2,47,21,42,45,29,53,0,45,-26,23,-47,-5,-53,-34,-42,-50,-18,-53,13,-37,39,-10,55,21,53,47,34,58,0,47,-34,21,-53,-10,-61,-42,-45,-61,-15,-61,21,-39,53,-2,66,31,58,61,29,0,0,47,-39,18,-61,-15,-55,-42,-37,-53,-2,-45,23,-21,45,5,47,34,34,45,10,39,-15,23,-34,0,-39,-23,-31,-37,-10,-37,10,-26,26,-5,34,15,31,29,18,34,0,26,-18,13,-29,-2,-31,-21,-23,-26,-7,-26,7,-18,21,0,0,0,0,0,0]"
1773371354.8630583,CSI_DATA,189262,98:4a:6b:31:4a:10,-62,11,-99,-38,59,1,2086711310,83,0,256,0,"[0,0,0,0,0,0,0,0,-21,43,-31,39,-39,26,-46,21,-46,4,-51,-4,-51,-19,-46,-31,-43,-39,-34,-41,-24,-51,-14,-48,-2,-53,4,-53,14,-51,24,-46,31,-43,43,-36,48,-31,51,-17,58,-14,63,0,63,2,56,24,58,31,53,39,46,48,39,58,0,0,14,63,-7,61,-14,63,-17,56,-34,56,-34,41,-41,34,-43,26,-43,12,-43,4,-46,0,-46,-9,-39,-14,-36,-19,-26,-26,-21,-31,-19,-34,-9,-34,-4,-34,0,-34,4,-31,9,-31,14,-26,19,-21,19,-14,21,-12,29,-7,29,-2,0,0,0,0,0,0,0,0,0,0,0,0,0,0,4,-43,-19,-36,-39,-21,-48,7,-36,26,-17,48,9,48,36,34,46,7,48,-17,26,-46,0,-48,-29,-46,-53,-17,-56,14,-43,46,-12,58,26,53,51,26,53,-4,43,-41,14,-58,-24,-63,-61,-31,-63,2,-48,36,-17,61,24,58,0,0,70,2,48,-34,21,-53,-7,-53,-39,-31,-48,-4,-43,26,-17,46,9,46,31,29,41,9,34,-19,17,-36,-7,-36,-21,-26,-36,-2,-34,14,-17,29,4,34,24,24,31,9,31,-14,17,-24,2,-31,-19,-21,-29,-12,-26,4,-19,19,0,0,0,0,0,0]"
1773371354.8801124,CSI_DATA,189263,98:4a:6b:31:4a:10,-62,11,-99,-34,59,1,2086720879,83,0,256,0,"[0,0,0,0,0,0,0,0,-39,-21,-34,-30,-28,-39,-15,-43,-8,-45,8,-47,19,-47,30,-43,41,-32,43,-21,52,-15,56,-2,54,10,54,19,50,26,39,34,32,45,26,54,15,56,-2,60,-4,58,-17,56,-34,50,-43,39,-52,36,-58,26,-63,15,-65,-2,0,0,-56,-26,-47,-32,-39,-45,-30,-50,-23,-56,-4,-56,4,-52,13,-45,15,-41,26,-36,30,-34,34,-23,36,-15,36,-6,39,-4,36,4,34,13,30,17,21,23,17,23,13,28,6,32,0,32,-4,30,-6,26,-13,21,-19,19,-21,15,0,0,0,0,0,0,0,0,0,0,0,0,0,0,45,2,41,-21,21,-41,-4,-50,-23,-43,-47,-26,-50,6,-41,34,-17,47,15,47,39,39,52,8,52,-23,28,-47,-2,-54,-30,-45,-50,-23,-58,8,-45,43,-8,58,19,56,47,34,65,4,54,-28,23,-60,-13,-65,-50,-47,-65,-10,0,0,-41,52,-4,58,30,54,52,21,58,-6,34,-34,8,-47,-17,-45,-36,-23,-43,4,-34,32,-10,39,15,39,34,21,39,4,34,-19,15,-34,-8,-36,-21,-26,-32,-4,-32,13,-21,26,0,30,15,28,26,13,28,-2,23,-15,10,-26,0,0,0,0,0,0]"
1773371354.8873906,CSI_DATA,189264,98:4a:6b:31:4a:10,-62,11,-99,-33,59,1,2086730678,83,0,256,0,"[0,0,0,0,0,0,0,0,10,-44,23,-42,33,-33,42,-23,48,-12,50,2,50,14,44,29,38,38,29,46,14,52,4,54,-8,54,-19,50,-29,44,-40,35,-48,27,-57,19,-57,4,-59,-8,-54,-21,-50,-31,-44,-44,-31,-52,-23,-63,-8,-65,6,-65,19,-65,0,0,46,-46,52,-33,59,-21,59,-6,54,6,50,16,46,25,35,31,29,40,19,42,8,44,0,42,-8,42,-14,35,-23,31,-29,25,-31,19,-33,10,-35,2,-31,-6,-31,-10,-25,-16,-21,-21,-14,-23,-8,-25,-2,-27,2,-27,8,-25,0,0,0,0,0,0,0,0,0,0,0,0,0,0,10,44,31,33,44,14,46,-10,35,-35,14,-50,-14,-52,-35,-38,-52,-14,-50,14,-38,40,-8,57,23,52,46,33,57,2,50,-27,27,-50,-4,-57,-38,-48,-57,-21,-61,12,-44,46,-14,61,23,63,52,42,63,4,59,-29,33,-57,0,0,-35,-54,-57,-25,-59,8,-44,38,-12,52,14,48,40,31,48,4,42,-23,23,-40,-2,-44,-25,-31,-40,-10,-35,12,-25,31,-4,40,16,33,31,19,35,0,29,-19,14,-31,-4,-33,-23,-25,-29,-8,-29,6,-23,19,-6,27,6,27,0,0,0,0,0,0]"
1773371354.8946466,CSI_DATA,189265,98:4a:6b:31:4a:10,-62,11,-99,-33,59,1,2086740441,83,0,256,0,"[0,0,0,0,0,0,0,0,-44,6,-46,-2,-42,-12,-38,-21,-31,-35,-27,-44,-19,-52,-2,-57,6,-54,19,-52,25,-42,35,-38,48,-31,48,-19,50,-8,52,-2,54,6,48,21,46,31,40,40,35,48,27,59,12,59,0,61,-12,65,-19,61,-29,59,-42,52,0,0,-59,29,-59,12,-61,4,-59,-2,-54,-21,-48,-29,-40,-31,-29,-35,-19,-40,-10,-44,-8,-44,4,-44,8,-38,12,-35,23,-31,29,-27,31,-23,33,-12,35,-10,33,0,33,4,27,8,25,14,23,21,14,21,12,23,8,25,2,25,0,0,0,0,0,0,0,0,0,0,0,0,0,0,35,-29,14,-42,-6,-46,-29,-31,-44,-14,-50,14,-38,35,-8,50,19,48,44,31,52,4,46,-27,27,-52,-12,-52,-40,-40,-59,-12,-57,19,-35,48,-2,59,31,50,57,25,61,-10,42,-46,8,-65,-31,-59,-57,-35,-61,4,-54,40,0,0,16,63,48,38,61,10,52,-21,23,-50,-4,-52,-33,-35,-44,-8,-40,19,-23,38,-2,44,27,31,40,12,35,-10,23,-29,2,-38,-14,-33,-31,-12,-35,4,-25,25,-6,35,10,29,27,16,33,2,23,-14,14,-27,-4,-29,-16,-21,0,0,0,0,0,0]"
1773371354.9022229,CSI_DATA,189266,98:4a:6b:31:4a:10,-58,11,-99,39,37,1,2086750327,83,0,256,0,"[0,0,0,0,0,0,0,0,30,56,6,66,-6,73,-16,73,-26,66,-46,60,-66,46,-80,40,-77,20,-80,6,-83,-6,-87,-16,-80,-26,-73,-50,-63,-63,-53,-66,-46,-77,-30,-87,-16,-87,-6,-100,10,-93,23,-90,36,-87,66,-73,66,-80,83,-60,90,-40,100,-36,0,0,97,3,100,13,90,50,80,53,63,63,56,60,36,73,26,70,13,63,3,73,-10,66,-33,56,-23,56,-40,60,-36,43,-43,30,-50,36,-53,26,-46,10,-53,6,-56,0,-46,-16,-40,-20,-33,-23,-30,-33,-26,-30,-16,-43,-10,-36,0,0,0,0,0,0,0,0,0,0,0,0,0,0,-56,-46,-70,-6,-66,33,-30,60,10,73,43,53,73,26,77,-10,60,-60,16,-93,-33,-77,-73,-43,-83,13,-66,53,-16,87,36,66,77,46,90,-10,73,-66,16,-97,-36,-77,-70,-56,-100,13,-73,56,-23,97,43,90,83,53,97,10,0,0,26,-97,-26,-110,-66,-66,-90,0,-63,40,-23,77,23,70,63,50,63,-3,60,-40,13,-60,-23,-56,-56,-33,-53,10,-40,43,-6,56,26,60,46,20,56,-6,36,-46,13,-46,-26,-46,-43,-26,-50,3,-40,36,-6,46,20,43,23,26,0,0,0,0,0,0]"
1773371354.9189284,CSI_DATA,189267,98:4a:6b:31:4a:10,-62,11,-99,-40,59,1,2086760245,83,0,256,0,"[0,0,0,0,0,0,0,0,5,46,-7,46,-15,43,-25,38,-38,33,-46,23,-51,12,-51,2,-49,-10,-49,-20,-43,-31,-38,-38,-31,-46,-20,-51,-10,-54,0,-56,10,-56,20,-54,31,-49,38,-43,46,-36,54,-28,59,-18,64,-7,64,5,64,20,59,31,54,41,0,0,31,54,23,62,7,62,-2,59,-12,56,-20,51,-28,43,-33,36,-38,28,-41,18,-43,10,-43,2,-41,-2,-41,-10,-36,-15,-31,-23,-25,-25,-18,-28,-12,-31,-7,-33,0,-31,5,-33,10,-28,15,-25,18,-20,20,-15,23,-12,25,-7,0,0,0,0,0,0,0,0,0,0,0,0,0,0,-23,-36,-41,-20,-46,5,-36,28,-18,46,10,49,33,38,51,12,49,-18,31,-41,2,-54,-25,-49,-49,-23,-54,7,-41,36,-12,54,20,54,46,31,59,0,46,-33,20,-56,-15,-59,-46,-41,-64,-7,-54,28,-31,56,5,64,43,49,0,0,62,-18,36,-49,2,-62,-28,-46,-49,-20,-51,10,-33,36,-7,46,23,38,38,20,41,-5,31,-28,7,-38,-18,-36,-33,-18,-38,5,-28,23,-7,33,12,33,28,18,33,0,28,-18,12,-31,-5,-31,-20,-20,-28,-7,-25,7,-18,20,0,0,0,0,0,0]"
1773371354.925803,CSI_DATA,189268,98:4a:6b:31:4a:10,-58,11,-99,35,37,1,2086770083,83,0,256,0,"[0,0,0,0,0,0,0,0,-67,-15,-75,-37,-60,-52,-33,-63,-30,-75,3,-82,26,-82,37,-75,48,-63,60,-45,71,-30,82,-11,90,0,75,7,82,37,67,52,60,71,45,75,33,90,11,97,-18,90,-22,101,-52,90,-75,71,-86,56,-93,41,-108,26,-90,0,0,0,-93,-26,-67,-56,-63,-78,-41,-75,-22,-82,-11,-93,7,-75,22,-71,37,-63,45,-56,52,-45,56,-26,60,-18,63,-3,56,7,60,22,48,30,37,37,30,37,26,45,22,48,-7,48,-7,37,-18,33,-26,37,-30,22,-33,11,-45,7,0,0,0,0,0,0,0,0,0,0,0,0,0,0,67,-22,60,-33,33,-71,-3,-75,-48,-56,-75,-18,-75,18,-48,56,-7,82,33,75,75,52,93,0,75,-45,48,-71,0,-82,-48,-78,-78,-30,-86,22,-52,67,-11,93,37,78,82,48,86,-7,90,-60,37,-90,-7,-93,-56,-75,-101,-18,0,0,-60,56,0,101,48,82,71,45,82,7,56,-45,26,-67,-18,-71,-56,-41,-67,-3,-56,37,-30,60,7,48,45,37,60,3,48,-30,30,-56,-7,-60,-33,-41,-56,-22,-56,3,-45,37,-15,48,15,41,37,30,37,3,41,-15,26,-22,0,0,0,0,0,0]"
1773371354.9326253,CSI_DATA,189269,98:4a:6b:31:4a:10,-62,11,-99,-33,59,1,2086780387,83,0,256,0,"[0,0,0,0,0,0,0,0,14,-44,25,-38,35,-31,44,-23,46,-12,50,-4,50,10,46,21,42,31,35,40,27,48,19,50,10,52,2,54,-10,54,-19,50,-31,46,-40,42,-48,33,-48,27,-57,19,-59,8,-59,-4,-61,-16,-61,-25,-52,-35,-46,-46,-35,-57,0,0,-14,-65,0,-63,10,-59,21,-57,29,-48,35,-40,42,-33,42,-25,46,-14,46,-6,44,0,42,6,40,12,38,19,29,23,27,29,19,31,12,31,4,33,-2,33,-6,31,-10,31,-14,27,-16,23,-21,19,-21,12,-25,8,-25,2,0,0,0,0,0,0,0,0,0,0,0,0,0,0,4,44,27,35,44,14,48,-12,33,-33,12,-50,-19,-48,-42,-33,-52,-4,-48,25,-25,48,6,52,38,42,54,14,54,-19,35,-46,2,-59,-31,-48,-59,-21,-54,14,-42,48,-6,63,29,57,59,29,65,-6,48,-44,10,-63,-25,-63,0,0,-63,-2,-50,35,-21,57,14,57,42,35,52,4,44,-25,21,-44,-10,-46,-33,-29,-44,-6,-35,21,-12,38,10,40,29,23,40,4,33,-19,16,-31,-4,-35,-23,-25,-33,-8,-31,12,-19,25,0,31,16,25,27,12,29,-4,21,-19,0,0,0,0,0,0]"
1773371354.9493058,CSI_DATA,189270,98:4a:6b:31:4a:10,-62,11,-99,-40,59,1,2086791058,83,0,256,0,"[0,0,0,0,0,0,0,0,-33,-31,-25,-38,-15,-43,-2,-46,10,-49,23,-46,33,-41,41,-31,49,-23,51,-10,54,2,54,12,49,25,43,33,33,43,25,49,15,54,2,56,-7,56,-20,56,-31,51,-41,46,-51,38,-59,25,-62,12,-64,2,-67,-12,-62,-25,0,0,-41,-49,-33,-54,-18,-59,-7,-56,5,-56,15,-51,25,-46,33,-38,38,-31,41,-20,43,-12,43,-2,43,2,38,10,36,18,28,23,23,28,18,31,10,33,2,31,-5,31,-10,31,-15,25,-18,20,-23,15,-23,10,-25,5,-25,0,0,0,0,0,0,0,0,0,0,0,0,0,0,0,43,12,43,-10,33,-33,10,-46,-15,-49,-41,-33,-51,-10,-49,20,-33,43,-2,54,25,49,49,28,56,-2,43,-33,20,-51,-12,-56,-43,-41,-56,-10,-56,23,-33,51,0,62,36,51,59,25,64,-12,46,-43,15,-64,-23,-62,-54,-41,0,0,-56,33,-28,56,7,62,38,43,51,15,51,-15,31,-38,2,-49,-23,-38,-41,-18,-41,10,-28,31,-7,43,18,36,36,18,38,-2,31,-20,10,-36,-10,-36,-25,-23,-36,-5,-31,12,-18,25,-2,31,18,25,28,12,28,-2,23,-15,0,0,0,0,0,0]"
1773371354.956172,CSI_DATA,189271,98:4a:6b:31:4a:10,-62,11,-99,-32,59,1,2086791435,83,0,256,0,"[0,0,0,0,0,0,0,0,-4,-45,8,-47,18,-43,30,-34,41,-28,45,-16,51,-6,49,8,45,18,45,28,36,39,28,43,18,51,8,53,-4,55,-14,51,-28,47,-34,43,-45,34,-53,28,-53,18,-57,6,-57,-8,-55,-22,-55,-32,-45,-45,-36,-51,-24,-63,0,0,2,-61,18,-61,28,-51,36,-43,41,-36,47,-26,51,-16,45,-6,47,4,43,14,39,22,34,26,26,32,20,36,10,34,4,36,-2,36,-10,28,-14,26,-20,22,-24,18,-28,12,-26,8,-28,2,-26,-4,-22,-10,-20,-14,-18,-18,0,0,0,0,0,0,0,0,0,0,0,0,0,0,22,36,39,20,45,-2,36,-26,20,-43,-4,-51,-28,-41,-45,-22,-47,8,-39,32,-12,51,16,53,43,32,55,6,51,-22,26,-47,0,-55,-36,-45,-55,-16,-53,12,-43,41,-10,59,20,59,49,34,61,2,51,-30,24,-59,-12,-61,0,0,-61,-16,-57,20,-36,45,-4,53,28,47,45,24,47,-6,36,-30,10,-41,-16,-41,-32,-22,-41,0,-32,22,-12,34,10,34,28,22,36,4,30,-12,18,-26,0,-32,-18,-26,-30,-12,-30,6,-22,20,-8,28,8,28,18,18,26,4,0,0,0,0,0,0]"
1773371354.962998,CSI_DATA,189272,98:4a:6b:31:4a:10,-62,11,-99,-34,59,1,2086791713,83,0,256,0,"[0,0,0,0,0,0,0,0,-43,13,-45,2,-45,-8,-43,-21,-34,-32,-28,-41,-17,-47,-4,-52,6,-52,17,-50,30,-45,39,-39,47,-28,52,-17,54,-8,56,4,54,15,50,26,45,36,36,45,26,52,17,56,4,60,-10,63,-19,60,-34,54,-45,50,-54,36,0,0,-67,10,-60,-4,-58,-17,-52,-23,-43,-34,-32,-41,-26,-45,-15,-47,-4,-50,4,-45,13,-43,19,-36,26,-32,32,-26,32,-19,36,-13,36,-2,34,2,32,10,30,15,26,19,19,26,13,26,6,28,2,28,-4,26,-8,26,-15,19,0,0,0,0,0,0,0,0,0,0,0,0,0,0,30,-30,10,-41,-13,-43,-34,-32,-45,-10,-47,17,-32,39,-10,47,19,47,43,30,54,2,47,-28,23,-50,-6,-54,-34,-43,-52,-17,-54,15,-36,43,-6,58,26,54,50,30,60,-4,50,-34,23,-60,-10,-60,-43,-43,-60,-10,-58,23,0,0,-2,65,30,52,52,26,54,-6,39,-34,13,-47,-15,-43,-36,-28,-47,-2,-36,23,-17,39,8,39,28,28,39,6,34,-17,17,-32,-2,-34,-23,-30,-32,-10,-34,8,-23,26,-6,32,10,28,23,17,28,2,26,-13,13,-23,0,-26,0,0,0,0,0,0]"
1773371354.9796288,CSI_DATA,189273,98:4a:6b:31:4a:10,-62,11,-99,-35,59,1,2086821278,83,0,256,0,"[0,0,0,0,0,0,0,0,-38,29,-40,20,-44,4,-47,-11,-42,-22,-40,-35,-26,-42,-20,-51,-2,-53,11,-53,20,-47,29,-44,40,-35,47,-26,53,-15,53,-4,53,13,49,15,42,35,38,40,29,53,15,60,2,55,-6,62,-22,62,-33,53,-47,44,-53,35,0,0,-67,4,-60,-8,-58,-22,-47,-31,-38,-40,-26,-47,-15,-47,-4,-49,4,-49,15,-42,22,-40,26,-33,31,-22,38,-13,35,-6,40,2,35,11,33,17,24,22,22,24,17,31,4,31,2,29,-6,26,-11,26,-15,22,-20,17,-20,11,0,0,0,0,0,0,0,0,0,0,0,0,0,0,17,-40,-2,-42,-22,-40,-42,-24,-47,2,-42,26,-17,44,4,51,33,40,51,22,53,-6,40,-35,17,-53,-13,-55,-40,-38,-55,-11,-58,24,-35,42,-6,64,26,49,53,31,60,-2,49,-40,29,-62,-13,-60,-44,-47,-64,-17,-64,20,0,0,-8,62,24,55,51,33,55,-2,47,-29,22,-47,-6,-49,-31,-35,-47,-11,-42,15,-24,35,-2,40,17,33,35,20,38,-4,31,-24,8,-33,-8,-33,-29,-24,-35,-6,-31,15,-20,26,0,31,13,24,24,15,31,0,22,-13,13,-24,0,0,0,0,0,0]"
1773371354.9869769,CSI_DATA,189274,98:4a:6b:31:4a:10,-62,11,-99,-41,59,1,2086831369,83,0,256,0,"[0,0,0,0,0,0,0,0,29,-34,37,-26,45,-15,47,-5,50,5,47,18,42,29,34,39,26,45,15,50,5,53,-5,53,-15,50,-26,47,-37,39,-42,31,-47,23,-55,15,-58,5,-58,-5,-55,-15,-53,-26,-47,-37,-39,-47,-31,-55,-21,-61,-7,-63,5,-69,0,0,31,-58,39,-47,47,-37,53,-29,53,-15,53,-5,50,5,47,13,45,21,37,29,29,34,21,34,15,39,10,39,0,39,-5,37,-10,34,-18,29,-23,26,-26,18,-29,13,-29,7,-29,2,-29,-2,-23,-10,-23,-13,-21,-18,-15,-21,0,0,0,0,0,0,0,0,0,0,0,0,0,0,-13,45,13,42,34,29,47,7,45,-18,29,-42,5,-50,-23,-45,-45,-26,-53,2,-45,31,-18,53,13,55,39,37,55,10,53,-23,31,-50,0,-58,-34,-47,-58,-18,-58,15,-39,47,-7,61,29,58,55,31,63,-5,50,-42,21,-63,0,0,-47,-42,-63,-7,-53,29,-26,50,7,50,34,37,50,10,45,-18,26,-39,0,-45,-26,-37,-39,-10,-37,13,-23,31,-2,37,18,34,34,15,34,-7,26,-23,5,-34,-10,-31,-26,-18,-31,0,-26,18,-13,26,2,26,21,23,26,7,0,0,0,0,0,0]"
1773371354.9939885,CSI_DATA,189275,98:4a:6b:31:4a:10,-62,11,-99,-33,59,1,2086831692,83,0,256,0,"[0,0,0,0,0,0,0,0,0,-46,10,-46,21,-42,31,-38,40,-27,48,-19,50,-6,50,6,50,16,44,29,35,38,33,44,23,48,12,52,0,52,-10,52,-21,52,-29,46,-40,40,-48,33,-52,25,-59,12,-63,4,-63,-10,-59,-23,-57,-35,-48,-44,-38,-54,0,0,-12,-65,0,-63,12,-61,21,-52,31,-48,38,-38,42,-29,46,-21,48,-10,44,0,44,6,42,14,38,19,31,25,25,29,19,33,12,33,4,35,-2,33,-8,31,-14,29,-19,23,-21,21,-23,14,-25,10,-25,4,-27,0,-25,-6,0,0,0,0,0,0,0,0,0,0,0,0,0,0,21,38,38,21,42,-2,38,-23,21,-44,-4,-50,-29,-40,-48,-19,-50,12,-38,35,-10,52,19,50,44,31,52,2,48,-27,23,-48,-8,-57,-40,-40,-59,-10,-54,19,-33,48,0,61,33,52,59,23,61,-12,44,-46,12,-63,-25,-61,0,0,-61,0,-50,33,-23,57,12,52,40,35,52,10,44,-21,25,-40,-6,-44,-25,-33,-40,-10,-35,14,-21,33,2,40,23,29,35,10,35,-8,21,-29,4,-35,-16,-29,-27,-16,-33,2,-27,19,-10,29,8,27,21,21,27,6,25,-10,0,0,0,0,0,0]"
1773371355.0022938,CSI_DATA,189276,98:4a:6b:31:4a:10,-63,11,-99,-32,59,1,2086850597,83,0,256,0,"[0,0,0,0,0,0,0,0,45,0,45,10,43,20,36,30,28,39,20,47,10,51,-2,51,-14,51,-24,49,-32,43,-41,34,-49,26,-53,16,-55,6,-53,-4,-53,-14,-51,-24,-47,-34,-41,-43,-32,-49,-24,-53,-12,-59,0,-63,10,-63,22,-59,34,-55,45,-49,0,0,57,-26,59,-16,61,-4,57,8,53,18,47,24,41,30,32,36,24,41,16,43,10,43,0,43,-6,39,-12,36,-20,34,-24,28,-26,22,-30,18,-32,12,-32,6,-34,-2,-30,-8,-26,-12,-22,-18,-18,-20,-14,-22,-10,-24,-4,-24,0,0,0,0,0,0,0,0,0,0,0,0,0,0,-39,22,-22,39,0,45,26,39,45,18,49,-8,36,-32,16,-47,-12,-49,-39,-32,-51,-6,-49,24,-28,45,4,53,32,41,51,16,53,-16,36,-45,4,-59,-28,-51,-53,-24,-59,10,-43,43,-12,61,24,59,53,34,65,0,53,-36,0,0,-14,-61,-45,-41,-57,-6,-51,26,-24,45,6,49,32,34,45,10,41,-18,24,-36,-4,-43,-24,-30,-39,-8,-34,14,-20,32,0,39,20,28,32,10,34,-10,22,-26,4,-32,-16,-28,-28,-14,-28,2,-22,16,-10,26,6,26,18,18,0,0,0,0,0,0]"
1773371355.0188224,CSI_DATA,189277,98:4a:6b:31:4a:10,-62,11,-99,-33,59,1,2086860420,83,0,256,0,"[0,0,0,0,0,0,0,0,10,-44,23,-42,33,-33,40,-25,46,-14,52,-2,50,10,46,23,40,33,33,42,21,48,10,52,-2,54,-12,52,-23,50,-33,42,-44,35,-50,27,-57,14,-59,6,-61,-6,-59,-19,-54,-29,-46,-44,-38,-52,-25,-61,-14,-63,0,-67,0,0,29,-59,40,-48,48,-38,52,-27,54,-14,52,-4,50,6,46,16,42,25,33,31,27,35,16,38,10,40,2,40,-6,38,-14,35,-19,31,-23,27,-27,19,-29,12,-31,6,-29,0,-29,-6,-25,-10,-21,-16,-16,-21,-12,-23,-8,-25,0,0,0,0,0,0,0,0,0,0,0,0,0,0,10,42,29,31,44,12,44,-12,33,-33,12,-50,-14,-48,-38,-35,-52,-8,-48,21,-31,44,-4,54,27,46,48,25,54,-6,44,-33,19,-54,-14,-54,-44,-38,-59,-8,-52,25,-31,50,4,61,38,52,59,25,63,-12,44,-44,14,-65,0,0,-48,-40,-61,-4,-52,27,-25,48,6,52,31,40,46,14,44,-14,27,-35,4,-40,-21,-35,-38,-16,-40,6,-27,27,-8,38,12,33,31,21,38,0,29,-19,14,-31,-4,-33,-21,-25,-31,-10,-29,8,-21,21,-6,29,10,25,21,16,0,0,0,0,0,0]"
1773371355.0256224,CSI_DATA,189278,98:4a:6b:31:4a:10,-58,11,-99,34,37,1,2086870157,83,0,256,0,"[0,0,0,0,0,0,0,0,69,19,58,38,54,58,34,65,15,77,0,77,-15,81,-30,73,-46,58,-65,58,-77,50,-77,27,-85,15,-85,3,-73,-23,-81,-30,-73,-50,-65,-65,-54,-65,-38,-81,-30,-85,-3,-81,11,-96,38,-100,42,-88,50,-77,81,-73,81,-42,0,0,92,-30,92,0,92,19,85,34,65,46,61,65,61,46,46,69,30,61,7,69,7,69,-11,61,-15,61,-30,58,-30,46,-38,34,-46,27,-46,19,-58,15,-54,-3,-54,-7,-46,-19,-30,-27,-23,-27,-27,-30,-19,-42,-7,-38,-7,-46,0,0,0,0,0,0,0,0,0,0,0,0,0,0,-69,3,-61,42,-23,65,7,69,50,54,77,19,81,-34,50,-65,3,-77,-38,-69,-73,-42,-85,11,-69,58,-19,77,27,73,73,50,92,0,73,-46,30,-88,-23,-88,-65,-58,-96,-7,-85,42,-50,85,3,100,61,77,92,27,96,-42,0,0,11,-100,-54,-88,-88,-30,-77,23,-58,58,-7,65,38,65,65,27,69,-11,42,-54,3,-61,-23,-54,-61,-30,-58,7,-34,42,-7,65,27,50,50,30,61,0,38,-34,11,-54,-15,-50,-42,-23,-46,3,-38,30,-11,38,7,46,38,23,0,0,0,0,0,0]"
1773371355.0324671,CSI_DATA,189279,98:4a:6b:31:4a:10,-58,11,-99,34,37,1,2086879937,83,0,256,0,"[0,0,0,0,0,0,0,0,30,-73,46,-42,58,-42,65,-23,77,-11,81,7,77,30,65,50,61,58,46,65,19,81,11,81,-11,88,-30,77,-58,77,-61,61,-61,50,-85,46,-88,19,-81,3,-96,-15,-85,-30,-85,-58,-73,-61,-54,-85,-30,-104,-23,-96,0,-100,0,0,46,-92,61,-85,69,-54,77,-50,88,-27,92,-3,77,15,81,19,61,38,50,50,42,54,30,58,19,61,7,65,-7,65,-15,54,-23,58,-34,38,-46,42,-46,15,-50,15,-46,7,-50,0,-42,-7,-46,-15,-38,-30,-23,-38,-19,-38,0,0,0,0,0,0,0,0,0,0,0,0,0,0,-3,73,34,50,58,34,65,-7,61,-46,27,-77,-11,-73,-50,-58,-69,-23,-81,19,-65,58,-27,77,27,81,73,50,81,7,85,-38,42,-73,-15,-85,-61,-61,-88,-23,-81,30,-58,81,-3,96,34,85,88,42,92,-15,69,-73,34,-92,0,0,-85,-54,-88,-15,-81,38,-38,69,7,81,54,61,61,27,69,-30,42,-61,0,-65,-34,-42,-58,-15,-69,-3,-38,42,-11,61,30,50,50,34,50,-7,42,-30,19,-50,-19,-54,-42,-34,-50,-11,-46,23,-27,38,3,50,19,42,42,23,0,0,0,0,0,0]"
1773371355.048929,CSI_DATA,189280,98:4a:6b:31:4a:10,-62,11,-99,-33,59,1,2086890149,83,0,256,0,"[0,0,0,0,0,0,0,0,42,-14,46,-6,48,4,46,16,42,27,35,33,23,44,16,46,8,50,-4,50,-14,50,-27,46,-31,42,-38,35,-44,29,-52,21,-57,10,-59,4,-59,-6,-57,-16,-50,-27,-46,-35,-44,-48,-38,-54,-25,-59,-12,-63,-2,-67,10,-63,0,0,31,-57,40,-50,46,-35,54,-25,50,-16,50,-8,52,4,48,10,48,19,42,23,33,27,29,29,25,35,16,38,10,38,4,35,-4,35,-8,31,-14,31,-16,27,-23,21,-25,16,-27,12,-25,8,-27,2,-27,-4,-25,-6,-23,-10,0,0,0,0,0,0,0,0,0,0,0,0,0,0,-33,31,-10,42,16,40,38,27,48,4,44,-27,23,-44,-4,-52,-31,-42,-50,-21,-50,14,-35,40,-2,50,27,48,50,25,54,-8,40,-40,8,-54,-25,-52,-50,-29,-57,6,-44,38,-19,57,19,57,50,35,65,0,54,-33,23,-59,0,0,-44,-42,-57,-10,-52,29,-21,50,6,52,33,35,48,10,42,-19,23,-38,-4,-42,-31,-29,-38,-6,-33,21,-14,38,8,35,27,23,35,4,31,-19,16,-31,-4,-33,-23,-27,-33,-8,-29,10,-16,25,0,27,14,23,25,12,27,-4,0,0,0,0,0,0]"
1773371355.0557637,CSI_DATA,189281,98:4a:6b:31:4a:10,-62,11,-99,-32,59,1,2086903406,83,0,256,0,"[0,0,0,0,0,0,0,0,-16,41,-26,34,-39,28,-41,22,-49,6,-49,0,-45,-16,-43,-28,-36,-32,-28,-45,-14,-49,-8,-53,4,-51,14,-47,28,-43,36,-41,45,-32,49,-24,55,-8,55,-2,59,10,53,18,47,28,43,41,30,51,24,59,8,67,-2,65,0,0,-26,55,-39,51,-45,36,-53,26,-49,10,-51,4,-49,-4,-47,-10,-43,-24,-30,-30,-26,-34,-16,-41,-10,-41,-6,-41,8,-39,14,-36,16,-30,20,-24,26,-20,32,-14,32,-6,30,2,28,4,26,10,22,18,18,18,14,20,8,24,0,0,0,0,0,0,0,0,0,0,0,0,0,0,-6,-43,-26,-34,-36,-18,-47,6,-34,34,-18,47,6,51,34,39,51,10,51,-14,32,-39,10,-53,-20,-51,-45,-32,-59,-2,-49,32,-22,51,12,55,43,36,59,12,55,-22,36,-51,4,-59,-34,-51,-55,-26,-63,6,-47,43,-18,65,0,0,47,43,63,4,53,-26,26,-51,-6,-49,-32,-41,-49,-16,-43,12,-28,36,-4,43,20,36,36,18,36,-6,30,-26,4,-36,-16,-34,-30,-22,-32,-2,-28,20,-14,30,4,32,24,22,34,8,30,-8,18,-24,4,-26,-10,-26,-20,-14,0,0,0,0,0,0]"
1773371355.072738,CSI_DATA,189282,98:4a:6b:31:4a:10,-62,11,-99,-33,59,1,2086916239,83,0,256,0,"[0,0,0,0,0,0,0,0,40,25,33,33,27,42,16,48,4,50,-6,50,-19,48,-29,44,-38,38,-46,29,-50,21,-54,10,-54,0,-54,-8,-50,-21,-46,-31,-42,-42,-35,-46,-25,-54,-16,-57,-6,-61,4,-61,16,-61,31,-57,40,-50,50,-46,57,-38,63,-25,0,0,67,2,63,16,57,27,50,33,42,42,31,46,21,50,12,50,4,50,-6,46,-12,46,-19,40,-25,35,-29,31,-33,25,-35,19,-35,8,-35,2,-35,-4,-33,-10,-31,-16,-25,-21,-21,-23,-14,-25,-10,-27,-4,-27,2,-27,6,-25,0,0,0,0,0,0,0,0,0,0,0,0,0,0,-42,-4,-38,21,-23,40,2,48,27,40,48,19,50,-8,40,-33,14,-50,-16,-50,-42,-33,-54,-4,-48,29,-25,50,6,57,38,42,54,12,52,-21,33,-52,-2,-61,-35,-50,-59,-21,-61,14,-42,48,-8,63,29,57,57,29,67,-12,0,0,16,-63,-23,-61,-48,-35,-57,0,-46,29,-19,48,14,46,38,31,46,2,40,-23,14,-40,-8,-40,-29,-25,-38,-4,-33,23,-14,35,6,35,27,25,35,6,33,-14,19,-29,-2,-33,-19,-25,-29,-10,-29,6,-21,21,-4,27,10,25,0,0,0,0,0,0]"
1773371355.0800471,CSI_DATA,189283,98:4a:6b:31:4a:10,-62,11,-99,-33,59,1,2086916535,83,0,256,0,"[0,0,0,0,0,0,0,0,31,-35,38,-27,46,-14,50,-10,52,4,46,14,44,23,35,40,29,46,19,54,4,54,-2,54,-8,54,-23,48,-33,44,-40,40,-48,31,-50,23,-57,12,-59,6,-57,-8,-52,-16,-50,-25,-48,-40,-40,-52,-35,-54,-19,-65,-8,-69,0,0,12,-65,27,-61,35,-50,40,-42,46,-29,50,-23,54,-12,50,-2,50,8,42,16,40,25,31,27,31,33,27,38,14,40,6,38,4,35,-8,33,-12,31,-21,27,-23,23,-27,16,-27,12,-27,10,-29,2,-25,-2,-27,-4,-23,-12,0,0,0,0,0,0,0,0,0,0,0,0,0,0,-10,44,14,42,31,29,44,8,42,-21,29,-40,2,-48,-23,-46,-48,-23,-50,2,-33,33,-14,52,14,54,44,35,59,4,48,-29,25,-50,-10,-54,-44,-40,-59,-14,-61,25,-35,54,-2,61,38,50,57,23,63,-21,38,-46,6,-65,0,0,-54,-27,-61,12,-42,40,-10,57,23,48,46,27,50,-4,38,-33,12,-46,-10,-42,-38,-25,-38,0,-31,23,-12,35,12,33,31,25,38,2,31,-19,14,-31,-6,-29,-23,-21,-31,-2,-29,16,-19,25,2,29,14,23,27,8,25,-4,0,0,0,0,0,0]"
1773371355.0876853,CSI_DATA,189284,98:4a:6b:31:4a:10,-62,11,-99,-33,59,1,2086936037,83,0,256,0,"[0,0,0,0,0,0,0,0,-42,-19,-40,-29,-33,-33,-23,-42,-14,-44,-2,-48,8,-50,21,-48,29,-46,38,-35,42,-29,48,-21,54,-10,50,-6,50,12,52,21,44,29,44,33,33,44,27,48,23,57,8,57,-2,57,-14,59,-27,59,-33,57,-46,48,-52,46,0,0,-61,16,-61,4,-59,-4,-57,-10,-54,-27,-42,-29,-38,-31,-27,-38,-21,-40,-10,-42,-4,-44,6,-44,8,-42,14,-35,19,-33,27,-29,29,-23,31,-16,35,-12,40,-6,33,4,27,6,27,10,25,14,19,14,14,23,12,23,4,23,0,0,0,0,0,0,0,0,0,0,0,0,0,0,42,-4,31,-27,12,-38,-8,-42,-35,-33,-52,-10,-46,14,-33,38,-2,48,27,46,42,23,50,-12,42,-35,8,-54,-19,-48,-42,-31,-57,-2,-42,31,-21,52,16,54,50,35,59,6,48,-35,23,-57,-12,-63,-46,-38,-61,-6,-54,31,0,0,4,61,35,46,59,21,52,-14,27,-40,-4,-50,-27,-38,-42,-8,-44,16,-25,35,0,42,21,29,31,14,33,-8,19,-31,2,-40,-19,-29,-31,-14,-29,10,-21,27,-4,31,16,27,27,12,31,-2,23,-19,10,-27,-8,-23,-21,-16,0,0,0,0,0,0]"
1773371355.1045673,CSI_DATA,189285,98:4a:6b:31:4a:10,-62,11,-99,-40,60,1,2086945857,83,0,256,0,"[0,0,0,0,0,0,0,0,-11,43,-23,41,-32,34,-39,25,-48,16,-50,2,-48,-9,-46,-23,-41,-32,-34,-39,-23,-48,-13,-52,-2,-55,6,-55,18,-50,29,-46,39,-39,48,-32,52,-23,57,-13,57,-2,57,11,57,20,52,34,46,43,39,55,27,59,13,64,0,0,-18,64,-25,55,-36,50,-46,39,-46,29,-50,18,-50,6,-50,-2,-48,-11,-41,-20,-36,-25,-29,-29,-25,-34,-16,-34,-6,-39,0,-36,4,-34,13,-32,18,-27,25,-23,27,-18,29,-11,29,-6,27,0,27,6,23,11,23,16,16,20,0,0,0,0,0,0,0,0,0,0,0,0,0,0,-9,-41,-29,-34,-41,-13,-43,11,-34,34,-11,50,16,48,39,32,50,6,48,-20,27,-43,-2,-52,-29,-46,-48,-20,-55,9,-39,36,-13,55,20,52,48,32,57,0,50,-32,25,-57,-9,-62,-43,-46,-59,-13,-59,23,-36,52,-2,64,0,0,59,27,59,-9,46,-39,13,-52,-18,-50,-41,-29,-50,0,-39,25,-16,43,9,41,29,27,39,2,34,-18,18,-34,-6,-36,-25,-27,-36,-9,-32,13,-20,25,-2,32,16,29,29,16,32,-2,25,-20,9,-27,-4,-27,-20,-18,-27,-6,0,0,0,0,0,0]"
1773371355.1118302,CSI_DATA,189286,98:4a:6b:31:4a:10,-62,11,-99,-33,59,1,2086946234,83,0,256,0,"[0,0,0,0,0,0,0,0,-27,35,-35,29,-42,19,-46,6,-48,-2,-46,-14,-44,-27,-35,-38,-25,-46,-14,-50,-4,-54,8,-54,19,-50,29,-46,38,-40,44,-33,50,-23,57,-12,59,-2,59,10,52,21,50,31,42,42,33,52,25,61,14,63,0,65,-14,65,0,0,-40,52,-44,40,-52,31,-57,19,-54,8,-52,-2,-50,-12,-44,-23,-40,-29,-29,-33,-23,-40,-14,-40,-6,-40,0,-40,8,-38,14,-33,21,-31,27,-25,29,-19,33,-10,31,-4,31,2,29,6,27,12,23,16,16,21,14,23,8,25,0,0,0,0,0,0,0,0,0,0,0,0,0,0,6,-42,-16,-42,-35,-27,-44,-6,-44,19,-29,42,-2,50,25,46,44,27,50,-2,44,-29,19,-50,-10,-52,-38,-38,-52,-10,-50,21,-31,46,-2,57,31,48,54,23,59,-10,44,-42,14,-61,-19,-59,-50,-35,-63,-2,-52,33,-25,57,0,0,42,48,54,14,54,-19,33,-42,4,-54,-25,-44,-44,-19,-46,10,-33,31,-8,44,16,38,35,19,38,-2,29,-25,10,-38,-10,-35,-29,-21,-33,-2,-29,16,-14,29,2,33,21,25,29,8,29,-8,19,-21,4,-27,-10,-27,-23,-16,0,0,0,0,0,0]"
1773371355.1188443,CSI_DATA,189287,98:4a:6b:31:4a:10,-62,11,-99,-32,59,1,2086965821,83,0,256,0,"[0,0,0,0,0,0,0,0,45,0,45,8,41,20,36,26,28,36,18,43,8,45,-4,55,-18,53,-24,47,-32,34,-47,28,-49,24,-55,12,-55,0,-51,-8,-49,-18,-49,-32,-45,-36,-41,-45,-24,-55,-14,-57,-4,-59,12,-55,22,-59,34,-59,43,-45,49,-39,0,0,57,-20,55,0,57,14,55,24,47,32,43,39,30,43,20,47,12,43,4,47,-4,47,-10,41,-16,39,-22,30,-28,28,-30,20,-30,14,-36,6,-36,-2,-32,-6,-28,-14,-22,-20,-20,-22,-16,-22,-12,-24,-4,-24,2,-26,6,-24,0,0,0,0,0,0,0,0,0,0,0,0,0,0,-36,20,-20,39,4,45,26,39,43,20,49,-6,41,-26,16,-49,-8,-53,-39,-34,-53,-4,-45,24,-30,43,4,55,30,47,47,20,51,-10,39,-36,12,-57,-18,-55,-49,-26,-61,4,-49,34,-24,53,12,59,45,45,63,4,59,-30,0,0,2,-63,-32,-51,-51,-24,-55,8,-32,34,-8,47,24,39,43,18,47,-6,32,-28,10,-45,-16,-32,-34,-18,-36,6,-28,24,-12,36,8,34,30,22,36,4,28,-16,12,-28,-6,-30,-22,-20,-28,-10,-28,8,-18,20,-6,26,12,22,0,0,0,0,0,0]"
1773371355.1269903,CSI_DATA,189288,98:4a:6b:31:4a:10,-62,11,-99,-36,59,1,2086966117,83,0,256,0,"[0,0,0,0,0,0,0,0,27,-36,36,-27,41,-18,43,-6,50,4,46,13,41,29,34,36,25,43,18,50,6,50,-2,52,-13,52,-25,48,-34,41,-41,32,-46,25,-57,13,-57,2,-57,-2,-57,-13,-55,-25,-48,-34,-39,-46,-36,-57,-18,-62,-6,-64,4,-64,0,0,27,-55,43,-46,48,-32,55,-27,52,-13,55,-9,50,4,48,11,43,23,39,27,27,32,20,34,16,36,9,36,-2,41,-9,39,-13,32,-18,27,-25,25,-27,20,-29,13,-29,9,-29,2,-27,-4,-23,-11,-18,-13,-18,-20,-13,-20,0,0,0,0,0,0,0,0,0,0,0,0,0,0,-6,43,16,39,36,25,48,4,43,-23,27,-41,4,-52,-23,-43,-46,-23,-50,2,-41,34,-18,48,13,50,41,34,52,9,48,-20,25,-46,2,-55,-34,-41,-52,-20,-52,16,-36,46,-4,57,29,57,57,32,59,-4,48,-41,18,-62,0,0,-43,-43,-64,-6,-50,23,-29,48,6,46,32,39,48,11,41,-16,27,-36,-2,-43,-23,-34,-36,-11,-36,13,-23,32,0,36,18,32,34,16,32,-4,25,-23,9,-34,-11,-32,-27,-18,-32,0,-27,16,-13,27,2,27,18,23,23,9,0,0,0,0,0,0]"
1773371355.1440513,CSI_DATA,189289,98:4a:6b:31:4a:10,-62,11,-99,-32,59,1,2086985182,83,0,256,0,"[0,0,0,0,0,0,0,0,10,-43,22,-39,30,-34,39,-26,45,-16,49,-4,51,6,49,18,43,28,36,36,28,45,20,51,10,53,0,53,-10,53,-20,51,-30,47,-39,41,-47,32,-53,26,-55,16,-59,4,-59,-6,-59,-20,-55,-30,-51,-39,-43,-49,-30,-57,0,0,-6,-65,4,-61,16,-59,26,-51,32,-45,41,-36,43,-26,47,-18,49,-8,45,2,43,8,41,14,36,18,30,26,24,30,18,34,12,34,4,34,-2,34,-8,32,-14,30,-18,26,-22,20,-24,14,-24,10,-24,4,-28,0,-26,-6,0,0,0,0,0,0,0,0,0,0,0,0,0,0,10,43,30,30,43,10,43,-14,30,-36,8,-49,-18,-47,-41,-28,-51,-2,-43,26,-22,47,8,53,36,39,53,12,53,-18,32,-43,2,-57,-30,-47,-53,-20,-57,12,-41,43,-10,61,24,57,53,32,63,-2,51,-39,20,-61,-16,-61,0,0,-61,-8,-53,26,-26,51,6,55,34,39,49,12,45,-18,26,-39,-2,-45,-24,-34,-39,-12,-39,12,-22,34,0,39,22,30,34,12,36,-10,24,-28,4,-32,-14,-30,-28,-16,-32,4,-24,20,-10,28,10,26,20,18,28,6,26,-10,0,0,0,0,0,0]"
1773371355.151328,CSI_DATA,189290,98:4a:6b:31:4a:10,-58,11,-99,36,37,1,2086994975,83,0,256,0,"[0,0,0,0,0,0,0,0,62,29,54,47,43,58,25,62,18,83,0,80,-14,80,-32,76,-43,65,-69,62,-69,43,-76,25,-83,25,-83,10,-80,-7,-83,-21,-76,-32,-76,-43,-58,-62,-58,-73,-47,-73,-32,-83,-21,-98,-7,-87,10,-98,32,-98,43,-87,76,-94,0,0,94,-62,87,-43,83,-25,94,-18,83,10,76,21,69,36,65,43,65,47,43,54,36,54,21,62,21,47,3,62,-3,65,-10,62,-18,54,-29,58,-29,54,-40,40,-51,25,-36,21,-51,10,-47,3,-54,-3,-40,-10,-47,-14,-40,-18,0,0,0,0,0,0,0,0,0,0,0,0,0,0,-65,7,-62,32,-36,62,-3,65,43,54,73,25,73,-18,51,-58,14,-87,-25,-73,-73,-36,-83,14,-54,54,-14,76,40,76,69,58,83,-14,73,-62,25,-87,-32,-87,-80,-43,-94,3,-62,62,-25,91,47,98,80,62,102,-10,76,-69,0,0,-29,-80,-80,-36,-80,3,-69,47,-32,83,29,73,65,36,69,-3,51,-47,7,-54,-25,-58,-54,-25,-62,14,-36,43,3,54,36,51,43,25,51,-3,32,-40,3,-51,-21,-47,-58,-25,-43,10,-29,25,-3,47,21,32,32,29,47,-7,0,0,0,0,0,0]"
1773371355.1585085,CSI_DATA,189291,98:4a:6b:31:4a:10,-62,11,-99,-44,60,1,2087005777,83,0,256,0,"[0,0,0,0,0,0,0,0,18,41,7,46,0,46,-10,46,-23,41,-33,36,-41,28,-46,18,-49,7,-51,-2,-51,-12,-49,-23,-43,-31,-36,-38,-28,-46,-18,-49,-10,-54,0,-56,10,-56,20,-54,28,-49,38,-43,49,-36,56,-25,59,-18,64,-5,67,7,64,18,0,0,49,41,38,49,28,54,18,54,7,54,-2,54,-10,49,-18,46,-25,38,-31,33,-36,25,-36,18,-41,10,-38,5,-38,-2,-36,-7,-33,-15,-28,-18,-23,-23,-18,-25,-12,-28,-5,-31,-2,-31,5,-28,7,-25,15,-23,18,-20,20,-12,0,0,0,0,0,0,0,0,0,0,0,0,0,0,-33,-25,-43,-5,-41,20,-23,41,0,46,25,41,46,23,54,-5,41,-33,15,-51,-15,-51,-41,-33,-54,-5,-49,28,-25,49,5,54,36,43,54,12,56,-20,33,-49,0,-59,-33,-51,-56,-23,-62,12,-41,49,-10,64,28,56,59,31,0,0,51,-41,18,-56,-18,-59,-43,-33,-51,-2,-43,25,-18,43,10,46,36,28,43,5,36,-20,18,-38,-7,-38,-28,-25,-38,-2,-33,20,-18,31,5,36,25,25,33,7,33,-12,20,-25,2,-31,-15,-28,-28,-10,-28,5,-20,18,-7,25,0,0,0,0,0,0]"
1773371355.1756847,CSI_DATA,189292,98:4a:6b:31:4a:10,-62,11,-99,-34,59,1,2087018190,83,0,256,0,"[0,0,0,0,0,0,0,0,6,-45,19,-41,32,-34,41,-28,47,-15,52,-2,52,8,47,23,43,30,34,43,21,47,13,56,0,56,-13,54,-23,47,-36,43,-45,34,-52,28,-56,15,-60,4,-58,-8,-58,-21,-54,-32,-43,-47,-34,-52,-19,-60,-8,-67,6,-69,0,0,30,-58,43,-47,52,-36,56,-23,56,-10,56,0,52,10,45,21,39,30,32,34,21,39,13,41,4,43,-2,43,-13,36,-21,32,-23,28,-28,21,-30,15,-34,8,-34,0,-30,-6,-28,-10,-23,-15,-19,-21,-13,-26,-8,-26,0,-26,0,0,0,0,0,0,0,0,0,0,0,0,0,0,13,41,32,30,45,10,43,-13,32,-39,8,-52,-15,-47,-36,-34,-54,-6,-50,19,-30,45,-4,54,26,47,47,26,56,-2,45,-32,19,-52,-15,-56,-45,-39,-58,-13,-54,21,-34,52,-2,63,34,54,56,26,63,-8,47,-41,19,-60,0,0,-45,-43,-63,-10,-54,23,-30,47,2,54,28,43,45,19,47,-10,34,-32,8,-41,-15,-39,-32,-19,-39,0,-30,23,-13,39,10,36,26,26,34,6,32,-15,19,-30,2,-34,-19,-30,-30,-15,-32,2,-26,17,-10,28,6,26,17,21,0,0,0,0,0,0]"
1773371355.1827796,CSI_DATA,189293,98:4a:6b:31:4a:10,-62,11,-99,-31,59,1,2087027848,83,0,256,0,"[0,0,0,0,0,0,0,0,35,-29,39,-23,43,-9,45,1,43,11,45,23,37,35,33,41,19,53,9,53,-1,49,-3,51,-17,49,-27,45,-37,39,-43,35,-45,23,-51,17,-55,-1,-53,-7,-59,-17,-51,-29,-45,-35,-37,-43,-33,-53,-25,-59,-13,-61,0,-65,0,0,29,-57,31,-49,41,-43,47,-33,49,-23,51,-11,49,-1,49,1,47,13,39,19,33,27,33,29,23,29,13,37,7,35,0,39,-3,33,-9,35,-19,31,-23,23,-25,19,-25,13,-25,9,-27,3,-27,-1,-25,-7,-23,-9,-21,-13,0,0,0,0,0,0,0,0,0,0,0,0,0,0,-13,39,5,41,27,33,45,15,45,-11,35,-35,7,-47,-15,-47,-39,-27,-55,0,-49,23,-21,45,9,53,39,39,53,11,53,-21,35,-47,1,-53,-33,-49,-49,-19,-61,11,-37,41,-1,59,31,57,57,27,61,-7,47,-43,15,-63,0,0,-51,-35,-63,3,-51,33,-19,49,11,51,39,33,47,3,41,-23,19,-41,-11,-43,-31,-27,-39,-3,-33,17,-19,37,5,31,23,25,35,5,33,-11,15,-27,-3,-35,-19,-29,-31,-11,-27,9,-19,21,-3,29,13,25,25,13,27,-1,0,0,0,0,0,0]"
1773371355.189958,CSI_DATA,189294,98:4a:6b:31:4a:10,-62,11,-99,-39,59,1,2087037655,83,0,256,0,"[0,0,0,0,0,0,0,0,-37,-27,-30,-35,-20,-42,-10,-45,7,-47,15,-50,27,-42,37,-35,45,-25,50,-15,52,-2,52,7,50,20,45,27,37,37,27,47,20,52,7,55,-2,55,-15,57,-25,52,-35,47,-45,42,-57,30,-60,20,-65,5,-65,-10,-62,-20,0,0,-45,-42,-35,-52,-22,-57,-10,-57,2,-57,15,-52,22,-47,30,-42,35,-32,37,-22,42,-12,42,-7,40,0,40,7,35,15,30,22,25,27,17,30,12,32,5,32,-2,32,-7,30,-15,27,-20,22,-20,17,-25,10,-25,5,-27,-2,0,0,0,0,0,0,0,0,0,0,0,0,0,0,42,5,40,-15,27,-35,2,-45,-20,-45,-42,-27,-52,-5,-45,22,-25,45,2,52,32,45,52,22,55,-10,40,-37,15,-55,-17,-52,-45,-37,-57,-5,-50,27,-27,52,5,60,40,47,57,20,62,-17,42,-50,10,-65,-27,-60,-55,-35,0,0,-52,40,-25,55,10,60,40,40,52,12,47,-20,27,-42,0,-45,-27,-37,-42,-15,-40,12,-27,30,-7,40,17,35,35,17,37,-5,30,-22,10,-35,-10,-35,-27,-22,-35,-2,-30,12,-17,27,0,30,17,25,27,12,27,-2,22,-15,0,0,0,0,0,0]"
1773371355.206842,CSI_DATA,189295,98:4a:6b:31:4a:10,-62,11,-99,-40,60,1,2087047254,83,0,256,0,"[0,0,0,0,0,0,0,0,43,-13,46,-2,46,6,46,18,39,27,34,36,25,46,13,50,4,52,-4,52,-16,52,-25,46,-34,41,-41,34,-46,25,-50,18,-55,9,-55,0,-57,-11,-55,-20,-50,-29,-46,-36,-39,-46,-29,-55,-18,-62,-9,-62,4,-64,16,-66,0,0,36,-52,41,-43,48,-34,52,-25,52,-13,52,-4,50,4,48,11,43,20,39,27,32,32,23,34,18,36,11,36,6,39,0,39,-6,34,-13,32,-18,29,-23,25,-27,20,-27,13,-27,9,-27,2,-27,-2,-27,-6,-25,-11,-20,-16,0,0,0,0,0,0,0,0,0,0,0,0,0,0,-32,32,-9,43,16,43,36,29,48,4,46,-23,27,-46,-2,-50,-32,-41,-50,-20,-52,11,-36,41,-9,55,25,50,50,27,55,-6,43,-36,16,-57,-20,-55,-50,-34,-59,0,-50,36,-18,59,18,62,50,41,66,6,57,-32,29,-59,0,0,-43,-46,-59,-11,-55,23,-32,50,4,52,32,39,48,9,43,-18,25,-39,-2,-43,-27,-34,-41,-9,-36,16,-18,34,2,39,25,29,36,9,34,-11,20,-29,0,-36,-18,-29,-32,-11,-32,6,-23,23,-4,29,11,27,25,16,27,0,0,0,0,0,0,0]"
1773371355.2138567,CSI_DATA,189296,98:4a:6b:31:4a:10,-62,11,-99,-34,59,1,2087056886,83,0,256,0,"[0,0,0,0,0,0,0,0,-43,8,-45,-2,-45,-13,-41,-23,-34,-34,-23,-43,-15,-47,-2,-52,10,-52,19,-50,32,-43,39,-36,45,-28,52,-17,54,-6,54,4,52,15,50,26,43,36,39,45,28,52,17,56,6,60,-8,63,-19,63,-30,54,-41,50,-52,41,0,0,-60,15,-63,2,-60,-8,-56,-21,-47,-30,-39,-36,-28,-43,-21,-43,-10,-47,-2,-45,4,-45,13,-39,21,-36,23,-30,30,-23,34,-17,34,-10,36,-4,34,4,32,10,30,15,23,21,19,23,13,23,6,28,0,28,-4,26,-8,23,0,0,0,0,0,0,0,0,0,0,0,0,0,0,32,-28,13,-41,-8,-45,-32,-34,-45,-13,-47,13,-34,36,-10,50,15,50,39,30,52,4,45,-23,26,-45,-2,-54,-32,-43,-50,-17,-54,15,-36,43,-6,58,26,52,50,30,60,-4,50,-36,21,-58,-15,-60,-47,-41,-63,-8,-58,30,0,0,4,65,36,47,54,21,54,-13,34,-39,8,-47,-21,-43,-41,-21,-45,6,-34,30,-8,41,15,36,30,19,36,-2,30,-21,13,-36,-8,-34,-26,-23,-34,-6,-30,15,-19,28,0,32,17,26,28,10,28,-4,23,-19,8,-26,-6,-26,0,0,0,0,0,0]"
1773371355.2209716,CSI_DATA,189297,98:4a:6b:31:4a:10,-62,11,-99,-40,59,1,2087066615,83,0,256,0,"[0,0,0,0,0,0,0,0,-18,43,-28,36,-36,28,-43,18,-49,0,-49,-7,-46,-20,-38,-33,-28,-43,-20,-51,-7,-51,5,-51,15,-51,28,-41,33,-36,41,-28,51,-20,54,-7,59,5,51,18,54,31,41,38,33,49,15,59,12,67,-2,64,-12,64,-28,64,0,0,-51,36,-56,18,-62,7,-59,0,-54,-18,-43,-28,-36,-36,-28,-38,-18,-41,-5,-46,2,-43,12,-41,15,-36,20,-36,31,-20,33,-18,36,-10,36,-2,31,5,33,15,28,18,23,25,15,20,10,25,2,25,-5,23,-10,25,-15,25,0,0,0,0,0,0,0,0,0,0,0,0,0,0,-2,-43,-23,-38,-36,-20,-46,7,-38,25,-23,46,2,54,28,43,49,20,51,-5,43,-33,18,-49,-10,-56,-41,-41,-59,-10,-59,15,-38,41,-10,56,31,51,46,31,64,0,49,-36,25,-56,-12,-62,-38,-46,-59,-18,-56,18,-43,51,0,0,25,62,49,36,54,5,49,-23,20,-46,-2,-51,-33,-38,-46,-12,-41,12,-28,31,-7,41,20,36,31,20,36,-5,31,-15,12,-33,-7,-41,-23,-28,-36,-7,-31,15,-20,25,-2,33,15,28,28,18,31,0,25,-15,12,-20,-5,-25,0,0,0,0,0,0]"
1773371355.2282097,CSI_DATA,189298,98:4a:6b:31:4a:10,-58,11,-99,34,37,1,2087076430,83,0,256,0,"[0,0,0,0,0,0,0,0,19,73,3,69,-19,69,-30,69,-46,46,-61,50,-77,27,-77,7,-73,-15,-69,-23,-69,-54,-54,-58,-46,-73,-42,-69,-11,-85,3,-81,15,-77,34,-85,50,-73,54,-54,77,-58,81,-30,92,-19,96,0,92,15,100,34,88,50,69,61,0,0,42,100,19,96,3,96,-15,88,-42,77,-46,69,-54,61,-58,54,-73,23,-61,11,-69,11,-61,3,-73,-23,-58,-23,-42,-38,-42,-42,-19,-50,-15,-50,-7,-46,0,-50,15,-50,23,-58,19,-30,46,-30,30,-23,34,-15,54,0,46,3,0,0,0,0,0,0,0,0,0,0,0,0,0,0,-50,-58,-58,-30,-69,7,-50,58,-19,69,15,81,61,54,81,15,81,-27,54,-69,11,-88,-42,-73,-85,-27,-92,15,-65,61,-27,85,23,85,69,50,88,0,69,-46,38,-88,-11,-92,-69,-65,-96,-19,-92,27,-58,73,-7,100,54,96,0,0,100,-19,65,-65,27,-100,-23,-88,-65,-42,-88,0,-58,42,-30,65,19,65,54,46,69,3,54,-27,23,-50,-11,-50,-50,-38,-69,-7,-46,30,-23,50,7,54,30,46,50,11,54,-15,30,-30,15,-50,-27,-46,-42,-23,-54,3,-38,34,0,0,0,0,0,0]"
1773371355.244747,CSI_DATA,189299,98:4a:6b:31:4a:10,-62,11,-99,-37,60,1,2087086562,83,0,256,0,"[0,0,0,0,0,0,0,0,-31,-27,-23,-33,-21,-40,-10,-44,2,-50,12,-46,21,-46,27,-44,33,-33,46,-25,48,-19,57,-2,52,4,50,12,46,19,46,27,44,38,40,38,31,44,21,57,8,57,6,59,-8,61,-14,63,-27,57,-38,48,-46,42,-50,31,0,0,-61,10,-67,6,-59,-6,-57,-14,-44,-16,-40,-29,-33,-33,-27,-42,-25,-44,-14,-46,-6,-42,-2,-40,4,-40,8,-35,19,-35,21,-29,25,-27,27,-23,27,-16,29,-10,31,-6,29,2,29,8,25,10,25,14,19,19,19,21,12,21,0,0,0,0,0,0,0,0,0,0,0,0,0,0,46,10,44,-10,27,-33,2,-42,-19,-42,-42,-21,-48,4,-42,31,-19,52,14,50,38,31,54,10,42,-25,19,-44,-14,-50,-40,-38,-52,-6,-48,23,-25,48,8,61,38,40,59,8,50,-25,31,-48,-6,-63,-44,-50,-61,-16,-57,19,0,0,4,59,29,46,54,12,54,-21,31,-38,4,-50,-25,-38,-42,-16,-40,14,-23,33,8,44,25,31,35,6,33,-14,21,-35,-4,-35,-25,-27,-35,-6,-33,14,-16,31,2,33,19,25,31,10,27,-10,16,-21,0,-27,-12,-23,-23,-10,0,0,0,0,0,0]"
1773371355.2515218,CSI_DATA,189300,98:4a:6b:31:4a:10,-62,11,-99,-35,59,1,2087096189,83,0,256,0,"[0,0,0,0,0,0,0,0,6,44,-6,44,-20,40,-26,38,-35,31,-44,22,-53,13,-47,0,-49,-8,-47,-20,-40,-31,-33,-38,-24,-49,-17,-53,-8,-55,2,-53,13,-51,20,-49,33,-40,44,-40,44,-33,55,-26,58,-15,58,-4,62,8,60,24,51,33,47,51,0,0,26,55,20,60,2,58,-6,58,-17,51,-24,49,-35,38,-38,31,-42,24,-44,13,-44,4,-42,0,-38,-8,-38,-15,-31,-20,-26,-26,-24,-31,-13,-31,-6,-31,-2,-31,4,-29,11,-31,15,-26,20,-22,22,-20,22,-11,26,-8,24,-2,0,0,0,0,0,0,0,0,0,0,0,0,0,0,-26,-38,-40,-20,-44,4,-35,26,-17,44,8,47,35,35,44,13,47,-17,31,-42,4,-51,-24,-51,-49,-24,-51,4,-40,35,-13,49,15,51,47,35,58,2,49,-29,26,-49,-8,-55,-40,-44,-58,-11,-58,29,-35,53,2,64,33,49,0,0,60,-8,38,-40,8,-55,-24,-49,-44,-26,-51,2,-35,31,-13,47,15,40,35,24,42,0,33,-26,8,-38,-11,-38,-31,-24,-35,0,-29,20,-13,29,6,33,22,20,33,4,31,-13,17,-29,0,-29,-15,-22,-24,-11,-29,6,-17,17,0,0,0,0,0,0]"
1773371355.2599337,CSI_DATA,189301,98:4a:6b:31:4a:10,-62,11,-99,-32,59,1,2087108350,83,0,256,0,"[0,0,0,0,0,0,0,0,2,-43,16,-43,24,-36,32,-26,47,-18,47,-6,55,2,47,22,49,28,36,34,22,41,14,51,4,53,-6,49,-20,49,-30,41,-36,36,-47,24,-43,16,-57,0,-53,-6,-59,-22,-53,-28,-45,-41,-34,-51,-26,-57,-14,-63,0,-65,0,0,32,-53,39,-43,45,-41,47,-26,53,-12,53,2,45,12,41,22,36,28,28,34,26,36,10,41,6,39,-2,34,-12,39,-18,30,-26,28,-28,18,-34,14,-32,10,-30,2,-26,-10,-26,-12,-22,-16,-14,-20,-12,-22,-10,-24,0,-24,0,0,0,0,0,0,0,0,0,0,0,0,0,0,16,41,36,24,45,4,39,-14,28,-36,4,-47,-14,-45,-45,-22,-47,-2,-45,22,-28,45,4,55,34,45,53,18,53,-8,39,-36,18,-53,-18,-57,-36,-39,-57,-12,-49,24,-34,45,0,59,36,51,61,22,59,-12,45,-43,16,-63,0,0,-47,-34,-57,-6,-57,22,-30,43,4,55,32,41,45,18,43,-8,28,-32,4,-41,-14,-36,-36,-18,-36,2,-30,20,-14,36,10,34,26,26,34,6,28,-12,18,-26,4,-34,-16,-28,-30,-14,-32,0,-20,18,-10,26,2,26,20,24,0,0,0,0,0,0]"
1773371355.2771158,CSI_DATA,189302,98:4a:6b:31:4a:10,-62,11,-99,-36,59,1,2087121090,83,0,256,0,"[0,0,0,0,0,0,0,0,-6,46,-20,46,-32,34,-39,29,-46,16,-50,6,-50,-6,-50,-23,-50,-29,-41,-36,-32,-48,-23,-50,-6,-52,0,-55,13,-52,23,-46,32,-43,46,-36,48,-29,55,-16,52,-11,57,4,59,6,52,27,52,36,50,41,36,55,29,57,0,0,2,64,-13,57,-27,57,-32,46,-39,43,-43,32,-48,23,-48,13,-46,2,-41,-6,-43,-18,-39,-23,-32,-29,-25,-32,-13,-36,-6,-34,-2,-39,9,-34,13,-36,16,-32,18,-27,27,-23,25,-18,27,-6,25,-2,23,2,27,9,23,13,0,0,0,0,0,0,0,0,0,0,0,0,0,0,-6,-41,-29,-29,-46,-11,-41,16,-29,34,-6,50,20,46,39,27,46,2,41,-20,23,-48,-6,-52,-32,-41,-55,-13,-52,16,-34,48,-9,59,29,52,50,25,55,-2,39,-41,13,-57,-18,-62,-55,-39,-59,-6,-50,29,-27,57,13,59,0,0,66,16,57,-23,34,-48,4,-57,-27,-39,-43,-16,-46,13,-29,39,-4,48,20,41,34,18,41,-4,29,-29,9,-39,-13,-34,-29,-16,-34,0,-25,20,-11,29,6,29,23,20,34,4,27,-16,18,-23,-2,-27,-18,-25,-25,-11,-27,4,0,0,0,0,0,0]"
1773371355.3156738,CSI_DATA,189303,98:4a:6b:31:4a:10,-62,11,-99,-33,59,1,2087160541,83,0,256,0,"[0,0,0,0,0,0,0,0,-44,-14,-40,-25,-35,-35,-27,-42,-16,-46,-4,-50,8,-50,19,-48,29,-46,38,-40,46,-33,50,-23,54,-14,57,-2,54,8,52,19,50,29,46,38,40,44,31,52,21,54,10,59,0,63,-14,63,-23,63,-35,54,-44,50,-52,42,0,0,-63,16,-63,4,-61,-10,-59,-19,-50,-25,-44,-33,-35,-38,-27,-42,-19,-44,-10,-44,-2,-44,6,-42,10,-40,16,-35,23,-33,27,-27,29,-21,31,-14,33,-8,35,-2,33,4,31,10,27,12,21,16,19,21,14,23,8,25,4,25,0,0,0,0,0,0,0,0,0,0,0,0,0,0,44,-6,35,-29,14,-44,-12,-44,-35,-33,-50,-8,-48,19,-31,44,-4,52,25,46,48,23,54,-8,40,-40,12,-57,-21,-54,-46,-31,-57,2,-46,33,-16,57,19,59,48,38,61,4,54,-31,27,-59,-10,-63,-44,-44,-63,-8,-59,27,0,0,2,63,38,48,57,16,54,-19,31,-42,0,-50,-25,-40,-46,-14,-46,12,-29,35,-2,42,25,33,33,10,35,-10,23,-31,2,-40,-21,-31,-33,-14,-35,6,-23,25,-6,33,14,29,27,14,31,-2,25,-19,10,-27,-6,-29,-21,-19,0,0,0,0,0,0]"
1773371355.325074,CSI_DATA,189304,98:4a:6b:31:4a:10,-62,11,-99,-36,59,1,2087170330,83,0,256,0,"[0,0,0,0,0,0,0,0,-20,43,-27,36,-39,32,-43,23,-48,6,-46,-4,-48,-20,-43,-29,-36,-36,-27,-48,-18,-52,-4,-55,4,-50,16,-55,25,-48,39,-43,50,-34,57,-25,59,-18,62,-2,55,6,52,20,52,34,50,46,34,50,25,57,13,66,0,64,0,0,-29,59,-41,52,-50,36,-57,27,-50,20,-50,9,-50,-2,-48,-13,-48,-20,-39,-27,-27,-34,-23,-32,-16,-41,-9,-41,0,-41,6,-36,11,-29,16,-29,27,-25,27,-20,32,-11,32,-9,29,0,25,4,25,11,20,16,20,20,13,23,0,0,0,0,0,0,0,0,0,0,0,0,0,0,-2,-48,-23,-39,-43,-18,-48,6,-36,29,-13,50,11,50,34,43,48,20,52,-11,32,-41,9,-55,-23,-48,-46,-29,-59,-2,-46,29,-20,52,13,55,43,36,59,11,52,-25,29,-52,4,-62,-29,-55,-59,-27,-66,11,-46,48,-13,62,0,0,50,39,57,6,48,-36,23,-52,-4,-50,-29,-34,-46,-9,-46,16,-29,41,-2,46,29,34,39,13,39,-13,23,-32,0,-39,-20,-32,-36,-13,-36,4,-25,23,-11,32,6,32,27,18,34,4,25,-16,16,-25,0,-27,-16,-25,-27,-11,0,0,0,0,0,0]"
1773371355.3345122,CSI_DATA,189305,98:4a:6b:31:4a:10,-62,11,-99,-33,59,1,2087170591,83,0,256,0,"[0,0,0,0,0,0,0,0,44,-6,46,4,46,19,42,29,29,40,16,46,6,50,-6,57,-14,57,-25,50,-38,44,-46,29,-50,16,-54,12,-54,0,-54,-14,-52,-27,-48,-38,-38,-44,-29,-52,-19,-50,-4,-59,-2,-63,19,-63,25,-57,40,-52,50,-42,57,-35,0,0,65,-8,63,10,57,27,50,33,46,38,33,42,27,48,14,46,4,50,-6,46,-19,44,-21,38,-31,33,-33,25,-35,16,-35,10,-35,2,-35,-6,-35,-12,-33,-12,-27,-19,-21,-27,-12,-29,-2,-25,-4,-27,4,-27,10,-25,16,-21,0,0,0,0,0,0,0,0,0,0,0,0,0,0,-40,21,-21,33,2,46,31,38,42,19,50,-8,40,-33,16,-46,-8,-46,-33,-35,-52,-8,-50,16,-31,40,-2,57,25,50,48,27,57,-6,44,-40,16,-57,-14,-57,-44,-29,-57,-4,-57,27,-33,54,0,65,35,48,61,21,61,-21,0,0,8,-67,-25,-54,-50,-27,-57,6,-38,29,-14,42,16,44,38,27,50,2,42,-23,16,-38,-4,-40,-27,-27,-38,-6,-33,14,-16,31,0,35,21,27,31,12,31,-6,25,-23,4,-33,-12,-29,-21,-14,-31,0,-25,14,-12,25,2,27,0,0,0,0,0,0]"
1773371355.3436458,CSI_DATA,189306,98:4a:6b:31:4a:10,-62,11,-99,-32,59,1,2087189737,83,0,256,0,"[0,0,0,0,0,0,0,0,-41,-18,-36,-26,-32,-39,-20,-43,-16,-45,-4,-49,12,-47,20,-43,32,-34,43,-34,51,-28,47,-16,49,0,45,8,43,16,43,28,39,36,36,45,26,49,12,53,10,53,-2,51,-20,55,-30,51,-47,49,-51,36,-57,30,-61,20,0,0,-63,-8,-57,-18,-49,-28,-45,-39,-34,-43,-24,-43,-18,-49,-8,-45,0,-45,14,-39,18,-36,24,-32,32,-28,32,-20,34,-18,34,-10,34,-2,32,4,28,12,28,18,26,22,22,24,14,24,6,24,2,24,-2,22,-10,24,-12,20,0,0,0,0,0,0,0,0,0,0,0,0,0,0,43,-2,32,-24,14,-39,-14,-41,-32,-32,-49,-10,-51,14,-32,36,-8,49,18,45,43,28,53,-2,49,-36,26,-53,-4,-55,-34,-39,-51,-10,-53,22,-28,53,10,59,36,49,57,22,65,-14,41,-47,16,-61,-26,-49,-53,-26,-63,6,0,0,-16,65,16,59,43,34,55,6,41,-24,18,-45,-8,-45,-32,-32,-45,-8,-43,16,-22,34,2,39,22,28,36,4,32,-14,20,-32,-2,-39,-18,-28,-30,-12,-32,4,-24,22,-6,32,16,28,28,16,32,2,26,-14,14,-24,-4,-26,0,0,0,0,0,0]"
1773371355.351809,CSI_DATA,189307,98:4a:6b:31:4a:10,-62,11,-99,-32,59,1,2087199561,83,0,256,0,"[0,0,0,0,0,0,0,0,45,-2,45,12,43,22,39,34,26,32,14,45,2,47,-12,51,-18,47,-30,43,-43,34,-43,22,-49,8,-51,-2,-49,-12,-43,-22,-41,-34,-39,-43,-28,-55,-18,-51,-4,-55,4,-55,20,-57,32,-47,45,-45,55,-34,61,-22,63,-8,0,0,65,18,47,32,43,45,30,45,20,55,8,47,0,51,-8,45,-16,41,-26,32,-34,24,-36,16,-41,10,-41,4,-34,2,-34,-8,-28,-16,-26,-24,-18,-24,-16,-28,-10,-32,0,-32,4,-24,10,-22,14,-20,18,-18,22,-10,26,-4,0,0,0,0,0,0,0,0,0,0,0,0,0,0,-36,20,-22,34,0,43,26,39,43,22,49,-4,43,-30,22,-49,-6,-53,-32,-36,-51,-18,-51,14,-39,39,-16,57,12,57,39,39,55,8,51,-26,28,-51,-4,-57,-32,-45,-59,-16,-59,12,-41,47,-16,57,14,55,45,36,63,4,0,0,32,-57,-4,-59,-32,-45,-51,-20,-51,12,-32,36,-6,51,18,39,43,24,45,0,36,-22,16,-34,-12,-34,-30,-22,-39,-6,-34,16,-16,32,2,39,22,28,32,12,30,-6,24,-24,6,-28,-8,-28,-20,-20,-28,-8,-26,10,-18,20,0,0,0,0,0,0]"
1773371355.3697288,CSI_DATA,189308,98:4a:6b:31:4a:10,-62,11,-99,-32,59,1,2087212539,83,0,256,0,"[0,0,0,0,0,0,0,0,41,14,36,24,34,32,24,39,12,45,2,47,-10,47,-20,45,-30,39,-39,32,-47,24,-49,14,-51,6,-51,-4,-47,-16,-45,-26,-41,-34,-32,-45,-26,-51,-16,-53,-6,-55,4,-57,16,-55,28,-51,39,-49,49,-41,53,-32,59,-20,0,0,61,6,55,20,51,30,43,34,34,43,24,47,14,47,6,45,-2,47,-10,41,-16,39,-24,32,-28,28,-30,22,-34,14,-34,8,-34,0,-32,-6,-30,-12,-28,-16,-24,-20,-16,-24,-12,-26,-6,-24,-2,-26,6,-26,8,-22,14,-18,0,0,0,0,0,0,0,0,0,0,0,0,0,0,-43,6,-34,28,-14,43,12,47,34,34,49,12,51,-16,34,-41,8,-51,-22,-47,-47,-26,-53,2,-45,32,-20,53,12,55,39,39,57,10,51,-24,28,-53,-4,-59,-36,-49,-57,-20,-61,16,-43,49,-10,63,28,57,57,30,67,-6,0,0,20,-61,-16,-59,-45,-39,-55,-6,-47,24,-22,45,8,49,30,34,47,8,41,-16,22,-36,-2,-39,-26,-28,-39,-8,-34,14,-22,32,-2,39,20,32,32,14,34,-6,22,-24,8,-32,-12,-28,-26,-18,-30,0,-26,14,-12,26,2,26,0,0,0,0,0,0]"
1773371355.377849,CSI_DATA,189309,98:4a:6b:31:4a:10,-62,11,-99,-32,59,1,2087223053,83,0,256,0,"[0,0,0,0,0,0,0,0,16,-43,26,-39,36,-30,45,-18,47,-8,49,6,47,20,41,32,32,43,22,49,10,51,0,53,-12,53,-22,49,-34,43,-43,34,-51,24,-57,14,-59,0,-57,-10,-53,-22,-47,-32,-41,-45,-28,-55,-18,-59,-8,-65,6,-65,20,-63,0,0,45,-45,51,-30,57,-16,59,-6,57,6,51,16,45,26,36,32,26,39,18,41,8,43,0,43,-6,41,-14,39,-22,32,-28,26,-28,16,-32,10,-34,2,-34,-4,-32,-10,-28,-16,-20,-18,-16,-22,-10,-24,-4,-26,2,-26,8,-24,0,0,0,0,0,0,0,0,0,0,0,0,0,0,4,43,24,34,41,18,47,-6,39,-28,20,-47,-6,-49,-30,-41,-47,-18,-51,10,-36,36,-14,51,16,51,43,34,55,10,51,-20,32,-45,0,-53,-32,-49,-51,-22,-57,10,-45,41,-18,59,18,61,45,43,59,10,57,-24,34,-55,0,0,-32,-55,-55,-26,-57,6,-43,34,-14,49,16,47,39,28,47,4,41,-22,22,-39,-4,-41,-24,-30,-41,-8,-36,14,-22,28,-4,36,16,32,30,18,34,-2,26,-18,12,-32,-6,-32,-22,-22,-28,-8,-28,8,-20,20,-6,28,10,24,0,0,0,0,0,0]"
1773371355.385915,CSI_DATA,189310,98:4a:6b:31:4a:10,-62,11,-99,-35,60,1,2087232948,83,0,256,0,"[0,0,0,0,0,0,0,0,43,5,37,15,39,25,35,33,23,39,11,43,0,47,-7,47,-19,41,-27,43,-37,35,-47,21,-45,17,-51,5,-51,-1,-51,-11,-53,-21,-45,-31,-45,-39,-35,-45,-19,-49,-9,-49,-1,-61,9,-63,19,-59,31,-49,43,-49,51,-37,0,0,59,-13,61,-1,57,13,55,23,43,23,37,29,29,39,21,43,15,45,5,45,-3,39,-5,39,-13,41,-19,35,-25,31,-25,21,-27,13,-31,9,-29,3,-31,-1,-31,-7,-27,-13,-23,-19,-15,-17,-15,-25,-7,-25,-1,-25,3,-23,0,0,0,0,0,0,0,0,0,0,0,0,0,0,-41,15,-27,33,-3,45,23,39,41,23,51,-1,41,-27,25,-47,-3,-55,-29,-39,-47,-13,-53,11,-31,43,-5,53,25,53,47,27,51,-3,41,-37,7,-57,-23,-53,-47,-27,-57,5,-51,29,-23,53,9,59,43,47,61,7,61,-25,0,0,-1,-63,-31,-47,-55,-13,-51,19,-35,37,-7,47,21,41,39,21,45,-7,31,-29,3,-45,-15,-35,-33,-17,-37,7,-27,29,-1,37,17,33,33,19,39,-1,29,-21,9,-31,-9,-29,-23,-23,-27,-1,-27,11,-13,25,1,27,15,23,0,0,0,0,0,0]"
1773371355.4036794,CSI_DATA,189311,98:4a:6b:31:4a:10,-62,11,-99,-39,59,1,2087243052,83,0,256,0,"[0,0,0,0,0,0,0,0,30,35,20,42,10,45,0,47,-15,45,-27,40,-37,32,-45,22,-47,12,-52,0,-50,-12,-47,-22,-42,-32,-32,-37,-25,-47,-12,-52,-2,-55,10,-52,20,-52,30,-47,40,-40,47,-32,52,-22,60,-7,62,5,62,17,57,27,50,40,0,0,25,55,12,60,0,60,-10,57,-20,50,-30,45,-37,37,-40,27,-42,15,-45,7,-42,-2,-40,-10,-37,-15,-35,-22,-25,-27,-17,-32,-12,-32,-5,-32,2,-32,10,-32,15,-27,20,-22,25,-17,25,-10,25,-7,25,0,25,7,22,12,0,0,0,0,0,0,0,0,0,0,0,0,0,0,-37,-17,-42,5,-35,27,-17,42,10,45,32,37,47,15,50,-10,37,-35,12,-47,-17,-47,-40,-32,-52,-7,-47,22,-30,45,0,52,30,45,50,22,55,-12,40,-40,12,-57,-20,-55,-47,-37,-62,-5,-52,27,-27,55,7,62,37,50,0,0,60,-12,42,-42,12,-57,-20,-47,-42,-27,-47,0,-37,27,-17,42,12,42,30,30,40,5,37,-15,17,-35,-2,-37,-22,-27,-35,-10,-35,10,-22,27,-5,32,15,32,27,17,32,0,27,-17,12,-27,-5,-27,-17,-22,-25,-10,-25,5,0,0,0,0,0,0]"
1773371355.411405,CSI_DATA,189312,98:4a:6b:31:4a:10,-62,11,-99,-36,60,1,2087252974,83,0,256,0,"[0,0,0,0,0,0,0,0,43,10,41,20,36,28,28,36,18,43,10,47,-2,49,-12,49,-20,45,-30,41,-39,32,-45,26,-49,16,-51,8,-51,-2,-51,-12,-47,-22,-45,-30,-39,-39,-32,-45,-24,-51,-14,-55,-4,-59,8,-59,18,-59,28,-55,41,-49,47,-41,0,0,59,-22,61,-6,57,4,55,12,49,22,43,28,34,34,28,41,20,41,12,43,4,43,-2,41,-10,39,-14,34,-20,32,-24,26,-28,22,-30,16,-32,10,-32,4,-32,-2,-28,-8,-26,-12,-22,-16,-18,-20,-14,-22,-10,-24,-4,-24,0,0,0,0,0,0,0,0,0,0,0,0,0,0,-41,12,-26,30,-8,43,16,43,36,26,49,4,45,-22,24,-45,-4,-51,-30,-39,-49,-16,-51,14,-34,39,-6,53,22,49,47,24,53,-6,43,-36,12,-55,-20,-53,-47,-30,-57,0,-49,34,-20,57,16,57,45,41,61,8,55,-30,0,0,-6,-61,-36,-45,-55,-14,-51,20,-28,41,0,49,28,39,43,14,43,-14,22,-32,0,-41,-22,-30,-34,-12,-34,12,-22,30,0,36,20,28,32,12,34,-8,22,-26,6,-34,-14,-26,-26,-14,-30,2,-22,16,-10,26,6,26,20,18,0,0,0,0,0,0]"
1773371355.4217126,CSI_DATA,189313,98:4a:6b:31:4a:10,-58,11,-99,37,37,1,2087262725,83,0,256,0,"[0,0,0,0,0,0,0,0,-17,63,-28,63,-53,46,-60,24,-67,24,-74,3,-74,-14,-63,-46,-63,-53,-53,-67,-28,-67,-24,-81,3,-85,17,-85,35,-67,46,-74,63,-70,85,-46,85,-21,95,-10,92,7,85,39,85,49,78,74,67,88,39,95,24,85,3,102,0,0,-39,92,-53,78,-67,67,-85,42,-78,28,-74,14,-74,-14,-78,-21,-67,-31,-56,-42,-46,-49,-31,-60,-35,-63,-14,-56,3,-60,14,-63,14,-67,28,-42,42,-31,46,-28,49,-10,42,-10,49,0,39,3,35,17,31,35,28,35,17,39,0,0,0,0,0,0,0,0,0,0,0,0,0,0,-10,-67,-42,-60,-67,-28,-70,17,-49,56,-31,81,21,70,60,60,78,17,78,-31,42,-70,3,-78,-46,-74,-85,-35,-81,0,-63,53,-28,81,21,95,78,56,95,17,81,-39,39,-74,3,-95,-56,-85,-85,-46,-99,21,-70,74,-28,95,0,0,78,63,99,17,70,-49,42,-81,-17,-85,-49,-53,-78,-10,-63,28,-35,60,0,63,42,56,56,21,53,-3,39,-42,-3,-53,-28,-42,-53,-21,-53,7,-39,39,-14,46,10,56,49,31,53,3,46,-14,28,-49,3,-46,-28,-39,-39,-28,0,0,0,0,0,0]"
1773371355.4298496,CSI_DATA,189314,98:4a:6b:31:4a:10,-58,11,-99,34,37,1,2087272566,83,0,256,0,"[0,0,0,0,0,0,0,0,30,61,7,73,-3,65,-19,69,-38,65,-54,50,-58,42,-69,27,-73,15,-77,11,-81,-19,-73,-23,-61,-42,-61,-54,-54,-58,-38,-73,-11,-81,-15,-96,0,-88,27,-88,38,-85,58,-65,65,-69,77,-54,92,-46,92,-27,108,-7,96,7,0,0,92,50,69,61,65,69,42,69,34,65,19,88,0,77,-7,77,-19,65,-27,61,-27,65,-46,42,-54,30,-61,23,-61,11,-54,15,-50,-7,-50,-7,-50,-15,-46,-34,-42,-27,-27,-42,-27,-42,-11,-38,-7,-38,3,-34,11,-46,15,-38,0,0,0,0,0,0,0,0,0,0,0,0,0,0,-54,-54,-69,-15,-65,23,-38,58,-7,69,34,61,69,34,77,-3,61,-50,27,-85,-23,-85,-54,-58,-88,-3,-73,38,-42,81,7,81,58,65,88,19,88,-42,50,-77,-3,-85,-61,-73,-92,-27,-96,30,-50,81,0,100,50,81,96,34,0,0,73,-77,3,-88,-42,-77,-77,-46,-81,7,-58,54,-11,69,38,69,58,30,61,-15,38,-54,7,-69,-34,-46,-50,-23,-58,15,-42,42,-7,42,34,50,46,23,54,-7,34,-38,7,-50,-19,-46,-38,-19,-50,7,-30,27,-15,46,7,38,0,0,0,0,0,0]"
1773371355.436751,CSI_DATA,189315,98:4a:6b:31:4a:10,-58,11,-99,35,37,1,2087282447,83,0,256,0,"[0,0,0,0,0,0,0,0,56,41,37,60,30,56,7,67,0,78,-26,67,-48,56,-56,48,-63,30,-63,22,-75,15,-78,-7,-78,-33,-63,-45,-45,-63,-33,-67,-30,-86,-18,-97,0,-93,26,-78,41,-93,48,-75,67,-63,78,-41,90,-30,97,-22,112,-7,97,11,0,0,86,63,60,71,30,78,22,82,15,97,-3,90,-15,75,-30,71,-48,63,-45,45,-56,37,-67,26,-60,18,-60,-7,-48,-7,-56,-22,-45,-30,-33,-41,-30,-37,-15,-37,-11,-48,0,-45,7,-45,15,-41,26,-30,30,-30,33,-22,33,-15,0,0,0,0,0,0,0,0,0,0,0,0,0,0,-63,-15,-67,15,-48,60,-3,71,15,67,56,45,78,3,78,-33,45,-71,-3,-82,-37,-75,-75,-41,-86,18,-60,56,-22,78,11,82,63,56,78,7,67,-52,33,-82,0,-78,-52,-78,-75,-15,-90,30,-56,75,-11,90,41,86,101,45,0,0,78,-78,30,-90,-18,-86,-60,-45,-63,-7,-60,37,-37,71,0,67,41,56,63,3,56,-18,22,-52,-7,-71,-37,-37,-56,-11,-60,30,-37,48,-3,56,26,45,48,22,48,-7,33,-37,3,-48,-7,-33,-33,-33,-41,-11,-33,18,-30,37,0,0,0,0,0,0]"
1773371355.4441624,CSI_DATA,189316,98:4a:6b:31:4a:10,-62,11,-99,-36,60,1,2087292331,83,0,256,0,"[0,0,0,0,0,0,0,0,-32,32,-36,24,-41,16,-45,6,-47,-4,-47,-16,-43,-24,-36,-34,-28,-43,-22,-47,-12,-49,-4,-53,6,-53,14,-49,22,-49,30,-43,39,-36,47,-30,51,-20,55,-14,57,-6,57,4,57,14,55,24,53,34,45,43,39,51,28,57,0,0,6,61,-4,59,-14,57,-22,53,-30,45,-36,36,-41,30,-41,24,-43,14,-45,6,-43,-2,-41,-6,-39,-12,-36,-18,-30,-22,-26,-26,-20,-28,-14,-30,-6,-30,-4,-30,2,-32,8,-30,12,-26,16,-24,18,-18,20,-14,24,-12,24,-6,0,0,0,0,0,0,0,0,0,0,0,0,0,0,12,-39,-12,-41,-32,-28,-45,-6,-43,18,-28,41,0,49,26,41,47,20,49,-10,36,-36,10,-53,-22,-49,-45,-26,-53,4,-41,34,-14,53,18,51,47,30,57,-2,47,-34,16,-57,-18,-57,-49,-36,-61,-2,-51,36,-22,59,14,61,0,0,59,6,53,-30,24,-51,-8,-53,-39,-34,-49,-6,-41,22,-20,41,8,43,32,28,41,4,34,-20,16,-34,-10,-36,-26,-22,-36,-2,-30,18,-14,30,8,32,24,22,32,4,28,-14,14,-26,-2,-30,-18,-20,-26,-8,-28,8,-16,20,0,0,0,0,0,0]"
1773371355.4610152,CSI_DATA,189317,98:4a:6b:31:4a:10,-58,11,-99,36,37,1,2087302220,83,0,256,0,"[0,0,0,0,0,0,0,0,-10,62,-36,62,-47,54,-62,40,-65,21,-80,-3,-73,-10,-65,-32,-58,-40,-62,-54,-36,-65,-21,-83,-7,-73,-3,-76,18,-87,40,-80,51,-69,69,-51,65,-43,83,-32,94,-18,98,10,94,21,91,40,80,58,73,73,54,80,36,94,0,0,-10,102,-25,98,-36,98,-47,73,-51,69,-65,51,-73,29,-69,14,-80,3,-69,-18,-65,-21,-51,-32,-54,-43,-47,-43,-29,-51,-21,-62,-3,-51,0,-54,3,-54,21,-43,29,-40,36,-36,40,-18,51,-21,51,-7,43,0,40,10,29,29,0,0,0,0,0,0,0,0,0,0,0,0,0,0,-7,-73,-54,-58,-69,-21,-69,18,-54,58,-14,80,36,83,69,47,76,10,62,-36,36,-73,-7,-87,-51,-65,-87,-21,-87,18,-43,58,-10,87,43,73,76,40,83,-10,65,-58,29,-94,-32,-98,-69,-58,-98,-7,-87,36,-47,76,14,102,0,0,91,25,83,-29,43,-69,0,-83,-43,-69,-73,-36,-76,18,-47,58,-7,62,25,58,54,21,58,-10,32,-32,21,-47,-32,-47,-51,-21,-51,7,-40,40,-18,54,21,43,32,25,54,3,43,-29,25,-40,3,-47,-25,-40,-47,-14,-32,3,0,0,0,0,0,0]"
1773371355.4677758,CSI_DATA,189318,98:4a:6b:31:4a:10,-62,11,-99,-31,59,1,2087313175,83,0,256,0,"[0,0,0,0,0,0,0,0,-5,43,-15,39,-29,35,-37,25,-43,17,-47,3,-49,-7,-45,-21,-39,-31,-31,-41,-21,-45,-9,-51,1,-51,13,-49,23,-47,33,-41,41,-31,49,-23,53,-11,57,-1,55,9,51,19,47,33,39,45,29,53,19,57,3,61,-7,61,0,0,-33,51,-45,41,-49,29,-53,17,-51,5,-51,-5,-47,-15,-41,-21,-33,-29,-25,-35,-17,-39,-9,-39,0,-41,5,-37,15,-35,21,-29,25,-23,29,-17,31,-9,33,-1,31,3,29,9,25,13,19,19,13,21,7,23,3,25,-1,25,0,0,0,0,0,0,0,0,0,0,0,0,0,0,-13,-39,-31,-27,-41,-7,-41,13,-29,35,-7,47,17,45,37,31,49,5,45,-19,27,-41,1,-51,-25,-45,-47,-25,-51,1,-43,31,-19,49,9,53,39,39,55,11,53,-19,33,-47,5,-59,-27,-51,-53,-29,-59,5,-49,35,-21,57,0,0,41,45,55,13,51,-17,33,-41,1,-49,-21,-41,-41,-19,-45,5,-33,27,-11,39,11,39,29,23,39,1,31,-19,15,-33,-3,-35,-23,-27,-31,-9,-31,7,-21,23,-5,31,13,31,25,17,31,1,23,-11,13,-23,0,-27,-13,-21,0,0,0,0,0,0]"
1773371355.4844394,CSI_DATA,189319,98:4a:6b:31:4a:10,-58,11,-99,35,37,1,2087325220,83,0,256,0,"[0,0,0,0,0,0,0,0,-52,-52,-45,-67,-18,-82,-3,-82,26,-67,37,-75,56,-56,71,-48,78,-37,82,-15,82,0,78,18,75,33,67,60,63,63,48,78,18,86,22,86,3,97,-15,90,-37,90,-52,75,-71,71,-86,48,-90,37,-93,22,-116,-3,-108,-26,0,0,-78,-71,-75,-78,-52,-90,-22,-82,-15,-93,3,-82,22,-82,33,-71,37,-63,60,-52,56,-30,67,-33,71,-11,60,0,56,11,60,15,56,22,48,37,37,41,26,41,18,45,0,52,0,48,-15,48,-15,37,-18,33,-30,18,-48,18,0,0,0,0,0,0,0,0,0,0,0,0,0,0,60,26,60,-7,48,-45,26,-67,-22,-75,-60,-56,-67,-26,-78,33,-56,63,-11,82,45,63,75,45,86,-3,63,-60,33,-75,-18,-78,-60,-52,-90,-11,-82,41,-52,82,0,90,56,75,90,33,93,-30,60,-82,15,-93,-37,-71,-90,-33,0,0,-67,63,-26,82,30,93,71,56,90,11,63,-48,30,-75,-15,-71,-45,-48,-63,-7,-56,33,-26,48,-3,67,45,41,56,0,52,-22,26,-45,-3,-52,-33,-37,-56,-11,-60,11,-33,33,-3,45,15,45,45,18,45,0,33,-22,18,-41,0,0,0,0,0,0]"
1773371355.4912925,CSI_DATA,189320,98:4a:6b:31:4a:10,-62,11,-99,-33,59,1,2087334919,83,0,256,0,"[0,0,0,0,0,0,0,0,44,-10,44,0,44,8,42,21,33,35,27,46,16,52,2,54,-10,50,-25,44,-33,40,-46,27,-50,23,-52,6,-50,-6,-50,-12,-52,-23,-48,-33,-38,-44,-27,-50,-14,-61,-4,-61,14,-61,25,-63,38,-54,48,-42,54,-33,63,-19,0,0,63,10,61,23,52,31,44,40,31,46,12,52,4,50,-10,50,-16,48,-23,44,-25,35,-31,29,-35,21,-35,12,-38,2,-38,-4,-35,-12,-33,-16,-25,-21,-16,-25,-10,-29,-4,-29,4,-29,6,-27,12,-25,19,-21,21,-19,23,-8,0,0,0,0,0,0,0,0,0,0,0,0,0,0,-31,31,-12,44,8,40,29,31,46,14,50,-12,38,-33,12,-50,-14,-54,-44,-38,-50,-8,-50,16,-31,48,-2,50,31,44,50,25,54,-4,44,-33,19,-54,-14,-59,-42,-42,-61,-12,-52,25,-33,48,2,61,33,61,57,29,67,-4,0,0,16,-54,-10,-57,-40,-40,-52,-10,-52,19,-33,42,-4,48,19,40,38,14,40,-6,29,-33,6,-40,-14,-33,-29,-19,-38,2,-29,23,-12,33,8,38,27,27,38,6,33,-12,21,-23,6,-31,-14,-29,-25,-14,-27,2,-23,12,-12,25,0,0,0,0,0,0]"
1773371355.4984007,CSI_DATA,189321,98:4a:6b:31:4a:10,-58,11,-99,35,37,1,2087344807,83,0,256,0,"[0,0,0,0,0,0,0,0,-37,-52,-41,-63,-26,-71,0,-75,18,-71,41,-67,45,-60,60,-45,71,-33,75,-22,82,-7,82,22,78,22,75,41,63,63,48,75,41,75,30,82,0,93,0,90,-33,78,-48,78,-63,71,-75,60,-82,48,-90,22,-93,7,-108,3,0,0,-93,-52,-67,-56,-63,-71,-45,-60,-30,-78,-11,-90,3,-90,18,-67,33,-71,41,-60,48,-48,52,-45,60,-22,56,-15,60,-11,63,3,56,11,52,11,52,33,37,33,33,33,26,48,0,45,-3,48,-3,45,-15,45,-26,30,-30,26,0,0,0,0,0,0,0,0,0,0,0,0,0,0,60,30,67,-7,56,-52,30,-63,-11,-71,-48,-60,-71,-18,-71,37,-60,67,-11,90,45,71,67,37,90,-3,67,-60,18,-86,-26,-78,-67,-48,-93,3,-78,45,-37,78,7,97,63,67,97,18,90,-33,56,-78,0,-105,-56,-75,-93,-33,0,0,-75,78,-7,82,37,78,82,45,75,-15,52,-52,15,-67,-22,-67,-52,-33,-56,11,-52,45,-15,56,11,45,52,37,52,-3,48,-37,11,-48,-18,-52,-52,-33,-63,0,-45,26,-22,48,15,52,41,41,48,7,48,-7,30,-33,3,-41,0,0,0,0,0,0]"
1773371355.506498,CSI_DATA,189322,98:4a:6b:31:4a:10,-62,11,-99,-38,59,1,2087354973,83,0,256,0,"[0,0,0,0,0,0,0,0,-43,-7,-41,-19,-36,-29,-29,-36,-17,-46,-4,-48,7,-51,19,-46,31,-41,39,-34,46,-24,51,-12,53,-2,51,7,48,19,43,31,39,39,29,48,19,53,7,56,-2,56,-14,53,-26,51,-41,46,-48,39,-56,26,-63,17,-63,2,0,0,-58,-26,-48,-36,-39,-43,-29,-48,-17,-53,-4,-51,4,-51,12,-46,21,-41,29,-31,34,-26,39,-19,39,-12,39,-2,36,4,36,12,31,19,24,21,19,26,14,29,7,31,0,31,-7,29,-12,24,-14,24,-19,17,-21,12,-24,4,0,0,0,0,0,0,0,0,0,0,0,0,0,0,41,-12,29,-31,7,-43,-17,-43,-36,-29,-51,-7,-46,19,-31,41,-4,53,21,46,46,29,56,0,46,-31,21,-51,-7,-56,-36,-41,-53,-14,-53,17,-36,46,-4,58,26,51,53,31,61,-2,51,-36,24,-58,-12,-61,-43,-43,-65,-12,0,0,-36,53,-2,61,29,51,53,24,51,-7,36,-34,12,-48,-14,-43,-39,-26,-43,-2,-36,24,-14,36,7,39,26,26,39,4,34,-14,19,-29,0,-36,-19,-29,-31,-12,-34,4,-24,21,-7,29,9,29,24,19,29,4,26,-9,17,-21,0,0,0,0,0,0]"
1773371355.522925,CSI_DATA,189323,98:4a:6b:31:4a:10,-62,11,-99,-38,59,1,2087355342,83,0,256,0,"[0,0,0,0,0,0,0,0,-41,-9,-41,-19,-36,-26,-21,-34,-17,-43,0,-46,9,-48,24,-43,34,-36,41,-31,46,-21,53,-12,53,0,53,12,48,24,46,34,36,39,26,53,14,51,7,58,-9,56,-19,53,-29,51,-46,41,-51,36,-58,24,-61,12,-63,-2,0,0,-53,-31,-46,-43,-34,-51,-24,-51,-12,-51,-2,-53,9,-48,17,-43,26,-39,31,-31,34,-24,41,-14,41,-12,36,-2,39,7,31,14,29,19,19,24,17,26,9,31,4,29,-2,34,-9,29,-14,24,-19,19,-21,17,-24,7,-24,2,0,0,0,0,0,0,0,0,0,0,0,0,0,0,41,-12,29,-34,9,-43,-9,-43,-39,-29,-46,-7,-53,17,-34,39,-9,53,17,51,43,29,53,4,46,-26,26,-46,-4,-53,-31,-41,-48,-24,-51,17,-34,41,-7,58,19,51,51,34,61,4,56,-34,26,-56,-9,-61,-41,-48,-61,-17,0,0,-43,48,-4,58,24,51,48,29,51,-2,41,-29,17,-46,-9,-46,-36,-31,-43,-2,-36,21,-17,39,9,39,24,29,36,4,31,-14,24,-31,0,-34,-17,-31,-31,-17,-31,2,-26,19,-12,29,7,29,21,21,29,9,26,-7,17,-19,0,0,0,0,0,0]"
1773371355.5299768,CSI_DATA,189324,98:4a:6b:31:4a:10,-62,11,-99,-36,59,1,2087355692,83,0,256,0,"[0,0,0,0,0,0,0,0,-43,0,-43,-11,-41,-20,-34,-32,-23,-41,-13,-48,0,-50,11,-50,20,-46,34,-39,41,-29,48,-20,50,-11,50,0,52,13,48,23,43,32,36,43,27,48,16,55,4,55,-6,57,-20,57,-34,50,-43,46,-50,34,-59,25,-64,9,0,0,-59,-16,-52,-29,-43,-39,-34,-46,-23,-48,-11,-52,0,-50,9,-46,18,-43,25,-39,29,-29,34,-23,39,-16,39,-6,39,0,36,6,32,16,27,18,23,25,16,27,9,29,2,32,-4,27,-9,25,-13,23,-18,20,-20,13,-23,9,0,0,0,0,0,0,0,0,0,0,0,0,0,0,39,-20,23,-36,0,-46,-25,-39,-41,-23,-50,0,-43,27,-25,46,4,52,29,43,50,18,52,-9,41,-36,13,-52,-16,-52,-41,-36,-55,-6,-50,25,-27,52,2,57,34,48,57,20,59,-11,43,-43,13,-59,-20,-59,-52,-34,-64,-2,0,0,-29,55,4,59,34,48,55,16,50,-13,32,-36,9,-46,-18,-43,-39,-23,-43,2,-32,27,-11,39,11,36,29,23,39,0,32,-20,16,-32,-4,-36,-23,-27,-34,-11,-32,9,-23,25,-4,32,11,29,25,18,29,2,25,-11,13,-23,0,0,0,0,0,0]"
1773371355.5368218,CSI_DATA,189325,98:4a:6b:31:4a:10,-58,11,-99,36,37,1,2087356249,83,0,256,0,"[0,0,0,0,0,0,0,0,58,25,58,36,40,58,32,69,21,73,7,76,-7,73,-29,73,-40,69,-58,62,-69,58,-69,43,-69,32,-76,14,-76,-3,-87,-21,-80,-21,-73,-47,-76,-51,-62,-65,-54,-65,-36,-80,-29,-87,-7,-94,14,-87,21,-87,36,-83,62,-83,0,0,87,-51,80,-54,87,-21,91,-14,91,18,83,18,69,25,73,29,58,43,43,51,43,58,32,62,29,54,14,69,3,62,-3,58,-21,43,-21,40,-36,40,-32,32,-47,25,-43,18,-40,18,-40,10,-43,0,-43,-3,-36,-10,-40,-25,0,0,0,0,0,0,0,0,0,0,0,0,0,0,-69,7,-62,36,-29,69,18,69,54,43,80,10,73,-25,40,-69,7,-69,-32,-65,-65,-29,-73,18,-58,65,-7,83,36,80,73,29,76,-18,54,-62,10,-80,-40,-73,-83,-36,-91,18,-65,65,-21,87,43,83,83,43,94,-18,73,-76,0,0,-32,-83,-87,-43,-91,0,-58,51,-14,73,29,76,62,25,73,-10,47,-43,18,-65,-29,-51,-47,-25,-69,18,-29,40,-3,58,32,58,43,21,51,-14,29,-36,3,-51,-25,-47,-54,-18,-51,29,-29,36,0,47,29,47,43,25,43,3,0,0,0,0,0,0]"
1773371355.5535405,CSI_DATA,189326,98:4a:6b:31:4a:10,-62,11,-99,-39,59,1,2087393813,83,0,256,0,"[0,0,0,0,0,0,0,0,25,35,17,42,2,47,-7,50,-20,42,-30,40,-42,27,-47,17,-55,12,-52,-2,-55,-12,-45,-20,-37,-32,-35,-35,-30,-47,-15,-52,-2,-52,7,-57,17,-52,27,-47,32,-45,42,-35,52,-30,57,-15,60,-5,65,2,62,20,57,30,0,0,42,50,22,55,12,57,0,55,-7,60,-12,47,-25,45,-30,40,-37,30,-37,20,-42,15,-42,7,-42,-2,-42,-12,-32,-15,-30,-22,-22,-27,-17,-27,-10,-35,-7,-35,0,-32,7,-32,12,-25,17,-20,17,-17,22,-12,27,-7,27,-2,0,0,0,0,0,0,0,0,0,0,0,0,0,0,-35,-25,-37,-2,-37,22,-22,45,2,45,30,42,45,17,50,-7,32,-30,15,-47,-17,-47,-35,-32,-50,-7,-50,25,-35,45,0,52,35,45,55,20,57,-15,37,-37,7,-57,-25,-52,-52,-32,-65,2,-52,37,-20,55,15,62,50,40,0,0,60,-27,27,-52,-2,-60,-35,-42,-47,-15,-42,10,-30,37,-2,45,25,40,42,17,37,-5,30,-25,5,-37,-17,-37,-30,-15,-35,5,-27,22,-10,32,10,30,22,20,32,5,27,-15,15,-25,0,-27,-20,-25,-27,-10,-25,5,-20,17,0,0,0,0,0,0]"
1773371355.5607305,CSI_DATA,189327,98:4a:6b:31:4a:10,-62,11,-99,-39,59,1,2087394182,83,0,256,0,"[0,0,0,0,0,0,0,0,7,45,-5,45,-15,45,-25,42,-37,30,-45,25,-47,10,-50,0,-47,-7,-47,-20,-40,-32,-37,-40,-27,-42,-17,-47,-2,-50,10,-55,17,-55,27,-47,40,-42,42,-37,52,-27,55,-20,55,-10,60,7,57,20,55,30,52,45,42,50,0,0,17,62,2,62,-10,60,-20,52,-27,45,-35,37,-40,35,-45,27,-45,10,-42,0,-40,-7,-40,-15,-40,-20,-35,-25,-22,-32,-20,-32,-12,-30,-5,-35,0,-32,10,-32,15,-27,22,-25,22,-20,25,-12,25,-7,25,-2,25,2,25,7,0,0,0,0,0,0,0,0,0,0,0,0,0,0,-25,-35,-40,-17,-40,7,-32,30,-12,47,12,47,32,37,47,12,45,-20,32,-40,2,-47,-22,-45,-45,-27,-55,0,-47,30,-22,52,10,55,42,32,55,5,52,-25,27,-52,-2,-60,-32,-45,-57,-20,-55,12,-40,45,-10,60,27,55,0,0,62,-2,50,-37,20,-55,-12,-52,-37,-30,-50,-2,-42,22,-20,40,7,45,27,35,40,10,37,-12,22,-30,0,-37,-25,-25,-35,-10,-35,7,-22,27,-2,32,17,30,27,15,30,-2,25,-17,12,-30,-7,-30,-20,-20,-25,-5,-25,10,0,0,0,0,0,0]"
1773371355.568028,CSI_DATA,189328,98:4a:6b:31:4a:10,-58,11,-99,40,37,1,2087416300,83,0,256,0,"[0,0,0,0,0,0,0,0,-29,61,-55,52,-58,45,-71,19,-68,3,-78,-13,-65,-32,-61,-55,-52,-65,-45,-74,-9,-74,3,-74,16,-87,29,-78,39,-71,55,-61,65,-32,81,-35,87,-13,91,0,91,19,84,29,78,58,61,65,52,84,39,91,6,107,0,94,0,0,-48,87,-55,71,-78,65,-81,48,-78,26,-91,13,-71,-6,-71,-16,-65,-35,-52,-39,-42,-45,-32,-55,-16,-65,-16,-71,-3,-65,16,-58,22,-52,22,-48,42,-39,42,-32,52,-26,45,-6,32,3,39,13,35,13,32,19,32,39,22,39,0,0,0,0,0,0,0,0,0,0,0,0,0,0,3,-61,-26,-61,-52,-42,-65,-6,-58,39,-35,71,9,81,42,68,65,35,81,-13,65,-48,16,-81,-32,-74,-65,-52,-87,-9,-71,42,-45,71,16,87,55,78,84,26,87,-19,52,-61,-3,-91,-48,-91,-81,-42,-94,6,-74,61,-16,87,0,0,91,55,84,13,68,-42,48,-68,-13,-81,-48,-65,-71,-19,-52,22,-39,55,-3,61,35,45,61,22,48,-26,29,-55,-3,-58,-32,-52,-48,-19,-48,0,-42,26,-13,45,16,48,35,32,48,0,45,-22,19,-42,3,-45,-29,-39,-42,-13,0,0,0,0,0,0]"
1773371355.5846388,CSI_DATA,189329,98:4a:6b:31:4a:10,-62,11,-99,-35,59,1,2087428319,83,0,256,0,"[0,0,0,0,0,0,0,0,-42,20,-47,11,-49,0,-47,-11,-44,-22,-40,-31,-31,-40,-22,-47,-15,-51,-2,-55,8,-51,15,-51,26,-47,35,-42,42,-35,49,-26,51,-20,58,-8,58,2,60,11,58,22,51,29,49,38,40,47,31,55,22,62,13,67,-4,67,0,0,-29,62,-35,53,-40,44,-47,33,-49,26,-53,15,-51,6,-49,0,-47,-8,-42,-17,-38,-22,-31,-26,-26,-31,-17,-31,-13,-35,-6,-38,-2,-35,4,-33,8,-33,15,-26,20,-26,24,-20,24,-15,26,-11,26,-4,26,2,26,2,24,8,0,0,0,0,0,0,0,0,0,0,0,0,0,0,26,-33,2,-42,-20,-40,-40,-22,-47,2,-40,29,-20,47,8,49,38,35,51,11,49,-22,29,-47,0,-55,-31,-44,-51,-20,-51,13,-35,44,-4,55,29,51,53,22,58,-11,42,-44,8,-60,-29,-55,-53,-29,-64,6,-49,42,-15,62,0,0,51,35,60,0,47,-35,17,-51,-13,-49,-38,-29,-47,2,-38,26,-13,44,13,42,33,22,40,0,33,-22,11,-35,-13,-38,-31,-22,-38,0,-29,20,-11,33,11,33,26,22,33,4,29,-15,15,-29,-4,-29,-20,-20,-26,-6,-26,8,0,0,0,0,0,0]"
1773371355.591217,CSI_DATA,189330,98:4a:6b:31:4a:10,-62,11,-99,-34,59,1,2087437923,83,0,256,0,"[0,0,0,0,0,0,0,0,-39,-28,-32,-34,-23,-41,-10,-47,2,-50,13,-50,26,-45,36,-41,43,-30,52,-19,54,-8,54,2,54,13,52,23,45,32,36,41,28,50,17,56,6,58,-2,58,-13,60,-26,54,-39,50,-50,41,-56,34,-60,23,-67,10,-67,-2,0,0,-58,-32,-50,-41,-36,-50,-28,-52,-15,-56,-4,-54,4,-52,15,-47,21,-41,28,-36,32,-30,36,-23,39,-17,41,-8,39,0,39,6,34,15,30,19,23,23,19,28,13,30,6,32,0,30,-6,28,-8,26,-15,21,-19,17,-23,13,0,0,0,0,0,0,0,0,0,0,0,0,0,0,43,6,41,-17,26,-36,2,-47,-21,-41,-43,-26,-50,0,-43,28,-23,47,8,54,34,41,50,15,54,-17,34,-43,6,-56,-26,-50,-50,-28,-56,4,-45,39,-17,56,15,58,47,39,58,6,58,-30,30,-56,-6,-60,-41,-50,-63,-17,0,0,-41,50,-6,60,26,52,50,26,52,-6,36,-32,13,-47,-17,-43,-36,-23,-43,2,-34,28,-13,39,13,36,32,23,36,0,32,-19,15,-32,-6,-34,-23,-23,-34,-6,-32,13,-19,28,-2,32,15,28,28,13,30,-4,21,-17,10,-26,0,0,0,0,0,0]"
1773371355.5995853,CSI_DATA,189331,98:4a:6b:31:4a:10,-63,11,-99,-37,60,1,2087447970,83,0,256,0,"[0,0,0,0,0,0,0,0,8,44,0,46,-10,46,-21,42,-31,38,-40,31,-44,23,-50,14,-50,2,-50,-6,-50,-16,-46,-25,-42,-31,-35,-40,-25,-46,-21,-50,-10,-54,-2,-54,8,-54,16,-54,27,-50,35,-48,44,-42,52,-33,57,-27,63,-14,65,-4,65,6,0,0,57,29,48,35,42,44,29,46,23,50,12,52,4,50,-2,50,-10,46,-14,40,-21,38,-27,31,-29,27,-35,21,-33,12,-35,6,-35,2,-33,-2,-31,-8,-29,-12,-25,-16,-21,-23,-16,-23,-10,-25,-10,-25,-4,-25,2,-25,6,-25,0,0,0,0,0,0,0,0,0,0,0,0,0,0,-27,-33,-42,-12,-44,10,-31,33,-8,46,19,46,40,27,50,2,44,-27,21,-46,-12,-50,-40,-38,-52,-8,-48,23,-27,46,6,52,38,44,54,10,52,-25,29,-50,-4,-57,-38,-46,-57,-14,-59,21,-33,50,2,63,38,52,59,21,0,0,38,-48,4,-59,-31,-48,-48,-16,-48,10,-31,35,-4,46,23,38,42,14,40,-10,25,-33,0,-40,-21,-31,-35,-10,-33,14,-21,31,0,33,21,27,33,10,31,-10,21,-27,0,-31,-16,-27,-25,-12,-29,6,-21,21,-4,25,10,25,0,0,0,0,0,0]"
1773371355.6166382,CSI_DATA,189332,98:4a:6b:31:4a:10,-62,11,-99,-39,59,1,2087457775,83,0,256,0,"[0,0,0,0,0,0,0,0,27,35,17,42,7,45,-2,47,-15,45,-27,42,-35,35,-45,25,-50,15,-50,5,-52,-5,-50,-15,-47,-25,-40,-35,-32,-42,-25,-47,-15,-52,-5,-55,5,-57,15,-52,27,-50,37,-47,45,-40,55,-30,57,-20,62,-7,67,5,65,15,0,0,50,37,40,47,30,55,20,55,7,57,-2,52,-10,50,-20,42,-25,37,-30,30,-35,25,-40,17,-40,10,-40,2,-37,-5,-35,-10,-30,-17,-27,-20,-20,-25,-15,-27,-10,-30,-2,-30,0,-30,7,-27,10,-25,15,-20,20,-17,22,-12,0,0,0,0,0,0,0,0,0,0,0,0,0,0,-37,-20,-42,5,-35,27,-17,42,7,45,35,37,47,15,50,-12,35,-37,7,-50,-22,-47,-45,-27,-55,2,-42,30,-20,50,12,52,40,37,55,10,52,-25,27,-50,-5,-57,-35,-47,-57,-17,-60,17,-37,47,-5,62,30,55,57,30,0,0,47,-40,15,-57,-17,-55,-42,-32,-50,0,-40,25,-17,45,7,45,32,27,42,5,37,-20,17,-35,-7,-40,-27,-27,-35,-5,-32,17,-17,30,5,35,22,25,32,10,32,-10,20,-25,2,-30,-15,-27,-25,-15,-30,2,-22,15,-10,25,0,0,0,0,0,0]"
1773371355.6240795,CSI_DATA,189333,98:4a:6b:31:4a:10,-58,11,-99,36,37,1,2087467584,83,0,256,0,"[0,0,0,0,0,0,0,0,69,18,54,36,47,54,36,62,21,73,-3,76,-21,73,-40,62,-58,58,-73,47,-76,29,-87,10,-80,-3,-76,-32,-65,-51,-51,-65,-47,-73,-32,-87,-7,-80,0,-87,25,-83,47,-76,58,-65,76,-51,91,-40,91,-25,105,3,98,14,0,0,94,62,54,76,32,87,18,87,3,83,-21,80,-40,73,-43,62,-54,54,-58,32,-58,21,-65,3,-69,0,-69,-18,-43,-29,-47,-40,-32,-40,-25,-40,-10,-47,-10,-54,0,-47,25,-47,21,-43,32,-25,43,-21,40,-14,43,-3,40,3,0,0,0,0,0,0,0,0,0,0,0,0,0,0,-69,18,-58,43,-32,62,14,76,51,54,73,21,73,-14,62,-51,21,-73,-18,-87,-65,-58,-76,-18,-80,32,-40,73,-14,94,40,83,76,40,87,-3,80,-51,32,-80,-18,-76,-73,-76,-91,-21,-91,36,-54,73,0,94,51,94,87,25,0,0,87,-69,32,-87,-18,-91,-69,-58,-73,-14,-76,25,-32,58,0,76,40,47,62,21,69,-14,43,-43,-3,-43,-25,-51,-51,-32,-54,10,-40,40,-25,58,14,43,36,29,54,7,43,-29,21,-36,-3,-54,-21,-40,-40,-21,-51,-7,-40,14,0,0,0,0,0,0]"
1773371355.6308649,CSI_DATA,189334,98:4a:6b:31:4a:10,-63,11,-99,-35,58,1,2087477449,83,0,256,0,"[0,0,0,0,0,0,0,0,-10,-45,0,-47,12,-45,22,-40,32,-35,42,-27,47,-17,50,-7,52,5,50,15,45,27,42,35,35,40,25,47,17,50,5,52,-5,55,-15,52,-25,52,-32,45,-42,40,-50,32,-57,25,-60,10,-62,0,-65,-10,-62,-22,-55,-32,0,0,-37,-50,-22,-55,-12,-57,-2,-57,7,-55,17,-50,25,-45,30,-37,35,-32,37,-22,40,-15,40,-7,42,-2,40,7,35,12,32,17,27,22,20,25,17,27,10,30,5,30,-2,30,-5,30,-10,25,-15,20,-17,17,-22,12,-25,7,0,0,0,0,0,0,0,0,0,0,0,0,0,0,27,35,40,15,45,-10,32,-35,12,-45,-17,-50,-37,-32,-55,-7,-47,22,-27,45,2,55,32,45,52,17,55,-15,40,-40,7,-55,-22,-52,-50,-27,-60,7,-42,37,-17,57,20,57,47,40,62,2,50,-32,25,-57,-15,-62,-47,-45,0,0,-57,27,-35,50,2,60,32,45,52,15,47,-15,27,-37,0,-47,-25,-37,-40,-15,-37,12,-25,32,-2,40,22,32,35,12,37,-10,25,-27,2,-37,-17,-30,-30,-17,-32,5,-27,22,-7,30,10,30,25,17,30,2,25,-12,12,-22,0,0,0,0,0,0]"
1773371355.6391108,CSI_DATA,189335,98:4a:6b:31:4a:10,-62,11,-99,-36,58,1,2087487578,83,0,256,0,"[0,0,0,0,0,0,0,0,-46,0,-43,-10,-38,-23,-33,-28,-25,-46,-12,-49,-5,-51,10,-51,20,-46,31,-43,38,-33,51,-25,54,-10,51,0,51,10,49,20,46,28,38,41,31,43,15,59,5,56,0,59,-12,59,-25,51,-41,49,-49,38,-56,25,-59,15,0,0,-56,-7,-59,-25,-51,-36,-36,-41,-28,-43,-18,-51,-7,-49,2,-46,10,-43,20,-41,28,-33,31,-25,36,-18,36,-12,41,-2,36,7,36,10,31,18,28,20,20,23,18,28,7,28,2,31,-7,25,-10,25,-15,20,-18,18,-23,10,0,0,0,0,0,0,0,0,0,0,0,0,0,0,36,-23,23,-38,0,-46,-20,-36,-43,-25,-46,0,-43,25,-20,43,5,51,31,38,49,18,54,-15,38,-36,10,-51,-20,-49,-46,-31,-56,-5,-49,28,-25,46,2,62,31,43,59,15,59,-15,43,-49,5,-59,-25,-56,-54,-36,-56,0,0,0,-20,59,7,56,36,38,54,12,46,-15,25,-41,0,-49,-28,-38,-41,-15,-41,10,-25,31,-5,38,15,33,31,18,38,-2,25,-20,12,-33,-10,-33,-23,-20,-33,-5,-28,12,-18,28,2,33,12,25,25,12,28,-5,20,-15,7,-23,0,0,0,0,0,0]"
1773371355.6560533,CSI_DATA,189336,98:4a:6b:31:4a:10,-58,11,-99,38,37,1,2087497196,83,0,256,0,"[0,0,0,0,0,0,0,0,65,-10,79,10,65,20,58,44,48,51,44,68,27,79,3,82,-10,82,-24,72,-41,72,-51,58,-68,55,-72,27,-82,13,-82,6,-86,-10,-86,-31,-82,-41,-68,-55,-68,-79,-51,-82,-31,-93,-20,-99,6,-103,6,-93,34,-89,58,-79,0,0,89,-55,89,-51,99,-27,93,0,79,6,72,13,68,31,68,48,51,48,41,55,31,62,10,65,3,65,0,62,-17,65,-27,62,-34,48,-41,37,-41,34,-51,24,-55,10,-41,0,-41,-3,-41,-13,-31,-13,-34,-27,-31,-20,-24,-34,0,0,0,0,0,0,0,0,0,0,0,0,0,0,-58,44,-34,62,3,68,41,51,72,27,72,-6,65,-55,20,-79,-20,-75,-68,-48,-86,0,-79,41,-31,82,17,82,58,65,82,13,82,-37,55,-68,-13,-82,-48,-68,-89,-34,-93,34,-58,72,-10,103,55,93,82,37,93,-17,72,-58,0,0,-27,-82,-68,-44,-99,3,-68,48,-20,75,31,68,68,41,65,3,55,-44,20,-65,-24,-62,-51,-20,-72,-3,-48,37,-10,51,17,58,41,24,44,-3,41,-31,17,-48,-6,-51,-44,-27,-51,-3,-37,20,-10,44,-3,41,24,44,37,20,0,0,0,0,0,0]"
1773371355.662984,CSI_DATA,189337,98:4a:6b:31:4a:10,-62,11,-99,-28,58,1,2087507033,83,0,256,0,"[0,0,0,0,0,0,0,0,-43,12,-45,2,-45,-12,-41,-22,-36,-32,-26,-41,-18,-49,-4,-53,8,-51,18,-49,30,-43,36,-36,45,-28,49,-18,53,-8,53,4,53,14,51,26,45,34,36,45,26,51,18,57,6,61,-8,61,-18,59,-32,55,-43,49,-51,41,0,0,-61,12,-57,-2,-59,-14,-51,-22,-45,-32,-34,-39,-26,-43,-16,-45,-6,-45,2,-45,6,-43,18,-36,22,-34,28,-28,30,-20,34,-14,34,-6,34,0,32,6,30,12,26,16,20,22,14,22,10,24,4,26,-2,26,-6,24,-12,22,0,0,0,0,0,0,0,0,0,0,0,0,0,0,30,-30,12,-43,-10,-43,-32,-32,-45,-10,-49,14,-34,36,-12,51,20,47,43,30,51,2,45,-26,24,-49,-6,-55,-32,-43,-53,-18,-55,14,-36,43,-8,57,26,51,51,30,59,-4,49,-34,20,-57,-14,-59,-43,-41,-61,-10,-57,28,0,0,0,63,32,49,53,24,53,-10,36,-36,8,-47,-18,-41,-39,-24,-43,2,-34,26,-12,39,12,36,26,22,36,2,32,-20,14,-34,-6,-34,-24,-24,-32,-8,-32,12,-18,26,-2,32,14,26,26,14,28,-2,24,-16,10,-24,-4,-24,0,0,0,0,0,0]"
1773371355.669869,CSI_DATA,189338,98:4a:6b:31:4a:10,-62,11,-99,-39,59,1,2087517763,83,0,256,0,"[0,0,0,0,0,0,0,0,2,45,-10,45,-17,42,-27,37,-37,32,-45,22,-47,12,-50,2,-50,-7,-47,-17,-42,-27,-40,-37,-30,-42,-22,-47,-15,-50,-5,-55,5,-55,17,-52,25,-50,35,-47,40,-40,47,-35,55,-25,60,-12,62,-2,62,5,62,20,57,30,0,0,40,45,30,50,20,60,10,57,0,55,-10,52,-17,47,-22,42,-27,35,-32,27,-37,22,-37,17,-37,10,-40,2,-37,-5,-35,-10,-32,-15,-27,-20,-20,-22,-17,-27,-12,-27,-7,-30,-2,-30,2,-27,7,-25,12,-22,17,-20,20,-17,0,0,0,0,0,0,0,0,0,0,0,0,0,0,-20,-35,-37,-22,-45,2,-37,27,-17,42,10,47,35,35,47,10,47,-17,27,-42,0,-52,-30,-42,-50,-20,-52,12,-37,40,-10,52,22,50,47,25,55,-7,42,-37,12,-55,-20,-55,-47,-35,-62,-2,-50,35,-20,57,17,60,47,37,0,0,52,-30,27,-52,-7,-57,-35,-37,-50,-10,-42,20,-25,40,5,45,32,32,42,7,37,-17,17,-35,-5,-37,-25,-27,-35,-5,-32,15,-17,32,5,32,22,25,30,7,30,-10,17,-25,0,-30,-17,-25,-27,-10,-27,7,-20,17,-10,22,0,0,0,0,0,0]"
1773371355.6864092,CSI_DATA,189339,98:4a:6b:31:4a:10,-62,11,-99,-29,58,1,2087530293,83,0,256,0,"[0,0,0,0,0,0,0,0,46,6,44,16,40,27,31,35,21,46,8,50,-2,52,-16,50,-27,44,-38,38,-46,27,-52,19,-54,8,-54,-4,-52,-14,-48,-27,-44,-38,-33,-46,-27,-50,-16,-57,-2,-59,6,-59,19,-61,35,-54,42,-46,54,-38,63,-23,65,-10,0,0,65,14,57,29,48,40,40,44,27,50,14,52,4,52,-6,50,-14,46,-23,42,-27,35,-33,27,-38,21,-40,12,-40,4,-38,-4,-35,-10,-31,-16,-27,-21,-21,-25,-14,-29,-6,-31,-2,-31,6,-29,10,-27,14,-23,19,-19,23,-12,0,0,0,0,0,0,0,0,0,0,0,0,0,0,-40,16,-29,35,-6,46,19,42,38,27,50,4,46,-21,29,-44,0,-52,-27,-44,-48,-23,-54,4,-42,33,-16,52,14,52,42,38,57,8,52,-25,29,-50,-2,-59,-33,-48,-57,-21,-61,10,-46,44,-12,63,23,63,52,42,65,2,0,0,27,-54,-6,-61,-38,-44,-54,-12,-50,16,-31,38,-2,48,25,42,42,19,44,-8,29,-29,8,-42,-14,-38,-31,-21,-38,2,-29,23,-12,33,10,35,27,23,35,4,31,-14,19,-27,0,-31,-14,-27,-27,-12,-29,2,-21,16,-8,25,0,0,0,0,0,0]"
1773371355.6932793,CSI_DATA,189340,98:4a:6b:31:4a:10,-62,11,-99,-44,60,1,2087540161,83,0,256,0,"[0,0,0,0,0,0,0,0,2,46,-7,46,-15,46,-25,41,-36,33,-43,25,-51,15,-51,5,-51,-5,-51,-18,-49,-28,-41,-36,-36,-43,-25,-49,-15,-51,-7,-54,2,-56,12,-56,23,-54,31,-49,41,-43,49,-36,54,-28,62,-18,64,-7,64,5,67,18,62,25,0,0,46,43,36,51,25,56,12,59,2,56,-5,54,-15,51,-23,46,-28,38,-33,31,-38,25,-41,20,-41,12,-41,5,-38,-2,-38,-7,-33,-15,-28,-18,-25,-23,-18,-25,-15,-28,-7,-31,-2,-31,2,-28,5,-25,10,-23,18,-20,20,-18,0,0,0,0,0,0,0,0,0,0,0,0,0,0,-20,-36,-38,-18,-46,5,-36,31,-15,46,12,49,38,33,51,10,49,-20,28,-43,0,-54,-31,-43,-51,-18,-54,15,-38,41,-7,56,25,51,51,25,56,-10,41,-41,10,-56,-23,-56,-54,-33,-64,2,-49,38,-20,62,20,59,54,38,0,0,54,-33,25,-54,-10,-62,-41,-36,-51,-5,-46,23,-20,43,7,46,33,31,43,5,36,-20,18,-36,-7,-38,-28,-25,-36,-2,-33,20,-15,33,5,36,25,25,33,7,31,-12,18,-28,-2,-31,-18,-23,-28,-7,-28,7,-18,20,-5,25,0,0,0,0,0,0]"
1773371355.7018282,CSI_DATA,189341,98:4a:6b:31:4a:10,-62,11,-99,-44,60,1,2087550191,83,0,256,0,"[0,0,0,0,0,0,0,0,-31,-31,-23,-38,-12,-43,-2,-46,12,-46,23,-43,33,-38,41,-31,46,-20,51,-10,51,5,51,12,46,23,41,33,33,41,25,46,15,51,5,54,-5,56,-15,54,-28,51,-38,46,-46,38,-54,28,-59,18,-64,5,-64,-5,-59,-20,0,0,-46,-43,-38,-49,-25,-56,-10,-56,-2,-56,10,-51,18,-46,25,-43,33,-36,36,-25,41,-18,41,-10,41,-2,38,5,36,12,31,18,28,23,20,25,15,31,10,31,2,31,-5,31,-10,28,-15,25,-15,20,-20,15,-25,10,-25,5,0,0,0,0,0,0,0,0,0,0,0,0,0,0,41,12,43,-10,33,-31,10,-43,-12,-46,-38,-33,-49,-10,-49,20,-31,41,-2,54,25,46,49,25,54,-5,43,-33,18,-54,-12,-54,-41,-38,-56,-7,-54,25,-31,51,0,59,38,49,59,20,62,-15,41,-49,12,-62,-28,-59,-54,-36,0,0,-51,36,-23,56,12,59,43,38,54,10,46,-20,25,-43,-2,-46,-25,-36,-41,-10,-38,15,-23,33,-2,41,20,33,36,12,36,-10,25,-25,5,-36,-15,-31,-31,-18,-33,2,-28,18,-12,31,5,31,20,20,28,5,25,-7,18,-20,0,0,0,0,0,0]"
1773371355.718738,CSI_DATA,189342,98:4a:6b:31:4a:10,-62,11,-99,-37,60,1,2087559957,83,0,256,0,"[0,0,0,0,0,0,0,0,-23,38,-33,29,-42,21,-46,8,-48,-4,-46,-16,-42,-29,-33,-40,-23,-46,-10,-50,2,-52,14,-50,25,-46,38,-40,44,-31,48,-21,52,-8,54,2,54,16,50,27,44,38,35,46,25,54,12,59,0,63,-14,61,-27,57,-42,50,0,0,-59,27,-61,10,-61,-2,-57,-14,-48,-23,-40,-33,-29,-42,-21,-44,-12,-46,-2,-44,8,-44,16,-40,23,-33,27,-27,33,-21,35,-12,35,-4,35,2,31,10,29,16,23,23,16,25,10,27,4,27,-2,27,-8,25,-12,21,-16,19,0,0,0,0,0,0,0,0,0,0,0,0,0,0,2,-44,-19,-40,-35,-27,-46,-4,-44,21,-29,42,-4,50,23,46,42,29,54,2,48,-27,27,-46,0,-54,-29,-46,-50,-23,-54,8,-42,35,-16,57,16,57,46,40,57,8,54,-25,33,-52,2,-65,-33,-52,-59,-29,-63,6,-52,40,0,0,10,63,42,44,57,10,52,-19,31,-44,4,-50,-23,-42,-40,-21,-46,4,-33,27,-12,42,12,38,29,23,38,2,33,-19,16,-33,-2,-35,-23,-27,-33,-12,-33,8,-25,23,-6,31,10,29,25,19,29,4,27,-10,16,-23,2,-27,0,0,0,0,0,0]"
1773371355.7258666,CSI_DATA,189343,98:4a:6b:31:4a:10,-58,11,-99,32,37,1,2087569589,83,0,256,0,"[0,0,0,0,0,0,0,0,-40,-69,-24,-61,-8,-65,0,-77,24,-65,49,-65,61,-49,73,-36,73,-20,81,8,81,8,77,36,69,40,65,57,45,69,36,77,20,81,8,90,-16,90,-40,86,-36,77,-61,65,-73,61,-86,40,-90,24,-94,4,-98,-8,-102,-40,0,0,-65,-81,-40,-90,-36,-94,-20,-94,-4,-86,8,-86,28,-77,40,-61,53,-53,57,-53,61,-32,65,-20,61,0,61,0,57,8,57,28,53,32,45,36,24,45,16,45,4,45,0,61,-8,45,-16,49,-32,36,-24,28,-36,24,-49,20,0,0,0,0,0,0,0,0,0,0,0,0,0,0,57,32,69,4,53,-40,28,-65,0,-69,-49,-69,-81,-24,-73,8,-61,61,-16,86,36,81,61,57,81,-4,73,-40,40,-77,-8,-90,-61,-61,-90,-24,-90,45,-49,73,0,90,49,77,90,40,98,-20,73,-61,16,-94,-28,-86,-61,-69,0,0,-77,61,-28,98,16,77,69,61,77,8,73,-32,45,-69,-8,-73,-53,-53,-57,-12,-61,32,-36,53,-4,53,36,40,57,20,53,-16,28,-49,0,-53,-32,-45,-53,-20,-45,16,-40,40,-8,45,8,40,45,32,49,16,40,-8,24,-32,0,0,0,0,0,0]"
1773371355.7328086,CSI_DATA,189344,98:4a:6b:31:4a:10,-58,11,-99,33,37,1,2087579252,83,0,256,0,"[0,0,0,0,0,0,0,0,-39,55,-55,43,-71,27,-63,15,-75,0,-63,-23,-63,-47,-55,-63,-31,-71,-11,-79,7,-79,15,-75,31,-71,51,-59,71,-51,79,-35,83,-11,75,-3,91,27,83,31,67,67,63,67,47,75,31,95,3,107,-11,103,-39,99,-39,87,0,0,-83,43,-79,35,-95,11,-95,-11,-83,-31,-67,-39,-63,-51,-39,-55,-27,-71,-23,-67,-3,-63,19,-63,31,-59,35,-47,31,-43,51,-35,43,-19,55,-3,55,0,51,19,51,19,35,35,35,31,15,39,3,43,-7,55,-19,39,-19,27,0,0,0,0,0,0,0,0,0,0,0,0,0,0,3,-63,-19,-63,-55,-47,-75,-15,-67,31,-39,63,-11,83,31,71,71,43,75,3,71,-27,43,-75,-7,-87,-43,-71,-75,-27,-83,11,-71,55,-19,83,31,91,63,63,95,7,87,-47,47,-83,0,-99,-47,-79,-91,-35,-99,27,-79,59,0,0,39,95,63,51,95,3,71,-47,39,-59,3,-71,-47,-51,-63,-11,-71,19,-43,47,-11,59,31,51,51,35,51,-11,43,-39,11,-47,-15,-51,-39,-31,-63,-7,-55,23,-27,47,0,55,27,35,43,23,43,-11,35,-27,15,-43,-7,-55,0,0,0,0,0,0]"
1773371355.7406657,CSI_DATA,189345,98:4a:6b:31:4a:10,-62,11,-99,-33,59,1,2087589081,83,0,256,0,"[0,0,0,0,0,0,0,0,16,-42,25,-38,35,-29,40,-23,46,-12,50,0,48,12,46,23,40,33,35,40,25,48,16,50,6,54,-6,52,-14,50,-27,46,-35,44,-44,38,-50,27,-52,19,-57,10,-59,0,-57,-10,-57,-25,-50,-38,-46,-46,-38,-54,-25,-61,0,0,0,-65,10,-59,21,-54,31,-48,35,-42,42,-29,44,-23,46,-14,48,-4,44,4,40,10,40,16,35,23,29,27,21,33,16,33,10,31,2,33,-6,33,-10,31,-16,27,-16,25,-21,21,-23,14,-25,10,-25,2,-27,-2,-25,-6,0,0,0,0,0,0,0,0,0,0,0,0,0,0,4,44,25,35,42,14,46,-10,35,-33,12,-50,-14,-48,-40,-35,-52,-6,-46,23,-27,46,2,54,33,44,52,19,54,-12,38,-40,8,-57,-25,-50,-50,-27,-59,8,-46,40,-16,61,21,59,52,38,63,2,54,-33,25,-59,-10,-63,0,0,-63,-12,-57,23,-33,50,4,54,31,42,48,16,46,-14,27,-38,0,-46,-23,-35,-40,-14,-40,10,-23,27,-2,38,21,31,35,14,38,-8,25,-25,6,-35,-14,-29,-27,-16,-33,2,-25,21,-10,29,6,29,21,19,27,6,25,-10,0,0,0,0,0,0]"
1773371355.7574334,CSI_DATA,189346,98:4a:6b:31:4a:10,-62,11,-99,-34,59,1,2087598720,83,0,256,0,"[0,0,0,0,0,0,0,0,-15,41,-26,36,-34,30,-43,21,-47,10,-50,-4,-47,-17,-43,-28,-36,-36,-26,-45,-17,-50,-4,-54,8,-52,17,-52,28,-45,36,-39,45,-30,52,-21,56,-10,58,2,56,13,52,23,50,34,41,47,30,54,19,60,6,65,-8,67,0,0,-34,54,-41,43,-52,32,-56,21,-54,8,-54,-2,-47,-13,-43,-19,-36,-28,-30,-34,-21,-39,-13,-39,-6,-41,2,-39,10,-36,17,-32,21,-28,26,-21,30,-15,32,-8,32,-2,30,4,26,8,23,15,19,19,15,21,10,26,4,26,0,0,0,0,0,0,0,0,0,0,0,0,0,0,-6,-43,-28,-36,-43,-17,-45,6,-36,32,-13,50,10,52,34,39,50,13,50,-15,34,-41,8,-54,-21,-50,-47,-30,-56,-2,-50,30,-23,52,8,58,39,43,58,15,54,-19,39,-47,4,-63,-30,-58,-56,-32,-63,4,-52,39,-19,60,0,0,45,45,58,13,54,-21,32,-47,2,-52,-28,-41,-43,-17,-45,8,-32,32,-8,43,17,39,34,19,39,-2,30,-26,10,-36,-10,-34,-28,-23,-34,-4,-30,15,-17,30,0,34,19,26,30,10,30,-6,21,-19,8,-28,-8,-28,-19,-19,0,0,0,0,0,0]"
1773371355.7642431,CSI_DATA,189347,98:4a:6b:31:4a:10,-62,11,-99,-32,59,1,2087608553,83,0,256,0,"[0,0,0,0,0,0,0,0,22,-34,28,-30,41,-24,43,-12,51,-4,49,8,45,20,41,28,36,32,24,45,20,47,2,55,-6,51,-16,53,-24,49,-34,43,-41,39,-45,32,-47,24,-59,14,-53,2,-57,-6,-59,-18,-61,-24,-45,-36,-41,-45,-28,-53,-18,-57,0,0,6,-61,10,-63,24,-55,36,-45,32,-36,41,-30,45,-22,47,-12,49,-8,45,2,39,12,36,12,32,20,30,24,24,34,14,32,12,32,4,34,-2,32,-6,32,-12,26,-16,26,-22,20,-22,12,-24,10,-26,4,-26,4,-26,-2,0,0,0,0,0,0,0,0,0,0,0,0,0,0,-4,47,18,41,39,22,45,0,41,-26,20,-45,-8,-49,-34,-39,-49,-16,-51,16,-28,39,-10,57,22,45,45,24,49,-6,34,-39,10,-55,-20,-51,-45,-30,-61,0,-41,32,-18,55,16,55,41,45,65,8,59,-30,30,-57,-6,-59,0,0,-53,-12,-57,16,-30,49,4,55,28,43,45,14,43,-14,28,-34,0,-45,-24,-32,-43,-10,-39,12,-20,32,-2,36,20,32,30,10,34,-10,20,-26,4,-34,-14,-28,-28,-16,-32,6,-26,20,-6,24,8,24,22,14,28,2,22,-12,0,0,0,0,0,0]"
1773371355.772231,CSI_DATA,189348,98:4a:6b:31:4a:10,-58,11,-99,38,37,1,2087620228,83,0,256,0,"[0,0,0,0,0,0,0,0,72,-3,68,0,62,27,58,41,51,62,55,65,41,75,17,79,0,75,-24,79,-44,75,-51,75,-51,62,-72,62,-75,41,-72,31,-86,24,-86,13,-93,-6,-86,-20,-79,-27,-65,-41,-65,-48,-58,-72,-34,-93,-37,-86,-10,-113,17,-110,0,0,24,-99,34,-86,48,-75,58,-65,68,-37,72,-31,75,-27,72,-10,79,-10,68,10,62,17,55,37,48,34,41,41,44,41,34,55,34,55,3,51,0,62,-13,48,-13,41,-31,44,-31,44,-27,27,-31,24,-34,20,-37,17,-44,10,0,0,0,0,0,0,0,0,0,0,0,0,0,0,-62,34,-37,65,3,68,41,51,68,20,75,-27,44,-62,10,-62,-34,-72,-62,-44,-75,13,-68,55,-13,82,41,86,75,55,82,-6,58,-65,13,-93,-37,-79,-79,-51,-99,10,-75,65,-31,82,27,89,79,58,106,-13,68,-48,31,-110,0,0,-86,-34,-89,3,-58,65,-10,86,44,72,65,37,75,-3,48,-48,10,-65,-27,-55,-51,-10,-55,10,-48,44,-3,51,41,41,55,24,48,-27,31,-44,-6,-55,-24,-37,-44,-10,-41,20,-31,37,10,51,27,34,41,13,44,-17,31,-34,0,0,0,0,0,0]"
1773371355.7893684,CSI_DATA,189349,98:4a:6b:31:4a:10,-62,11,-99,-33,59,1,2087632863,83,0,256,0,"[0,0,0,0,0,0,0,0,-42,12,-46,2,-46,-8,-42,-19,-38,-29,-29,-38,-21,-44,-10,-50,0,-52,10,-50,23,-48,31,-44,40,-38,44,-29,48,-19,52,-10,54,0,57,10,52,19,50,31,40,38,35,46,29,52,14,61,4,63,-8,65,-16,63,-27,59,0,0,-50,42,-50,29,-57,14,-57,8,-54,-2,-50,-12,-48,-21,-42,-25,-33,-33,-27,-38,-19,-40,-10,-40,-4,-40,2,-40,10,-38,16,-35,21,-29,25,-25,29,-19,29,-14,29,-6,29,0,27,4,25,10,23,14,21,19,16,21,12,23,0,0,0,0,0,0,0,0,0,0,0,0,0,0,31,-29,10,-42,-12,-42,-33,-29,-48,-8,-46,21,-29,42,-2,52,27,46,46,23,54,-6,42,-35,14,-52,-16,-52,-44,-33,-54,-2,-50,29,-23,52,10,59,42,42,59,10,57,-25,31,-52,-2,-63,-35,-50,-61,-21,-63,16,-44,48,0,0,27,57,54,29,59,-6,42,-38,14,-50,-16,-48,-40,-27,-46,2,-35,27,-14,42,12,40,33,23,40,-2,29,-23,12,-38,-10,-35,-27,-23,-35,-2,-29,16,-14,31,4,33,23,23,31,6,29,-10,19,-25,2,-29,-14,-23,-25,-12,0,0,0,0,0,0]"
1773371355.7965488,CSI_DATA,189350,98:4a:6b:31:4a:10,-62,11,-99,-40,59,1,2087642414,83,0,256,0,"[0,0,0,0,0,0,0,0,-33,33,-38,25,-41,15,-43,0,-49,-10,-41,-23,-38,-36,-28,-41,-20,-49,-5,-54,5,-49,15,-54,25,-46,36,-38,46,-31,51,-20,54,-10,56,0,51,15,56,23,46,33,41,46,28,49,20,59,7,67,-5,64,-18,62,-31,54,0,0,-51,33,-56,25,-54,10,-62,2,-49,-12,-49,-23,-41,-31,-36,-36,-25,-41,-15,-43,-7,-46,0,-41,7,-38,15,-31,25,-31,28,-25,31,-18,33,-10,33,-5,33,2,31,10,25,15,23,20,18,23,10,23,5,25,0,25,-5,23,0,0,0,0,0,0,0,0,0,0,0,0,0,0,7,-43,-15,-41,-31,-33,-43,-12,-46,15,-33,36,-12,51,15,49,38,33,54,7,49,-20,28,-49,-2,-54,-31,-41,-51,-20,-54,10,-41,38,-18,56,18,56,49,36,59,2,56,-25,25,-54,0,-64,-43,-49,-62,-18,-62,18,-43,49,0,0,20,56,54,36,62,0,51,-28,23,-46,-7,-51,-31,-33,-43,-10,-43,15,-20,38,2,41,23,31,38,12,38,-7,23,-28,5,-38,-15,-33,-31,-18,-36,2,-28,20,-12,33,7,31,23,23,31,5,25,-12,18,-23,2,-28,-12,-25,0,0,0,0,0,0]"
1773371355.813916,CSI_DATA,189351,98:4a:6b:31:4a:10,-62,11,-99,-33,59,1,2087654705,83,0,256,0,"[0,0,0,0,0,0,0,0,33,29,27,38,16,44,8,46,-6,48,-16,46,-27,42,-38,35,-42,27,-48,19,-52,8,-54,-2,-52,-10,-48,-19,-42,-31,-35,-40,-29,-46,-21,-52,-12,-54,-2,-59,8,-57,19,-57,29,-52,42,-46,48,-42,59,-31,61,-23,65,-8,0,0,61,16,54,29,48,38,38,44,29,50,16,50,8,50,0,48,-8,46,-14,42,-21,38,-27,31,-31,29,-35,21,-35,14,-38,8,-35,0,-33,-6,-31,-12,-29,-16,-25,-21,-16,-25,-14,-27,-6,-27,-4,-27,2,-27,8,-25,12,-21,0,0,0,0,0,0,0,0,0,0,0,0,0,0,-42,-12,-42,12,-29,35,-6,46,19,44,42,27,50,2,46,-25,23,-48,-4,-54,-35,-42,-52,-14,-52,16,-33,44,-4,57,27,50,52,25,57,-8,42,-42,10,-59,-23,-54,-52,-33,-63,0,-52,40,-21,59,14,61,50,42,67,6,0,0,31,-59,-4,-61,-40,-46,-54,-12,-50,19,-29,42,0,48,27,38,46,12,42,-12,25,-33,0,-42,-21,-29,-35,-12,-35,12,-21,31,-4,35,21,31,33,12,33,-6,25,-25,6,-33,-12,-29,-25,-16,-31,0,-25,16,-10,25,4,27,0,0,0,0,0,0]"
1773371355.8215654,CSI_DATA,189352,98:4a:6b:31:4a:10,-62,11,-99,-38,59,1,2087664467,83,0,256,0,"[0,0,0,0,0,0,0,0,43,7,41,21,34,31,26,34,14,43,4,51,-4,51,-19,46,-26,36,-36,34,-46,26,-51,12,-53,4,-53,-12,-48,-19,-43,-31,-43,-39,-29,-46,-24,-51,-12,-56,4,-58,9,-53,24,-56,41,-48,48,-43,56,-24,58,-19,63,-4,0,0,56,21,48,36,46,41,34,43,19,53,9,56,-2,48,-14,46,-21,43,-31,34,-29,31,-36,21,-39,14,-39,9,-39,-2,-34,-9,-31,-12,-26,-17,-21,-21,-14,-29,-9,-29,-4,-31,4,-29,9,-29,14,-21,17,-19,21,-12,24,-9,0,0,0,0,0,0,0,0,0,0,0,0,0,0,-41,9,-29,34,-12,48,14,41,36,29,51,7,48,-17,31,-43,7,-53,-19,-46,-46,-24,-53,0,-46,34,-24,46,9,53,39,41,51,17,56,-21,29,-46,0,-58,-29,-51,-56,-26,-61,7,-48,39,-17,61,17,68,46,43,65,9,0,0,31,-51,-2,-61,-29,-53,-46,-24,-56,12,-36,36,-9,48,14,41,36,19,41,0,36,-24,12,-39,-9,-39,-26,-24,-36,-2,-29,19,-17,31,7,39,24,26,34,9,31,-9,21,-21,7,-29,-12,-29,-24,-14,-29,-2,-24,12,-14,21,0,0,0,0,0,0]"
1773371355.8289711,CSI_DATA,189353,98:4a:6b:31:4a:10,-58,11,-99,36,37,1,2087674081,83,0,256,0,"[0,0,0,0,0,0,0,0,-18,-69,-14,-73,3,-69,25,-62,40,-54,54,-51,80,-29,80,-18,80,-3,83,7,73,18,69,47,65,58,51,69,36,80,29,87,7,83,0,87,-25,87,-32,87,-58,80,-73,76,-69,51,-83,36,-102,25,-98,3,-105,-14,-91,-29,0,0,-65,-73,-69,-83,-43,-87,-25,-83,-18,-80,-7,-73,18,-87,36,-69,32,-62,51,-54,51,-43,54,-43,65,-25,69,-10,54,3,62,14,58,29,47,29,51,32,32,32,29,43,10,47,3,54,7,40,-10,43,-14,40,-21,32,-29,25,0,0,0,0,0,0,0,0,0,0,0,0,0,0,43,47,69,18,58,-21,47,-51,14,-73,-25,-65,-62,-32,-73,-3,-69,47,-36,65,14,80,54,65,76,14,76,-32,43,-73,-3,-87,-47,-65,-80,-25,-87,32,-54,80,-10,98,40,83,80,40,98,-18,54,-62,21,-94,-32,-87,-91,-40,0,0,-87,58,-18,80,32,87,65,47,80,3,62,-40,36,-69,-18,-73,-51,-36,-58,-10,-54,32,-32,43,18,62,43,32,54,7,40,-32,25,-47,-21,-47,-36,-29,-47,-7,-47,18,-25,47,3,40,32,40,47,14,43,-10,29,-36,7,-36,0,0,0,0,0,0]"
1773371355.8361335,CSI_DATA,189354,98:4a:6b:31:4a:10,-62,11,-99,-32,59,1,2087683978,83,0,256,0,"[0,0,0,0,0,0,0,0,14,43,6,45,-6,45,-18,43,-30,36,-41,30,-47,22,-51,8,-51,-2,-51,-14,-45,-24,-41,-34,-30,-43,-22,-47,-12,-51,-2,-53,10,-53,20,-51,30,-47,41,-39,47,-32,53,-24,59,-12,61,0,61,14,57,24,53,36,43,49,0,0,20,59,6,61,-4,59,-18,55,-24,49,-32,43,-41,30,-43,24,-45,14,-43,4,-45,-2,-41,-10,-39,-18,-32,-24,-24,-28,-18,-32,-12,-34,-6,-34,2,-32,8,-30,16,-28,20,-24,22,-20,26,-12,24,-8,24,-2,26,4,24,8,0,0,0,0,0,0,0,0,0,0,0,0,0,0,-30,-30,-43,-10,-43,14,-28,34,-8,45,18,45,41,28,49,4,45,-24,24,-45,-2,-51,-30,-43,-49,-20,-53,10,-41,39,-12,53,20,51,45,32,59,2,49,-30,24,-53,-8,-59,-41,-45,-61,-14,-59,22,-39,51,-4,65,30,57,0,0,59,-6,47,-39,18,-55,-14,-53,-41,-32,-49,-4,-43,24,-20,41,8,45,28,30,41,8,36,-14,20,-34,-2,-39,-22,-28,-34,-10,-34,10,-20,26,-4,32,16,28,26,16,32,-2,26,-18,12,-26,-6,-26,-18,-18,-26,-8,-26,6,0,0,0,0,0,0]"
1773371355.8527808,CSI_DATA,189355,98:4a:6b:31:4a:10,-62,11,-99,-37,60,1,2087694865,83,0,256,0,"[0,0,0,0,0,0,0,0,-44,6,-46,-4,-44,-12,-40,-25,-35,-33,-27,-42,-16,-46,-6,-52,4,-52,12,-50,23,-46,31,-42,38,-35,44,-27,48,-19,52,-10,57,-2,54,8,54,19,50,27,46,35,38,44,31,50,21,59,10,61,0,63,-8,65,-23,63,0,0,-42,48,-48,38,-52,27,-57,14,-54,8,-52,0,-48,-12,-44,-19,-40,-25,-33,-31,-29,-35,-21,-35,-14,-40,-8,-40,0,-38,6,-38,10,-33,16,-31,23,-25,25,-23,29,-16,29,-10,29,-6,27,-2,27,6,25,10,23,12,19,16,0,0,0,0,0,0,0,0,0,0,0,0,0,0,33,-23,16,-38,-6,-44,-29,-33,-46,-10,-48,16,-31,38,-6,50,21,46,44,25,52,-6,40,-33,14,-50,-16,-52,-44,-33,-54,-2,-46,29,-21,52,14,57,44,40,59,6,54,-29,29,-54,-8,-61,-42,-46,-61,-12,-59,25,-33,57,0,0,35,52,57,19,54,-16,35,-42,4,-50,-25,-42,-44,-16,-44,12,-29,33,-4,42,21,35,35,14,38,-12,23,-29,2,-35,-21,-31,-33,-12,-33,8,-23,25,-4,33,14,29,29,14,31,-6,23,-21,8,-27,-8,-25,-23,-16,-27,-2,0,0,0,0,0,0]"
1773371355.8597267,CSI_DATA,189356,98:4a:6b:31:4a:10,-58,11,-99,35,37,1,2087704637,83,0,256,0,"[0,0,0,0,0,0,0,0,-60,11,-63,11,-67,-18,-67,-30,-60,-48,-41,-60,-37,-71,-11,-78,0,-86,18,-82,37,-60,56,-67,67,-52,78,-37,78,-11,78,-3,93,7,86,30,78,48,67,67,48,78,33,78,30,86,0,101,-15,97,-41,82,-56,82,-78,82,0,0,-90,33,-101,18,-97,-3,-93,-15,-75,-37,-67,-45,-56,-56,-37,-67,-33,-63,-3,-67,3,-67,15,-60,26,-71,30,-45,48,-41,48,-30,48,-26,52,-18,63,-3,48,7,48,18,41,30,37,37,30,30,18,45,15,37,-3,45,-7,41,0,0,0,0,0,0,0,0,0,0,0,0,0,0,52,-45,18,-60,-18,-67,-48,-45,-86,-11,-71,22,-37,67,-15,75,30,78,63,37,71,7,71,-52,26,-67,-15,-86,-52,-67,-86,-18,-78,33,-48,75,-3,93,52,75,82,33,86,-7,71,-67,22,-97,-26,-101,-86,-60,-90,7,-78,37,0,0,7,93,60,60,86,30,82,-37,48,-67,3,-71,-37,-60,-67,-22,-71,11,-41,48,-15,71,33,48,45,26,52,-7,37,-37,7,-60,-22,-45,-45,-37,-56,-3,-45,22,-22,45,15,52,37,30,41,11,33,-18,26,-26,7,-45,-18,-33,0,0,0,0,0,0]"
1773371355.8666103,CSI_DATA,189357,98:4a:6b:31:4a:10,-63,11,-99,-36,60,1,2087714807,83,0,256,0,"[0,0,0,0,0,0,0,0,36,26,28,32,20,43,12,43,2,47,-8,47,-18,45,-30,43,-36,36,-45,28,-47,22,-51,10,-51,0,-53,-8,-49,-18,-45,-24,-43,-32,-36,-43,-28,-47,-20,-55,-12,-57,-4,-57,6,-59,20,-57,30,-57,41,-51,49,-41,55,-34,0,0,61,-12,61,0,59,12,53,18,49,26,41,30,34,39,26,39,20,43,12,43,2,45,-4,41,-10,39,-14,36,-20,32,-24,28,-26,22,-30,18,-32,12,-32,6,-32,2,-30,-4,-28,-10,-22,-14,-22,-18,-14,-20,-12,-24,-8,-20,0,0,0,0,0,0,0,0,0,0,0,0,0,0,-41,-6,-39,18,-24,36,0,45,24,39,45,20,49,-6,36,-32,14,-49,-16,-45,-41,-30,-53,-2,-45,30,-20,51,12,53,39,36,53,8,51,-24,24,-49,-6,-57,-39,-41,-59,-10,-55,24,-32,53,4,63,39,49,61,18,61,-20,0,0,2,-63,-32,-51,-53,-20,-55,12,-32,39,-2,49,24,39,43,16,45,-12,26,-34,2,-41,-20,-32,-36,-12,-36,12,-22,30,2,36,22,28,32,10,32,-8,20,-26,2,-30,-16,-28,-28,-10,-30,4,-20,20,-6,26,10,24,22,12,0,0,0,0,0,0]"
1773371355.8833148,CSI_DATA,189358,98:4a:6b:31:4a:10,-63,11,-99,-34,59,1,2087724703,83,0,256,0,"[0,0,0,0,0,0,0,0,-19,41,-28,36,-36,28,-41,19,-47,6,-50,-4,-47,-15,-43,-28,-36,-36,-28,-45,-19,-50,-6,-52,2,-54,13,-52,23,-47,34,-43,41,-36,47,-28,54,-19,58,-8,56,0,56,13,54,23,50,36,43,47,34,54,23,60,10,65,0,0,-15,63,-26,54,-36,47,-43,39,-47,28,-50,19,-47,8,-50,0,-45,-10,-41,-21,-36,-26,-30,-28,-23,-32,-17,-36,-8,-36,0,-36,2,-34,10,-32,15,-28,23,-26,26,-19,26,-15,28,-10,28,-2,28,2,26,10,23,13,19,17,0,0,0,0,0,0,0,0,0,0,0,0,0,0,-2,-43,-23,-34,-39,-17,-43,4,-36,28,-17,47,8,47,32,36,50,13,47,-15,32,-39,4,-52,-23,-47,-47,-26,-54,4,-41,32,-17,52,15,54,43,34,56,4,52,-28,28,-56,-8,-60,-41,-47,-58,-17,-60,19,-39,50,-4,63,0,0,54,28,58,-6,43,-39,15,-52,-17,-50,-41,-28,-47,-2,-39,26,-17,41,10,41,32,26,41,4,30,-21,15,-32,-6,-34,-26,-26,-34,-6,-32,13,-17,28,2,32,17,28,28,10,30,-8,21,-21,4,-28,-8,-26,-21,-17,-26,-2,0,0,0,0,0,0]"
1773371355.8904352,CSI_DATA,189359,98:4a:6b:31:4a:10,-62,11,-99,-40,59,1,2087736243,83,0,256,0,"[0,0,0,0,0,0,0,0,-15,-43,-7,-46,2,-49,12,-49,25,-43,36,-36,41,-31,49,-20,54,-10,56,-2,54,10,51,20,46,28,41,36,33,41,25,51,18,54,10,59,2,59,-10,59,-20,54,-28,54,-38,49,-49,41,-56,33,-62,25,-64,15,-67,2,0,0,-62,-18,-54,-31,-49,-41,-38,-43,-31,-49,-20,-51,-10,-51,-2,-49,5,-46,12,-43,18,-38,25,-36,28,-33,33,-25,33,-20,36,-12,36,-7,36,0,36,5,33,10,31,15,25,20,20,23,15,25,10,25,5,28,0,25,-5,25,0,0,0,0,0,0,0,0,0,0,0,0,0,0,31,28,43,7,43,-18,25,-38,0,-49,-28,-43,-46,-20,-51,7,-38,36,-12,49,20,49,43,31,54,0,46,-31,20,-51,-12,-54,-43,-38,-56,-2,-49,31,-23,54,12,56,46,43,62,7,59,-28,28,-56,-10,-64,-43,-46,-64,-12,0,0,-33,56,5,62,38,46,54,12,49,-18,25,-43,-2,-49,-31,-38,-46,-10,-41,18,-23,36,2,43,25,28,38,7,33,-18,15,-36,-2,-36,-23,-25,-33,-7,-31,12,-18,28,2,31,20,25,28,10,28,-10,18,-23,2,-25,-12,-23,0,0,0,0,0,0]"
1773371355.897721,CSI_DATA,189360,98:4a:6b:31:4a:10,-62,11,-99,-40,59,1,2087746022,83,0,256,0,"[0,0,0,0,0,0,0,0,25,36,15,41,7,43,-2,43,-15,49,-28,43,-36,33,-43,25,-49,15,-54,5,-51,-2,-51,-15,-46,-28,-38,-36,-31,-43,-23,-49,-15,-54,-7,-54,2,-54,18,-56,28,-51,31,-46,46,-36,54,-31,62,-18,64,-7,64,5,62,15,0,0,46,38,41,46,31,54,18,51,7,54,-2,56,-10,51,-18,46,-25,38,-31,31,-36,23,-38,15,-41,10,-41,2,-38,-5,-36,-12,-31,-15,-25,-20,-20,-25,-15,-28,-10,-31,-5,-31,2,-31,7,-28,12,-23,18,-20,20,-18,23,-12,0,0,0,0,0,0,0,0,0,0,0,0,0,0,-41,-20,-46,2,-38,25,-18,41,10,49,36,41,49,12,49,-12,33,-38,5,-51,-23,-46,-46,-31,-56,0,-43,31,-18,51,12,54,43,38,56,10,51,-25,31,-54,0,-62,-41,-49,-59,-18,-64,18,-41,54,-7,67,28,62,56,31,0,0,49,-41,20,-59,-15,-56,-43,-33,-54,-2,-43,28,-18,43,10,46,36,31,43,5,38,-20,18,-36,-5,-36,-25,-25,-36,-7,-36,15,-20,31,2,33,23,28,33,10,31,-10,20,-23,5,-31,-10,-28,-25,-12,-28,2,-23,12,-10,23,0,0,0,0,0,0]"
1773371355.914675,CSI_DATA,189361,98:4a:6b:31:4a:10,-62,11,-99,-39,59,1,2087755865,83,0,256,0,"[0,0,0,0,0,0,0,0,45,7,42,20,35,30,27,37,15,45,2,50,-12,50,-22,47,-32,40,-42,32,-47,20,-52,12,-52,-2,-52,-12,-47,-25,-42,-35,-32,-42,-22,-50,-12,-55,0,-57,10,-57,22,-55,35,-50,47,-40,52,-32,60,-20,65,-7,65,5,0,0,55,32,42,45,32,52,20,55,7,55,-2,52,-15,50,-22,42,-30,37,-35,27,-37,20,-40,12,-42,2,-40,-5,-35,-12,-32,-17,-25,-25,-20,-27,-15,-30,-7,-32,0,-32,7,-32,12,-25,17,-22,20,-17,22,-12,25,-7,25,0,0,0,0,0,0,0,0,0,0,0,0,0,0,0,-42,12,-32,30,-10,45,15,45,35,32,50,10,50,-15,35,-40,7,-52,-20,-50,-45,-32,-55,-5,-50,27,-27,50,2,55,32,45,55,20,57,-12,42,-45,10,-57,-20,-57,-50,-35,-62,-2,-57,32,-27,57,5,65,40,52,62,20,0,0,45,-47,12,-60,-22,-55,-45,-32,-52,-2,-45,25,-20,45,7,47,32,32,42,10,40,-17,25,-32,0,-42,-22,-32,-32,-12,-37,7,-27,25,-7,35,12,32,27,20,35,2,30,-15,17,-27,-2,-30,-17,-25,-27,-12,-27,5,-22,17,0,0,0,0,0,0]"
1773371355.9214625,CSI_DATA,189362,98:4a:6b:31:4a:10,-62,11,-99,-40,59,1,2087765906,83,0,256,0,"[0,0,0,0,0,0,0,0,-2,-43,10,-43,18,-43,28,-33,38,-25,49,-18,49,-10,49,5,46,15,46,23,38,33,31,38,25,49,18,49,7,56,-2,56,-10,56,-23,54,-36,46,-38,33,-51,33,-54,23,-62,12,-64,-5,-59,-10,-62,-20,-54,-28,-46,-46,0,0,-25,-62,-5,-59,-5,-64,2,-54,20,-49,25,-43,36,-38,38,-25,41,-20,41,-12,43,-12,41,0,43,2,36,12,31,15,25,25,23,25,15,28,10,31,2,31,-2,31,-7,28,-10,25,-18,23,-20,15,-23,15,-23,10,-25,5,0,0,0,0,0,0,0,0,0,0,0,0,0,0,20,38,41,23,46,-5,41,-25,15,-41,-7,-51,-33,-41,-51,-15,-54,15,-36,38,-7,54,18,46,46,31,54,-5,43,-33,18,-51,-10,-56,-43,-31,-62,-5,-49,25,-31,54,7,62,38,46,64,10,62,-23,36,-54,2,-64,-36,-59,0,0,-62,10,-36,46,-12,56,20,49,54,31,51,-2,41,-31,10,-41,-18,-36,-38,-18,-41,0,-31,31,-7,38,12,38,31,15,36,-2,31,-23,10,-36,-7,-33,-28,-20,-33,-5,-28,15,-12,25,2,31,20,20,28,10,25,-7,18,-20,0,0,0,0,0,0]"
1773371355.9283602,CSI_DATA,189363,98:4a:6b:31:4a:10,-58,11,-99,36,37,1,2087775448,83,0,256,0,"[0,0,0,0,0,0,0,0,-73,-3,-62,-18,-65,-36,-54,-51,-29,-54,-32,-73,7,-73,21,-76,21,-69,36,-62,58,-47,76,-40,91,-25,83,0,87,10,83,36,69,47,54,62,47,76,32,87,14,87,0,105,-29,87,-51,91,-69,80,-80,54,-80,43,-105,40,0,0,-102,-25,-83,-32,-76,-54,-80,-62,-47,-83,-29,-83,-3,-83,14,-76,25,-65,32,-58,43,-54,51,-43,51,-29,58,-18,58,-10,69,14,54,10,40,21,36,43,36,47,21,43,3,47,7,43,-3,43,-18,43,-21,36,-29,21,-40,14,0,0,0,0,0,0,0,0,0,0,0,0,0,0,58,-29,36,-62,7,-58,-36,-65,-58,-32,-76,-3,-76,40,-51,73,0,87,51,62,80,32,80,-25,65,-58,25,-83,-25,-83,-58,-58,-83,-10,-80,47,-51,83,10,91,62,76,87,36,98,-36,65,-69,21,-98,-36,-91,-87,-62,-98,-3,0,0,-47,76,14,102,54,76,91,25,76,-21,51,-73,7,-73,-43,-58,-65,-25,-65,14,-51,47,-10,62,25,58,51,32,69,0,54,-36,21,-51,-7,-54,-36,-32,-51,-3,-47,25,-29,36,0,40,25,36,36,29,43,-10,32,-21,18,-32,0,0,0,0,0,0]"
1773371355.9450114,CSI_DATA,189364,98:4a:6b:31:4a:10,-62,11,-99,-40,59,1,2087785375,83,0,256,0,"[0,0,0,0,0,0,0,0,18,43,7,49,-5,46,-15,43,-25,41,-36,36,-43,28,-49,18,-51,7,-51,-2,-51,-12,-49,-23,-41,-33,-36,-38,-28,-46,-20,-49,-10,-54,0,-56,10,-56,20,-54,31,-51,38,-46,46,-38,54,-31,59,-20,67,-10,64,2,64,12,0,0,51,36,41,43,36,51,23,54,12,54,2,54,-2,51,-12,49,-20,43,-25,33,-31,31,-36,23,-38,18,-38,12,-38,2,-38,-2,-36,-7,-33,-15,-28,-18,-23,-23,-18,-25,-12,-31,-7,-31,0,-28,5,-25,7,-25,12,-23,18,-20,0,0,0,0,0,0,0,0,0,0,0,0,0,0,-33,-31,-41,-5,-41,18,-25,38,-2,49,25,43,46,23,51,-5,38,-31,15,-49,-15,-51,-41,-33,-54,-5,-46,25,-25,49,7,54,38,41,54,12,54,-23,31,-49,0,-59,-36,-49,-59,-18,-62,15,-38,49,-5,64,31,59,59,25,0,0,46,-41,12,-59,-20,-56,-46,-28,-51,2,-38,31,-12,46,15,43,38,25,43,-2,33,-25,10,-38,-12,-38,-31,-23,-36,2,-28,23,-12,36,12,33,28,23,36,0,28,-18,15,-28,-2,-31,-20,-23,-28,-5,-28,10,-15,20,-2,25,0,0,0,0,0,0]"
1773371355.952228,CSI_DATA,189365,98:4a:6b:31:4a:10,-62,11,-99,-40,59,1,2087795195,83,0,256,0,"[0,0,0,0,0,0,0,0,36,25,28,33,18,41,7,49,-2,46,-15,46,-28,43,-36,38,-49,25,-49,12,-54,5,-54,-10,-54,-18,-49,-25,-41,-33,-31,-41,-20,-49,-15,-56,-2,-56,10,-56,23,-54,31,-49,46,-43,54,-31,56,-23,62,-12,64,2,64,15,0,0,49,41,38,46,28,54,15,56,5,56,-5,54,-15,49,-25,43,-31,33,-36,31,-38,23,-41,12,-41,2,-41,-5,-38,-7,-31,-18,-31,-20,-23,-23,-15,-31,-7,-31,-2,-31,2,-33,10,-31,15,-25,15,-20,20,-15,25,-10,25,-5,0,0,0,0,0,0,0,0,0,0,0,0,0,0,-41,-5,-38,18,-25,36,-2,46,18,43,41,31,49,2,43,-25,28,-46,-5,-49,-31,-43,-49,-15,-51,12,-36,38,-10,51,20,49,43,33,59,2,51,-33,23,-54,-10,-59,-41,-46,-59,-18,-59,18,-36,51,-2,64,33,56,59,28,0,0,49,-41,18,-56,-15,-56,-43,-36,-51,-5,-43,23,-23,41,5,49,28,36,41,7,36,-15,20,-33,-2,-38,-23,-28,-36,-12,-38,10,-23,25,-2,33,15,31,28,18,33,0,28,-18,12,-28,-5,-28,-20,-20,-28,-7,-25,7,-18,20,0,0,0,0,0,0]"
1773371355.9599612,CSI_DATA,189366,98:4a:6b:31:4a:10,-63,11,-99,-34,59,1,2087795545,83,0,256,0,"[0,0,0,0,0,0,0,0,41,13,39,23,32,34,23,41,13,47,0,50,-10,47,-23,47,-32,41,-39,32,-47,21,-54,10,-54,0,-54,-10,-50,-21,-45,-32,-36,-41,-30,-47,-19,-52,-8,-60,4,-58,15,-56,26,-56,36,-50,47,-41,56,-28,63,-17,65,-6,0,0,60,19,56,30,47,41,34,45,23,50,13,50,2,52,-10,50,-15,45,-23,39,-28,32,-34,23,-36,19,-39,8,-39,2,-36,-6,-34,-13,-30,-17,-26,-21,-19,-26,-13,-28,-6,-32,0,-30,6,-28,10,-26,15,-21,19,-17,23,-13,0,0,0,0,0,0,0,0,0,0,0,0,0,0,-43,8,-32,30,-13,43,10,43,34,34,47,10,47,-15,32,-39,6,-52,-19,-45,-43,-30,-56,0,-47,28,-21,47,6,54,36,39,54,15,54,-17,36,-45,4,-60,-28,-52,-54,-28,-60,6,-50,39,-17,60,17,63,47,43,65,10,0,0,30,-52,-2,-60,-34,-47,-52,-17,-52,10,-34,39,-6,47,19,43,41,19,43,-4,32,-28,10,-39,-13,-36,-28,-21,-39,0,-30,21,-15,32,6,34,23,23,34,6,32,-10,19,-26,2,-30,-13,-26,-23,-13,-28,2,-21,15,-8,23,0,0,0,0,0,0]"
1773371355.967442,CSI_DATA,189367,98:4a:6b:31:4a:10,-58,11,-99,36,37,1,2087815065,83,0,256,0,"[0,0,0,0,0,0,0,0,51,-43,65,-36,76,-10,65,0,83,25,73,47,58,51,36,76,14,76,-7,87,-18,76,-36,83,-32,76,-54,62,-65,40,-80,32,-80,14,-91,-3,-94,-21,-87,-40,-69,-43,-58,-65,-43,-65,-29,-87,-21,-94,-3,-102,10,-98,40,-94,0,0,83,-73,87,-43,83,-25,83,-10,87,10,76,18,69,36,76,47,43,58,25,51,36,65,7,62,14,65,-3,58,-18,69,-25,51,-29,47,-54,25,-54,21,-62,0,-58,-3,-51,-18,-43,-25,-18,-14,-32,-36,-21,-43,-14,-32,0,-43,0,0,0,0,0,0,0,0,0,0,0,0,0,0,-21,58,10,65,32,54,54,40,73,-10,58,-51,14,-76,-14,-83,-51,-54,-65,-14,-65,29,-36,62,-7,83,43,73,76,40,83,-7,62,-65,14,-76,-18,-83,-73,-51,-102,0,-87,54,-36,80,3,94,54,62,91,29,87,-32,80,-73,0,0,-40,-76,-76,-40,-98,14,-65,40,-18,80,25,69,62,36,73,3,65,-40,25,-58,-10,-65,-43,-43,-58,10,-51,25,-21,51,14,62,32,40,54,25,54,-14,43,-40,0,-47,-32,-36,-43,-18,-47,0,-36,29,-14,40,3,43,36,21,0,0,0,0,0,0]"
1773371355.9837441,CSI_DATA,189368,98:4a:6b:31:4a:10,-62,11,-99,-31,59,1,2087825043,83,0,256,0,"[0,0,0,0,0,0,0,0,-31,-31,-19,-39,-9,-45,3,-45,15,-45,29,-41,35,-33,45,-21,47,-9,51,1,49,11,47,23,37,33,27,41,17,45,5,51,-5,57,-13,51,-25,47,-33,45,-43,33,-53,23,-55,11,-63,3,-61,-15,-57,-27,-51,-39,-39,-49,0,0,-11,-61,-1,-61,13,-57,25,-49,33,-41,39,-31,43,-21,47,-11,47,0,41,7,39,19,35,23,27,27,21,33,13,35,3,33,0,35,-11,33,-15,25,-19,23,-25,17,-27,11,-27,5,-27,0,-23,-5,-23,-13,-19,-15,-15,-19,0,0,0,0,0,0,0,0,0,0,0,0,0,0,39,13,43,-5,33,-25,15,-39,-7,-47,-33,-39,-45,-15,-51,11,-39,35,-13,49,13,49,41,35,53,9,51,-19,33,-45,1,-55,-27,-49,-47,-25,-57,0,-43,37,-21,53,11,59,45,43,61,17,57,-19,41,-49,7,-61,-23,-57,0,0,-61,1,-51,29,-25,53,7,53,35,43,49,13,45,-13,29,-35,3,-45,-19,-37,-33,-19,-39,1,-29,23,-11,35,11,35,27,21,35,3,29,-15,17,-31,1,-33,-17,-25,-29,-13,-29,3,-25,17,-7,25,5,27,17,19,25,9,0,0,0,0,0,0]"
1773371355.9902916,CSI_DATA,189369,98:4a:6b:31:4a:10,-62,11,-99,-33,59,1,2087837761,83,0,256,0,"[0,0,0,0,0,0,0,0,4,46,-6,46,-19,44,-27,40,-38,31,-44,23,-52,10,-52,-2,-50,-12,-48,-23,-42,-35,-33,-42,-25,-48,-14,-52,-2,-57,8,-57,19,-52,29,-50,40,-44,46,-35,54,-25,57,-16,63,-4,65,10,63,23,57,33,48,46,38,54,0,0,12,65,-2,63,-12,59,-23,57,-33,46,-40,38,-44,29,-46,19,-48,8,-46,-2,-44,-8,-42,-14,-35,-21,-31,-27,-23,-31,-16,-35,-10,-35,-2,-33,4,-33,10,-31,16,-27,21,-23,25,-19,27,-12,27,-6,27,0,27,4,23,10,0,0,0,0,0,0,0,0,0,0,0,0,0,0,-25,-38,-40,-19,-46,6,-38,29,-16,46,8,50,35,40,48,14,50,-14,35,-40,8,-54,-21,-50,-46,-29,-54,0,-46,29,-21,52,10,54,42,42,59,8,54,-23,33,-50,0,-61,-35,-52,-59,-25,-63,12,-46,46,-12,65,25,61,0,0,63,2,52,-33,23,-54,-10,-57,-38,-38,-48,-12,-46,19,-25,40,4,44,27,35,40,10,40,-12,23,-33,0,-40,-21,-29,-35,-12,-38,8,-23,25,-6,33,14,31,27,19,35,0,27,-16,12,-27,-4,-27,-19,-21,-27,-10,-25,6,0,0,0,0,0,0]"
1773371356.0071833,CSI_DATA,189370,98:4a:6b:31:4a:10,-62,11,-99,-40,59,1,2087847532,83,0,256,0,"[0,0,0,0,0,0,0,0,-41,-18,-36,-31,-25,-38,-15,-43,-2,-49,10,-49,23,-43,33,-38,43,-28,49,-20,51,-5,54,5,49,18,46,28,38,38,31,46,18,51,5,54,-5,56,-18,54,-28,51,-38,43,-49,36,-59,23,-62,10,-62,-2,-62,-18,-59,-31,0,0,-36,-51,-23,-56,-10,-62,5,-56,18,-54,25,-46,33,-38,38,-31,43,-20,43,-10,46,-2,41,7,38,15,36,23,25,28,20,33,12,33,5,33,-2,33,-10,31,-15,28,-23,23,-23,18,-28,10,-25,5,-25,-2,-25,-7,-20,-15,0,0,0,0,0,0,0,0,0,0,0,0,0,0,43,0,36,-23,20,-41,-2,-49,-25,-41,-46,-23,-51,2,-43,31,-23,49,5,51,33,43,51,18,54,-12,41,-38,15,-54,-15,-54,-43,-38,-56,-7,-54,31,-31,51,0,62,36,49,56,25,64,-10,49,-41,18,-62,-18,-62,-49,-43,0,0,-59,25,-36,51,-5,59,31,49,46,25,49,-5,36,-33,12,-46,-15,-43,-33,-28,-41,-5,-36,20,-18,36,5,38,23,28,36,10,36,-7,23,-25,5,-36,-15,-33,-28,-18,-33,-2,-28,15,-15,25,2,31,18,25,25,12,28,-2,0,0,0,0,0,0]"
1773371356.0139844,CSI_DATA,189371,98:4a:6b:31:4a:10,-62,11,-99,-35,59,1,2087859479,83,0,256,0,"[0,0,0,0,0,0,0,0,-22,38,-33,31,-40,22,-44,13,-47,2,-49,-11,-44,-22,-40,-33,-31,-40,-20,-47,-8,-51,0,-53,8,-51,22,-49,29,-42,38,-38,47,-29,51,-20,55,-8,55,0,55,11,53,24,49,33,42,44,33,53,24,58,11,64,0,67,0,0,-29,60,-38,49,-44,40,-49,29,-51,17,-51,6,-51,-2,-47,-11,-44,-22,-38,-26,-31,-31,-24,-33,-17,-38,-8,-40,0,-38,8,-38,11,-35,17,-29,24,-24,26,-17,31,-13,31,-6,31,-2,29,4,26,8,22,15,17,17,13,22,0,0,0,0,0,0,0,0,0,0,0,0,0,0,4,-42,-20,-40,-35,-22,-44,0,-40,24,-22,44,2,49,29,42,49,20,51,-8,38,-35,13,-51,-17,-51,-42,-33,-53,-2,-47,26,-24,49,8,55,40,42,55,13,55,-20,35,-47,2,-58,-29,-53,-55,-26,-62,8,-49,44,-15,62,0,0,49,35,58,2,51,-31,24,-49,-6,-51,-35,-35,-47,-11,-42,17,-22,35,0,42,24,33,38,11,38,-8,24,-31,0,-35,-20,-31,-33,-15,-35,4,-26,22,-6,31,11,31,26,20,31,0,26,-13,13,-26,-2,-29,-17,-22,-24,-8,0,0,0,0,0,0]"
1773371356.0210686,CSI_DATA,189372,98:4a:6b:31:4a:10,-62,11,-99,-38,60,1,2087869380,83,0,256,0,"[0,0,0,0,0,0,0,0,-41,-10,-41,-19,-39,-30,-30,-36,-19,-41,-13,-47,-2,-50,10,-47,15,-45,28,-45,36,-36,41,-34,43,-23,47,-17,47,-2,56,6,54,13,47,21,47,32,41,39,36,41,28,45,19,50,6,60,-4,60,-8,60,-23,67,-26,58,0,0,-50,41,-54,26,-58,21,-52,10,-56,-2,-45,-8,-45,-15,-45,-17,-41,-28,-30,-30,-21,-32,-15,-43,-10,-41,-6,-43,2,-39,6,-41,10,-34,15,-28,21,-26,28,-21,32,-17,32,-10,30,-8,26,-2,26,4,26,10,23,10,19,17,0,0,0,0,0,0,0,0,0,0,0,0,0,0,39,-10,28,-30,8,-43,-17,-39,-41,-23,-47,2,-41,26,-21,43,10,45,34,36,50,10,47,-17,30,-45,0,-52,-30,-47,-54,-17,-54,15,-30,45,0,54,36,45,56,21,58,-13,39,-43,4,-63,-28,-52,-56,-21,-56,8,-47,47,0,0,30,56,52,30,60,-8,39,-39,8,-45,-26,-43,-43,-23,-43,4,-30,32,-8,41,15,34,32,21,39,-6,28,-26,0,-36,-19,-30,-32,-15,-32,4,-23,21,-6,32,10,28,26,15,30,-4,23,-19,8,-28,-8,-28,-21,-15,-23,-2,0,0,0,0,0,0]"
1773371356.0378873,CSI_DATA,189373,98:4a:6b:31:4a:10,-62,11,-99,-33,59,1,2087879118,83,0,256,0,"[0,0,0,0,0,0,0,0,-46,0,-44,-10,-42,-21,-35,-29,-27,-38,-19,-44,0,-46,10,-48,16,-48,27,-50,38,-38,40,-33,46,-25,50,-10,52,2,50,14,50,23,50,33,44,44,40,42,29,48,16,54,6,59,-10,59,-21,65,-33,59,-42,50,-50,42,0,0,-57,19,-59,0,-57,-12,-59,-21,-48,-31,-46,-33,-33,-38,-25,-40,-14,-42,-6,-46,2,-44,8,-40,16,-40,21,-38,27,-29,31,-23,29,-14,31,-6,35,0,35,2,31,10,29,14,23,16,19,21,10,25,6,25,0,27,-6,27,0,0,0,0,0,0,0,0,0,0,0,0,0,0,40,-16,21,-33,0,-42,-25,-40,-44,-19,-50,4,-44,31,-21,44,6,50,33,35,52,8,46,-19,27,-46,0,-54,-29,-50,-50,-25,-52,8,-40,33,-8,54,23,50,50,29,63,-6,48,-33,23,-59,-10,-59,-40,-40,-59,-4,-54,33,0,0,2,65,38,52,54,21,54,-10,29,-35,6,-48,-27,-40,-42,-16,-46,8,-31,33,-10,42,14,35,35,16,38,-8,23,-27,4,-38,-12,-35,-27,-21,-35,0,-29,16,-12,31,8,31,25,19,31,4,29,-12,19,-21,2,-27,-10,-21,0,0,0,0,0,0]"
1773371356.0451648,CSI_DATA,189374,98:4a:6b:31:4a:10,-58,11,-99,38,37,1,2087889052,83,0,256,0,"[0,0,0,0,0,0,0,0,-62,27,-68,13,-79,3,-75,-17,-62,-20,-51,-51,-31,-75,-24,-72,0,-79,13,-75,37,-79,58,-62,68,-51,75,-37,75,-24,86,-3,86,20,89,31,68,44,65,62,44,82,31,89,17,99,-3,103,-31,93,-55,82,-72,65,-82,58,0,0,-110,10,-86,-3,-89,-31,-93,-37,-72,-44,-44,-65,-27,-68,-17,-72,-3,-72,17,-72,34,-62,31,-55,48,-48,51,-37,58,-20,68,-6,58,10,51,6,51,20,48,44,34,37,24,41,17,44,6,41,-3,51,-6,44,-17,34,-27,24,0,0,0,0,0,0,0,0,0,0,0,0,0,0,34,-58,3,-65,-31,-62,-62,-41,-65,0,-72,34,-37,62,3,79,37,65,68,37,79,-10,65,-51,31,-82,-24,-86,-68,-65,-86,-17,-86,20,-62,65,3,93,44,82,79,48,89,-10,86,-48,37,-96,-17,-93,-62,-79,-99,-13,-79,20,0,0,-10,106,37,68,79,44,75,3,68,-48,24,-75,-20,-75,-51,-44,-68,-3,-68,34,-31,58,3,58,48,51,62,20,55,-17,34,-41,6,-55,-31,-55,-51,-27,-48,0,-41,27,-17,51,3,48,31,41,41,17,44,-13,31,-34,10,-44,0,0,0,0,0,0]"
1773371356.052115,CSI_DATA,189375,98:4a:6b:31:4a:10,-62,11,-99,-35,59,1,2087899164,83,0,256,0,"[0,0,0,0,0,0,0,0,-29,35,-38,26,-44,17,-44,6,-49,-2,-47,-15,-44,-24,-38,-35,-29,-44,-20,-49,-8,-51,2,-53,11,-51,20,-49,29,-44,35,-38,44,-31,51,-22,53,-13,58,0,55,8,55,15,53,26,47,38,40,49,31,55,22,62,6,67,0,0,-17,60,-26,53,-38,47,-44,38,-47,29,-51,17,-49,8,-49,0,-47,-6,-42,-17,-38,-22,-31,-24,-26,-29,-20,-33,-13,-38,-4,-38,0,-35,6,-35,13,-31,17,-29,22,-24,24,-17,26,-13,29,-6,26,-2,26,4,26,6,24,13,0,0,0,0,0,0,0,0,0,0,0,0,0,0,8,-42,-15,-40,-33,-26,-42,-4,-42,20,-26,42,-2,49,26,42,44,22,49,-6,38,-35,13,-51,-17,-51,-42,-31,-53,-4,-47,29,-24,51,11,58,40,40,58,11,51,-24,31,-53,-4,-60,-38,-51,-58,-20,-62,15,-42,49,-6,62,0,0,55,29,58,-6,42,-38,13,-53,-17,-47,-42,-29,-47,2,-35,29,-13,42,11,42,33,24,40,0,33,-24,13,-38,-8,-35,-26,-24,-35,-4,-31,17,-15,31,4,33,22,26,31,6,31,-11,17,-24,2,-26,-13,-24,-24,-13,-26,4,0,0,0,0,0,0]"
1773371356.060582,CSI_DATA,189376,98:4a:6b:31:4a:10,-62,11,-99,-32,59,1,2087908931,83,0,256,0,"[0,0,0,0,0,0,0,0,12,43,2,45,-10,47,-22,43,-30,34,-41,28,-47,14,-49,4,-49,-10,-45,-20,-45,-30,-30,-39,-26,-45,-14,-51,-4,-55,8,-55,20,-55,26,-47,41,-41,43,-34,53,-28,57,-8,59,0,63,14,55,26,49,39,45,45,32,59,0,0,2,65,-8,59,-20,53,-32,49,-39,39,-45,26,-45,18,-49,10,-47,-4,-45,-10,-39,-16,-34,-20,-30,-26,-22,-32,-16,-32,-10,-36,2,-34,8,-32,16,-30,22,-28,26,-18,26,-16,28,-8,28,-2,28,4,26,10,22,12,16,18,0,0,0,0,0,0,0,0,0,0,0,0,0,0,-30,-32,-41,-12,-41,12,-32,34,-8,45,14,49,36,30,53,10,47,-18,32,-41,4,-51,-20,-45,-47,-24,-53,2,-45,28,-18,47,14,51,36,41,57,10,49,-22,34,-53,2,-59,-32,-51,-53,-26,-63,6,-49,41,-18,61,18,63,0,0,59,14,55,-28,32,-51,-2,-53,-30,-43,-47,-20,-47,8,-30,32,-6,41,18,41,36,22,41,-2,26,-24,10,-39,-14,-32,-32,-22,-34,0,-32,16,-16,32,4,30,20,28,30,10,28,-4,22,-20,8,-26,-8,-24,-22,-20,-28,-4,0,0,0,0,0,0]"
1773371356.077339,CSI_DATA,189377,98:4a:6b:31:4a:10,-62,11,-99,-37,60,1,2087918713,83,0,256,0,"[0,0,0,0,0,0,0,0,-29,-31,-23,-40,-14,-44,-4,-46,8,-46,19,-44,29,-40,40,-33,46,-25,50,-16,52,-6,52,4,50,12,48,21,42,31,35,40,29,48,21,52,12,54,2,57,-8,59,-19,52,-29,52,-40,44,-48,40,-54,31,-61,23,-65,12,0,0,-61,-14,-54,-25,-50,-35,-40,-40,-33,-46,-23,-50,-14,-48,-4,-48,4,-46,12,-40,19,-40,23,-33,29,-31,31,-23,33,-19,35,-10,35,-4,35,2,31,8,31,12,27,19,21,23,16,23,12,25,8,27,2,25,-4,25,-8,23,0,0,0,0,0,0,0,0,0,0,0,0,0,0,40,14,40,-10,31,-31,10,-44,-16,-42,-40,-31,-50,-6,-46,23,-25,44,4,50,31,40,50,14,50,-14,35,-42,6,-52,-25,-48,-50,-25,-54,8,-42,42,-10,57,23,52,52,31,61,-2,50,-38,19,-59,-19,-59,-48,-40,-63,-4,0,0,-27,59,6,61,42,44,52,10,48,-19,25,-42,-4,-46,-31,-33,-46,-10,-40,19,-21,35,2,40,23,29,35,8,33,-16,21,-33,-2,-35,-23,-27,-33,-8,-31,8,-21,25,-2,33,16,25,27,12,29,-4,23,-19,8,-25,-8,-25,0,0,0,0,0,0]"
1773371356.0845807,CSI_DATA,189378,98:4a:6b:31:4a:10,-62,11,-99,-32,59,1,2087929998,83,0,256,0,"[0,0,0,0,0,0,0,0,-24,-36,-14,-43,-4,-45,8,-47,20,-43,30,-39,41,-30,47,-18,49,-8,51,4,51,16,45,26,39,34,32,43,22,49,10,51,0,53,-10,55,-22,51,-30,47,-41,41,-49,30,-55,20,-61,8,-63,-4,-61,-16,-59,-30,-49,-43,0,0,-26,-59,-14,-59,-2,-61,10,-55,20,-51,30,-43,36,-36,41,-26,45,-16,45,-8,43,0,43,8,39,14,32,22,26,26,20,30,14,34,6,34,-2,32,-8,30,-14,28,-20,26,-24,20,-26,14,-24,8,-26,2,-28,-4,-24,-10,0,0,0,0,0,0,0,0,0,0,0,0,0,0,36,20,43,0,36,-24,18,-39,-2,-47,-28,-39,-43,-20,-49,6,-39,30,-16,47,12,49,36,34,51,10,49,-20,32,-43,4,-53,-28,-47,-49,-24,-57,8,-41,39,-16,55,18,55,45,39,61,6,55,-28,30,-53,-4,-61,-36,-51,0,0,-61,12,-41,41,-10,57,22,51,43,28,51,-2,41,-26,16,-43,-12,-45,-30,-28,-41,-4,-34,18,-18,34,4,39,24,26,34,10,34,-10,22,-28,2,-34,-16,-28,-26,-16,-32,0,-26,18,-12,28,6,28,18,20,26,8,24,-6,0,0,0,0,0,0]"
1773371356.0917122,CSI_DATA,189379,98:4a:6b:31:4a:10,-62,11,-99,-36,60,1,2087940100,83,0,256,0,"[0,0,0,0,0,0,0,0,28,32,20,39,12,45,2,47,-10,45,-20,45,-30,39,-36,32,-45,24,-49,16,-51,6,-51,-4,-51,-14,-47,-22,-41,-30,-34,-39,-28,-45,-20,-51,-10,-55,-2,-57,6,-55,16,-55,28,-51,39,-47,49,-41,55,-30,61,-22,63,-12,0,0,61,10,55,26,51,32,43,39,30,45,22,49,14,49,6,45,-2,47,-10,43,-16,41,-22,34,-26,32,-30,26,-32,18,-36,14,-36,4,-32,0,-32,-6,-30,-10,-28,-16,-24,-20,-18,-22,-12,-24,-8,-26,-2,-24,2,-26,8,-24,0,0,0,0,0,0,0,0,0,0,0,0,0,0,-39,-16,-41,8,-32,28,-12,45,14,45,39,32,51,6,45,-20,26,-45,-2,-51,-30,-43,-49,-16,-53,14,-34,41,-6,55,26,49,49,26,57,-8,41,-41,12,-57,-22,-55,-49,-32,-61,2,-49,39,-18,61,18,59,51,39,65,2,0,0,28,-57,-10,-61,-41,-43,-53,-8,-47,22,-26,43,8,49,30,36,45,8,41,-18,20,-36,-4,-39,-26,-28,-39,-6,-32,18,-16,34,2,36,24,26,32,8,32,-12,18,-28,0,-32,-16,-24,-26,-12,-30,6,-22,20,-8,26,10,24,0,0,0,0,0,0]"
1773371356.1083083,CSI_DATA,189380,98:4a:6b:31:4a:10,-58,11,-99,35,37,1,2087949681,83,0,256,0,"[0,0,0,0,0,0,0,0,52,-56,60,-37,75,-18,75,-11,78,18,78,33,56,48,41,67,33,75,22,82,0,78,-18,82,-37,67,-48,63,-63,60,-63,45,-78,18,-101,3,-90,-11,-82,-15,-78,-45,-71,-52,-52,-71,-48,-78,-18,-97,-11,-97,11,-97,45,-90,0,0,75,-82,78,-60,93,-30,90,-15,90,7,75,18,78,41,60,45,60,41,37,56,18,71,7,67,15,67,-3,67,-22,60,-26,56,-37,37,-48,33,-56,26,-45,7,-56,3,-52,-7,-37,-15,-33,-18,-33,-33,-26,-37,-11,-45,0,-41,0,0,0,0,0,0,0,0,0,0,0,0,0,0,-22,56,7,63,33,48,67,26,67,-18,52,-60,18,-78,-18,-78,-60,-56,-75,-11,-75,41,-41,75,0,86,41,67,78,30,86,-18,67,-63,22,-82,-48,-82,-75,-41,-90,3,-86,52,-41,93,15,101,78,63,93,18,90,-33,63,-93,0,0,-45,-78,-90,-41,-105,11,-63,52,-15,71,18,82,67,41,75,7,52,-41,33,-63,-7,-56,-45,-41,-63,-15,-52,26,-22,56,11,63,33,45,52,15,56,-22,37,-41,3,-56,-30,-45,-45,-22,-52,7,-33,26,-3,45,11,37,26,33,0,0,0,0,0,0]"
1773371356.1152217,CSI_DATA,189381,98:4a:6b:31:4a:10,-62,11,-99,-34,59,1,2087959641,83,0,256,0,"[0,0,0,0,0,0,0,0,-43,13,-41,6,-45,-6,-47,-17,-36,-26,-34,-36,-19,-41,-17,-50,-6,-50,2,-52,15,-52,21,-47,28,-39,39,-41,43,-32,47,-21,54,-13,56,-2,60,6,52,15,50,23,43,32,43,41,34,52,30,56,19,58,8,65,-4,63,0,0,-28,58,-36,47,-47,39,-50,28,-45,23,-47,15,-47,6,-47,-2,-50,-13,-45,-17,-34,-26,-34,-23,-26,-32,-19,-36,-10,-34,-4,-39,0,-32,4,-36,13,-32,15,-28,19,-26,23,-21,26,-17,23,-10,30,-8,26,0,28,4,26,8,0,0,0,0,0,0,0,0,0,0,0,0,0,0,28,-30,15,-41,-15,-43,-41,-28,-45,-4,-45,23,-19,45,0,50,30,43,47,17,52,-15,32,-41,4,-52,-26,-50,-50,-26,-58,8,-41,41,-8,56,30,54,47,28,56,-6,41,-43,15,-58,-21,-60,-47,-36,-63,0,-54,41,-19,63,0,0,50,41,60,2,50,-34,19,-54,-8,-50,-32,-32,-47,-4,-41,23,-21,45,6,43,34,26,41,6,32,-21,15,-39,-8,-34,-30,-23,-36,2,-32,17,-13,32,4,34,23,21,34,4,28,-13,13,-26,-2,-30,-19,-23,-26,-8,-26,8,0,0,0,0,0,0]"
1773371356.1219869,CSI_DATA,189382,98:4a:6b:31:4a:10,-62,11,-99,-40,59,1,2087969472,83,0,256,0,"[0,0,0,0,0,0,0,0,23,38,15,43,5,46,-7,46,-20,43,-31,38,-41,28,-46,20,-51,7,-54,0,-51,-12,-49,-23,-43,-31,-36,-38,-25,-46,-18,-51,-7,-56,2,-54,15,-56,23,-51,33,-46,41,-38,51,-33,59,-23,62,-10,67,2,67,12,62,28,0,0,41,49,31,51,20,59,7,56,-2,56,-12,54,-23,46,-28,41,-33,31,-38,23,-41,18,-43,10,-41,2,-41,-7,-36,-12,-33,-20,-28,-23,-20,-28,-15,-31,-7,-31,-2,-33,5,-33,10,-28,12,-25,18,-20,20,-18,23,-12,25,-5,0,0,0,0,0,0,0,0,0,0,0,0,0,0,-36,-23,-43,0,-38,23,-20,43,5,46,31,41,46,20,54,-7,38,-36,12,-49,-18,-49,-41,-33,-54,-2,-49,25,-28,49,5,56,36,43,54,18,56,-18,36,-46,5,-59,-31,-54,-56,-28,-67,7,-46,41,-15,62,23,64,54,41,0,0,56,-31,25,-56,-10,-62,-36,-38,-51,-12,-46,15,-28,43,0,49,31,38,41,15,41,-12,28,-31,2,-38,-23,-33,-36,-12,-38,7,-25,25,-5,36,15,33,28,18,36,0,28,-18,12,-28,-5,-31,-20,-20,-28,-7,-28,7,-18,20,0,0,0,0,0,0]"
1773371356.1387231,CSI_DATA,189383,98:4a:6b:31:4a:10,-62,11,-99,-36,60,1,2087979427,83,0,256,0,"[0,0,0,0,0,0,0,0,-39,22,-43,14,-45,2,-49,-4,-45,-18,-43,-24,-39,-34,-24,-41,-18,-45,-12,-51,-2,-53,6,-53,14,-51,22,-45,34,-39,41,-34,47,-28,51,-20,55,-10,53,-4,57,6,53,12,53,18,51,36,47,43,36,49,32,59,20,61,0,0,2,63,-14,61,-20,53,-28,51,-39,39,-39,32,-41,28,-45,20,-45,8,-45,0,-39,-4,-41,-14,-41,-18,-34,-22,-26,-26,-26,-30,-18,-32,-10,-28,-8,-28,-2,-34,6,-34,10,-30,12,-30,16,-22,20,-18,20,-14,24,-10,24,-2,0,0,0,0,0,0,0,0,0,0,0,0,0,0,22,-34,0,-41,-24,-32,-36,-18,-45,12,-34,30,-10,47,12,45,43,26,49,2,43,-28,18,-45,-12,-51,-39,-36,-55,-10,-47,24,-26,47,10,51,41,36,55,8,53,-28,32,-53,-4,-57,-45,-45,-59,-12,-55,24,-30,51,6,63,0,0,57,18,55,-24,30,-45,-4,-53,-30,-36,-51,-12,-45,16,-26,36,4,43,28,32,36,8,36,-12,20,-30,-4,-39,-26,-22,-34,-4,-32,16,-16,26,6,30,24,26,30,8,32,-12,16,-24,0,-32,-18,-22,-24,-10,-26,8,-16,16,0,0,0,0,0,0]"
1773371356.1453578,CSI_DATA,189384,98:4a:6b:31:4a:10,-62,11,-99,-33,59,1,2087989936,83,0,256,0,"[0,0,0,0,0,0,0,0,23,-38,31,-31,38,-23,44,-14,48,-2,48,10,46,21,40,31,31,40,25,46,12,50,4,52,-6,52,-16,50,-25,48,-33,42,-42,35,-50,27,-54,19,-57,6,-59,-4,-57,-14,-54,-25,-48,-38,-44,-46,-33,-52,-23,-61,-10,-65,0,0,16,-63,25,-57,33,-48,44,-38,48,-29,48,-21,50,-10,50,-2,48,10,44,16,38,23,33,27,27,31,21,33,12,35,6,38,0,35,-8,33,-14,31,-19,27,-25,23,-27,19,-27,12,-27,6,-27,0,-25,-4,-25,-10,-21,-14,0,0,0,0,0,0,0,0,0,0,0,0,0,0,-2,42,21,40,38,23,44,0,40,-25,23,-44,-6,-50,-31,-40,-48,-16,-48,12,-33,38,-8,52,21,48,46,27,54,-2,44,-33,19,-52,-12,-52,-44,-35,-57,-6,-52,27,-27,54,6,61,40,46,59,16,61,-19,38,-52,4,-63,0,0,-57,-27,-61,10,-42,40,-10,52,21,50,42,27,50,-2,38,-27,12,-42,-12,-42,-33,-25,-40,0,-31,25,-12,38,8,35,29,25,38,4,31,-16,14,-31,-2,-33,-21,-25,-33,-10,-31,10,-19,25,-2,29,12,25,23,14,27,0,0,0,0,0,0,0]"
1773371356.1517994,CSI_DATA,189385,98:4a:6b:31:4a:10,-62,11,-99,-33,59,1,2087999540,83,0,256,0,"[0,0,0,0,0,0,0,0,-6,-44,6,-46,19,-44,27,-38,38,-29,46,-19,48,-8,52,4,48,19,42,29,35,38,27,46,16,50,6,52,-4,52,-16,50,-27,48,-40,42,-46,31,-52,23,-57,12,-59,2,-59,-12,-57,-27,-50,-38,-42,-46,-31,-54,-19,-63,0,0,10,-65,23,-57,33,-48,42,-40,46,-29,48,-19,50,-8,48,2,46,12,42,21,35,27,29,31,21,35,14,38,4,38,-4,38,-10,35,-16,31,-23,25,-27,21,-31,12,-31,8,-29,2,-27,-4,-25,-10,-21,-16,-19,-19,-12,-23,0,0,0,0,0,0,0,0,0,0,0,0,0,0,25,35,40,19,42,-4,38,-27,19,-42,-6,-48,-29,-38,-46,-16,-48,10,-38,33,-12,50,16,50,40,35,52,6,50,-23,29,-46,0,-57,-31,-46,-52,-23,-57,10,-42,40,-14,59,21,57,48,38,63,8,57,-31,33,-54,-4,-63,0,0,-59,-23,-59,10,-44,42,-10,54,19,48,40,29,48,0,40,-25,16,-40,-6,-42,-31,-29,-40,-6,-35,16,-19,33,2,38,23,29,33,12,33,-6,23,-23,6,-31,-12,-31,-27,-19,-33,-2,-27,14,-14,25,0,27,14,23,25,10,0,0,0,0,0,0]"
1773371356.1686583,CSI_DATA,189386,98:4a:6b:31:4a:10,-63,11,-99,-39,59,1,2088010514,83,0,256,0,"[0,0,0,0,0,0,0,0,-32,-30,-25,-37,-15,-45,-5,-47,7,-47,20,-45,27,-40,37,-35,45,-27,50,-15,52,-5,52,5,50,12,47,22,40,32,35,40,27,47,20,52,10,57,2,57,-10,57,-20,55,-32,50,-42,45,-50,37,-57,30,-62,17,-65,5,0,0,-60,-17,-52,-30,-45,-42,-35,-45,-27,-50,-15,-52,-7,-50,2,-47,10,-47,17,-42,22,-37,30,-30,35,-25,35,-17,37,-12,37,-5,35,2,35,7,32,15,27,20,22,22,17,27,10,27,5,27,2,27,-5,27,-10,25,-15,22,0,0,0,0,0,0,0,0,0,0,0,0,0,0,40,12,40,-12,30,-32,7,-47,-17,-42,-40,-30,-50,-5,-45,25,-25,45,2,50,32,40,50,15,52,-15,35,-42,7,-55,-25,-47,-50,-27,-55,7,-42,40,-12,55,20,55,50,35,60,2,52,-35,25,-55,-12,-60,-45,-42,-65,-10,0,0,-32,55,2,60,37,47,52,15,50,-15,30,-40,0,-47,-25,-40,-42,-15,-42,10,-27,35,-2,40,17,30,35,12,37,-10,25,-30,5,-35,-17,-30,-32,-17,-35,5,-25,22,-7,30,10,27,22,20,30,2,25,-12,15,-22,0,-27,0,0,0,0,0,0]"
1773371356.175189,CSI_DATA,189387,98:4a:6b:31:4a:10,-62,11,-99,-32,59,1,2088020100,83,0,256,0,"[0,0,0,0,0,0,0,0,-22,-39,-10,-45,0,-47,10,-45,24,-41,34,-34,43,-24,47,-14,51,-2,51,8,47,20,43,30,34,39,26,45,16,51,4,53,-6,55,-16,53,-26,49,-36,43,-45,39,-53,26,-55,16,-63,2,-61,-10,-59,-22,-53,-36,-45,-47,0,0,-20,-61,-6,-61,4,-61,16,-55,26,-49,34,-41,39,-32,43,-22,45,-12,45,-2,43,6,39,12,36,18,30,24,22,28,16,34,8,34,0,34,-4,32,-12,30,-18,28,-20,24,-24,18,-26,12,-26,4,-26,-2,-26,-6,-22,-12,0,0,0,0,0,0,0,0,0,0,0,0,0,0,34,24,43,4,39,-20,22,-39,2,-47,-24,-41,-43,-24,-49,0,-41,26,-20,47,8,49,34,41,51,16,51,-14,36,-39,8,-53,-22,-49,-47,-28,-57,2,-45,34,-20,53,14,57,43,43,61,12,59,-22,36,-49,2,-61,-32,-53,0,0,-63,8,-47,36,-18,55,16,53,39,30,49,4,41,-22,20,-39,-6,-43,-26,-32,-39,-10,-36,14,-20,32,2,39,22,30,34,12,36,-6,24,-24,6,-32,-12,-30,-26,-18,-32,-2,-28,14,-16,26,2,28,16,24,24,10,26,-2,0,0,0,0,0,0]"
1773371356.1830378,CSI_DATA,189388,98:4a:6b:31:4a:10,-62,11,-99,-35,58,1,2088031236,83,0,256,0,"[0,0,0,0,0,0,0,0,-7,42,-17,42,-27,37,-35,30,-42,20,-47,10,-50,0,-47,-12,-45,-22,-40,-32,-32,-40,-25,-45,-17,-50,-7,-52,2,-52,12,-52,20,-50,30,-45,40,-40,45,-32,52,-25,55,-17,57,-5,60,5,57,17,55,27,52,37,42,47,0,0,22,60,10,60,-2,60,-12,55,-20,50,-30,45,-35,37,-40,30,-42,20,-42,12,-42,5,-42,0,-42,-7,-37,-15,-32,-20,-27,-25,-22,-27,-15,-30,-10,-32,-2,-32,2,-30,7,-30,12,-27,17,-22,20,-17,22,-12,25,-10,27,-5,0,0,0,0,0,0,0,0,0,0,0,0,0,0,-10,-40,-32,-30,-45,-7,-42,17,-27,37,-2,50,25,42,45,25,50,-5,40,-30,15,-52,-15,-50,-42,-35,-55,-5,-47,25,-25,50,7,57,37,40,57,10,52,-22,32,-50,-2,-60,-35,-50,-60,-20,-60,17,-40,50,-5,65,32,57,0,0,62,-7,45,-42,15,-57,-20,-52,-45,-30,-50,2,-40,30,-15,45,15,42,35,25,42,-2,32,-25,12,-37,-12,-40,-30,-22,-37,2,-30,20,-12,32,10,35,27,22,32,5,30,-15,17,-27,0,-30,-17,-22,-27,-10,-27,5,-20,20,0,0,0,0,0,0]"
1773371356.2000248,CSI_DATA,189389,98:4a:6b:31:4a:10,-62,11,-99,-40,59,1,2088041640,83,0,256,0,"[0,0,0,0,0,0,0,0,33,28,25,33,20,38,7,43,-5,46,-18,49,-28,38,-36,36,-43,23,-51,15,-49,2,-51,-12,-49,-20,-43,-28,-33,-38,-28,-46,-18,-51,-12,-54,0,-59,12,-54,28,-56,31,-46,49,-38,54,-31,59,-18,64,-5,62,7,59,20,0,0,41,43,36,54,25,59,10,56,-2,54,-12,51,-20,46,-31,41,-33,33,-38,20,-38,15,-41,7,-41,2,-41,-5,-33,-15,-33,-20,-23,-23,-20,-28,-12,-31,-5,-33,0,-31,7,-31,15,-28,18,-23,20,-18,23,-12,28,-7,28,0,0,0,0,0,0,0,0,0,0,0,0,0,0,0,-43,-5,-43,12,-28,33,-5,46,18,43,41,31,51,2,49,-20,28,-49,-2,-54,-28,-43,-49,-23,-54,7,-41,38,-15,54,15,54,46,36,51,5,49,-31,25,-51,-2,-62,-43,-46,-54,-18,-62,15,-41,49,-10,64,25,59,54,36,0,0,49,-36,25,-54,-7,-59,-41,-41,-54,-12,-49,18,-28,41,0,46,25,36,38,15,43,-12,31,-31,5,-36,-20,-33,-33,-15,-41,5,-28,25,-10,38,10,33,31,20,33,2,31,-12,18,-25,0,-31,-18,-23,-25,-10,-28,0,-20,15,0,0,0,0,0,0]"
1773371356.2074034,CSI_DATA,189390,98:4a:6b:31:4a:10,-62,11,-99,-39,59,1,2088051389,83,0,256,0,"[0,0,0,0,0,0,0,0,5,45,-5,45,-15,45,-25,37,-35,32,-40,25,-47,15,-50,5,-50,-5,-47,-15,-45,-25,-40,-32,-37,-40,-27,-45,-17,-50,-10,-52,0,-55,7,-55,20,-52,30,-50,37,-45,45,-37,52,-30,57,-20,62,-10,65,0,62,10,60,22,0,0,47,42,37,50,25,55,15,55,7,55,-5,52,-12,50,-20,45,-27,40,-30,30,-32,25,-37,20,-40,15,-42,7,-37,0,-37,-5,-35,-12,-30,-15,-25,-22,-20,-25,-17,-27,-10,-30,-5,-30,0,-30,5,-27,10,-25,15,-22,17,-17,0,0,0,0,0,0,0,0,0,0,0,0,0,0,-25,-37,-40,-20,-45,7,-35,30,-15,45,15,47,37,32,50,7,47,-22,27,-45,-2,-55,-32,-42,-52,-15,-52,17,-35,42,-5,55,30,47,52,22,57,-12,40,-42,10,-60,-25,-55,-52,-30,-62,7,-47,42,-17,62,25,60,55,35,0,0,52,-37,20,-60,-17,-60,-42,-35,-52,-5,-45,25,-20,47,7,47,35,30,45,5,35,-22,17,-37,-12,-37,-32,-27,-37,-2,-32,20,-15,35,7,35,25,25,35,5,32,-15,17,-30,-2,-32,-20,-25,-30,-7,-27,10,-17,20,-7,25,0,0,0,0,0,0]"
1773371356.2145905,CSI_DATA,189391,98:4a:6b:31:4a:10,-58,11,-99,35,37,1,2088061365,83,0,256,0,"[0,0,0,0,0,0,0,0,52,-52,56,-37,75,-15,67,-11,71,11,78,26,60,45,52,56,37,63,18,78,7,82,-11,82,-26,78,-48,67,-60,63,-71,41,-78,33,-82,15,-97,-7,-86,-15,-78,-37,-75,-48,-56,-67,-48,-82,-45,-93,-18,-108,3,-97,30,-101,0,0,63,-93,75,-45,63,-45,90,-33,86,-11,86,7,71,26,75,37,45,45,45,56,37,60,18,60,15,67,0,67,-3,56,-26,56,-30,45,-33,33,-48,22,-45,11,-48,-3,-52,0,-48,-11,-45,-18,-22,-18,-22,-33,-18,-37,-11,-33,0,0,0,0,0,0,0,0,0,0,0,0,0,0,-30,60,11,67,48,41,71,18,71,-22,52,-63,11,-78,-37,-75,-60,-41,-75,3,-67,33,-37,78,15,86,48,60,82,30,93,-30,60,-63,11,-86,-45,-75,-82,-41,-93,3,-75,63,-26,101,26,90,75,56,97,15,78,-41,56,-86,0,0,-67,-78,-86,-37,-90,15,-63,67,3,86,33,63,67,30,63,-3,48,-52,18,-63,-33,-52,-56,-30,-67,0,-45,41,-7,60,11,56,48,41,56,-7,45,-15,30,-45,-3,-56,-37,-45,-56,-15,-52,15,-30,33,-7,41,11,45,33,26,0,0,0,0,0,0]"
1773371356.2229125,CSI_DATA,189392,98:4a:6b:31:4a:10,-62,11,-99,-37,60,1,2088071119,83,0,256,0,"[0,0,0,0,0,0,0,0,-29,-33,-23,-38,-14,-44,-4,-46,6,-46,16,-46,25,-40,35,-35,42,-27,48,-21,50,-10,52,-2,50,6,48,16,46,25,42,33,38,40,31,48,21,52,14,54,4,57,-4,57,-16,59,-27,57,-35,50,-46,44,-52,38,-59,27,0,0,-63,6,-61,-6,-59,-16,-52,-25,-46,-31,-40,-38,-27,-42,-21,-44,-14,-46,-4,-44,2,-44,8,-40,14,-40,19,-35,23,-31,27,-27,29,-21,31,-14,31,-8,33,-2,33,2,29,8,27,12,23,16,21,19,16,23,12,23,6,25,0,0,0,0,0,0,0,0,0,0,0,0,0,0,40,14,40,-10,29,-31,8,-44,-19,-42,-40,-27,-50,-2,-44,25,-23,46,8,50,38,38,50,10,48,-21,27,-46,-4,-52,-33,-42,-52,-16,-52,19,-31,46,2,59,33,46,57,19,59,-14,38,-48,4,-63,-31,-54,-57,-25,-63,12,0,0,-10,63,27,50,52,27,54,-8,35,-35,8,-48,-21,-42,-40,-21,-44,8,-31,31,-6,42,16,35,33,14,38,-8,23,-29,2,-38,-19,-31,-33,-16,-35,6,-23,23,-6,33,14,29,27,14,29,-2,23,-19,8,-27,-8,-27,-19,-16,0,0,0,0,0,0]"
1773371356.2398336,CSI_DATA,189393,98:4a:6b:31:4a:10,-62,11,-99,-33,59,1,2088080792,83,0,256,0,"[0,0,0,0,0,0,0,0,38,-23,44,-14,48,-4,46,8,42,14,38,25,31,38,23,46,12,50,4,50,-10,54,-16,46,-27,40,-38,35,-44,27,-48,19,-52,12,-59,0,-63,-6,-50,-21,-48,-31,-44,-33,-40,-48,-23,-52,-19,-59,-6,-63,6,-63,23,-63,0,0,46,-50,46,-33,57,-23,54,-14,57,-4,52,4,50,16,42,21,40,29,25,33,19,40,12,42,6,44,0,42,-4,38,-10,35,-19,29,-23,25,-27,21,-31,12,-31,10,-31,2,-27,-2,-25,-6,-23,-12,-21,-19,-16,-21,-10,-25,0,0,0,0,0,0,0,0,0,0,0,0,0,0,-23,35,-2,42,23,33,40,19,48,-4,40,-33,21,-48,-8,-52,-38,-35,-48,-8,-50,21,-29,44,-2,57,27,48,48,29,54,-2,42,-33,10,-59,-23,-54,-48,-31,-59,0,-50,40,-23,59,19,63,42,44,63,14,57,-25,35,-54,0,0,-40,-52,-57,-19,-59,16,-38,40,-10,54,27,44,46,21,48,-10,33,-31,10,-44,-14,-42,-31,-21,-35,4,-27,27,-12,38,12,35,31,23,40,0,27,-21,14,-33,-6,-31,-25,-25,-31,-4,-29,10,-16,23,-2,29,12,25,25,14,0,0,0,0,0,0]"
1773371356.246728,CSI_DATA,189394,98:4a:6b:31:4a:10,-62,11,-99,-32,59,1,2088090896,83,0,256,0,"[0,0,0,0,0,0,0,0,-39,22,-45,12,-47,0,-47,-12,-39,-18,-32,-32,-24,-39,-12,-51,-2,-51,10,-47,20,-47,30,-39,39,-30,45,-24,49,-10,51,2,53,10,53,18,45,28,41,39,28,47,20,53,10,59,-2,59,-20,59,-32,57,-43,49,-53,41,0,0,-63,12,-59,-2,-57,-14,-53,-24,-45,-34,-32,-41,-22,-45,-10,-47,-4,-49,6,-43,18,-39,22,-34,30,-28,32,-22,32,-18,34,-6,32,0,34,10,30,14,26,18,22,24,16,26,8,28,2,26,-6,26,-10,26,-16,22,-18,18,0,0,0,0,0,0,0,0,0,0,0,0,0,0,22,-36,0,-43,-20,-36,-39,-22,-49,0,-41,26,-22,45,4,51,30,45,47,20,53,-6,39,-39,16,-53,-14,-57,-41,-41,-53,-12,-51,20,-30,47,-4,57,32,49,51,22,59,-8,49,-41,18,-57,-16,-61,-43,-43,-59,-10,-57,26,0,0,0,65,30,53,53,28,55,-6,43,-32,14,-49,-16,-47,-34,-28,-47,-4,-41,22,-22,39,4,39,24,30,34,8,36,-14,22,-28,2,-36,-20,-30,-32,-14,-36,2,-28,20,-10,30,8,30,22,22,26,8,28,-8,18,-20,6,-26,0,0,0,0,0,0]"
1773371356.253881,CSI_DATA,189395,98:4a:6b:31:4a:10,-62,11,-99,-36,60,1,2088092602,83,0,256,0,"[0,0,0,0,0,0,0,0,12,43,2,45,-6,43,-16,45,-26,41,-34,34,-41,26,-49,16,-51,6,-51,-2,-51,-10,-45,-20,-43,-28,-36,-36,-30,-43,-26,-47,-14,-53,-8,-53,2,-55,12,-57,20,-55,28,-49,39,-45,47,-39,51,-32,59,-24,63,-12,65,-2,0,0,59,20,53,32,47,39,39,41,30,47,20,49,12,51,2,49,-2,47,-14,43,-16,39,-22,34,-26,32,-30,26,-32,16,-36,14,-32,6,-34,4,-34,-6,-30,-10,-28,-12,-26,-20,-18,-20,-14,-24,-12,-24,-6,-26,-2,-24,0,-24,0,0,0,0,0,0,0,0,0,0,0,0,0,0,-28,-28,-41,-10,-43,14,-26,34,-2,45,22,43,43,22,51,-2,39,-30,14,-47,-16,-47,-41,-30,-51,-2,-45,28,-18,51,12,51,41,36,55,6,51,-28,22,-51,-10,-57,-43,-43,-61,-10,-53,26,-28,55,10,61,41,47,61,12,0,0,30,-53,-4,-59,-36,-45,-53,-14,-49,20,-26,41,2,47,28,36,43,8,39,-16,22,-34,-2,-36,-26,-28,-39,-8,-30,16,-16,34,2,32,24,24,32,6,30,-12,16,-28,-2,-32,-18,-24,-28,-8,-28,10,-18,22,-4,26,12,20,0,0,0,0,0,0]"
1773371357.267659,CSI_DATA,189396,98:4a:6b:31:4a:10,-58,11,-99,38,37,1,2089111511,83,0,256,0,"[0,0,0,0,0,0,0,0,-68,-13,-68,-31,-58,-55,-51,-55,-27,-68,-20,-79,-3,-82,10,-79,24,-86,44,-79,58,-62,68,-55,75,-44,86,-37,79,-13,86,-3,89,3,86,31,93,44,72,65,79,72,62,72,58,89,34,103,20,110,6,110,-13,110,-31,103,0,0,-55,93,-62,72,-82,58,-86,34,-86,27,-86,13,-82,0,-79,-10,-72,-24,-72,-34,-58,-37,-51,-44,-41,-58,-27,-68,-20,-58,-10,-58,-10,-62,10,-48,13,-51,20,-58,20,-51,44,-41,44,-34,34,-17,37,-24,41,-13,44,3,44,10,0,0,0,0,0,0,0,0,0,0,0,0,0,0,72,-17,48,-44,20,-68,-31,-75,-65,-31,-86,3,-75,34,-31,75,13,82,58,51,86,17,72,-37,37,-82,-10,-93,-65,-72,-82,-13,-82,34,-44,75,13,86,62,68,89,20,79,-48,48,-79,-13,-93,-55,-75,-93,-27,-103,34,-62,72,0,0,65,79,99,24,79,-34,51,-68,-3,-82,-48,-55,-72,-24,-68,27,-37,62,6,58,51,44,58,6,37,-34,20,-51,-20,-51,-41,-31,-51,0,-51,27,-24,51,24,58,41,34,41,3,41,-24,20,-41,-3,-37,-27,-31,-44,-10,-37,24,0,0,0,0,0,0]"
1773371357.278704,CSI_DATA,189397,98:4a:6b:31:4a:10,-58,11,-99,34,37,1,2089122012,83,0,256,0,"[0,0,0,0,0,0,0,0,-19,77,-30,61,-54,46,-61,38,-65,34,-81,11,-73,-11,-77,-30,-69,-38,-65,-61,-50,-69,-42,-81,-19,-81,-3,-85,15,-88,30,-85,46,-81,65,-73,73,-50,81,-46,88,-38,92,-19,104,3,96,27,85,34,88,61,77,61,50,92,0,0,19,88,11,112,-15,96,-30,85,-50,77,-46,65,-61,50,-65,38,-73,27,-65,0,-77,-3,-65,-15,-54,-15,-54,-30,-50,-42,-38,-42,-27,-50,-11,-50,-7,-54,0,-46,0,-58,19,-50,19,-42,27,-23,34,-30,38,-15,42,-11,42,-3,0,0,0,0,0,0,0,0,0,0,0,0,0,0,-7,-73,-50,-50,-81,-19,-65,23,-42,61,-11,77,23,69,58,42,85,7,65,-46,34,-77,-19,-81,-61,-61,-88,-15,-88,27,-50,77,-3,88,54,73,85,27,81,-30,50,-69,0,-100,-54,-85,-81,-34,-104,15,-69,58,-30,100,30,96,0,0,100,-11,88,-38,34,-85,-11,-88,-61,-61,-85,-11,-73,42,-27,61,15,73,46,42,58,11,54,-34,34,-58,-3,-65,-42,-38,-54,-7,-46,23,-23,42,3,58,27,30,54,19,54,-11,30,-38,7,-42,-27,-46,-34,-15,-42,3,-30,30,0,0,0,0,0,0]"
1773371357.289724,CSI_DATA,189398,98:4a:6b:31:4a:10,-62,11,-99,-34,59,1,2089132089,83,0,256,0,"[0,0,0,0,0,0,0,0,30,36,19,45,6,47,-6,50,-19,47,-32,41,-41,34,-47,23,-52,10,-54,-2,-52,-15,-47,-26,-43,-36,-34,-43,-26,-52,-15,-56,-2,-58,8,-58,19,-54,32,-50,41,-45,50,-36,58,-26,65,-13,65,2,63,15,60,30,52,41,0,0,30,58,17,60,4,63,-8,58,-19,54,-28,47,-34,39,-41,30,-45,19,-45,10,-45,2,-43,-6,-39,-13,-36,-19,-28,-26,-21,-30,-15,-34,-10,-34,-4,-34,4,-30,10,-30,17,-26,21,-21,26,-15,26,-10,26,-4,28,2,26,6,0,0,0,0,0,0,0,0,0,0,0,0,0,0,-41,-17,-45,6,-34,28,-17,45,8,47,32,41,50,15,50,-10,36,-36,13,-52,-19,-52,-43,-34,-54,-4,-50,26,-28,47,2,56,34,45,54,21,58,-13,39,-43,10,-58,-21,-56,-50,-34,-65,-2,-56,34,-28,60,8,65,41,50,0,0,60,-15,39,-45,8,-58,-28,-50,-45,-26,-52,2,-39,30,-15,45,13,43,32,28,43,2,36,-21,19,-32,-4,-39,-26,-28,-36,-8,-34,13,-19,28,-2,34,17,28,28,15,32,-2,23,-19,10,-28,-6,-26,-17,-19,-26,-8,-26,8,0,0,0,0,0,0]"
1773371357.3005013,CSI_DATA,189399,98:4a:6b:31:4a:10,-58,11,-99,35,37,1,2089132700,83,0,256,0,"[0,0,0,0,0,0,0,0,7,-75,15,-75,45,-67,45,-52,75,-30,71,-18,78,3,86,26,78,41,63,56,56,63,30,75,18,82,3,93,-18,90,-41,78,-56,71,-75,67,-86,41,-86,26,-97,7,-93,-3,-86,-33,-82,-52,-75,-63,-60,-90,-45,-105,-41,-105,0,0,30,-120,33,-82,63,-78,75,-60,82,-52,82,-30,86,-22,82,15,71,22,56,37,48,48,48,56,33,56,22,60,0,60,-3,56,-15,56,-26,60,-41,48,-41,33,-41,18,-48,15,-48,7,-45,-3,-41,-18,-41,-18,-37,-33,-30,-41,0,0,0,0,0,0,0,0,0,0,0,0,0,0,22,63,56,33,71,-3,56,-37,37,-71,-3,-86,-45,-71,-71,-37,-86,3,-60,45,-30,75,11,71,60,56,78,15,86,-26,60,-75,7,-93,-37,-82,-78,-41,-82,3,-78,63,-33,105,26,93,67,63,86,15,86,-41,52,-75,15,-90,0,0,-82,-48,-97,15,-82,45,-26,75,15,86,67,52,71,3,67,-33,30,-60,-3,-71,-37,-41,-67,-22,-60,11,-30,52,3,52,33,45,45,18,52,0,33,-37,11,-45,-22,-37,-48,-33,-52,-3,-45,33,-18,48,0,37,18,37,45,18,0,0,0,0,0,0]"
1773371357.3110363,CSI_DATA,189400,98:4a:6b:31:4a:10,-62,11,-99,-40,59,1,2089155847,83,0,256,0,"[0,0,0,0,0,0,0,0,33,-33,38,-28,43,-18,46,-10,51,2,49,12,46,23,43,33,36,38,28,46,20,51,10,54,2,56,-7,54,-18,54,-25,49,-33,46,-41,38,-49,33,-54,25,-56,15,-62,7,-64,0,-62,-12,-59,-23,-56,-33,-51,-41,-41,-51,0,0,-23,-62,-15,-62,0,-62,7,-59,15,-56,23,-49,31,-43,36,-36,38,-28,41,-20,41,-15,41,-7,43,-2,41,2,38,10,33,15,31,20,25,23,23,28,18,28,12,31,7,31,2,31,-2,31,-7,25,-10,23,-15,23,-20,20,0,0,0,0,0,0,0,0,0,0,0,0,0,0,-10,41,15,41,36,25,43,2,41,-23,23,-43,-5,-49,-33,-38,-51,-12,-49,18,-31,43,-2,56,31,46,51,18,54,-12,36,-41,5,-56,-31,-46,-54,-23,-59,12,-38,46,-5,62,31,54,59,25,62,-12,43,-46,10,-64,-28,-56,0,0,-62,10,-46,41,-12,59,25,49,43,25,51,-7,36,-33,7,-46,-20,-38,-38,-18,-41,7,-25,28,-2,38,23,33,33,12,33,-10,23,-28,0,-33,-18,-25,-31,-10,-31,10,-20,25,-2,31,15,25,25,10,28,-5,20,-18,5,-25,0,0,0,0,0,0]"
1773371357.331741,CSI_DATA,189401,98:4a:6b:31:4a:10,-62,11,-99,-33,59,1,2089169141,83,0,256,0,"[0,0,0,0,0,0,0,0,46,2,44,12,42,23,35,35,25,44,16,48,4,52,-8,52,-21,50,-29,44,-40,38,-46,29,-52,19,-54,10,-57,-2,-54,-12,-50,-23,-46,-33,-40,-42,-31,-50,-21,-57,-10,-59,0,-63,14,-61,23,-61,35,-54,46,-48,57,-35,0,0,63,-10,65,2,61,14,57,23,46,31,38,40,31,44,21,44,12,48,2,48,-4,44,-12,40,-21,38,-25,31,-29,25,-35,19,-33,10,-35,6,-33,0,-33,-6,-31,-12,-25,-19,-21,-21,-14,-25,-12,-27,-4,-29,0,-27,6,-23,0,0,0,0,0,0,0,0,0,0,0,0,0,0,-38,21,-23,40,0,46,25,42,46,23,52,-4,42,-31,21,-50,-10,-52,-38,-40,-54,-12,-52,19,-33,44,-4,57,29,48,50,25,57,-8,44,-40,14,-59,-21,-57,-48,-35,-63,-2,-54,33,-27,59,10,65,46,46,65,14,65,-25,0,0,4,-65,-35,-54,-57,-23,-57,10,-38,38,-10,50,19,44,40,25,48,-4,35,-29,10,-42,-14,-40,-33,-21,-38,2,-29,23,-12,35,10,35,27,23,35,4,31,-14,19,-29,-2,-31,-21,-23,-27,-10,-29,8,-19,19,-4,27,10,25,0,0,0,0,0,0]"
1773371357.3425171,CSI_DATA,189402,98:4a:6b:31:4a:10,-58,11,-99,35,37,1,2089178724,83,0,256,0,"[0,0,0,0,0,0,0,0,-67,22,-67,7,-71,-11,-82,-26,-56,-45,-52,-71,-26,-67,-11,-82,3,-78,33,-75,60,-67,63,-60,82,-33,82,-30,82,-11,86,18,78,30,86,52,67,63,52,71,26,90,18,97,-3,97,-30,93,-48,101,-78,78,-75,67,-97,45,0,0,-97,-15,-97,-26,-97,-56,-78,-52,-60,-60,-33,-78,-11,-67,0,-82,7,-67,30,-60,33,-63,48,-52,56,-41,52,-30,67,-15,63,3,48,22,56,22,45,37,37,48,33,45,18,56,3,48,-11,48,-18,52,-18,33,-22,33,-41,22,0,0,0,0,0,0,0,0,0,0,0,0,0,0,48,-45,15,-63,-18,-75,-60,-48,-75,-11,-78,26,-56,63,-18,82,33,71,71,52,86,7,78,-33,52,-82,-3,-82,-52,-75,-82,-33,-101,11,-67,67,-18,93,26,86,78,63,90,11,86,-41,48,-93,0,-108,-56,-82,-97,-37,-78,3,0,0,-26,97,26,97,63,52,86,15,71,-37,37,-67,-11,-78,-37,-60,-75,-7,-67,15,-41,52,3,67,18,56,60,22,63,3,48,-41,15,-45,-18,-60,-41,-33,-56,-7,-52,22,-22,41,0,48,30,37,37,26,48,0,37,-18,18,-45,0,0,0,0,0,0]"
1773371357.3525066,CSI_DATA,189403,98:4a:6b:31:4a:10,-62,11,-99,-34,59,1,2089188677,83,0,256,0,"[0,0,0,0,0,0,0,0,-43,15,-47,4,-50,-6,-45,-19,-41,-30,-34,-39,-26,-45,-15,-52,-2,-54,8,-52,19,-52,28,-45,41,-39,47,-32,52,-21,54,-13,56,-2,58,6,56,19,52,28,47,39,41,45,30,54,19,60,6,63,-4,67,-17,65,-30,60,0,0,-52,45,-54,32,-56,21,-60,10,-56,-2,-52,-13,-50,-19,-41,-26,-36,-32,-28,-36,-21,-41,-13,-41,-4,-41,2,-41,8,-39,15,-36,21,-30,23,-26,28,-21,30,-15,32,-6,30,-2,30,4,28,10,26,15,21,17,17,21,13,23,0,0,0,0,0,0,0,0,0,0,0,0,0,0,28,-34,6,-45,-19,-43,-41,-26,-50,-2,-45,26,-23,45,2,54,32,43,52,19,54,-13,39,-41,10,-56,-21,-52,-50,-32,-58,0,-45,34,-21,58,17,60,47,39,60,8,54,-30,30,-54,-6,-65,-41,-50,-65,-17,-60,21,-39,52,0,0,30,58,54,26,60,-10,41,-39,10,-52,-19,-47,-43,-26,-47,2,-34,28,-13,43,13,41,32,23,41,-2,32,-23,13,-36,-10,-36,-28,-21,-34,-2,-30,19,-15,32,4,34,23,23,30,6,28,-10,19,-21,2,-28,-13,-23,-23,-13,0,0,0,0,0,0]"
1773371357.3622694,CSI_DATA,189404,98:4a:6b:31:4a:10,-62,11,-99,-36,59,1,2089188992,83,0,256,0,"[0,0,0,0,0,0,0,0,-23,39,-32,34,-41,25,-46,13,-52,4,-50,-6,-48,-20,-43,-32,-34,-41,-27,-48,-16,-52,-6,-55,4,-55,16,-52,25,-48,34,-46,43,-36,50,-29,55,-20,59,-9,59,0,57,11,57,23,52,36,46,46,39,52,25,62,13,66,0,0,-11,66,-23,57,-32,52,-41,43,-46,32,-48,23,-48,16,-48,4,-50,-2,-46,-13,-41,-18,-34,-23,-29,-29,-25,-34,-16,-36,-9,-36,-4,-36,4,-36,11,-34,16,-29,20,-23,25,-20,25,-16,27,-11,29,-4,27,2,27,6,23,11,0,0,0,0,0,0,0,0,0,0,0,0,0,0,0,-43,-23,-39,-41,-20,-46,4,-41,29,-18,48,9,52,34,41,50,13,50,-16,34,-41,4,-55,-25,-48,-48,-27,-55,4,-43,36,-16,57,18,55,48,36,59,2,52,-32,27,-57,-9,-62,-46,-48,-64,-13,-59,27,-36,55,0,66,0,0,57,25,59,-13,41,-46,9,-55,-23,-48,-43,-25,-50,4,-36,29,-9,46,18,41,36,23,41,-2,29,-23,11,-39,-11,-36,-32,-23,-36,-2,-29,20,-13,32,6,32,23,23,32,4,29,-11,18,-25,0,-27,-16,-23,-25,-11,-25,4,0,0,0,0,0,0]"
1773371357.3711274,CSI_DATA,189405,98:4a:6b:31:4a:10,-62,11,-99,-39,59,1,2089208385,83,0,256,0,"[0,0,0,0,0,0,0,0,-15,-45,-7,-47,5,-47,15,-45,27,-42,37,-35,45,-27,50,-17,52,-5,52,7,50,15,50,27,42,32,37,42,27,47,17,52,10,57,-2,57,-12,57,-22,55,-32,50,-42,45,-50,37,-57,27,-62,17,-67,5,-67,-5,-65,-17,0,0,-52,-40,-42,-47,-30,-57,-17,-55,-7,-57,2,-55,10,-50,20,-47,25,-42,30,-35,37,-30,37,-22,40,-12,40,-7,40,0,37,7,35,15,30,17,27,22,20,25,15,27,10,32,5,32,-2,30,-5,27,-12,25,-17,22,-20,17,0,0,0,0,0,0,0,0,0,0,0,0,0,0,32,27,45,5,40,-20,25,-37,0,-45,-27,-42,-45,-22,-52,5,-42,32,-15,50,15,52,42,35,55,5,50,-27,27,-50,-5,-55,-37,-42,-55,-12,-55,22,-32,50,0,60,35,50,57,25,62,-12,42,-45,10,-65,-30,-57,-57,-32,0,0,-47,40,-20,57,17,57,42,35,55,5,42,-25,17,-45,-10,-45,-35,-30,-42,-5,-35,22,-15,37,10,37,27,25,37,2,32,-20,17,-30,-5,-35,-22,-25,-32,-7,-30,15,-20,27,0,32,17,22,27,10,27,-5,20,-17,7,-25,0,0,0,0,0,0]"
1773371357.3794258,CSI_DATA,189406,98:4a:6b:31:4a:10,-62,11,-99,-34,59,1,2089208699,83,0,256,0,"[0,0,0,0,0,0,0,0,-36,-30,-30,-39,-19,-45,-10,-47,2,-50,15,-50,23,-45,36,-39,43,-32,50,-23,52,-13,54,-2,54,6,52,17,47,30,41,36,36,45,28,52,17,56,8,60,-2,58,-15,58,-23,56,-36,52,-47,45,-54,36,-60,28,-65,15,0,0,-63,-10,-60,-21,-52,-32,-43,-39,-34,-47,-26,-47,-17,-52,-6,-50,2,-50,8,-45,15,-41,26,-36,28,-30,32,-26,34,-19,36,-13,36,-6,34,0,34,6,30,13,28,19,23,21,19,26,13,26,8,28,2,28,-4,26,-8,26,0,0,0,0,0,0,0,0,0,0,0,0,0,0,43,6,39,-17,23,-39,0,-47,-26,-41,-45,-23,-52,4,-43,30,-17,47,10,52,39,34,54,8,52,-23,26,-47,-2,-56,-32,-45,-54,-17,-56,17,-36,45,-4,58,30,52,54,26,60,-8,47,-43,15,-60,-26,-58,-52,-34,-65,2,0,0,-23,60,13,60,43,41,54,8,45,-21,23,-43,-6,-47,-30,-34,-45,-8,-39,17,-21,36,4,39,26,28,36,6,32,-17,19,-32,0,-36,-21,-28,-32,-8,-30,8,-21,26,-2,30,15,26,26,13,30,-4,21,-19,8,-23,-6,-26,0,0,0,0,0,0]"
1773371357.387482,CSI_DATA,189407,98:4a:6b:31:4a:10,-62,11,-99,-36,59,1,2089208959,83,0,256,0,"[0,0,0,0,0,0,0,0,-27,39,-36,32,-43,23,-46,11,-50,0,-50,-11,-46,-23,-41,-34,-34,-41,-25,-48,-13,-52,-4,-52,6,-55,16,-52,25,-48,34,-43,41,-36,52,-27,55,-18,57,-9,59,0,59,11,57,23,52,36,48,43,39,52,29,59,18,64,0,0,-9,64,-20,59,-32,52,-41,46,-43,36,-48,25,-48,18,-50,6,-50,-2,-46,-9,-41,-16,-39,-20,-32,-25,-25,-29,-18,-34,-11,-36,-4,-36,2,-34,9,-34,13,-32,18,-27,23,-23,23,-18,27,-13,27,-6,27,-2,27,4,25,9,0,0,0,0,0,0,0,0,0,0,0,0,0,0,2,-43,-18,-39,-39,-23,-48,0,-41,25,-20,46,6,50,32,39,48,16,50,-13,34,-41,6,-52,-25,-48,-48,-25,-55,4,-43,34,-18,55,16,52,48,36,57,2,50,-32,23,-52,-11,-59,-43,-46,-62,-11,-57,27,-32,55,4,66,0,0,55,23,59,-13,39,-46,6,-52,-23,-48,-43,-23,-46,9,-32,32,-9,43,16,36,36,20,41,-4,29,-27,6,-36,-16,-34,-32,-18,-36,0,-27,20,-9,32,9,32,25,18,32,2,25,-16,13,-25,-4,-27,-18,-20,-25,-9,-25,6,0,0,0,0,0,0]"
1773371357.3952103,CSI_DATA,189408,98:4a:6b:31:4a:10,-62,11,-99,-40,59,1,2089239835,83,0,256,0,"[0,0,0,0,0,0,0,0,-38,-28,-25,-38,-20,-46,-10,-49,2,-49,15,-46,31,-41,38,-36,43,-25,49,-12,49,-2,51,7,51,20,41,31,38,38,28,46,18,54,7,56,0,56,-12,56,-23,54,-33,51,-43,41,-49,31,-56,18,-72,7,-59,-5,-62,-23,0,0,-49,-38,-38,-49,-23,-56,-10,-56,0,-54,10,-56,23,-49,25,-41,33,-33,36,-23,41,-18,41,-10,41,2,38,7,38,10,31,18,28,23,20,28,15,28,2,28,0,28,-5,25,-12,25,-18,25,-20,18,-18,15,-23,10,-25,2,0,0,0,0,0,0,0,0,0,0,0,0,0,0,46,5,38,-18,28,-36,2,-43,-25,-49,-41,-31,-54,-2,-43,28,-23,46,7,51,36,43,56,20,51,-12,43,-41,7,-54,-18,-51,-43,-33,-56,-2,-51,33,-25,56,5,56,38,46,59,15,56,-20,36,-49,12,-62,-33,-59,-54,-31,0,0,-49,33,-20,56,10,56,41,38,51,12,46,-15,23,-41,-2,-49,-25,-36,-41,-12,-41,10,-25,33,-5,36,18,33,36,18,41,-5,28,-23,5,-31,-10,-31,-25,-18,-33,0,-28,18,-15,28,0,28,15,23,23,10,25,-5,20,-15,0,0,0,0,0,0]"
1773371357.4023657,CSI_DATA,189409,98:4a:6b:31:4a:10,-62,11,-99,-32,59,1,2089242606,83,0,256,0,"[0,0,0,0,0,0,0,0,-28,36,-34,28,-45,18,-47,6,-49,-6,-45,-18,-41,-30,-30,-41,-20,-47,-12,-51,2,-53,14,-51,24,-47,34,-43,43,-32,49,-22,55,-14,55,0,57,10,55,22,47,32,39,41,32,49,20,57,10,61,-4,63,-18,63,-30,57,0,0,-53,39,-55,24,-57,10,-57,-2,-51,-10,-47,-20,-41,-30,-30,-34,-24,-39,-14,-41,-4,-43,4,-41,10,-39,16,-34,22,-30,26,-24,30,-16,32,-10,32,-2,32,4,30,10,26,16,20,18,16,22,10,24,4,26,0,24,-6,24,0,0,0,0,0,0,0,0,0,0,0,0,0,0,4,-43,-18,-41,-36,-28,-47,-6,-45,20,-28,41,-4,51,24,45,43,28,51,2,45,-28,22,-49,-4,-55,-32,-45,-53,-18,-53,14,-41,43,-8,57,22,55,49,32,59,2,51,-34,28,-55,-8,-63,-41,-47,-61,-18,-63,18,-43,49,0,0,24,59,49,34,59,0,45,-30,18,-49,-8,-47,-32,-32,-45,-10,-41,16,-24,34,0,43,22,32,34,14,36,-10,24,-28,4,-36,-12,-32,-28,-18,-32,-2,-26,16,-16,28,6,32,20,22,28,8,26,-6,20,-18,6,-26,-8,-24,0,0,0,0,0,0]"
1773371357.4198637,CSI_DATA,189410,98:4a:6b:31:4a:10,-62,11,-99,-33,59,1,2089259683,83,0,256,0,"[0,0,0,0,0,0,0,0,-4,-48,8,-48,19,-44,25,-33,46,-29,46,-16,57,-12,52,8,50,16,46,25,35,35,29,46,21,52,6,52,0,52,-12,52,-19,50,-35,40,-35,38,-52,27,-52,19,-63,8,-63,0,-59,-14,-59,-31,-50,-40,-46,-48,-31,-59,0,0,-4,-63,10,-61,16,-59,25,-54,38,-42,44,-29,48,-21,46,-10,48,2,46,6,44,10,38,23,31,23,25,25,16,35,8,33,6,42,-4,33,-10,33,-14,29,-21,25,-23,19,-27,14,-29,8,-23,2,-25,-2,-27,-8,-23,-12,0,0,0,0,0,0,0,0,0,0,0,0,0,0,27,33,42,19,44,-6,33,-25,23,-42,-10,-46,-27,-40,-50,-12,-50,12,-35,35,-12,50,19,52,46,31,50,-2,46,-33,23,-52,-4,-59,-40,-48,-50,-16,-59,14,-33,44,-8,59,29,54,59,27,61,-10,50,-42,14,-61,-16,-61,0,0,-59,-6,-52,25,-31,50,0,52,35,42,48,19,48,-10,29,-31,2,-38,-19,-35,-35,-16,-38,12,-29,27,-8,33,14,38,27,16,35,4,23,-21,10,-31,-6,-31,-23,-23,-29,-8,-29,10,-19,23,4,25,14,23,23,12,27,-2,0,0,0,0,0,0]"
1773371357.4271383,CSI_DATA,189411,98:4a:6b:31:4a:10,-62,11,-99,-33,59,1,2089273280,83,0,256,0,"[0,0,0,0,0,0,0,0,-40,21,-46,12,-48,0,-48,-12,-48,-21,-40,-33,-33,-42,-23,-48,-10,-52,-2,-52,10,-52,21,-50,29,-46,40,-40,44,-31,50,-23,54,-14,57,-4,59,6,59,19,52,27,50,38,42,46,33,52,23,59,14,63,2,69,-10,65,0,0,-35,57,-40,46,-50,38,-54,25,-52,16,-52,4,-50,-4,-50,-12,-46,-21,-40,-25,-33,-31,-25,-33,-19,-35,-12,-38,-6,-40,0,-38,8,-38,12,-31,19,-29,23,-25,25,-19,29,-14,29,-8,27,-4,29,4,27,8,25,10,23,16,0,0,0,0,0,0,0,0,0,0,0,0,0,0,23,-38,0,-44,-23,-38,-42,-21,-48,2,-40,31,-16,46,10,50,35,35,50,10,50,-19,29,-46,2,-54,-29,-44,-50,-19,-52,12,-38,44,-6,57,25,54,52,27,59,-6,46,-40,14,-59,-21,-59,-50,-35,-65,2,-54,35,-25,59,0,0,44,44,59,8,52,-23,29,-48,-2,-50,-31,-40,-48,-12,-42,14,-25,38,2,42,27,31,38,8,35,-14,19,-31,0,-38,-23,-29,-33,-10,-31,12,-21,25,-2,33,14,29,29,12,31,-6,21,-21,6,-27,-8,-25,-21,-14,-25,0,0,0,0,0,0,0]"
1773371357.435006,CSI_DATA,189412,98:4a:6b:31:4a:10,-62,11,-99,-40,59,1,2089283194,83,0,256,0,"[0,0,0,0,0,0,0,0,-38,-25,-31,-36,-20,-43,-10,-49,5,-51,18,-49,28,-46,41,-36,49,-25,54,-15,56,-2,56,7,51,18,49,28,41,38,31,46,23,54,10,59,0,59,-12,59,-23,54,-33,49,-43,41,-56,31,-62,23,-64,10,-69,-2,-64,-18,0,0,-51,-41,-38,-49,-28,-59,-12,-56,-5,-56,7,-54,18,-51,25,-43,33,-36,36,-25,38,-20,43,-10,43,-2,41,5,38,12,33,20,28,23,20,28,15,31,7,31,2,31,-5,33,-10,28,-15,23,-20,20,-20,15,-25,10,-25,5,0,0,0,0,0,0,0,0,0,0,0,0,0,0,43,2,41,-20,25,-41,0,-46,-23,-43,-43,-25,-51,0,-46,28,-25,49,5,54,33,43,51,18,54,-12,38,-43,10,-56,-20,-54,-49,-33,-59,0,-51,33,-25,56,10,62,43,46,62,15,62,-20,41,-51,5,-64,-31,-56,-56,-33,0,0,-51,38,-20,59,12,59,43,38,54,7,46,-23,25,-43,-2,-46,-28,-36,-43,-12,-41,12,-25,33,-2,41,20,33,36,15,36,-7,25,-25,7,-36,-12,-31,-25,-18,-33,-2,-28,15,-15,28,0,31,18,23,28,7,25,-5,20,-18,0,0,0,0,0,0]"
1773371357.4523845,CSI_DATA,189413,98:4a:6b:31:4a:10,-62,11,-99,-39,59,1,2089292789,83,0,256,0,"[0,0,0,0,0,0,0,0,-10,45,-20,45,-27,40,-37,32,-42,25,-50,10,-52,0,-52,-12,-47,-20,-45,-32,-40,-40,-32,-45,-22,-50,-12,-52,-2,-55,10,-55,20,-57,27,-50,37,-47,42,-40,50,-32,55,-25,60,-12,65,0,65,10,65,20,60,32,52,42,0,0,32,55,20,57,7,60,-2,60,-10,57,-20,52,-30,45,-32,40,-37,30,-37,22,-40,15,-42,10,-42,2,-42,-5,-37,-10,-32,-15,-27,-20,-22,-25,-17,-27,-15,-32,-7,-32,-5,-35,2,-30,7,-27,10,-22,15,-22,20,-17,22,-15,0,0,0,0,0,0,0,0,0,0,0,0,0,0,-15,-42,-32,-27,-45,-5,-42,25,-25,42,2,52,27,45,47,22,52,-10,40,-37,7,-52,-20,-52,-47,-30,-57,2,-47,32,-22,52,15,57,45,35,60,5,50,-32,25,-57,-12,-60,-45,-47,-62,-12,-57,25,-35,55,5,65,42,52,0,0,62,-17,40,-50,5,-60,-27,-47,-47,-20,-50,12,-27,35,-7,47,25,40,40,17,42,-10,27,-30,2,-37,-22,-32,-35,-12,-35,10,-25,27,-2,35,17,30,30,12,32,-5,22,-25,7,-30,-10,-27,-25,-15,-27,0,-22,15,-12,25,0,0,0,0,0,0]"
1773371357.4596834,CSI_DATA,189414,98:4a:6b:31:4a:10,-62,11,-99,-41,59,1,2089302840,83,0,256,0,"[0,0,0,0,0,0,0,0,26,37,18,42,10,47,-5,53,-15,42,-29,42,-39,31,-45,23,-53,10,-53,0,-55,-10,-47,-21,-45,-31,-37,-39,-29,-50,-21,-55,-7,-58,0,-55,15,-58,18,-53,34,-53,45,-39,50,-29,63,-23,61,-7,63,2,66,15,58,31,0,0,39,53,26,55,15,58,5,61,-7,55,-18,50,-26,45,-31,39,-37,29,-39,21,-39,15,-39,10,-42,0,-42,-10,-34,-13,-34,-21,-23,-26,-21,-26,-10,-31,-5,-34,2,-31,5,-34,13,-26,15,-23,18,-18,23,-13,26,-10,26,-2,0,0,0,0,0,0,0,0,0,0,0,0,0,0,-42,-18,-42,5,-34,29,-15,50,10,45,37,39,50,13,53,-13,34,-39,10,-55,-23,-50,-42,-31,-55,0,-47,29,-26,47,7,53,39,39,55,15,58,-23,31,-47,2,-63,-29,-53,-55,-26,-61,7,-53,42,-21,63,21,63,50,42,0,0,55,-29,29,-58,-5,-63,-34,-42,-53,-15,-50,13,-29,34,-5,47,21,37,39,18,45,-7,29,-26,5,-37,-18,-37,-31,-13,-39,5,-26,23,-7,34,10,34,26,18,34,2,29,-15,15,-26,0,-29,-15,-21,-23,-10,-26,5,-18,18,0,0,0,0,0,0]"
1773371357.4668198,CSI_DATA,189415,98:4a:6b:31:4a:10,-62,11,-99,-33,59,1,2089313966,83,0,256,0,"[0,0,0,0,0,0,0,0,38,25,33,35,27,40,12,46,4,46,-10,48,-16,46,-31,44,-38,35,-42,31,-50,25,-54,12,-57,2,-57,-6,-50,-14,-46,-27,-44,-35,-35,-44,-31,-52,-21,-57,-14,-59,-2,-59,8,-63,21,-59,29,-57,44,-50,52,-46,54,-38,0,0,65,-6,57,2,61,19,52,23,50,31,38,35,35,38,27,42,19,44,12,44,2,42,-6,42,-10,40,-14,35,-21,33,-25,27,-29,23,-31,16,-33,8,-33,4,-33,2,-33,-6,-29,-10,-23,-14,-19,-19,-14,-25,-8,-23,-4,-27,0,0,0,0,0,0,0,0,0,0,0,0,0,0,-40,0,-38,21,-23,42,6,46,29,40,50,16,48,-10,40,-35,10,-48,-23,-46,-46,-31,-52,2,-42,31,-19,50,12,50,40,35,54,6,48,-27,25,-52,-12,-57,-40,-38,-61,-8,-59,25,-33,54,6,61,35,46,61,21,63,-19,0,0,0,-67,-27,-52,-52,-27,-50,10,-33,33,0,46,25,44,42,14,46,-10,25,-31,4,-38,-19,-33,-33,-14,-35,10,-23,29,-2,35,19,29,33,12,33,-6,21,-25,6,-33,-14,-25,-27,-14,-27,0,-23,16,-10,29,4,23,16,16,0,0,0,0,0,0]"
1773371357.4751172,CSI_DATA,189416,98:4a:6b:31:4a:10,-62,11,-99,-37,59,1,2089323590,83,0,256,0,"[0,0,0,0,0,0,0,0,-23,-42,-14,-45,-2,-49,9,-47,23,-45,35,-40,45,-30,49,-18,52,-7,54,2,52,16,49,26,45,33,35,42,26,49,16,56,2,56,-7,56,-16,56,-28,49,-37,47,-49,35,-59,30,-61,18,-64,4,-68,-2,-66,-21,-61,-30,0,0,-37,-54,-30,-56,-11,-64,-2,-61,7,-56,16,-54,23,-49,33,-40,40,-30,40,-26,42,-14,45,-7,45,2,40,7,35,16,30,21,26,26,18,28,14,30,4,33,2,33,-9,33,-11,28,-16,26,-18,21,-23,14,-28,9,-28,4,0,0,0,0,0,0,0,0,0,0,0,0,0,0,37,21,42,0,35,-23,18,-42,-4,-47,-28,-40,-47,-18,-49,7,-40,37,-11,49,16,49,40,35,56,4,49,-26,28,-49,-2,-56,-35,-47,-54,-18,-56,14,-37,45,-7,61,26,54,54,30,66,-4,47,-37,18,-59,-18,-59,-49,-40,0,0,-59,28,-28,49,2,56,33,45,49,18,47,-11,30,-37,7,-45,-23,-37,-35,-18,-40,4,-28,28,-4,40,16,35,33,18,37,-4,26,-23,9,-33,-11,-30,-28,-21,-30,-2,-28,14,-14,26,2,28,18,21,28,9,23,-4,18,-16,0,0,0,0,0,0]"
1773371357.4922853,CSI_DATA,189417,98:4a:6b:31:4a:10,-58,11,-99,33,37,1,2089333194,83,0,256,0,"[0,0,0,0,0,0,0,0,63,27,67,35,47,51,39,63,19,83,11,75,-7,83,-23,79,-43,71,-55,71,-59,59,-79,31,-79,31,-87,15,-79,-7,-87,-7,-79,-27,-87,-47,-67,-67,-55,-71,-51,-83,-51,-91,-19,-99,-3,-95,19,-103,35,-107,47,-95,51,-63,0,0,95,-63,87,-31,83,-27,95,-11,95,19,79,23,75,19,63,43,55,51,39,67,39,67,15,67,3,63,-3,63,-11,67,-19,55,-19,55,-35,47,-35,47,-39,39,-43,23,-43,23,-47,3,-43,0,-47,-11,-27,-15,-43,-19,-35,-19,0,0,0,0,0,0,0,0,0,0,0,0,0,0,-71,23,-43,43,-23,63,15,63,55,51,71,3,67,-31,39,-63,0,-71,-51,-67,-75,-27,-91,23,-59,59,-7,79,39,71,75,43,79,-23,59,-71,11,-95,-39,-83,-79,-35,-95,15,-71,59,-15,99,43,91,79,55,91,-3,75,-63,0,0,-27,-99,-63,-55,-87,0,-71,51,-19,75,19,71,55,39,67,0,51,-39,15,-67,-23,-63,-51,-27,-51,11,-35,39,-15,51,11,51,51,23,47,-3,31,-35,7,-47,-15,-43,-39,-23,-47,3,-31,27,-11,35,11,39,23,27,39,3,0,0,0,0,0,0]"
1773371357.4997728,CSI_DATA,189418,98:4a:6b:31:4a:10,-62,11,-99,-34,59,1,2089346315,83,0,256,0,"[0,0,0,0,0,0,0,0,-36,23,-41,15,-47,6,-47,-6,-47,-17,-41,-26,-32,-39,-23,-43,-8,-50,0,-52,10,-54,26,-47,30,-41,41,-39,45,-26,56,-19,58,-6,60,0,56,10,56,23,50,32,39,43,30,54,26,63,10,63,-4,63,-15,65,-30,54,0,0,-52,39,-58,32,-58,17,-58,6,-52,-4,-50,-17,-41,-26,-36,-34,-34,-41,-23,-41,-15,-39,-10,-41,-2,-39,6,-39,13,-39,17,-34,26,-23,28,-19,28,-15,34,-6,32,0,28,6,28,13,23,13,21,21,15,26,13,26,6,26,0,0,0,0,0,0,0,0,0,0,0,0,0,0,17,-43,-4,-45,-26,-34,-41,-17,-47,8,-34,36,-13,50,13,54,41,36,52,13,50,-19,34,-39,-2,-52,-28,-45,-50,-21,-50,8,-36,41,-15,52,19,52,52,34,60,2,50,-30,26,-52,-4,-58,-41,-47,-60,-17,-60,19,-41,45,0,0,28,54,47,28,58,-6,41,-36,19,-50,-15,-50,-34,-32,-45,-6,-36,19,-19,39,8,43,28,28,36,6,32,-17,17,-32,-6,-39,-21,-23,-34,-6,-34,8,-19,26,-6,32,15,28,28,15,30,-4,23,-17,8,-23,-4,-26,-17,-17,0,0,0,0,0,0]"
1773371357.51731,CSI_DATA,189419,98:4a:6b:31:4a:10,-58,11,-99,33,37,1,2089361696,83,0,256,0,"[0,0,0,0,0,0,0,0,-11,71,-27,63,-43,71,-55,59,-67,39,-79,19,-87,7,-83,-15,-71,-31,-67,-43,-59,-63,-47,-75,-31,-79,-11,-83,3,-91,7,-79,31,-75,47,-79,63,-59,67,-51,83,-47,87,-31,95,-11,103,0,107,27,95,43,87,67,67,83,0,0,31,91,11,99,-3,95,-19,91,-39,83,-35,71,-47,59,-55,43,-71,39,-63,27,-67,11,-71,0,-75,-7,-59,-19,-55,-23,-51,-35,-35,-43,-23,-51,-15,-55,-7,-43,0,-59,11,-51,23,-47,27,-39,23,-35,35,-31,47,-19,47,-11,0,0,0,0,0,0,0,0,0,0,0,0,0,0,-15,-59,-55,-39,-75,-3,-59,39,-43,67,-7,75,39,59,75,31,75,-11,51,-51,23,-95,-31,-67,-63,-55,-95,0,-71,43,-39,71,11,87,63,63,91,11,95,-23,59,-87,-7,-99,-55,-83,-95,-31,-91,23,-55,71,-11,95,47,79,0,0,107,-15,67,-59,15,-91,-35,-75,-59,-35,-79,11,-51,43,-27,63,27,59,55,35,67,3,43,-39,23,-51,-15,-51,-43,-31,-63,-3,-35,31,-15,43,19,47,43,31,59,0,47,-15,19,-47,7,-35,-23,-35,-43,-15,-35,7,-35,31,0,0,0,0,0,0]"
1773371357.5250459,CSI_DATA,189420,98:4a:6b:31:4a:10,-62,11,-99,-33,59,1,2089362083,83,0,256,0,"[0,0,0,0,0,0,0,0,-44,-14,-40,-25,-33,-33,-25,-42,-14,-48,-4,-52,8,-50,21,-50,27,-46,38,-40,46,-29,52,-21,54,-8,54,0,54,10,52,21,48,31,42,40,33,46,27,54,16,57,6,59,-4,61,-16,61,-27,59,-38,50,-48,44,-54,35,0,0,-63,12,-61,-2,-59,-14,-54,-23,-46,-29,-40,-35,-31,-40,-23,-44,-14,-44,-6,-44,2,-44,10,-42,14,-38,19,-33,25,-29,29,-23,31,-16,33,-12,33,-4,35,0,33,6,29,12,25,14,19,21,16,23,12,25,6,25,0,25,0,0,0,0,0,0,0,0,0,0,0,0,0,0,42,-8,31,-29,10,-44,-12,-42,-38,-29,-50,-4,-44,21,-27,42,-2,50,27,42,48,21,54,-10,40,-35,12,-50,-21,-50,-46,-29,-57,0,-44,33,-19,54,14,57,44,40,61,6,54,-27,29,-54,-6,-63,-42,-48,-61,-16,-61,19,0,0,-2,65,31,48,54,21,52,-12,35,-35,6,-48,-23,-42,-40,-21,-46,8,-31,29,-6,40,16,33,31,16,35,-6,25,-25,6,-33,-14,-31,-27,-16,-33,2,-25,19,-10,31,10,29,23,19,27,2,25,-12,14,-23,-2,-25,-14,-19,0,0,0,0,0,0]"
1773371357.5337007,CSI_DATA,189421,98:4a:6b:31:4a:10,-58,11,-99,34,37,1,2089381615,83,0,256,0,"[0,0,0,0,0,0,0,0,34,58,15,73,3,77,-15,73,-46,73,-42,58,-58,46,-69,46,-77,23,-88,7,-81,-3,-85,-30,-77,-46,-69,-58,-54,-69,-38,-73,-27,-88,-19,-88,7,-96,23,-88,38,-92,58,-81,58,-69,85,-65,77,-38,92,-30,104,-11,96,11,0,0,92,42,85,61,69,69,46,77,34,85,30,88,3,88,-7,85,-19,73,-27,65,-34,65,-46,46,-50,42,-61,30,-54,23,-54,11,-54,-3,-50,-11,-38,-19,-46,-27,-42,-34,-34,-42,-19,-46,-11,-46,-7,-38,-7,-46,7,-50,27,-38,0,0,0,0,0,0,0,0,0,0,0,0,0,0,-50,-42,-73,0,-61,38,-34,69,7,77,50,69,69,30,77,-19,61,-58,19,-96,-38,-81,-58,-50,-92,3,-73,61,-30,77,27,81,69,50,88,11,73,-54,30,-92,-7,-100,-61,-69,-100,-11,-77,42,-54,88,3,100,42,88,100,30,0,0,69,-77,3,-100,-38,-96,-77,-30,-77,19,-54,46,-3,77,38,77,61,30,61,-3,46,-54,11,-50,-30,-58,-58,-19,-58,7,-46,46,-11,54,30,61,42,19,50,-11,34,-42,19,-46,-30,-46,-38,-27,-42,-3,-34,27,-23,38,11,46,0,0,0,0,0,0]"
1773371357.5510905,CSI_DATA,189422,98:4a:6b:31:4a:10,-62,11,-99,-40,59,1,2089391731,83,0,256,0,"[0,0,0,0,0,0,0,0,20,41,12,46,2,49,-10,46,-25,43,-36,36,-43,28,-49,15,-51,2,-51,-7,-51,-20,-43,-28,-41,-41,-31,-43,-20,-54,-12,-59,-5,-59,15,-59,23,-54,33,-46,46,-41,51,-33,64,-23,67,0,64,2,62,12,62,25,51,43,0,0,28,59,12,62,7,62,-2,56,-18,54,-28,46,-36,36,-38,28,-41,18,-41,10,-43,7,-43,-5,-43,-10,-38,-15,-31,-20,-23,-28,-20,-31,-12,-28,-5,-33,2,-31,7,-28,12,-28,15,-23,23,-20,23,-12,28,-10,28,-2,28,5,0,0,0,0,0,0,0,0,0,0,0,0,0,0,-38,-23,-46,0,-41,25,-23,41,5,49,31,43,49,23,54,-7,46,-33,20,-49,-12,-54,-36,-38,-56,-12,-51,20,-31,46,-2,54,25,51,56,18,59,-12,41,-41,18,-59,-23,-62,-43,-41,-64,0,-54,31,-31,56,7,64,43,56,0,0,59,-15,36,-49,10,-62,-23,-49,-49,-28,-51,2,-38,28,-15,41,18,41,36,20,41,2,33,-25,12,-36,-7,-36,-31,-20,-36,-5,-33,15,-15,36,2,36,20,28,31,12,31,-5,18,-20,7,-28,-12,-23,-23,-18,-25,0,-23,12,0,0,0,0,0,0]"
1773371357.5587056,CSI_DATA,189423,98:4a:6b:31:4a:10,-62,11,-99,-37,59,1,2089401579,83,0,256,0,"[0,0,0,0,0,0,0,0,-26,-37,-16,-45,-7,-47,2,-52,14,-47,26,-45,37,-37,45,-30,52,-21,56,-11,54,-2,56,7,52,16,49,26,42,35,35,45,28,52,18,54,11,59,2,59,-9,59,-18,56,-28,52,-42,49,-49,45,-56,35,-64,26,-66,14,0,0,-64,-11,-56,-21,-52,-35,-45,-37,-37,-45,-26,-47,-21,-47,-9,-47,0,-47,7,-45,11,-42,21,-40,23,-35,28,-30,30,-26,30,-14,35,-9,33,-4,33,0,33,4,30,11,28,16,23,18,16,23,14,26,9,26,2,26,-2,26,0,0,0,0,0,0,0,0,0,0,0,0,0,0,40,18,42,-7,35,-30,14,-45,-14,-45,-37,-33,-52,-9,-47,18,-28,45,0,52,28,42,52,18,52,-14,37,-40,7,-56,-26,-49,-49,-26,-54,9,-40,42,-9,56,23,52,54,33,61,-2,52,-37,18,-59,-21,-59,-49,-35,-66,0,0,0,-26,59,11,61,42,40,54,7,45,-23,18,-42,-9,-47,-33,-33,-47,-4,-35,21,-16,37,9,37,28,26,37,2,30,-18,11,-37,-9,-30,-26,-23,-35,-4,-28,16,-14,28,4,28,21,21,28,7,26,-11,16,-23,0,-26,-11,-21,0,0,0,0,0,0]"
1773371357.5660434,CSI_DATA,189424,98:4a:6b:31:4a:10,-62,11,-99,-36,59,1,2089411251,83,0,256,0,"[0,0,0,0,0,0,0,0,-23,39,-32,34,-41,25,-46,16,-50,4,-50,-9,-48,-20,-43,-34,-34,-41,-25,-48,-13,-52,-2,-55,9,-55,18,-52,29,-48,39,-41,43,-32,55,-25,57,-13,59,-2,59,9,57,18,55,29,46,41,41,50,27,57,18,64,2,69,0,0,-23,59,-34,52,-43,46,-48,36,-50,23,-52,13,-50,4,-48,-4,-46,-16,-41,-23,-34,-27,-27,-32,-20,-36,-13,-36,-6,-39,0,-39,6,-34,11,-32,18,-29,23,-23,27,-18,29,-11,29,-6,29,0,27,6,25,9,23,13,18,18,0,0,0,0,0,0,0,0,0,0,0,0,0,0,0,-43,-23,-36,-39,-20,-46,4,-39,29,-18,46,9,52,32,39,50,13,50,-13,34,-39,6,-55,-23,-50,-48,-29,-55,0,-43,32,-20,52,11,55,41,39,57,9,55,-25,29,-50,-4,-59,-39,-50,-59,-23,-59,16,-43,48,-9,62,0,0,52,32,59,0,50,-27,23,-50,-11,-50,-36,-32,-46,-4,-41,20,-20,36,6,43,27,29,39,6,34,-16,18,-32,-4,-34,-20,-27,-32,-9,-32,9,-20,25,-2,32,16,27,27,13,29,-2,23,-18,9,-25,-6,-25,-18,-18,-25,-4,0,0,0,0,0,0]"
1773371357.5730174,CSI_DATA,189425,98:4a:6b:31:4a:10,-62,11,-99,-41,59,1,2089421067,83,0,256,0,"[0,0,0,0,0,0,0,0,-10,-45,0,-47,10,-47,18,-45,31,-39,39,-34,45,-23,53,-13,53,-5,53,5,53,15,50,26,45,34,37,39,29,47,21,53,13,55,2,58,-5,58,-15,58,-23,53,-34,50,-42,45,-53,37,-55,31,-66,18,-66,10,-66,-2,0,0,-58,-23,-53,-34,-45,-42,-34,-45,-26,-50,-18,-53,-10,-50,-2,-50,5,-50,13,-42,18,-39,23,-34,29,-31,31,-23,34,-18,37,-13,34,-5,34,0,34,2,31,10,29,13,26,21,21,21,15,23,13,23,7,26,0,26,-5,23,0,0,0,0,0,0,0,0,0,0,0,0,0,0,29,31,42,10,42,-13,29,-37,5,-47,-23,-45,-45,-26,-50,2,-42,31,-15,50,15,50,42,34,55,2,47,-29,23,-50,-10,-55,-39,-39,-55,-7,-50,29,-26,53,7,58,42,45,61,13,58,-26,34,-55,-5,-61,-39,-50,-61,-13,0,0,-34,53,0,61,34,47,50,18,47,-13,29,-39,0,-47,-26,-37,-42,-13,-39,13,-23,34,2,39,23,31,37,10,34,-15,18,-31,-2,-34,-21,-26,-31,-5,-31,13,-15,29,0,31,18,26,26,10,26,-7,15,-21,2,-23,-10,-21,0,0,0,0,0,0]"
1773371357.5898526,CSI_DATA,189426,98:4a:6b:31:4a:10,-62,11,-99,-31,59,1,2089430703,83,0,256,0,"[0,0,0,0,0,0,0,0,31,31,23,39,17,45,1,47,-7,45,-21,47,-31,41,-41,31,-47,21,-51,13,-55,1,-51,-7,-55,-17,-47,-23,-41,-39,-37,-47,-27,-49,-17,-59,-3,-59,3,-53,19,-57,25,-51,41,-49,53,-31,53,-29,61,-25,61,-9,67,5,0,0,59,29,45,43,39,47,33,47,15,53,7,55,-3,53,-11,45,-17,39,-23,33,-27,35,-33,25,-37,23,-37,11,-35,5,-39,-1,-33,-5,-31,-11,-27,-21,-21,-25,-17,-25,-11,-29,-5,-27,0,-29,1,-25,11,-27,15,-21,17,-17,0,0,0,0,0,0,0,0,0,0,0,0,0,0,-43,-11,-41,13,-27,33,-9,45,19,39,41,29,51,5,47,-23,27,-45,1,-51,-31,-39,-45,-17,-53,11,-35,41,-9,51,19,49,45,33,51,-5,47,-37,15,-49,-13,-59,-49,-39,-55,-9,-53,33,-31,55,5,59,35,49,65,21,0,0,41,-47,0,-57,-25,-51,-45,-25,-53,7,-35,33,-13,47,13,37,39,17,41,-5,29,-25,9,-37,-13,-31,-29,-21,-31,3,-29,23,-11,33,11,33,25,19,33,1,27,-13,13,-25,-3,-25,-17,-23,-27,-5,-25,5,-15,19,-1,23,0,0,0,0,0,0]"
1773371357.5966873,CSI_DATA,189427,98:4a:6b:31:4a:10,-62,11,-99,-41,59,1,2089440645,83,0,256,0,"[0,0,0,0,0,0,0,0,-18,-42,-10,-45,0,-50,10,-47,23,-45,31,-42,39,-34,45,-26,47,-15,53,-7,53,2,53,13,53,21,47,29,42,37,34,45,29,50,18,53,10,55,2,58,-7,58,-15,58,-26,58,-37,53,-42,47,-50,39,-58,31,-61,18,0,0,-66,-2,-63,-13,-58,-21,-50,-29,-42,-34,-34,-39,-26,-45,-21,-45,-13,-47,-5,-45,0,-42,7,-42,13,-39,18,-34,23,-29,26,-26,29,-21,29,-18,31,-10,31,-5,31,0,29,7,29,10,23,13,23,15,18,18,15,21,7,23,0,0,0,0,0,0,0,0,0,0,0,0,0,0,37,23,45,0,39,-23,21,-42,-5,-45,-34,-37,-47,-13,-50,15,-31,39,-2,53,29,47,47,23,53,-10,37,-39,7,-53,-26,-47,-53,-26,-55,10,-42,42,-10,58,23,53,50,29,58,-7,47,-42,10,-61,-26,-58,-55,-34,-63,5,0,0,-13,61,21,55,50,31,55,-2,39,-31,13,-47,-15,-45,-37,-23,-42,5,-29,29,-5,39,18,34,37,18,37,-5,23,-29,2,-34,-15,-29,-31,-13,-31,7,-21,23,-2,34,15,29,26,13,26,-5,18,-18,5,-26,-10,-21,-21,-13,0,0,0,0,0,0]"
1773371357.6033819,CSI_DATA,189428,98:4a:6b:31:4a:10,-62,11,-99,-33,59,1,2089450534,83,0,256,0,"[0,0,0,0,0,0,0,0,23,-40,31,-35,40,-27,46,-19,50,-6,52,6,50,16,44,29,38,38,31,46,19,50,12,57,0,54,-10,54,-21,50,-29,46,-40,42,-48,33,-52,27,-57,16,-59,6,-61,-4,-61,-14,-57,-29,-52,-38,-48,-50,-38,-54,-25,-63,0,0,2,-65,12,-61,23,-57,33,-50,38,-40,44,-31,46,-23,48,-16,48,-4,46,4,44,10,40,16,35,21,31,27,23,31,16,33,12,35,4,35,-2,33,-8,31,-12,29,-19,27,-21,23,-23,16,-25,10,-25,6,-27,2,-27,-4,0,0,0,0,0,0,0,0,0,0,0,0,0,0,2,42,23,35,42,16,44,-6,38,-31,16,-48,-10,-48,-35,-35,-50,-10,-48,21,-29,44,0,54,31,44,52,21,57,-10,40,-40,10,-57,-25,-50,-50,-29,-59,4,-46,38,-19,59,16,61,50,40,63,6,52,-31,27,-57,-10,-63,0,0,-63,-14,-54,21,-33,48,0,54,29,42,46,16,46,-14,29,-38,2,-44,-21,-35,-38,-14,-38,10,-23,27,-2,38,21,31,33,12,35,-6,21,-25,4,-31,-14,-29,-27,-14,-31,2,-23,19,-8,29,8,27,21,16,25,4,23,-10,0,0,0,0,0,0]"
1773371357.6200242,CSI_DATA,189429,98:4a:6b:31:4a:10,-62,11,-99,-28,58,1,2089463654,83,0,256,0,"[0,0,0,0,0,0,0,0,32,34,22,41,14,45,8,49,-2,47,-16,49,-24,45,-34,41,-41,34,-49,24,-51,16,-55,4,-55,-4,-55,-14,-51,-24,-47,-30,-45,-39,-34,-43,-28,-51,-20,-53,-12,-59,-4,-61,6,-59,16,-61,26,-55,39,-49,47,-43,55,-36,0,0,65,-16,61,-6,61,4,57,12,51,22,45,28,36,32,32,39,24,41,18,39,10,43,4,43,0,41,-8,39,-14,36,-18,34,-22,26,-26,24,-26,18,-30,14,-30,8,-28,2,-30,-8,-28,-8,-26,-12,-22,-16,-18,-16,-14,-20,0,0,0,0,0,0,0,0,0,0,0,0,0,0,-41,-10,-43,12,-28,34,-4,45,22,43,43,24,51,-4,41,-30,16,-49,-16,-51,-41,-30,-53,-6,-47,24,-22,47,8,51,39,36,55,6,51,-24,26,-51,-10,-57,-41,-43,-59,-10,-55,26,-28,51,8,63,43,51,63,18,63,-22,0,0,-6,-61,-34,-47,-55,-16,-49,18,-30,43,0,49,30,36,43,12,41,-16,22,-34,-4,-41,-26,-28,-39,-8,-34,16,-12,32,8,36,24,22,32,6,30,-18,14,-26,-4,-32,-18,-22,-24,-6,-26,10,-16,20,2,26,16,22,24,8,0,0,0,0,0,0]"
1773371357.6283598,CSI_DATA,189430,98:4a:6b:31:4a:10,-62,11,-99,-44,60,1,2089476828,83,0,256,0,"[0,0,0,0,0,0,0,0,-36,-28,-28,-36,-20,-46,-10,-49,5,-51,15,-49,25,-43,41,-38,46,-28,54,-18,54,-2,51,5,54,12,46,23,43,36,38,38,23,49,18,51,10,54,2,62,-15,54,-28,51,-38,46,-46,41,-54,31,-62,25,-64,7,-67,-5,0,0,-56,-25,-51,-33,-41,-49,-31,-49,-20,-51,-10,-54,2,-51,10,-49,15,-43,20,-38,31,-33,36,-23,38,-18,41,-12,38,-2,36,2,36,7,31,15,28,20,18,25,15,28,7,31,2,28,-2,31,-5,31,-7,23,-12,20,-23,18,0,0,0,0,0,0,0,0,0,0,0,0,0,0,43,5,41,-18,25,-36,5,-46,-23,-38,-41,-25,-49,0,-46,28,-23,46,5,51,38,36,54,15,54,-15,36,-43,5,-59,-28,-46,-49,-28,-56,10,-46,41,-20,56,18,62,49,41,62,10,56,-31,28,-56,-7,-67,-43,-46,-64,-12,0,0,-41,46,-5,59,28,54,49,20,54,-7,38,-33,10,-46,-18,-43,-36,-23,-41,2,-31,25,-10,36,10,36,28,23,36,-2,31,-20,12,-31,-7,-33,-25,-23,-31,-5,-28,15,-15,25,2,31,18,23,25,7,25,-2,15,-18,7,-25,0,0,0,0,0,0]"
1773371357.6460376,CSI_DATA,189431,98:4a:6b:31:4a:10,-58,11,-99,31,37,1,2089486408,83,0,256,0,"[0,0,0,0,0,0,0,0,-33,63,-46,59,-59,37,-67,25,-75,25,-84,-4,-75,-25,-84,-33,-71,-46,-63,-46,-46,-67,-33,-88,-12,-92,-8,-88,8,-101,25,-75,37,-80,50,-75,67,-63,71,-54,84,-46,92,-37,109,-25,96,0,109,12,96,16,88,46,88,75,0,0,59,80,37,92,12,101,4,88,-16,92,-25,92,-37,75,-33,71,-59,54,-59,37,-63,25,-59,29,-75,16,-63,4,-63,0,-67,-12,-59,-12,-50,-25,-46,-37,-29,-37,-33,-42,-8,-50,-4,-50,0,-42,16,-42,16,-50,16,-50,25,-42,0,0,0,0,0,0,0,0,0,0,0,0,0,0,0,-71,-37,-54,-59,-29,-63,21,-50,42,-21,71,25,80,54,46,80,8,71,-42,42,-71,-12,-84,-59,-63,-84,-8,-75,37,-46,84,12,88,59,63,88,21,92,-37,50,-80,0,-101,-54,-88,-92,-25,-96,29,-63,80,-4,96,50,92,0,0,96,-33,59,-71,0,-88,-46,-67,-75,-33,-75,21,-50,63,8,80,46,46,59,25,67,-33,37,-59,-21,-59,-37,-46,-63,-16,-54,29,-16,50,16,50,37,37,50,0,46,-21,37,-42,-4,-42,-25,-37,-37,-8,-42,21,-29,37,0,33,0,0,0,0,0,0]"
1773371357.6536834,CSI_DATA,189432,98:4a:6b:31:4a:10,-58,11,-99,32,37,1,2089496379,83,0,256,0,"[0,0,0,0,0,0,0,0,28,69,4,73,-12,77,-24,73,-49,61,-61,57,-73,45,-86,28,-90,12,-86,-4,-81,-32,-77,-45,-61,-61,-53,-65,-36,-86,-20,-86,-4,-94,8,-102,24,-81,36,-86,61,-73,77,-73,90,-49,110,-28,110,-16,118,4,106,12,94,28,0,0,77,77,53,81,45,106,20,98,0,90,-12,94,-24,81,-40,77,-49,65,-57,53,-65,32,-65,28,-73,12,-65,0,-57,-12,-57,-16,-49,-20,-36,-28,-36,-45,-28,-53,-24,-49,-8,-57,0,-53,12,-45,12,-49,32,-40,32,-28,40,-24,0,0,0,0,0,0,0,0,0,0,0,0,0,0,-53,-49,-69,0,-77,24,-49,57,0,77,40,73,65,40,73,8,61,-49,36,-77,-20,-86,-61,-61,-86,-12,-73,32,-45,69,4,90,57,69,86,32,90,-20,65,-77,12,-98,-36,-90,-86,-49,-106,12,-77,65,-32,110,40,106,77,81,0,0,94,-53,65,-90,-16,-90,-57,-57,-73,-16,-77,32,-36,61,4,77,49,61,65,20,53,-32,28,-53,4,-65,-32,-53,-57,-16,-53,20,-32,45,0,57,28,49,40,24,57,-16,36,-36,20,-53,-8,-45,-32,-24,-45,4,-36,28,-20,32,0,0,0,0,0,0]"
1773371357.6609395,CSI_DATA,189433,98:4a:6b:31:4a:10,-62,11,-99,-37,60,1,2089507650,83,0,256,0,"[0,0,0,0,0,0,0,0,42,-19,46,-10,48,6,46,19,40,31,31,38,16,48,14,52,0,52,-14,50,-27,44,-38,40,-44,29,-50,25,-54,10,-54,-2,-50,-14,-50,-23,-42,-35,-35,-44,-27,-52,-10,-59,-2,-59,6,-63,19,-63,35,-54,48,-46,54,-40,0,0,65,-8,67,4,52,21,52,33,42,29,31,35,16,44,10,50,4,52,-4,48,-19,42,-19,40,-29,31,-33,21,-35,14,-38,8,-38,-4,-35,-4,-33,-14,-31,-19,-21,-21,-12,-25,-8,-29,-4,-27,0,-31,8,-25,12,-23,19,-19,0,0,0,0,0,0,0,0,0,0,0,0,0,0,-23,38,-4,42,19,42,40,27,48,6,42,-25,19,-44,6,-52,-25,-46,-48,-27,-54,2,-44,33,-21,50,12,57,40,42,54,14,57,-21,40,-46,8,-63,-27,-54,-50,-27,-54,2,-46,38,-25,59,12,65,46,46,67,12,61,-23,0,0,6,-63,-25,-57,-54,-27,-59,10,-44,25,-21,42,8,42,29,29,44,6,42,-16,14,-40,0,-38,-25,-27,-38,-10,-38,8,-23,29,-4,29,16,31,29,12,31,-4,25,-19,12,-27,-4,-29,-21,-19,-29,-8,-25,8,-16,19,-2,25,0,0,0,0,0,0]"
1773371357.669017,CSI_DATA,189434,98:4a:6b:31:4a:10,-62,11,-99,-40,60,1,2089517311,83,0,256,0,"[0,0,0,0,0,0,0,0,-32,32,-39,25,-41,13,-46,6,-52,-4,-48,-18,-46,-27,-39,-39,-29,-46,-18,-50,-9,-52,2,-55,13,-55,25,-50,32,-43,39,-36,46,-32,52,-23,55,-16,59,0,59,6,59,16,55,27,50,36,41,50,32,55,23,59,6,64,0,0,-16,62,-23,59,-36,52,-43,41,-46,34,-48,23,-48,13,-48,4,-48,-2,-48,-11,-43,-20,-34,-23,-29,-27,-25,-29,-18,-36,-9,-36,-6,-39,4,-36,9,-32,16,-32,20,-27,23,-23,25,-20,27,-11,27,-4,25,2,27,4,25,9,0,0,0,0,0,0,0,0,0,0,0,0,0,0,6,-46,-16,-43,-34,-29,-43,-4,-48,20,-27,43,0,52,27,43,48,23,50,-9,39,-36,13,-57,-16,-52,-43,-32,-55,0,-48,32,-23,55,11,59,41,41,64,9,55,-25,32,-57,-6,-64,-41,-52,-66,-18,-64,23,-43,52,-4,62,0,0,57,25,64,-9,46,-39,13,-57,-20,-50,-43,-27,-48,6,-36,29,-9,46,13,39,34,23,41,-4,32,-23,11,-34,-11,-34,-25,-20,-39,0,-27,20,-11,32,11,29,23,20,32,4,27,-16,16,-25,-4,-25,-18,-20,-25,-9,-25,6,0,0,0,0,0,0]"
1773371357.6868806,CSI_DATA,189435,98:4a:6b:31:4a:10,-62,11,-99,-29,58,1,2089527102,83,0,256,0,"[0,0,0,0,0,0,0,0,25,-42,35,-33,42,-23,46,-12,48,4,50,16,46,27,38,40,27,48,19,52,4,54,0,50,-14,54,-27,46,-33,35,-40,29,-48,23,-57,10,-61,0,-57,-12,-59,-23,-48,-33,-44,-40,-23,-57,-27,-63,-14,-65,-2,-63,10,-67,0,0,38,-52,50,-35,57,-25,54,-19,61,-2,52,8,50,16,42,23,35,31,27,35,21,44,10,44,2,40,-2,40,-14,35,-21,33,-25,27,-29,21,-31,19,-33,4,-35,4,-31,-4,-25,-8,-23,-14,-16,-19,-12,-21,-12,-27,-6,-27,0,0,0,0,0,0,0,0,0,0,0,0,0,0,-4,40,23,38,35,23,46,-2,40,-23,25,-42,0,-50,-27,-44,-48,-21,-50,6,-42,35,-12,48,16,54,42,35,59,6,57,-21,35,-44,4,-57,-31,-50,-52,-23,-63,10,-44,42,-14,63,25,59,44,40,59,6,50,-29,27,-59,0,0,-42,-50,-54,-19,-57,12,-38,38,-4,48,21,46,46,25,44,-4,35,-27,12,-38,-8,-40,-31,-23,-40,-2,-31,19,-16,31,4,33,23,27,31,6,31,-8,19,-31,0,-29,-16,-25,-25,-10,-31,2,-19,16,-8,29,4,23,16,16,0,0,0,0,0,0]"
1773371357.6945162,CSI_DATA,189436,98:4a:6b:31:4a:10,-62,11,-99,-32,58,1,2089538501,83,0,256,0,"[0,0,0,0,0,0,0,0,36,-29,41,-20,48,-11,48,0,48,13,46,23,41,32,32,43,23,48,13,52,2,55,-9,55,-20,50,-27,50,-34,43,-41,34,-48,27,-55,18,-59,9,-59,-2,-57,-11,-57,-23,-52,-32,-46,-43,-39,-50,-29,-57,-18,-62,-6,-66,0,0,18,-64,27,-55,36,-50,43,-39,46,-29,50,-20,50,-11,50,-4,48,6,46,13,41,20,34,25,29,27,23,29,16,36,9,36,4,36,-2,36,-9,34,-16,32,-20,25,-23,23,-25,18,-25,11,-27,6,-27,0,-27,-4,-25,-9,0,0,0,0,0,0,0,0,0,0,0,0,0,0,-13,41,9,43,32,32,46,11,46,-13,32,-39,6,-50,-23,-46,-43,-27,-50,2,-43,32,-18,50,11,50,41,36,55,6,48,-25,27,-50,-6,-57,-39,-43,-55,-16,-55,23,-34,50,0,62,36,52,59,20,62,-16,43,-48,9,-62,0,0,-55,-29,-59,4,-43,36,-13,52,18,50,39,27,48,-2,36,-27,13,-41,-11,-39,-32,-23,-39,2,-32,25,-11,36,11,34,29,18,34,2,27,-18,11,-29,-6,-29,-23,-20,-32,-2,-27,13,-13,25,2,25,16,20,25,9,25,-6,0,0,0,0,0,0]"
1773371357.7017353,CSI_DATA,189437,98:4a:6b:31:4a:10,-62,11,-99,-37,60,1,2089548884,83,0,256,0,"[0,0,0,0,0,0,0,0,44,10,42,19,38,31,27,40,16,48,4,46,-10,52,-19,46,-29,42,-38,33,-48,25,-54,12,-50,4,-54,-6,-54,-21,-50,-35,-40,-44,-33,-48,-21,-50,-12,-61,-2,-54,14,-61,25,-59,35,-59,44,-44,54,-31,63,-23,61,-10,0,0,63,21,59,29,44,40,38,48,25,46,14,50,0,50,-6,52,-16,48,-21,42,-27,33,-29,29,-38,23,-38,12,-40,6,-35,0,-35,-10,-29,-12,-27,-21,-25,-25,-12,-25,-10,-31,-2,-31,4,-27,8,-27,14,-25,16,-19,19,-12,0,0,0,0,0,0,0,0,0,0,0,0,0,0,-42,14,-27,33,-4,46,14,44,38,29,50,2,46,-21,29,-44,4,-52,-23,-48,-48,-25,-57,2,-40,33,-19,52,10,52,38,33,57,8,52,-23,31,-48,-2,-61,-33,-44,-52,-25,-61,8,-46,38,-16,67,21,63,50,42,63,6,0,0,29,-52,-2,-61,-40,-46,-52,-14,-50,12,-33,35,-10,46,19,42,38,21,44,-2,31,-29,10,-35,-14,-33,-31,-21,-38,2,-25,25,-12,29,10,31,25,23,29,4,33,-8,16,-25,2,-31,-12,-23,-25,-12,-25,4,-21,16,-10,25,0,0,0,0,0,0]"
1773371357.7183833,CSI_DATA,189438,98:4a:6b:31:4a:10,-62,11,-99,-40,59,1,2089561889,83,0,256,0,"[0,0,0,0,0,0,0,0,-31,-36,-20,-41,-10,-46,0,-49,12,-49,23,-46,33,-41,41,-33,49,-23,54,-12,54,-2,56,10,51,18,46,28,41,38,36,43,25,51,18,54,7,56,-2,59,-15,59,-23,56,-33,51,-46,46,-51,36,-59,25,-64,15,-67,2,0,0,-62,-20,-54,-31,-49,-41,-38,-46,-28,-49,-18,-51,-7,-51,2,-49,10,-49,18,-41,23,-38,28,-33,33,-28,36,-20,38,-12,38,-7,38,0,33,5,33,12,28,15,25,20,18,25,15,28,7,28,5,28,-2,25,-7,28,-12,23,0,0,0,0,0,0,0,0,0,0,0,0,0,0,41,12,43,-10,31,-33,10,-43,-15,-43,-38,-31,-49,-5,-46,20,-25,46,2,51,33,43,51,18,54,-12,36,-41,7,-56,-23,-51,-51,-28,-56,5,-46,38,-15,56,20,59,49,36,62,2,54,-36,25,-59,-10,-62,-46,-43,-64,-10,0,0,-33,51,0,59,33,46,54,18,49,-12,31,-38,5,-46,-23,-38,-41,-15,-38,10,-25,33,-2,38,20,31,33,15,36,-10,23,-25,5,-33,-18,-28,-31,-12,-33,5,-23,23,-7,28,10,28,23,15,28,0,23,-15,10,-23,-2,-23,0,0,0,0,0,0]"
1773371357.7357876,CSI_DATA,189439,98:4a:6b:31:4a:10,-62,11,-99,-32,59,1,2089577829,83,0,256,0,"[0,0,0,0,0,0,0,0,43,12,39,24,34,30,22,36,18,47,2,51,-4,53,-16,51,-26,45,-34,41,-39,34,-47,28,-51,20,-53,10,-55,2,-59,-8,-51,-16,-49,-26,-41,-36,-41,-43,-30,-45,-24,-55,-14,-57,0,-63,6,-65,16,-59,24,-59,36,-51,0,0,57,-39,59,-22,59,-14,59,-4,53,6,53,14,47,20,41,26,36,34,28,34,24,39,18,39,12,39,4,36,-2,39,-10,34,-12,32,-16,28,-22,26,-26,22,-28,16,-30,8,-28,6,-28,-2,-28,-6,-26,-10,-24,-12,-18,-16,0,0,0,0,0,0,0,0,0,0,0,0,0,0,-43,10,-30,32,-10,45,12,43,43,24,51,0,49,-22,26,-43,-4,-51,-30,-45,-53,-14,-53,14,-32,43,-2,55,30,43,53,18,57,-12,36,-41,8,-57,-32,-51,-53,-26,-63,10,-45,41,-12,65,28,59,59,30,65,-8,51,-41,0,0,-20,-63,-51,-32,-59,2,-45,34,-14,49,16,47,39,28,45,0,39,-28,10,-41,-16,-36,-34,-16,-36,6,-30,22,-4,34,16,30,30,18,32,-2,26,-22,8,-32,-8,-32,-26,-18,-30,0,-20,16,-8,26,6,26,20,16,26,2,0,0,0,0,0,0]"
1773371357.7434082,CSI_DATA,189440,98:4a:6b:31:4a:10,-57,11,-99,32,37,1,2089587219,83,0,256,0,"[0,0,0,0,0,0,0,0,40,-69,61,-49,69,-45,77,-20,86,0,81,16,77,40,77,49,57,61,49,86,16,94,12,90,-4,94,-20,81,-36,69,-53,61,-81,65,-81,49,-94,32,-94,12,-106,4,-94,-20,-94,-40,-81,-57,-69,-73,-57,-98,-36,-106,-20,-122,0,0,28,-114,32,-98,57,-77,65,-65,90,-53,81,-32,81,-24,73,-8,77,16,73,16,65,24,53,40,36,49,28,53,12,57,16,61,8,57,-8,65,-28,65,-36,45,-45,45,-45,45,-45,24,-40,20,-61,4,-49,-4,-45,-16,-32,-20,0,0,0,0,0,0,0,0,0,0,0,0,0,0,-12,69,32,57,61,24,77,8,65,-45,40,-77,-16,-81,-45,-69,-73,-32,-81,16,-61,61,-8,81,40,86,77,45,94,-4,81,-57,32,-86,-28,-86,-73,-57,-86,-16,-81,45,-49,90,16,102,73,81,94,32,102,-24,69,-77,4,-110,0,0,-98,-57,-81,4,-69,57,-24,94,32,90,73,45,81,8,73,-32,16,-57,-24,-57,-53,-36,-57,0,-49,20,-24,49,16,49,36,40,49,0,53,-24,20,-57,-4,-53,-32,-32,-49,-12,-45,20,-24,32,4,49,16,40,32,20,40,-8,0,0,0,0,0,0]"
1773371357.7511084,CSI_DATA,189441,98:4a:6b:31:4a:10,-58,11,-99,33,37,1,2089597292,83,0,256,0,"[0,0,0,0,0,0,0,0,71,35,59,51,39,59,19,71,11,75,0,83,-15,83,-23,79,-47,63,-59,55,-67,43,-75,35,-87,27,-79,3,-79,-11,-87,-23,-79,-39,-71,-51,-67,-67,-55,-79,-39,-79,-35,-83,-27,-103,-11,-107,11,-103,43,-99,47,-83,67,-87,0,0,87,-59,95,-51,91,-27,91,-11,91,3,79,11,87,27,75,43,63,47,47,59,39,55,27,59,19,63,7,59,0,63,-11,63,-15,63,-27,63,-35,51,-31,51,-43,27,-39,19,-43,11,-47,3,-47,-3,-43,-3,-43,-11,-39,-11,0,0,0,0,0,0,0,0,0,0,0,0,0,0,-71,3,-59,39,-31,59,11,63,47,51,75,23,63,-23,55,-67,7,-83,-35,-55,-75,-31,-83,19,-55,55,-3,95,39,71,71,43,95,-15,63,-71,31,-91,-31,-87,-79,-39,-83,15,-67,59,-15,99,31,95,83,51,99,7,75,-55,0,0,-19,-83,-75,-55,-95,0,-63,55,-23,79,23,71,55,35,71,0,55,-43,15,-67,-23,-55,-47,-19,-55,23,-43,39,-3,59,27,51,35,27,43,-15,23,-35,3,-47,-27,-47,-39,-23,-47,0,-27,31,-3,31,19,39,31,19,51,-11,0,0,0,0,0,0]"
1773371357.7591722,CSI_DATA,189442,98:4a:6b:31:4a:10,-58,11,-99,39,37,1,2089597759,83,0,256,0,"[0,0,0,0,0,0,0,0,-60,46,-77,30,-77,13,-77,0,-73,-16,-70,-36,-63,-50,-63,-53,-36,-73,-30,-83,-13,-87,0,-87,26,-87,26,-83,46,-90,53,-66,73,-63,77,-46,93,-33,90,-20,93,-10,100,10,83,23,97,50,70,60,83,70,63,87,36,103,0,0,20,87,-6,97,-26,103,-40,77,-43,83,-53,66,-60,70,-70,46,-70,23,-66,16,-70,3,-60,0,-73,-3,-56,-16,-56,-23,-50,-36,-46,-36,-26,-46,-26,-46,-26,-56,-10,-50,3,-63,10,-53,20,-43,20,-43,23,-40,40,-30,40,-20,0,0,0,0,0,0,0,0,0,0,0,0,0,0,33,-66,0,-70,-43,-56,-70,-16,-70,23,-40,56,3,73,30,80,70,46,80,-3,66,-56,26,-77,-33,-83,-73,-43,-87,-6,-73,43,-30,80,26,77,77,53,90,6,83,-56,26,-97,-26,-103,-77,-73,-100,-3,-90,50,-33,93,20,100,0,0,90,6,77,-36,40,-80,-16,-73,-63,-56,-77,-10,-70,36,-23,63,20,70,53,36,60,3,53,-33,26,-56,-16,-63,-50,-26,-63,16,-50,26,-10,50,20,53,36,23,50,0,43,-30,10,-36,-10,-40,-26,-20,-33,3,-40,20,-13,36,0,0,0,0,0,0]"
1773371357.7766309,CSI_DATA,189443,98:4a:6b:31:4a:10,-62,11,-99,-33,59,1,2089617080,83,0,256,0,"[0,0,0,0,0,0,0,0,33,-31,42,-21,46,-10,48,2,48,16,44,27,38,38,27,46,16,52,2,52,-8,52,-19,52,-29,46,-40,40,-46,27,-50,19,-54,8,-59,-4,-57,-14,-52,-25,-46,-33,-40,-44,-29,-52,-19,-59,-4,-65,6,-65,21,-65,31,-59,0,0,54,-40,57,-25,61,-12,59,0,54,10,48,19,42,27,35,35,27,42,19,42,10,44,0,44,-6,42,-14,38,-23,33,-27,27,-29,21,-31,14,-33,8,-35,2,-31,-6,-29,-10,-25,-16,-19,-21,-14,-25,-10,-27,-4,-27,2,-27,0,0,0,0,0,0,0,0,0,0,0,0,0,0,-12,42,10,44,31,31,44,12,46,-14,31,-35,10,-48,-16,-48,-40,-33,-52,-6,-48,23,-29,46,0,54,31,48,50,23,57,-8,42,-38,14,-57,-19,-57,-48,-35,-59,-4,-54,27,-31,54,4,65,40,52,61,21,61,-16,44,-48,0,0,-25,-57,-50,-35,-61,-2,-50,29,-19,46,6,50,33,33,46,10,42,-16,23,-33,-2,-42,-23,-31,-38,-12,-35,10,-25,27,-4,35,16,31,29,14,33,-2,25,-23,10,-29,-8,-29,-23,-21,-29,-4,-25,10,-14,21,0,25,12,23,0,0,0,0,0,0]"
1773371357.7841222,CSI_DATA,189444,98:4a:6b:31:4a:10,-62,11,-99,-34,59,1,2089626907,83,0,256,0,"[0,0,0,0,0,0,0,0,39,-26,43,-17,47,-6,47,2,47,15,43,26,36,36,28,45,19,50,10,54,-2,54,-10,54,-19,50,-28,45,-36,39,-45,32,-52,23,-56,15,-58,6,-58,-2,-56,-13,-54,-21,-52,-30,-45,-45,-36,-52,-28,-58,-17,-63,-6,-67,0,0,19,-60,28,-56,39,-47,43,-39,47,-32,50,-21,50,-13,50,-4,50,6,43,13,41,19,36,23,32,28,26,32,17,34,10,36,6,36,-2,34,-6,34,-13,30,-17,28,-21,23,-23,19,-26,13,-26,8,-28,2,-28,-2,-26,-6,0,0,0,0,0,0,0,0,0,0,0,0,0,0,-19,41,4,43,28,32,43,13,45,-13,34,-36,10,-50,-17,-47,-43,-30,-50,-2,-43,30,-19,50,10,54,39,39,56,10,52,-23,28,-50,-4,-56,-39,-43,-56,-15,-56,19,-36,52,-4,63,34,52,56,23,63,-13,41,-50,8,-65,0,0,-56,-30,-60,4,-45,36,-15,54,19,50,41,28,50,-2,36,-28,13,-43,-13,-41,-34,-23,-41,2,-30,21,-8,36,15,34,30,19,34,-2,28,-19,10,-30,-8,-30,-23,-19,-32,-2,-26,15,-13,28,4,26,17,19,26,8,23,-6,0,0,0,0,0,0]"
1773371357.791474,CSI_DATA,189445,98:4a:6b:31:4a:10,-62,11,-99,-36,59,1,2089636995,83,0,256,0,"[0,0,0,0,0,0,0,0,2,46,-9,46,-20,39,-27,36,-41,27,-48,18,-52,9,-55,-6,-52,-18,-48,-27,-41,-36,-29,-43,-18,-52,-6,-52,2,-52,11,-52,20,-52,32,-43,41,-36,52,-27,55,-20,59,-11,57,-2,57,16,57,27,50,36,43,48,34,57,0,0,9,62,-2,59,-16,59,-23,50,-32,46,-41,36,-43,29,-43,16,-46,6,-46,-2,-43,-11,-36,-18,-29,-23,-27,-25,-18,-34,-11,-36,-6,-36,2,-36,6,-36,13,-32,18,-27,23,-23,25,-18,29,-9,27,-2,25,2,27,4,25,11,0,0,0,0,0,0,0,0,0,0,0,0,0,0,-25,-36,-39,-18,-46,2,-34,27,-18,43,6,48,32,39,46,13,46,-13,32,-36,6,-52,-23,-48,-43,-32,-50,0,-46,32,-23,52,6,57,36,46,55,16,57,-18,36,-48,4,-62,-32,-57,-59,-25,-62,6,-50,43,-20,62,20,59,0,0,64,6,52,-27,27,-50,-2,-55,-32,-39,-48,-11,-43,20,-25,39,0,46,20,36,34,18,39,-9,27,-27,6,-34,-13,-34,-29,-18,-34,0,-23,18,-11,29,9,29,23,20,29,2,27,-13,18,-23,-2,-23,-16,-20,-23,-9,-25,4,0,0,0,0,0,0]"
1773371357.798644,CSI_DATA,189446,98:4a:6b:31:4a:10,-58,11,-99,37,37,1,2089646745,83,0,256,0,"[0,0,0,0,0,0,0,0,-31,-63,-31,-67,-14,-74,0,-60,24,-74,31,-74,42,-56,63,-53,74,-42,78,-24,78,-14,81,7,88,24,70,39,67,56,67,67,63,78,35,81,17,99,0,95,-10,88,-21,85,-35,99,-53,81,-67,70,-81,60,-88,56,-113,31,0,0,-109,-10,-85,-21,-85,-46,-67,-49,-67,-63,-42,-63,-46,-67,-28,-78,-3,-70,-7,-67,10,-60,28,-63,35,-63,42,-49,46,-53,53,-39,53,-17,56,-14,56,-14,46,-7,56,14,46,24,39,31,42,31,31,42,10,49,7,39,-3,46,0,0,0,0,0,0,0,0,0,0,0,0,0,0,60,24,67,-14,56,-53,24,-70,-31,-67,-60,-42,-78,-10,-70,31,-39,70,7,81,60,67,74,21,74,-21,53,-63,7,-78,-39,-85,-85,-46,-81,14,-70,49,-7,95,35,74,78,39,92,-17,78,-70,10,-99,-39,-85,-81,-39,-92,-3,0,0,-53,109,10,92,74,46,81,0,74,-35,21,-78,-10,-81,-46,-53,-74,10,-46,39,-21,56,17,53,53,42,53,7,42,-42,17,-53,-24,-46,-53,-39,-46,10,-42,39,-7,49,14,53,39,24,42,7,46,-24,17,-35,0,-35,-24,-31,0,0,0,0,0,0]"
1773371357.8153143,CSI_DATA,189447,98:4a:6b:31:4a:10,-62,11,-99,-39,60,1,2089656548,83,0,256,0,"[0,0,0,0,0,0,0,0,-44,11,-47,0,-47,-11,-44,-22,-35,-33,-29,-42,-17,-49,-6,-53,4,-51,17,-51,29,-47,38,-40,44,-31,51,-22,53,-11,55,-2,55,8,55,17,51,31,44,38,35,47,29,55,17,58,4,62,-6,64,-17,62,-31,58,-40,51,0,0,-58,29,-60,13,-60,2,-58,-4,-53,-15,-47,-24,-40,-33,-31,-35,-24,-42,-15,-44,-6,-44,0,-42,8,-40,15,-38,22,-33,26,-29,29,-22,33,-15,33,-11,35,-4,33,4,31,8,26,15,20,17,17,22,13,24,8,26,2,26,0,0,0,0,0,0,0,0,0,0,0,0,0,0,31,-29,8,-42,-13,-42,-33,-29,-47,-8,-47,20,-29,40,-4,51,24,47,47,26,53,-2,42,-31,17,-53,-13,-55,-42,-40,-53,-8,-49,22,-31,51,2,60,35,49,55,20,55,-15,40,-44,6,-62,-29,-58,-55,-31,-62,2,-53,40,0,0,13,60,42,40,58,6,51,-24,26,-44,-4,-47,-29,-38,-42,-11,-42,15,-24,35,0,42,22,33,35,11,35,-11,22,-29,2,-35,-17,-31,-31,-13,-33,6,-24,24,-8,31,11,29,24,17,29,2,24,-13,13,-24,-2,-24,-15,-20,0,0,0,0,0,0]"
1773371357.822419,CSI_DATA,189448,98:4a:6b:31:4a:10,-58,11,-99,34,37,1,2089668349,83,0,256,0,"[0,0,0,0,0,0,0,0,3,-73,15,-69,19,-69,34,-69,58,-46,73,-42,85,-27,73,-3,88,0,85,23,73,46,69,58,61,61,42,69,23,73,19,92,3,92,-15,81,-27,96,-38,85,-58,77,-65,61,-73,61,-92,46,-92,27,-96,7,-108,-19,-108,-27,0,0,-85,-54,-77,-65,-61,-77,-34,-69,-23,-85,-11,-81,-7,-73,11,-73,19,-61,30,-61,50,-50,58,-42,54,-30,61,-27,50,-23,61,-3,58,-3,50,3,54,30,42,23,34,30,34,42,23,46,15,54,7,46,0,50,-7,46,-19,46,0,0,0,0,0,0,0,0,0,0,0,0,0,0,42,54,50,27,73,-11,58,-50,15,-73,-30,-77,-61,-50,-77,-15,-69,27,-38,77,11,88,58,61,73,23,88,-27,46,-65,0,-96,-46,-69,-81,-23,-88,23,-54,73,-11,96,58,81,92,38,96,-19,69,-73,19,-100,-42,-92,-88,-54,0,0,-73,50,-27,81,34,81,73,38,81,-11,61,-50,27,-65,-23,-69,-58,-38,-58,3,-38,34,-15,61,19,65,38,30,58,-7,42,-42,19,-58,-30,-58,-46,-23,-58,3,-46,42,-11,38,19,34,34,30,50,-7,34,-23,19,-34,-7,-38,0,0,0,0,0,0]"
1773371357.8396213,CSI_DATA,189449,98:4a:6b:31:4a:10,-62,11,-99,-33,59,1,2089681870,83,0,256,0,"[0,0,0,0,0,0,0,0,10,46,-2,46,-14,44,-25,42,-35,35,-44,25,-50,16,-52,2,-52,-8,-48,-21,-42,-31,-35,-42,-25,-46,-16,-52,-6,-54,4,-54,14,-52,27,-48,35,-44,44,-38,50,-27,57,-19,61,-10,61,4,61,16,57,29,50,42,40,50,0,0,14,63,4,61,-8,59,-19,54,-27,48,-33,40,-40,31,-44,23,-46,12,-46,2,-44,-6,-40,-10,-38,-19,-31,-23,-25,-29,-19,-33,-14,-35,-6,-35,2,-35,8,-31,14,-29,21,-27,23,-23,25,-14,27,-8,27,-2,29,2,25,8,0,0,0,0,0,0,0,0,0,0,0,0,0,0,-31,-31,-42,-12,-44,12,-31,33,-12,48,16,48,40,33,52,8,48,-21,31,-42,2,-54,-27,-48,-48,-25,-54,6,-44,35,-16,52,16,54,48,38,61,4,54,-27,27,-52,-6,-63,-40,-48,-61,-21,-63,19,-44,50,-8,65,29,59,0,0,65,-2,50,-35,19,-54,-12,-54,-38,-35,-52,-10,-44,21,-23,42,4,44,27,33,40,10,38,-14,23,-31,0,-40,-21,-31,-31,-12,-35,6,-23,25,-4,33,14,29,29,16,31,0,27,-14,12,-27,-4,-25,-19,-19,-25,-8,-25,6,0,0,0,0,0,0]"
1773371357.8465838,CSI_DATA,189450,98:4a:6b:31:4a:10,-58,11,-99,33,37,1,2089691917,83,0,256,0,"[0,0,0,0,0,0,0,0,43,-59,51,-51,71,-39,71,-19,67,0,71,27,79,27,71,47,55,59,39,71,35,71,19,83,-3,79,-3,87,-27,87,-35,79,-55,75,-63,63,-71,51,-87,35,-99,27,-91,3,-91,-7,-99,-31,-95,-39,-83,-63,-79,-71,-51,-79,0,0,-15,-107,-11,-107,15,-99,23,-79,39,-91,47,-71,55,-63,59,-51,71,-31,63,-11,71,0,67,3,59,3,55,11,51,27,55,35,43,43,19,47,11,51,19,55,3,43,-7,55,-7,47,-11,35,-23,43,-31,27,-47,19,-51,15,0,0,0,0,0,0,0,0,0,0,0,0,0,0,-3,71,27,63,59,35,71,-7,63,-43,31,-79,-11,-75,-51,-55,-83,-11,-79,31,-51,75,0,91,51,67,83,39,87,-23,67,-63,11,-91,-43,-87,-83,-31,-91,19,-67,63,-19,91,39,99,91,51,95,-7,79,-59,27,-103,-15,-79,0,0,-111,0,-79,59,-35,87,27,83,55,55,79,0,71,-31,23,-63,-11,-67,-47,-39,-59,0,-51,35,-15,75,11,59,43,27,55,0,47,-27,19,-39,-19,-43,-39,-39,-47,3,-47,23,-23,47,11,55,43,27,59,11,35,-27,27,-39,0,0,0,0,0,0]"
1773371357.8534415,CSI_DATA,189451,98:4a:6b:31:4a:10,-62,11,-99,-35,59,1,2089701528,83,0,256,0,"[0,0,0,0,0,0,0,0,-4,-44,6,-47,17,-44,26,-40,38,-33,47,-22,51,-11,53,2,51,11,49,22,42,31,38,42,26,49,15,53,6,55,-4,55,-15,55,-26,51,-35,44,-42,40,-49,33,-55,22,-60,13,-62,-2,-62,-15,-60,-26,-55,-38,-47,-44,0,0,-22,-60,-8,-60,2,-60,13,-55,20,-53,31,-47,35,-40,40,-31,42,-17,42,-11,42,-2,42,4,40,11,38,17,31,24,26,29,20,31,13,33,6,33,-2,33,-6,31,-11,31,-15,29,-22,20,-24,15,-24,11,-29,4,-26,0,0,0,0,0,0,0,0,0,0,0,0,0,0,0,26,33,40,17,44,-6,33,-31,15,-47,-13,-49,-35,-35,-49,-11,-47,17,-29,40,-2,51,26,47,51,24,53,-6,42,-33,17,-53,-15,-53,-44,-33,-58,-2,-51,31,-26,55,8,62,40,47,62,15,60,-22,40,-51,2,-64,-33,-55,0,0,-64,11,-47,40,-15,58,20,51,44,29,51,0,38,-26,15,-42,-13,-42,-33,-26,-40,-4,-35,20,-15,38,8,38,26,24,35,4,33,-15,15,-29,-2,-33,-20,-24,-31,-11,-29,8,-20,24,-4,29,13,24,24,13,26,0,20,-13,0,0,0,0,0,0]"
1773371357.8702419,CSI_DATA,189452,98:4a:6b:31:4a:10,-62,11,-99,-36,60,1,2089711694,83,0,256,0,"[0,0,0,0,0,0,0,0,43,16,36,22,32,32,24,43,18,47,6,51,-2,53,-16,53,-26,45,-36,41,-43,34,-49,26,-51,18,-55,12,-53,2,-53,-4,-51,-14,-49,-26,-45,-32,-41,-43,-30,-45,-22,-53,-12,-59,-4,-61,6,-63,10,-59,24,-59,34,-51,0,0,51,-39,51,-30,57,-24,55,-12,55,-4,51,8,49,18,45,20,36,26,32,32,28,34,20,36,14,39,6,39,4,43,-4,39,-10,36,-14,30,-20,28,-24,22,-28,20,-30,14,-28,8,-26,4,-28,2,-28,-6,-24,-8,-22,-12,0,0,0,0,0,0,0,0,0,0,0,0,0,0,-41,8,-30,32,-12,45,12,43,32,30,49,6,41,-24,24,-45,-2,-51,-28,-39,-47,-16,-51,14,-32,43,0,53,30,43,49,12,53,-16,36,-43,4,-59,-30,-51,-55,-26,-63,10,-43,45,-10,61,28,55,63,26,63,-14,47,-51,0,0,-26,-57,-49,-28,-57,10,-39,36,-10,51,22,49,41,22,45,-4,32,-28,6,-41,-20,-34,-36,-16,-36,10,-22,26,-6,34,18,28,30,12,32,-6,22,-24,6,-30,-12,-30,-24,-14,-28,6,-22,18,-4,24,10,22,20,14,26,-2,0,0,0,0,0,0]"
1773371357.876974,CSI_DATA,189453,98:4a:6b:31:4a:10,-62,11,-99,-38,59,1,2089711954,83,0,256,0,"[0,0,0,0,0,0,0,0,21,-41,29,-36,36,-29,43,-21,48,-12,51,0,51,9,46,21,43,29,39,36,29,43,21,51,14,51,4,53,-4,53,-14,53,-24,51,-31,46,-36,41,-46,36,-51,29,-56,19,-58,9,-63,0,-63,-12,-61,-21,-58,-31,-51,-41,0,0,-34,-53,-24,-58,-14,-58,-2,-58,4,-53,12,-53,19,-46,26,-41,31,-34,36,-26,36,-21,39,-14,41,-9,41,-4,39,2,36,9,34,14,29,17,24,21,21,26,17,26,9,31,7,31,0,29,-4,26,-7,24,-12,24,-17,21,0,0,0,0,0,0,0,0,0,0,0,0,0,0,4,43,26,36,41,14,43,-9,31,-34,9,-48,-17,-46,-41,-29,-51,-2,-41,26,-17,48,12,53,39,36,56,7,48,-24,24,-51,-7,-56,-39,-39,-58,-9,-51,26,-26,53,7,61,41,46,61,12,58,-24,34,-53,-2,-63,-39,-51,0,0,-61,21,-36,48,0,58,31,46,48,17,48,-14,29,-39,0,-46,-29,-34,-39,-12,-39,14,-21,34,4,39,24,29,34,4,31,-14,19,-31,-4,-34,-21,-24,-31,-7,-29,12,-17,26,0,29,17,21,24,7,24,-7,17,-21,2,-24,0,0,0,0,0,0]"
1773371357.8841496,CSI_DATA,189454,98:4a:6b:31:4a:10,-62,11,-99,-37,59,1,2089731198,83,0,256,0,"[0,0,0,0,0,0,0,0,-47,-9,-40,-21,-35,-33,-26,-42,-11,-47,-2,-54,11,-52,21,-47,28,-42,40,-33,45,-21,52,-11,56,0,54,11,52,21,42,30,35,42,30,47,16,52,7,54,-7,61,-18,59,-26,54,-40,49,-52,42,-56,30,-64,16,-64,2,0,0,-59,-23,-52,-37,-42,-42,-33,-49,-18,-52,-4,-52,2,-47,14,-47,23,-42,30,-35,30,-30,35,-23,37,-11,40,-2,35,4,40,9,33,18,28,21,21,23,16,26,9,33,2,30,-2,28,-11,28,-14,26,-16,23,-23,16,-26,9,0,0,0,0,0,0,0,0,0,0,0,0,0,0,40,-14,30,-33,9,-47,-16,-45,-33,-28,-47,-9,-45,21,-30,42,-4,54,23,47,45,30,52,-2,45,-33,21,-49,-9,-56,-40,-42,-56,-11,-56,16,-37,47,-4,56,26,52,52,28,61,-7,49,-37,18,-61,-14,-61,-47,-42,-64,-11,0,0,-35,52,0,59,28,49,52,23,54,-4,40,-30,14,-45,-11,-42,-33,-26,-40,2,-35,21,-14,35,4,40,28,28,33,7,33,-14,18,-28,-2,-33,-21,-26,-30,-14,-33,7,-26,21,-7,28,9,28,23,16,26,4,23,-9,14,-18,0,0,0,0,0,0]"
1773371357.900934,CSI_DATA,189455,98:4a:6b:31:4a:10,-62,11,-99,-35,59,1,2089743682,83,0,256,0,"[0,0,0,0,0,0,0,0,-24,40,-35,33,-40,24,-44,13,-49,2,-51,-11,-47,-22,-42,-33,-33,-40,-24,-47,-13,-51,-4,-53,6,-53,15,-51,26,-47,33,-42,42,-38,49,-26,55,-17,58,-8,58,2,60,11,55,22,51,33,44,44,38,53,29,60,17,62,0,0,-8,64,-20,58,-31,53,-38,44,-42,38,-47,24,-49,17,-49,6,-49,-2,-47,-11,-42,-15,-35,-22,-31,-26,-26,-31,-20,-33,-13,-35,-6,-35,0,-35,8,-35,13,-31,17,-26,22,-24,24,-17,26,-13,29,-6,24,0,29,4,26,8,0,0,0,0,0,0,0,0,0,0,0,0,0,0,2,-42,-22,-38,-38,-20,-42,2,-40,26,-20,44,6,49,33,40,49,15,49,-13,35,-40,4,-53,-26,-49,-49,-26,-55,4,-42,35,-15,53,17,53,44,35,60,2,49,-31,26,-55,-11,-60,-44,-44,-60,-13,-60,26,-33,55,0,62,0,0,60,24,58,-13,40,-44,8,-53,-22,-49,-44,-22,-47,6,-35,31,-8,42,15,40,35,22,38,-4,29,-26,8,-38,-13,-33,-29,-17,-35,0,-26,20,-11,31,8,31,24,22,31,4,26,-13,15,-24,-2,-26,-17,-24,-24,-8,-24,6,0,0,0,0,0,0]"
1773371357.9075675,CSI_DATA,189456,98:4a:6b:31:4a:10,-62,11,-99,-40,59,1,2089744185,83,0,256,0,"[0,0,0,0,0,0,0,0,0,-46,10,-49,20,-43,28,-38,41,-31,46,-20,51,-7,54,2,51,12,51,23,43,33,36,41,28,46,20,51,7,54,-5,56,-15,54,-23,54,-33,49,-41,41,-49,33,-54,25,-59,15,-62,2,-62,-10,-62,-18,-59,-31,-51,-43,0,0,-28,-56,-18,-59,-2,-62,7,-59,15,-56,23,-49,31,-43,36,-33,41,-25,41,-15,43,-7,43,-2,43,2,41,10,33,18,31,23,25,28,18,31,12,31,5,33,0,33,-5,33,-10,28,-15,25,-18,20,-23,15,-25,10,-28,5,0,0,0,0,0,0,0,0,0,0,0,0,0,0,23,36,41,18,43,-7,36,-31,15,-46,-12,-49,-33,-36,-49,-12,-49,18,-31,41,-2,51,25,49,49,23,54,-5,43,-36,15,-54,-18,-54,-46,-31,-56,0,-49,31,-23,56,12,59,43,43,64,12,59,-25,36,-54,-2,-64,-36,-51,0,0,-64,15,-43,46,-10,59,23,49,46,28,49,-5,36,-33,10,-46,-18,-41,-36,-23,-41,5,-31,25,-7,38,15,36,31,18,36,-2,28,-20,10,-31,-7,-31,-25,-20,-31,-2,-28,12,-15,25,2,31,18,20,25,7,25,-5,18,-18,0,0,0,0,0,0]"
1773371357.9144616,CSI_DATA,189457,98:4a:6b:31:4a:10,-62,11,-99,-36,60,1,2089763019,83,0,256,0,"[0,0,0,0,0,0,0,0,28,-34,34,-28,41,-22,45,-12,49,0,49,10,43,22,39,32,32,39,24,45,14,51,6,51,-4,51,-12,51,-22,47,-30,43,-39,36,-47,32,-53,24,-55,12,-57,6,-55,-4,-55,-16,-53,-26,-51,-36,-45,-45,-36,-55,-24,-59,0,0,-2,-61,12,-59,24,-57,32,-49,36,-41,41,-32,45,-24,45,-16,47,-8,43,0,43,8,39,12,36,18,32,24,24,26,18,30,14,32,6,34,0,32,-4,32,-10,30,-14,28,-16,24,-20,20,-22,14,-24,8,-26,4,-26,-2,0,0,0,0,0,0,0,0,0,0,0,0,0,0,-6,43,18,39,36,22,45,0,41,-26,20,-47,-6,-51,-30,-41,-49,-14,-49,14,-32,41,-4,53,28,47,51,22,57,-6,41,-36,14,-55,-20,-53,-49,-28,-57,4,-47,34,-18,59,14,61,49,41,61,8,55,-30,24,-57,-10,-65,0,0,-61,-14,-55,22,-32,49,2,53,32,45,47,16,47,-14,28,-36,0,-45,-22,-34,-39,-14,-36,12,-22,30,0,39,20,26,34,10,34,-10,20,-26,2,-32,-16,-28,-26,-14,-30,4,-20,20,-6,28,10,24,22,16,26,0,22,-14,0,0,0,0,0,0]"
1773371357.9313362,CSI_DATA,189458,98:4a:6b:31:4a:10,-62,11,-99,-36,59,1,2089772754,83,0,256,0,"[0,0,0,0,0,0,0,0,-2,43,-13,43,-25,39,-32,32,-43,23,-48,13,-50,2,-50,-11,-46,-20,-41,-32,-32,-39,-23,-46,-11,-50,-2,-52,9,-52,18,-48,27,-46,36,-39,46,-32,50,-23,55,-13,57,-4,57,6,57,20,50,32,46,43,36,50,23,57,0,0,0,62,-13,59,-23,55,-32,46,-39,36,-41,27,-48,18,-46,6,-46,0,-41,-9,-39,-16,-34,-23,-27,-27,-25,-29,-13,-34,-6,-36,-2,-34,4,-34,11,-32,16,-27,23,-23,25,-18,27,-13,27,-6,27,0,25,4,25,9,23,13,0,0,0,0,0,0,0,0,0,0,0,0,0,0,-20,-39,-39,-25,-46,-2,-39,23,-25,41,2,50,29,43,46,23,52,-9,41,-34,13,-50,-13,-52,-41,-39,-55,-6,-52,23,-32,48,0,57,32,48,55,23,59,-11,43,-41,11,-62,-25,-57,-52,-34,-64,0,-55,36,-25,59,11,64,0,0,62,18,59,-20,34,-46,2,-55,-27,-46,-46,-20,-50,6,-32,32,-9,43,18,41,34,23,41,-2,34,-23,11,-36,-11,-34,-29,-23,-36,-2,-29,16,-13,29,4,32,20,25,29,9,29,-6,20,-23,4,-27,-11,-23,-20,-16,-25,-2,0,0,0,0,0,0]"
1773371357.9402964,CSI_DATA,189459,98:4a:6b:31:4a:10,-62,11,-99,-33,59,1,2089783845,83,0,256,0,"[0,0,0,0,0,0,0,0,42,12,38,27,33,35,27,44,12,50,4,50,-4,50,-21,44,-25,42,-38,40,-44,31,-50,23,-52,14,-52,4,-50,-8,-52,-14,-48,-27,-44,-33,-40,-44,-29,-46,-21,-52,-12,-52,-6,-61,6,-63,19,-61,29,-57,40,-57,44,-48,0,0,61,-23,61,-12,59,-2,57,2,48,21,42,23,40,27,35,35,25,40,21,42,12,40,2,42,-4,42,-8,42,-16,38,-19,33,-23,27,-25,21,-27,16,-33,12,-35,4,-31,-2,-29,-4,-25,-8,-27,-16,-21,-19,-16,-21,-10,-23,0,0,0,0,0,0,0,0,0,0,0,0,0,0,-42,8,-31,27,-12,42,10,42,40,29,50,8,44,-23,29,-40,-4,-52,-31,-44,-52,-21,-50,10,-35,40,-12,52,23,52,50,27,57,-4,42,-40,14,-57,-25,-57,-54,-31,-65,0,-48,35,-21,63,16,61,50,38,65,6,61,-31,0,0,-10,-61,-44,-40,-57,-10,-50,29,-23,44,8,52,33,40,44,10,44,-16,21,-35,-4,-38,-25,-29,-35,-8,-33,14,-16,31,4,33,25,25,35,10,29,-12,19,-31,2,-31,-21,-25,-29,-10,-31,8,-16,23,-4,27,12,23,21,12,0,0,0,0,0,0]"
1773371357.9476268,CSI_DATA,189460,98:4a:6b:31:4a:10,-62,11,-99,-36,59,1,2089784196,83,0,256,0,"[0,0,0,0,0,0,0,0,36,-29,41,-23,41,-11,43,0,50,11,46,20,39,34,32,36,25,46,11,55,2,46,-2,55,-11,50,-25,46,-34,43,-41,36,-46,27,-48,20,-52,6,-59,4,-55,-4,-57,-18,-50,-27,-50,-34,-43,-48,-34,-52,-27,-55,-13,-59,0,0,13,-59,20,-59,27,-48,39,-46,39,-32,46,-27,46,-16,48,-9,48,2,46,4,43,11,39,13,34,20,27,25,23,32,16,34,9,34,4,32,0,34,-6,34,-13,29,-16,23,-20,25,-23,18,-25,11,-27,6,-29,4,-25,0,0,0,0,0,0,0,0,0,0,0,0,0,0,0,-11,41,11,41,29,32,43,11,46,-18,32,-41,4,-50,-23,-48,-43,-25,-57,4,-43,29,-13,50,18,50,41,29,52,0,48,-29,23,-55,-4,-55,-41,-41,-59,-9,-52,25,-32,50,6,59,39,55,64,11,59,-25,36,-55,2,-64,0,0,-55,-25,-62,13,-41,46,-6,55,25,43,46,25,48,-4,34,-32,9,-46,-20,-36,-36,-16,-39,11,-27,29,-6,39,18,32,32,13,34,-4,25,-23,4,-34,-13,-29,-29,-18,-32,0,-25,23,-6,27,9,27,20,18,27,4,25,-9,0,0,0,0,0,0]"
1773371357.954718,CSI_DATA,189461,98:4a:6b:31:4a:10,-62,11,-99,-35,59,1,2089802909,83,0,256,0,"[0,0,0,0,0,0,0,0,11,44,-2,47,-13,47,-24,40,-35,33,-44,24,-49,11,-53,-4,-51,-15,-47,-26,-38,-38,-31,-44,-20,-51,-8,-51,4,-53,15,-51,29,-49,38,-42,47,-33,51,-24,58,-13,58,0,58,13,55,26,51,40,42,49,33,58,17,62,0,0,-11,62,-22,55,-35,49,-44,40,-49,29,-51,17,-49,8,-49,-4,-42,-13,-38,-22,-33,-29,-24,-33,-20,-35,-11,-40,-2,-38,6,-38,13,-33,20,-31,24,-24,29,-17,31,-11,33,-4,31,2,29,8,24,13,20,17,17,22,8,26,0,0,0,0,0,0,0,0,0,0,0,0,0,0,-29,-31,-42,-13,-42,11,-33,33,-13,47,13,51,35,38,51,13,51,-15,33,-40,8,-51,-22,-49,-44,-33,-55,-2,-51,26,-29,49,2,58,33,47,55,22,58,-11,42,-44,15,-62,-22,-60,-51,-40,-62,-6,-60,29,-31,58,2,67,0,0,60,26,62,-8,44,-42,15,-53,-15,-51,-42,-31,-49,-4,-42,24,-20,40,4,44,26,31,40,11,38,-13,22,-31,2,-35,-17,-33,-31,-17,-35,2,-26,22,-11,31,6,31,22,22,31,6,29,-8,17,-22,2,-26,-11,-26,-22,-15,0,0,0,0,0,0]"
1773371357.971617,CSI_DATA,189462,98:4a:6b:31:4a:10,-62,11,-99,-33,59,1,2089813069,83,0,256,0,"[0,0,0,0,0,0,0,0,2,-44,10,-44,23,-42,33,-35,42,-25,48,-16,52,-4,50,6,50,21,44,27,40,38,29,44,21,48,12,54,0,54,-8,54,-21,54,-27,48,-40,42,-44,35,-52,29,-57,16,-61,6,-63,-6,-59,-19,-57,-27,-52,-38,-44,-48,0,0,-19,-63,-6,-59,2,-61,14,-57,23,-52,29,-44,35,-33,40,-29,42,-19,46,-10,42,-2,42,4,42,10,38,19,29,21,25,27,19,31,12,33,6,33,2,33,-4,31,-10,31,-14,25,-19,23,-23,16,-25,12,-25,6,-25,0,0,0,0,0,0,0,0,0,0,0,0,0,0,0,19,40,38,23,44,0,40,-27,19,-42,-6,-50,-31,-38,-48,-16,-50,12,-38,35,-8,52,19,48,46,27,54,0,46,-29,21,-50,-12,-54,-42,-38,-59,-8,-50,25,-31,54,6,61,38,50,61,19,61,-14,42,-48,6,-61,-31,-59,0,0,-63,6,-46,40,-16,57,16,50,44,31,50,4,40,-23,16,-42,-10,-42,-31,-27,-42,-2,-33,21,-14,35,10,38,25,21,38,2,31,-14,16,-29,-2,-33,-21,-23,-29,-10,-31,8,-19,21,-4,29,12,25,23,12,25,-2,21,-14,0,0,0,0,0,0]"
1773371357.9785519,CSI_DATA,189463,98:4a:6b:31:4a:10,-62,11,-99,-33,59,1,2089822557,83,0,256,0,"[0,0,0,0,0,0,0,0,-23,40,-31,33,-42,23,-46,12,-50,0,-50,-12,-44,-23,-38,-35,-29,-44,-19,-50,-6,-54,6,-54,14,-52,27,-46,38,-40,46,-31,50,-21,57,-10,59,2,57,12,52,23,48,33,42,44,29,54,21,61,6,65,-4,65,-16,65,0,0,-44,48,-50,35,-57,21,-59,10,-54,0,-50,-10,-46,-21,-40,-27,-33,-35,-25,-38,-16,-42,-6,-40,0,-42,8,-40,16,-35,23,-31,25,-23,29,-19,33,-12,33,-4,33,2,31,8,27,14,23,19,16,23,12,25,6,25,0,27,0,0,0,0,0,0,0,0,0,0,0,0,0,0,-2,-44,-23,-38,-38,-21,-44,2,-40,25,-21,46,4,50,29,44,48,19,50,-6,40,-35,19,-52,-14,-50,-42,-38,-52,-8,-52,23,-31,48,2,57,31,50,54,25,59,-10,46,-40,14,-59,-19,-61,-48,-40,-61,-8,-57,29,-33,54,0,0,33,52,54,23,59,-10,40,-38,10,-48,-16,-48,-38,-29,-46,-2,-38,25,-16,40,8,40,29,27,38,6,33,-16,16,-31,-2,-35,-21,-29,-31,-12,-31,6,-23,23,-6,31,12,29,25,16,29,2,25,-12,14,-23,0,-25,-14,-21,0,0,0,0,0,0]"
1773371357.9853504,CSI_DATA,189464,98:4a:6b:31:4a:10,-62,11,-99,-39,59,1,2089832420,83,0,256,0,"[0,0,0,0,0,0,0,0,5,45,-5,47,-15,45,-25,40,-35,32,-42,27,-50,15,-52,5,-52,-5,-50,-15,-45,-27,-40,-37,-32,-40,-25,-47,-15,-52,-5,-55,5,-55,15,-55,25,-52,32,-47,40,-40,50,-32,55,-25,60,-12,65,-5,65,5,62,17,57,30,0,0,42,47,30,57,20,60,7,57,0,55,-10,52,-17,47,-25,40,-30,35,-35,27,-37,22,-40,15,-40,10,-40,0,-37,-5,-35,-12,-32,-17,-27,-20,-22,-25,-17,-30,-12,-30,-5,-32,0,-30,7,-27,10,-27,12,-25,20,-20,22,-15,0,0,0,0,0,0,0,0,0,0,0,0,0,0,-25,-35,-40,-15,-42,10,-32,32,-10,45,15,47,40,32,50,7,47,-22,27,-45,-2,-52,-32,-42,-52,-17,-52,15,-37,40,-5,55,25,50,52,25,57,-7,42,-40,12,-60,-22,-57,-50,-35,-62,2,-50,35,-20,57,17,60,50,42,0,0,55,-27,30,-55,-5,-60,-35,-42,-50,-12,-47,17,-25,40,2,45,27,35,42,12,37,-15,22,-32,0,-37,-22,-27,-35,-10,-32,12,-22,27,0,35,20,27,30,10,32,-7,22,-22,5,-30,-12,-25,-25,-15,-27,0,-22,15,-10,22,0,0,0,0,0,0]"
1773371357.9941041,CSI_DATA,189465,98:4a:6b:31:4a:10,-62,11,-99,-38,60,1,2089842202,83,0,256,0,"[0,0,0,0,0,0,0,0,-26,39,-34,30,-43,23,-47,10,-47,-2,-47,-13,-43,-26,-36,-36,-28,-43,-17,-50,-6,-52,4,-54,17,-50,26,-47,34,-39,43,-30,50,-23,56,-13,58,0,58,8,54,19,50,30,47,41,34,50,26,58,13,60,0,65,-13,65,0,0,-39,52,-43,39,-52,28,-54,19,-54,6,-50,-4,-47,-13,-43,-21,-39,-28,-28,-34,-23,-39,-13,-39,-6,-41,0,-41,8,-36,15,-34,19,-28,26,-23,30,-19,30,-10,32,-4,32,0,28,6,26,10,21,17,17,21,15,23,8,26,0,0,0,0,0,0,0,0,0,0,0,0,0,0,2,-41,-19,-39,-34,-21,-45,0,-41,21,-23,43,2,50,28,43,47,21,50,-6,39,-34,15,-50,-13,-54,-39,-36,-54,-8,-50,21,-30,47,2,56,32,47,54,21,56,-13,41,-43,10,-58,-26,-58,-50,-34,-60,0,-54,34,-26,58,0,0,39,47,58,17,56,-17,34,-41,4,-52,-23,-43,-43,-21,-45,6,-32,30,-10,41,13,39,32,21,36,-2,30,-21,10,-34,-10,-34,-26,-23,-34,-4,-30,13,-17,28,0,32,19,26,28,10,28,-6,19,-19,8,-26,-8,-23,-19,-17,0,0,0,0,0,0]"
1773371358.0124135,CSI_DATA,189466,98:4a:6b:31:4a:10,-62,11,-99,-39,60,1,2089855253,83,0,256,0,"[0,0,0,0,0,0,0,0,-44,2,-44,-8,-42,-20,-35,-29,-29,-40,-20,-44,-8,-51,2,-53,13,-49,22,-49,33,-42,40,-35,47,-29,51,-20,53,-8,55,0,53,11,51,22,49,29,42,38,35,44,26,51,17,58,6,60,-4,64,-15,62,-26,58,-38,53,0,0,-53,33,-55,22,-60,11,-58,0,-53,-8,-49,-15,-42,-24,-35,-29,-29,-35,-22,-38,-15,-40,-8,-40,-4,-40,2,-40,11,-35,17,-35,20,-29,24,-24,29,-20,31,-13,33,-6,31,-2,29,2,26,8,24,13,22,17,17,20,11,22,0,0,0,0,0,0,0,0,0,0,0,0,0,0,35,-22,17,-38,-4,-44,-26,-38,-44,-15,-47,11,-38,35,-13,49,15,51,40,31,53,4,47,-26,24,-49,-6,-53,-38,-40,-55,-11,-53,20,-31,47,0,58,33,47,55,20,58,-15,40,-44,6,-62,-29,-55,-55,-29,-62,8,-49,44,0,0,20,60,49,35,58,2,47,-29,17,-47,-11,-47,-35,-29,-44,-4,-38,22,-17,38,8,38,29,26,38,4,31,-20,13,-33,-6,-35,-24,-24,-33,-4,-29,15,-15,29,2,33,20,24,29,8,26,-8,17,-20,2,-26,-11,-22,-22,-11,0,0,0,0,0,0]"
1773371358.019617,CSI_DATA,189467,98:4a:6b:31:4a:10,-62,11,-99,-32,59,1,2089865396,83,0,256,0,"[0,0,0,0,0,0,0,0,43,-10,47,4,47,14,41,24,32,36,22,43,12,49,2,51,-12,51,-22,49,-32,41,-43,32,-49,24,-51,16,-53,2,-53,-8,-51,-18,-47,-30,-41,-39,-32,-47,-22,-53,-12,-57,-2,-59,12,-59,22,-59,36,-51,47,-43,53,-32,0,0,63,-8,61,6,55,20,49,26,41,34,32,43,24,43,14,47,4,47,-2,45,-12,41,-18,36,-24,32,-30,26,-32,20,-34,12,-36,4,-34,-2,-32,-8,-30,-14,-24,-20,-20,-24,-14,-26,-8,-28,-2,-28,4,-26,10,-24,14,-22,0,0,0,0,0,0,0,0,0,0,0,0,0,0,-30,28,-12,41,8,43,30,32,45,12,47,-14,32,-34,12,-49,-16,-47,-41,-30,-51,-6,-47,24,-26,47,2,53,30,45,49,18,53,-10,39,-39,12,-55,-22,-55,-47,-32,-59,-2,-51,32,-26,55,10,61,43,47,61,16,61,-20,0,0,6,-59,-26,-53,-49,-28,-55,4,-41,30,-12,45,14,45,34,28,45,2,36,-20,16,-36,-6,-39,-26,-28,-34,-8,-34,14,-20,30,0,32,18,28,30,12,30,-4,22,-22,8,-28,-10,-26,-22,-16,-26,-2,-24,12,-12,20,0,24,0,0,0,0,0,0]"
1773371358.0272367,CSI_DATA,189468,98:4a:6b:31:4a:10,-62,11,-99,-39,59,1,2089875402,83,0,256,0,"[0,0,0,0,0,0,0,0,-5,47,-15,42,-22,37,-30,35,-42,25,-42,12,-50,0,-50,-5,-47,-20,-45,-27,-37,-35,-30,-40,-27,-50,-15,-50,-10,-55,2,-55,12,-50,27,-52,27,-45,37,-42,47,-37,50,-30,52,-17,57,-5,62,2,62,17,55,20,57,40,0,0,32,45,22,55,12,55,0,57,-5,52,-17,55,-22,50,-25,40,-30,30,-35,25,-40,17,-35,15,-40,5,-37,0,-37,-7,-32,-10,-30,-17,-25,-20,-17,-25,-15,-30,-10,-30,-5,-30,0,-27,5,-32,10,-25,10,-22,20,-20,20,-15,0,0,0,0,0,0,0,0,0,0,0,0,0,0,-17,-42,-37,-22,-47,0,-40,25,-20,42,0,55,30,45,47,15,47,-10,32,-37,5,-55,-27,-50,-45,-22,-57,5,-37,37,-17,55,17,50,42,35,62,-2,47,-35,20,-57,-15,-57,-42,-42,-62,-10,-55,32,-30,55,15,72,42,42,0,0,62,-17,37,-52,2,-57,-27,-45,-50,-15,-42,12,-25,35,-2,47,25,37,40,15,42,-12,22,-32,0,-37,-22,-32,-32,-10,-35,12,-22,27,2,32,17,27,30,12,30,-7,20,-25,2,-32,-10,-22,-27,-12,-25,2,-22,15,-7,25,0,0,0,0,0,0]"
1773371358.0442166,CSI_DATA,189469,98:4a:6b:31:4a:10,-62,11,-99,-40,59,1,2089885529,83,0,256,0,"[0,0,0,0,0,0,0,0,33,31,23,38,15,46,2,46,-10,46,-20,43,-33,41,-41,31,-49,20,-51,12,-54,0,-51,-10,-49,-20,-43,-31,-36,-38,-28,-46,-18,-54,-10,-54,2,-56,12,-56,23,-54,33,-46,43,-41,54,-31,59,-23,62,-10,67,2,62,18,0,0,49,38,38,46,28,54,18,54,5,54,-5,54,-15,49,-20,46,-28,38,-33,28,-36,23,-38,15,-41,7,-41,0,-36,-7,-33,-12,-31,-18,-23,-23,-20,-25,-12,-28,-7,-31,0,-33,5,-28,12,-25,15,-23,18,-18,23,-15,25,-7,0,0,0,0,0,0,0,0,0,0,0,0,0,0,-41,-7,-41,15,-28,36,-7,46,18,43,41,31,51,5,46,-23,28,-43,0,-51,-31,-43,-49,-23,-54,7,-41,38,-15,54,18,51,43,36,56,2,51,-33,25,-54,-7,-59,-41,-49,-59,-18,-62,20,-41,51,-5,64,31,56,59,28,0,0,49,-38,18,-56,-15,-59,-43,-36,-51,-5,-46,23,-20,43,5,46,31,33,43,10,38,-15,23,-33,2,-36,-20,-31,-33,-10,-36,10,-23,25,-2,36,18,31,31,15,33,-2,25,-18,10,-28,-7,-31,-20,-18,-28,-5,-25,10,-15,20,0,0,0,0,0,0]"
1773371358.0509613,CSI_DATA,189470,98:4a:6b:31:4a:10,-58,11,-99,33,37,1,2089895516,83,0,256,0,"[0,0,0,0,0,0,0,0,-67,7,-75,-7,-75,-27,-59,-35,-55,-55,-43,-63,-39,-71,-7,-79,3,-75,15,-87,31,-71,51,-75,51,-55,67,-47,79,-35,87,-19,83,-7,87,19,91,31,83,35,79,51,71,63,59,83,43,91,23,95,15,99,7,111,-19,95,0,0,-59,91,-51,63,-79,59,-79,47,-79,27,-83,19,-67,3,-79,-3,-59,-23,-51,-31,-59,-39,-39,-47,-31,-51,-31,-59,-15,-59,-3,-51,-3,-55,0,-55,35,-55,27,-39,31,-39,35,-35,31,-27,39,-15,35,-7,43,0,47,7,35,15,0,0,0,0,0,0,0,0,0,0,0,0,0,0,51,-35,27,-59,-7,-71,-51,-59,-79,-11,-71,31,-47,63,-11,79,31,79,71,35,87,-15,59,-55,23,-83,-35,-75,-75,-47,-79,0,-75,51,-27,79,27,83,67,55,99,19,79,-51,43,-83,-27,-99,-71,-67,-99,-15,-87,39,-59,83,0,0,79,63,99,27,83,-31,51,-71,-7,-79,-47,-55,-71,-23,-67,27,-35,59,7,63,43,47,63,15,51,-15,23,-55,-11,-51,-31,-35,-51,-7,-47,19,-23,43,3,47,31,35,51,15,55,-23,23,-39,0,-39,-23,-39,-35,-15,-35,7,0,0,0,0,0,0]"
1773371358.0575976,CSI_DATA,189471,98:4a:6b:31:4a:10,-62,11,-99,-39,59,1,2089895902,83,0,256,0,"[0,0,0,0,0,0,0,0,-45,2,-45,-10,-42,-20,-35,-32,-25,-40,-12,-47,0,-50,15,-50,27,-45,37,-37,45,-30,50,-17,52,-7,52,5,50,17,45,30,40,40,30,47,20,52,10,55,-5,57,-15,55,-30,52,-42,42,-52,35,-60,25,-62,10,-65,-2,0,0,-55,-30,-45,-37,-35,-50,-22,-52,-10,-55,2,-52,12,-47,22,-42,30,-35,35,-27,37,-20,40,-10,40,-2,40,5,35,12,32,20,25,25,17,27,12,30,5,32,-2,32,-10,30,-12,27,-20,20,-20,15,-25,10,-25,5,-27,-2,0,0,0,0,0,0,0,0,0,0,0,0,0,0,37,-22,20,-40,-2,-45,-25,-40,-40,-22,-52,2,-42,25,-27,47,2,52,27,42,47,20,52,-7,42,-35,20,-52,-12,-55,-40,-40,-55,-12,-55,20,-35,47,-5,57,27,55,55,32,62,0,55,-32,25,-57,-7,-62,-40,-50,-62,-15,0,0,-42,47,-12,60,20,55,45,32,52,2,42,-25,20,-42,-5,-45,-30,-32,-40,-12,-40,12,-25,30,-2,37,17,32,32,15,37,-5,27,-22,12,-35,-7,-32,-25,-22,-32,-5,-30,10,-17,22,-2,30,12,25,22,15,25,2,22,-12,0,0,0,0,0,0]"
1773371358.0743926,CSI_DATA,189472,98:4a:6b:31:4a:10,-62,11,-99,-33,59,1,2089915219,83,0,256,0,"[0,0,0,0,0,0,0,0,21,-42,29,-33,40,-25,46,-16,50,-4,50,10,46,23,38,33,31,42,19,48,6,52,-2,54,-14,52,-27,48,-35,40,-44,31,-50,23,-54,10,-59,0,-57,-12,-52,-23,-46,-33,-40,-44,-29,-54,-19,-61,-6,-63,6,-63,23,-61,0,0,46,-44,50,-33,54,-19,57,-8,54,4,50,14,44,25,38,29,29,35,21,42,12,42,4,40,-4,40,-10,38,-19,33,-25,27,-27,21,-29,16,-31,8,-33,0,-31,-4,-29,-10,-25,-14,-19,-21,-14,-25,-8,-25,-2,-27,2,-27,0,0,0,0,0,0,0,0,0,0,0,0,0,0,4,44,25,35,40,19,46,-4,40,-27,19,-46,-6,-50,-29,-40,-48,-19,-50,8,-40,35,-14,50,16,52,42,35,54,8,50,-21,29,-46,0,-57,-31,-48,-52,-23,-59,8,-46,42,-16,59,19,59,48,42,61,10,57,-25,35,-52,0,0,-31,-52,-52,-25,-59,6,-44,35,-14,50,14,48,38,27,44,2,38,-21,19,-38,-4,-40,-25,-29,-35,-8,-33,12,-21,29,-2,38,19,29,31,14,33,-4,25,-21,10,-29,-8,-29,-23,-19,-27,-4,-25,10,-16,19,-2,27,10,23,0,0,0,0,0,0]"
1773371358.081494,CSI_DATA,189473,98:4a:6b:31:4a:10,-62,11,-99,-39,59,1,2089924832,83,0,256,0,"[0,0,0,0,0,0,0,0,-20,-42,-10,-45,0,-45,12,-45,22,-42,32,-37,42,-30,50,-20,50,-10,52,0,50,12,50,22,45,32,37,40,30,45,20,50,10,52,2,55,-10,55,-20,55,-27,50,-37,45,-45,40,-55,30,-60,20,-62,7,-62,-2,-62,-15,0,0,-50,-35,-42,-45,-30,-50,-20,-50,-12,-55,0,-52,7,-50,15,-47,22,-40,27,-32,32,-27,37,-25,40,-12,40,-7,37,-2,35,5,35,10,32,15,27,20,22,25,17,27,12,30,5,30,-2,30,-5,27,-10,25,-15,22,-20,17,0,0,0,0,0,0,0,0,0,0,0,0,0,0,37,22,42,2,40,-22,20,-40,-2,-47,-27,-40,-47,-20,-47,10,-37,35,-10,50,20,47,42,32,55,2,45,-30,22,-47,-7,-52,-37,-40,-55,-10,-52,25,-30,50,2,57,37,47,57,20,60,-17,40,-45,7,-60,-30,-55,-55,-27,0,0,-47,42,-15,55,20,55,45,32,52,0,40,-27,15,-45,-10,-45,-35,-27,-42,0,-32,22,-15,37,10,40,30,25,35,2,30,-20,15,-30,-5,-32,-22,-22,-32,-5,-27,12,-17,27,2,30,15,25,25,10,25,-5,20,-17,5,-22,0,0,0,0,0,0]"
1773371358.0885286,CSI_DATA,189474,98:4a:6b:31:4a:10,-58,11,-99,38,37,1,2089935285,83,0,256,0,"[0,0,0,0,0,0,0,0,24,-68,31,-65,41,-55,58,-51,65,-31,79,-24,79,-3,79,0,75,24,72,27,62,48,58,65,48,68,34,75,17,79,6,89,-3,86,-17,89,-31,89,-41,86,-51,68,-65,72,-75,58,-79,34,-96,20,-110,3,-117,-6,-99,-13,0,0,-75,-41,-58,-58,-65,-79,-44,-72,-31,-72,-13,-79,0,-79,6,-72,17,-65,20,-65,41,-58,37,-44,51,-55,51,-44,48,-31,65,-31,48,-10,41,-3,65,6,51,6,41,20,44,31,34,34,24,34,17,34,20,31,10,55,-10,48,0,0,0,0,0,0,0,0,0,0,0,0,0,0,24,62,51,41,65,6,62,-44,44,-58,-3,-79,-55,-62,-75,-27,-75,13,-48,65,-6,75,41,68,79,34,75,-20,68,-51,13,-86,-44,-79,-72,-37,-89,27,-65,62,-17,96,41,86,89,44,93,-10,62,-65,13,-89,-34,-99,-99,-41,0,0,-58,72,-27,99,37,79,82,34,82,0,51,-48,6,-72,-24,-62,-58,-20,-55,17,-34,55,3,55,34,55,55,17,51,-27,31,-48,3,-48,-31,-37,-37,-6,-41,20,-31,44,0,37,37,34,44,13,44,-17,27,-31,0,-37,-24,-34,0,0,0,0,0,0]"
1773371358.0965962,CSI_DATA,189475,98:4a:6b:31:4a:10,-62,11,-99,-37,60,1,2089945073,83,0,256,0,"[0,0,0,0,0,0,0,0,23,40,12,44,4,46,-8,46,-21,46,-29,40,-38,33,-46,25,-48,14,-52,4,-50,-6,-50,-16,-46,-25,-40,-31,-35,-40,-27,-46,-19,-50,-10,-54,0,-54,8,-57,21,-52,29,-48,38,-46,50,-40,54,-29,61,-21,63,-8,65,2,0,0,57,27,52,33,44,42,33,46,23,48,12,50,4,50,-6,48,-10,44,-16,40,-21,35,-29,29,-31,25,-33,19,-35,12,-35,4,-35,0,-33,-4,-31,-10,-27,-16,-25,-19,-19,-25,-14,-27,-8,-27,-6,-27,2,-27,6,-25,10,-23,0,0,0,0,0,0,0,0,0,0,0,0,0,0,-38,-21,-44,2,-35,23,-16,42,8,44,31,35,46,14,48,-12,31,-38,8,-52,-25,-46,-46,-27,-52,4,-40,33,-14,50,16,50,44,33,57,0,48,-31,21,-54,-10,-57,-42,-42,-59,-8,-57,27,-29,54,6,63,42,48,63,16,0,0,35,-48,2,-59,-29,-50,-52,-19,-50,12,-33,35,-6,46,21,38,40,16,42,-8,27,-31,4,-40,-16,-31,-33,-14,-35,8,-23,27,-6,33,16,31,29,14,31,-4,25,-21,8,-29,-8,-27,-21,-16,-27,0,-23,12,-10,23,4,25,0,0,0,0,0,0]"
1773371358.1132593,CSI_DATA,189476,98:4a:6b:31:4a:10,-58,11,-99,36,37,1,2089955469,83,0,256,0,"[0,0,0,0,0,0,0,0,76,21,62,36,54,47,40,65,32,76,18,80,3,80,-14,73,-25,80,-40,65,-51,54,-69,47,-69,36,-73,32,-87,14,-91,3,-83,-18,-87,-21,-80,-40,-76,-47,-69,-58,-69,-69,-51,-73,-40,-83,-18,-94,-14,-98,0,-105,21,-83,0,0,54,-83,62,-62,65,-58,80,-43,76,-36,73,-21,76,-10,76,0,69,14,69,21,54,29,58,25,40,36,47,47,29,54,21,47,21,54,3,51,7,43,-7,47,-14,43,-21,40,-25,40,-32,29,-32,36,-36,21,-40,21,-43,10,0,0,0,0,0,0,0,0,0,0,0,0,0,0,-62,10,-47,43,-18,65,25,62,62,43,87,-3,69,-40,40,-58,-7,-80,-51,-58,-80,-14,-80,32,-36,69,10,76,58,62,91,10,80,-40,43,-76,-25,-83,-62,-62,-91,-18,-76,43,-40,80,18,98,62,65,91,10,83,-40,54,-76,0,0,-76,-65,-87,-18,-83,36,-32,73,14,87,54,47,73,10,62,-40,18,-62,-18,-58,-51,-40,-62,0,-40,54,-14,58,32,47,47,29,62,-18,32,-36,7,-54,-18,-51,-43,-10,-54,7,-36,47,-3,43,18,40,43,10,43,0,21,-32,0,0,0,0,0,0]"
1773371358.1199286,CSI_DATA,189477,98:4a:6b:31:4a:10,-62,11,-99,-36,58,1,2089965117,83,0,256,0,"[0,0,0,0,0,0,0,0,10,43,0,49,-7,49,-20,46,-31,36,-38,31,-46,20,-49,12,-51,2,-49,-7,-49,-20,-43,-25,-41,-31,-33,-38,-25,-46,-15,-49,-5,-54,2,-56,12,-56,18,-51,28,-49,41,-43,46,-38,56,-28,56,-23,62,-12,64,-2,64,10,0,0,54,31,43,41,36,49,25,51,15,51,7,49,-2,51,-10,49,-15,43,-20,38,-25,33,-31,31,-36,23,-38,18,-33,10,-36,5,-33,-2,-31,-5,-31,-12,-25,-18,-23,-20,-18,-28,-12,-25,-10,-25,-5,-25,0,-25,5,-25,12,-23,0,0,0,0,0,0,0,0,0,0,0,0,0,0,-25,-31,-38,-10,-41,15,-28,38,-2,43,23,46,41,25,51,0,41,-31,20,-46,-12,-54,-38,-33,-54,-2,-49,25,-28,49,2,54,36,41,54,10,54,-25,28,-49,-2,-59,-36,-46,-56,-20,-56,18,-38,46,-2,59,33,51,59,23,0,0,46,-43,7,-56,-25,-51,-46,-25,-51,5,-38,31,-10,46,18,41,36,20,41,-2,28,-25,7,-36,-15,-33,-33,-15,-33,7,-23,25,-5,33,18,31,28,15,33,-5,23,-20,7,-31,-10,-25,-23,-15,-28,2,-23,15,-10,23,5,25,0,0,0,0,0,0]"
1773371358.1279166,CSI_DATA,189478,98:4a:6b:31:4a:10,-62,11,-99,-28,58,1,2089976220,83,0,256,0,"[0,0,0,0,0,0,0,0,-36,26,-43,18,-45,4,-43,-4,-45,-20,-36,-30,-36,-36,-22,-47,-12,-51,-4,-53,12,-51,20,-51,32,-43,36,-34,45,-26,47,-18,51,-8,55,6,53,12,53,26,43,34,41,39,34,49,18,53,10,61,0,61,-14,61,-24,55,0,0,-45,41,-51,30,-59,18,-55,6,-53,-2,-49,-12,-45,-22,-39,-26,-32,-32,-24,-36,-14,-41,-6,-39,0,-39,6,-36,14,-36,20,-28,22,-26,28,-20,30,-14,30,-8,32,-4,28,4,28,10,22,14,18,18,14,20,12,24,6,26,0,0,0,0,0,0,0,0,0,0,0,0,0,0,16,-39,-8,-45,-26,-36,-41,-14,-49,6,-34,30,-16,49,12,49,39,34,49,10,49,-20,30,-47,4,-55,-28,-45,-51,-22,-59,8,-45,34,-12,59,18,55,49,39,55,4,53,-32,28,-57,-8,-63,-41,-47,-61,-16,-59,20,-36,49,0,0,30,55,51,28,55,-6,45,-34,14,-47,-16,-43,-39,-26,-47,0,-36,24,-18,39,8,39,30,24,39,6,30,-16,20,-32,-4,-34,-22,-28,-32,-8,-30,10,-20,24,-2,30,16,28,26,14,28,-2,20,-18,6,-26,-6,-24,-18,-16,0,0,0,0,0,0]"
1773371358.144849,CSI_DATA,189479,98:4a:6b:31:4a:10,-62,11,-99,-28,58,1,2089987280,83,0,256,0,"[0,0,0,0,0,0,0,0,39,-24,45,-12,47,-2,47,10,41,24,36,34,24,45,12,49,0,53,-12,53,-24,47,-36,41,-43,32,-49,20,-51,10,-53,-2,-51,-14,-49,-26,-43,-36,-36,-47,-26,-51,-12,-55,-2,-61,16,-59,24,-57,41,-49,49,-41,57,-28,0,0,63,2,57,14,51,28,45,34,32,43,22,47,14,49,2,45,-8,45,-16,39,-22,34,-28,26,-34,22,-34,16,-36,6,-34,-2,-30,-8,-28,-14,-26,-20,-18,-24,-14,-28,-6,-30,0,-28,6,-24,12,-24,18,-20,22,-14,22,-10,0,0,0,0,0,0,0,0,0,0,0,0,0,0,-18,41,2,43,26,36,43,22,49,-4,45,-28,24,-47,-2,-51,-30,-45,-47,-22,-53,8,-45,32,-20,51,12,53,39,41,55,14,55,-18,36,-47,6,-57,-26,-53,-49,-30,-61,0,-53,32,-28,57,4,63,39,51,61,20,61,-14,0,0,12,-61,-20,-59,-43,-36,-57,-4,-47,22,-24,41,4,49,28,34,45,14,43,-10,28,-30,4,-39,-14,-34,-30,-18,-36,4,-28,22,-14,32,6,34,24,24,32,8,32,-10,18,-22,4,-28,-10,-28,-20,-16,-28,-2,-24,12,-12,22,0,0,0,0,0,0]"
1773371358.152247,CSI_DATA,189480,98:4a:6b:31:4a:10,-62,11,-99,-31,58,1,2089997930,83,0,256,0,"[0,0,0,0,0,0,0,0,-26,35,-35,29,-42,20,-47,11,-49,-2,-47,-13,-44,-26,-38,-35,-29,-44,-17,-49,-6,-51,4,-53,13,-51,24,-49,33,-40,42,-33,47,-26,53,-15,55,-6,55,4,53,15,51,24,47,35,40,44,31,55,20,58,8,62,-6,62,0,0,-26,53,-35,44,-44,38,-49,26,-47,17,-49,6,-49,-4,-44,-11,-40,-20,-35,-24,-29,-29,-20,-31,-15,-35,-8,-35,-2,-38,4,-38,11,-33,15,-29,20,-24,26,-20,29,-15,29,-11,29,-4,26,2,24,6,22,11,20,15,17,20,0,0,0,0,0,0,0,0,0,0,0,0,0,0,4,-44,-20,-40,-38,-24,-47,-2,-42,22,-24,44,2,51,29,44,47,20,51,-6,40,-35,15,-53,-15,-53,-42,-35,-55,-6,-49,24,-26,51,6,58,38,47,58,15,55,-17,38,-47,4,-60,-31,-55,-55,-29,-62,8,-47,40,-17,62,0,0,49,40,60,6,51,-29,24,-49,-6,-51,-31,-35,-47,-11,-40,17,-24,38,0,42,24,33,38,11,35,-11,22,-31,2,-38,-20,-31,-31,-13,-33,6,-22,24,-8,33,11,31,26,17,31,0,24,-15,11,-26,-2,-26,-15,-20,-24,-8,0,0,0,0,0,0]"
1773371358.1603365,CSI_DATA,189481,98:4a:6b:31:4a:10,-58,11,-99,40,37,1,2089998317,83,0,256,0,"[0,0,0,0,0,0,0,0,52,55,45,58,26,68,6,74,-16,71,-39,78,-48,65,-58,48,-65,39,-68,19,-78,-3,-81,-19,-87,-32,-71,-42,-65,-58,-42,-71,-45,-74,-16,-84,3,-91,16,-87,42,-91,58,-74,68,-65,81,-58,104,-39,87,-26,107,0,100,16,0,0,74,71,65,55,45,81,32,81,16,87,-13,81,-9,78,-35,74,-35,65,-55,52,-52,35,-52,32,-52,13,-58,6,-55,-13,-45,-9,-48,-26,-29,-35,-32,-29,-16,-39,-22,-39,-3,-45,6,-45,9,-42,22,-42,26,-35,39,-32,39,-16,0,0,0,0,0,0,0,0,0,0,0,0,0,0,-61,-16,-65,22,-58,52,-13,68,26,71,52,42,74,6,71,-39,48,-65,0,-81,-48,-71,-71,-35,-81,13,-55,55,-16,74,26,71,71,45,91,13,91,-52,39,-78,-9,-87,-61,-65,-91,-26,-91,26,-45,78,-3,107,42,84,94,39,0,0,71,-61,19,-87,-22,-94,-65,-39,-87,-6,-68,39,-39,65,0,71,39,45,52,3,55,-29,32,-65,-3,-52,-39,-42,-61,-13,-48,16,-19,35,13,55,32,39,48,16,48,-9,32,-35,6,-45,-16,-55,-32,-22,-45,3,-32,22,-22,39,0,0,0,0,0,0]"
1773371358.1776626,CSI_DATA,189482,98:4a:6b:31:4a:10,-62,11,-99,-30,58,1,2090018218,83,0,256,0,"[0,0,0,0,0,0,0,0,-21,39,-32,34,-36,21,-43,17,-47,0,-50,-8,-47,-19,-43,-32,-36,-41,-30,-45,-17,-50,-8,-50,6,-54,15,-47,21,-45,30,-39,39,-36,45,-26,52,-17,56,-6,60,0,54,8,54,19,45,34,45,43,34,50,26,54,15,60,0,0,-8,58,-21,52,-32,52,-34,39,-45,32,-47,23,-47,19,-43,8,-41,-6,-41,-10,-39,-19,-32,-23,-26,-26,-23,-28,-10,-34,-6,-36,-2,-32,4,-34,10,-32,17,-28,19,-28,21,-19,21,-15,28,-8,26,-4,23,2,26,4,26,10,0,0,0,0,0,0,0,0,0,0,0,0,0,0,-2,-41,-23,-36,-39,-21,-45,6,-36,26,-19,45,8,50,32,32,47,10,45,-17,30,-41,2,-50,-21,-47,-45,-21,-56,8,-45,36,-17,54,15,54,45,34,56,4,54,-28,21,-56,-13,-63,-47,-43,-58,-13,-56,21,-34,50,2,63,0,0,60,23,58,-13,39,-39,13,-52,-23,-43,-45,-21,-47,8,-30,32,-6,43,15,39,30,21,39,-4,34,-21,8,-32,-8,-32,-26,-21,-34,-2,-26,17,-13,28,8,32,21,17,30,6,26,-13,17,-21,-2,-26,-15,-21,-21,-10,-21,2,0,0,0,0,0,0]"
1773371358.1847827,CSI_DATA,189483,98:4a:6b:31:4a:10,-62,11,-99,-28,58,1,2090028447,83,0,256,0,"[0,0,0,0,0,0,0,0,-8,-45,4,-45,16,-43,26,-39,36,-30,45,-20,51,-12,49,2,49,14,43,28,36,36,28,45,16,51,6,55,-4,53,-14,51,-22,45,-34,43,-43,32,-53,22,-55,14,-57,2,-57,-10,-55,-22,-49,-34,-41,-45,-30,-53,-18,-61,0,0,10,-63,20,-57,28,-49,39,-41,41,-30,47,-18,47,-8,47,-2,47,8,41,18,34,22,28,28,20,30,12,34,6,36,-2,36,-6,34,-12,30,-18,26,-22,22,-26,14,-28,8,-28,2,-26,-4,-26,-8,-22,-14,-20,-18,-14,-20,0,0,0,0,0,0,0,0,0,0,0,0,0,0,30,32,43,14,43,-8,32,-30,16,-45,-12,-49,-34,-34,-49,-12,-51,12,-34,39,-10,51,18,49,41,34,51,4,45,-26,22,-49,-6,-55,-34,-47,-55,-20,-55,10,-41,41,-10,59,22,53,51,34,63,2,55,-32,28,-57,-4,-61,0,0,-55,-18,-57,14,-36,41,-8,55,22,47,41,28,47,0,39,-24,16,-41,-10,-41,-30,-26,-39,-4,-32,14,-16,30,2,36,20,28,32,12,32,-8,22,-22,6,-30,-12,-30,-26,-18,-30,-2,-24,12,-12,24,2,26,16,20,24,10,0,0,0,0,0,0]"
1773371358.191859,CSI_DATA,189484,98:4a:6b:31:4a:10,-58,11,-99,40,37,1,2090039196,83,0,256,0,"[0,0,0,0,0,0,0,0,-55,-52,-26,-68,-22,-65,-9,-71,16,-74,39,-71,52,-68,58,-61,71,-39,91,-22,84,-6,78,16,84,29,74,35,61,48,45,74,39,71,29,94,13,84,-9,87,-26,94,-42,84,-58,74,-65,68,-84,52,-91,29,-97,22,-87,-9,0,0,-91,-55,-81,-48,-68,-68,-58,-74,-39,-71,-13,-71,-9,-68,9,-65,22,-68,29,-65,32,-55,45,-42,52,-32,48,-16,58,-13,55,-16,58,3,55,9,42,19,45,32,35,32,22,42,9,35,-3,45,3,48,-6,52,-16,39,-42,29,0,0,0,0,0,0,0,0,0,0,0,0,0,0,61,26,65,-19,52,-48,16,-68,-19,-61,-65,-45,-78,-3,-71,32,-42,65,3,91,52,68,71,26,78,-19,52,-61,9,-84,-42,-71,-74,-45,-81,0,-74,52,-22,91,22,94,71,52,87,6,84,-42,45,-87,-6,-87,-58,-74,-110,-26,0,0,-71,87,0,94,55,81,84,39,81,-19,52,-48,9,-68,-29,-68,-55,-22,-55,6,-42,39,-13,58,29,55,48,29,42,-9,32,-35,9,-48,-16,-52,-52,-22,-48,6,-42,35,-19,42,13,48,26,35,45,13,35,-9,22,-29,-3,-39,0,0,0,0,0,0]"
1773371358.2106135,CSI_DATA,189485,98:4a:6b:31:4a:10,-62,11,-99,-32,59,1,2090050637,83,0,256,0,"[0,0,0,0,0,0,0,0,0,45,-10,43,-20,39,-30,34,-41,26,-51,16,-49,2,-51,-10,-45,-22,-43,-36,-34,-39,-20,-47,-8,-53,4,-53,14,-51,22,-47,34,-45,39,-36,49,-30,53,-16,59,-6,55,2,53,20,53,30,43,43,34,49,22,55,10,61,0,0,-16,57,-26,53,-36,49,-41,34,-47,24,-49,14,-47,6,-45,-6,-41,-14,-34,-24,-30,-26,-22,-30,-18,-32,-12,-36,-2,-36,6,-36,8,-32,16,-30,22,-22,26,-18,30,-12,28,-10,28,2,26,8,22,12,18,18,18,18,14,22,0,0,0,0,0,0,0,0,0,0,0,0,0,0,-24,-34,-39,-22,-43,0,-36,24,-18,41,4,51,28,39,45,20,51,-6,39,-36,14,-45,-10,-53,-34,-41,-49,-10,-47,18,-30,43,-2,55,22,47,51,24,55,-6,47,-36,18,-61,-18,-57,-43,-41,-63,-10,-61,24,-39,49,-4,61,0,0,53,24,57,-6,43,-34,18,-51,-14,-49,-39,-30,-47,-2,-39,20,-18,39,6,39,26,28,36,10,36,-10,20,-28,2,-34,-18,-28,-32,-14,-34,2,-24,22,-8,30,10,30,22,16,28,6,26,-8,12,-20,-2,-24,-12,-22,-20,-12,0,0,0,0,0,0]"
1773371358.218048,CSI_DATA,189486,98:4a:6b:31:4a:10,-58,11,-99,35,37,1,2090060885,83,0,256,0,"[0,0,0,0,0,0,0,0,-63,-41,-48,-63,-37,-63,-30,-67,-3,-71,11,-86,30,-67,48,-60,60,-56,71,-41,75,-30,82,0,93,-3,82,18,78,45,67,48,52,52,41,71,22,90,30,93,3,86,-7,86,-45,82,-48,82,-71,67,-71,60,-82,52,-116,33,0,0,-101,-7,-86,-18,-71,-41,-78,-56,-48,-71,-41,-67,-30,-67,-15,-75,3,-63,7,-71,11,-71,22,-63,45,-52,45,-41,52,-45,56,-26,48,-7,60,-15,63,7,60,26,56,30,45,30,22,33,30,45,15,37,11,45,0,37,-11,41,0,0,0,0,0,0,0,0,0,0,0,0,0,0,60,0,52,-33,33,-63,-3,-75,-45,-60,-67,-33,-82,7,-60,52,-18,78,26,75,60,48,82,15,71,-33,41,-75,-7,-82,-56,-63,-82,-26,-86,30,-52,71,-7,90,41,82,78,41,93,-18,78,-67,7,-93,-37,-93,-82,-45,-90,15,0,0,-37,97,33,86,60,63,78,7,71,-30,30,-63,-18,-75,-48,-45,-71,-3,-56,33,-30,56,11,63,30,41,56,11,41,-33,18,-48,-7,-48,-33,-48,-60,-11,-48,15,-33,41,-7,48,26,37,37,22,45,-3,26,-33,11,-41,-7,-41,0,0,0,0,0,0]"
1773371358.236307,CSI_DATA,189487,98:4a:6b:31:4a:10,-63,11,-99,-36,60,1,2090077244,83,0,256,0,"[0,0,0,0,0,0,0,0,12,41,4,45,-12,43,-16,43,-34,36,-43,26,-43,20,-51,10,-53,-8,-59,-10,-51,-18,-49,-24,-41,-34,-34,-39,-32,-45,-22,-49,-8,-55,6,-55,8,-53,18,-51,28,-47,30,-36,45,-28,55,-18,55,-22,55,-16,59,-2,59,2,0,0,43,22,45,36,41,47,22,47,18,53,12,53,12,49,0,39,-12,34,-18,30,-18,36,-26,28,-28,22,-32,20,-32,12,-34,2,-30,2,-30,-4,-26,-10,-26,-20,-30,-16,-22,-24,-20,-22,-10,-22,-12,-28,2,-24,2,-30,8,-22,0,0,0,0,0,0,0,0,0,0,0,0,0,0,-26,-32,-45,-12,-47,10,-32,39,-4,41,20,49,43,28,47,6,41,-20,20,-39,-10,-47,-34,-34,-49,-10,-45,22,-22,45,10,55,36,45,51,10,55,-28,28,-45,-4,-63,-41,-51,-59,-22,-63,16,-36,47,2,61,39,51,67,26,0,0,47,-51,4,-57,-26,-47,-45,-26,-49,14,-28,32,-2,45,22,39,45,18,39,-6,22,-30,4,-36,-22,-32,-39,-12,-28,10,-20,30,-2,36,14,32,26,14,28,-6,16,-20,4,-26,-14,-20,-24,-12,-24,6,-20,18,-10,22,6,18,0,0,0,0,0,0]"
1773371358.2444012,CSI_DATA,189488,98:4a:6b:31:4a:10,-62,11,-99,-33,59,1,2090092539,83,0,256,0,"[0,0,0,0,0,0,0,0,-29,31,-38,25,-44,14,-46,4,-48,-8,-44,-21,-38,-31,-31,-42,-21,-46,-10,-50,2,-50,12,-52,23,-46,31,-42,38,-33,46,-25,52,-14,57,-6,54,6,54,16,48,27,44,35,35,44,25,52,16,59,4,61,-6,63,-21,59,0,0,-42,44,-50,33,-52,21,-54,10,-54,0,-48,-10,-44,-21,-38,-27,-31,-33,-23,-35,-16,-40,-8,-38,-2,-38,4,-38,12,-35,19,-31,21,-25,27,-19,29,-12,31,-6,31,-2,31,4,25,10,23,14,19,21,14,25,8,23,-4,23,0,0,0,0,0,0,0,0,0,0,0,0,0,0,8,-42,-14,-42,-33,-29,-44,-6,-44,19,-29,40,-6,50,21,48,44,27,52,2,44,-29,23,-48,-6,-54,-35,-42,-52,-16,-52,16,-35,42,-6,57,27,52,52,29,59,-4,48,-38,19,-59,-14,-63,-48,-42,-61,-8,-61,27,-33,54,0,0,33,52,54,25,57,-10,40,-38,10,-48,-16,-46,-40,-25,-46,2,-38,27,-16,40,10,40,29,25,40,2,31,-19,16,-31,-4,-35,-23,-27,-33,-10,-31,10,-23,25,-2,31,14,27,27,12,29,-4,21,-16,10,-25,-4,-27,-14,-19,0,0,0,0,0,0]"
1773371358.2620292,CSI_DATA,189489,98:4a:6b:31:4a:10,-58,11,-99,38,37,1,2090102124,83,0,256,0,"[0,0,0,0,0,0,0,0,-34,-55,-24,-62,0,-72,-3,-75,24,-68,31,-72,51,-51,68,-37,65,-37,79,-20,89,3,86,20,82,20,72,41,58,48,48,65,41,82,24,86,13,79,3,79,-27,89,-24,79,-44,79,-62,75,-72,68,-86,44,-103,34,-99,17,0,0,-99,-20,-86,-37,-86,-55,-62,-51,-48,-65,-34,-75,-27,-75,-13,-68,10,-68,6,-65,24,-65,24,-58,31,-55,44,-41,48,-27,55,-20,51,-20,51,-13,48,17,55,6,55,13,34,24,31,34,31,27,17,34,10,41,6,41,-3,34,0,0,0,0,0,0,0,0,0,0,0,0,0,0,62,27,65,-10,55,-48,27,-65,-10,-79,-58,-65,-72,-17,-86,24,-41,62,-10,79,51,62,75,31,93,-17,65,-62,20,-79,-44,-79,-75,-41,-89,10,-58,58,-13,96,34,93,68,58,103,-13,75,-55,34,-103,-24,-96,-72,-65,-106,-6,0,0,-48,99,6,99,55,68,86,17,75,-34,34,-62,-10,-62,-44,-44,-72,-6,-55,31,-27,58,6,55,48,41,65,3,48,-31,24,-51,-6,-55,-34,-44,-55,0,-41,24,-20,44,6,44,34,34,44,3,41,-10,27,-37,-6,-31,-13,-37,0,0,0,0,0,0]"
1773371358.269569,CSI_DATA,189490,98:4a:6b:31:4a:10,-62,11,-99,-35,60,1,2090104027,83,0,256,0,"[0,0,0,0,0,0,0,0,-19,-41,-5,-41,3,-45,15,-37,25,-39,33,-35,43,-31,43,-19,43,-7,45,3,53,11,53,27,37,33,41,39,29,43,21,51,11,51,3,55,-7,51,-23,53,-19,51,-29,43,-41,37,-49,31,-59,21,-53,13,-67,1,-57,-9,0,0,-51,-35,-47,-35,-37,-43,-25,-47,-19,-47,-3,-45,0,-47,7,-45,15,-41,21,-39,23,-33,27,-25,27,-23,33,-9,39,-9,35,-1,37,3,31,5,25,11,25,17,19,23,17,25,13,29,7,27,3,27,-3,25,-7,23,-13,25,0,0,0,0,0,0,0,0,0,0,0,0,0,0,37,27,43,1,43,-17,21,-41,1,-49,-25,-39,-45,-15,-45,9,-33,33,-7,49,11,49,39,31,57,0,37,-27,19,-45,-13,-55,-37,-35,-57,-9,-49,25,-21,55,-1,57,33,47,61,17,59,-17,37,-51,-7,-65,-33,-55,-59,-25,0,0,-39,45,-7,57,25,49,49,25,53,-7,35,-35,11,-49,-17,-41,-35,-19,-39,5,-27,31,-7,39,21,35,31,13,35,-3,27,-23,5,-35,-11,-27,-23,-15,-29,0,-25,19,-9,29,7,27,21,21,25,1,23,-11,13,-21,-1,-27,0,0,0,0,0,0]"
1773371358.276873,CSI_DATA,189491,98:4a:6b:31:4a:10,-62,11,-99,-41,60,1,2090123581,83,0,256,0,"[0,0,0,0,0,0,0,0,4,45,-4,49,-16,47,-26,35,-37,30,-40,26,-47,14,-52,9,-54,0,-49,-14,-40,-21,-42,-33,-35,-37,-30,-40,-21,-49,-7,-52,-2,-52,4,-54,16,-47,28,-47,28,-45,47,-40,52,-35,52,-28,54,-16,66,-11,64,4,56,9,0,0,47,40,45,42,33,47,21,52,21,49,7,47,-4,47,-11,47,-16,42,-18,35,-28,33,-30,26,-33,26,-35,14,-33,7,-35,2,-37,-4,-30,-2,-33,-14,-28,-18,-23,-18,-14,-23,-16,-26,-7,-26,-9,-23,0,-23,4,-28,9,-30,0,0,0,0,0,0,0,0,0,0,0,0,0,0,-23,-33,-37,-11,-42,9,-33,28,-14,42,18,45,37,28,47,7,40,-23,23,-45,-4,-54,-35,-40,-52,-11,-52,23,-30,42,4,52,30,47,52,16,56,-11,37,-42,0,-56,-26,-47,-52,-23,-61,11,-42,47,-4,59,30,56,54,26,0,0,40,-35,11,-54,-26,-54,-49,-23,-45,2,-37,26,-14,45,14,42,37,21,42,-4,26,-26,9,-37,-16,-33,-30,-18,-35,4,-23,26,-9,28,16,33,26,14,28,-4,23,-18,9,-28,-9,-28,-21,-16,-28,0,-21,14,-9,26,7,26,0,0,0,0,0,0]"
1773371358.2939284,CSI_DATA,189492,98:4a:6b:31:4a:10,-62,11,-99,-38,59,1,2090134651,83,0,256,0,"[0,0,0,0,0,0,0,0,-17,-41,-7,-46,2,-46,14,-43,26,-41,36,-34,43,-24,48,-12,51,-2,51,9,48,19,43,31,36,36,29,43,19,48,9,53,0,56,-12,53,-21,51,-31,46,-39,39,-48,31,-53,21,-58,12,-61,0,-61,-12,-58,-21,-51,-34,0,0,-31,-48,-21,-53,-9,-58,2,-53,9,-53,19,-46,24,-41,31,-34,36,-24,36,-17,41,-9,41,-4,39,4,36,7,34,14,26,21,24,24,17,26,9,29,4,31,0,29,-7,31,-12,26,-14,24,-19,17,-21,14,-24,9,-24,4,0,0,0,0,0,0,0,0,0,0,0,0,0,0,34,24,41,4,39,-19,24,-39,2,-46,-24,-43,-43,-24,-51,2,-39,29,-19,46,12,48,36,36,51,12,48,-19,31,-43,2,-51,-29,-46,-51,-21,-56,9,-39,41,-12,56,21,56,51,34,61,2,48,-31,26,-56,-9,-61,-43,-43,0,0,-56,24,-34,48,-2,58,31,41,46,21,46,-9,31,-34,7,-43,-21,-39,-34,-19,-41,4,-29,26,-7,36,14,34,29,17,36,-2,26,-19,9,-31,-7,-31,-24,-19,-31,-2,-26,12,-14,24,0,26,17,21,24,9,24,-2,19,-17,0,0,0,0,0,0]"
1773371358.3014457,CSI_DATA,189493,98:4a:6b:31:4a:10,-63,11,-99,-37,60,1,2090149334,83,0,256,0,"[0,0,0,0,0,0,0,0,44,2,42,12,42,21,33,31,29,38,19,44,8,46,-4,50,-12,48,-21,44,-31,38,-38,33,-44,27,-48,19,-48,8,-52,0,-50,-10,-50,-19,-46,-29,-44,-35,-33,-40,-27,-46,-21,-50,-8,-57,2,-59,10,-57,21,-57,31,-52,0,0,48,-35,52,-25,54,-14,52,-4,52,4,46,10,42,19,35,25,33,31,25,31,19,35,12,38,6,38,0,35,-6,35,-10,33,-12,27,-19,27,-23,21,-25,16,-27,12,-27,6,-27,2,-25,-2,-25,-8,-23,-12,-19,-14,-16,-19,0,0,0,0,0,0,0,0,0,0,0,0,0,0,-35,19,-21,35,2,44,27,35,42,19,48,-8,38,-31,14,-48,-14,-46,-40,-31,-52,-2,-46,27,-23,48,8,52,35,38,52,12,50,-21,27,-46,-2,-57,-35,-46,-54,-16,-57,19,-35,46,-2,61,33,52,57,23,63,-12,44,-44,0,0,-25,-54,-48,-29,-57,6,-40,35,-12,48,16,44,40,23,44,-2,33,-27,12,-38,-12,-35,-31,-21,-38,2,-27,23,-8,33,12,33,29,19,33,-2,25,-19,10,-29,-8,-29,-23,-16,-29,-2,-25,14,-12,23,4,25,16,19,25,6,0,0,0,0,0,0]"
1773371358.318857,CSI_DATA,189494,98:4a:6b:31:4a:10,-63,11,-99,-35,60,1,2090159009,83,0,256,0,"[0,0,0,0,0,0,0,0,41,11,39,21,33,29,25,37,15,45,3,47,-7,47,-19,45,-29,41,-37,33,-43,25,-49,17,-51,3,-49,-3,-49,-15,-45,-25,-39,-35,-33,-41,-25,-47,-15,-55,-3,-53,3,-55,17,-53,29,-49,37,-45,49,-35,55,-27,59,-15,0,0,59,9,53,19,45,29,39,35,29,41,21,45,11,45,1,43,-5,43,-13,39,-19,33,-25,27,-27,25,-29,17,-33,11,-33,5,-33,-1,-29,-7,-27,-11,-23,-15,-21,-19,-13,-23,-9,-25,-3,-25,0,-25,5,-23,9,-21,15,-19,0,0,0,0,0,0,0,0,0,0,0,0,0,0,-41,11,-27,33,-7,43,15,41,37,29,49,5,43,-19,27,-39,3,-49,-23,-43,-45,-23,-49,5,-41,33,-13,49,13,51,39,35,53,7,49,-25,27,-49,-3,-57,-33,-43,-55,-17,-59,13,-39,45,-7,61,25,53,49,31,61,-1,0,0,21,-55,-11,-55,-39,-37,-51,-9,-45,19,-25,39,3,45,27,33,39,11,39,-11,23,-31,1,-37,-19,-27,-31,-11,-33,9,-23,27,-3,31,13,29,27,15,33,-3,25,-17,9,-27,-7,-27,-17,-19,-25,-5,-25,9,-13,19,-1,23,0,0,0,0,0,0]"
1773371358.326641,CSI_DATA,189495,98:4a:6b:31:4a:10,-62,11,-99,-36,60,1,2090168945,83,0,256,0,"[0,0,0,0,0,0,0,0,43,-12,45,0,43,8,41,16,36,30,32,36,24,45,14,43,2,51,-2,53,-14,49,-20,49,-30,45,-39,36,-43,30,-49,20,-51,12,-57,0,-53,-10,-57,-14,-53,-22,-47,-30,-43,-36,-34,-49,-28,-57,-14,-57,-4,-59,4,-59,0,0,24,-51,39,-49,39,-36,47,-34,45,-20,49,-16,47,-8,45,0,43,10,41,16,36,20,30,22,26,26,20,28,14,34,8,34,4,32,0,30,-8,30,-10,28,-14,26,-18,22,-20,20,-24,14,-26,8,-24,4,-24,0,-24,-4,0,0,0,0,0,0,0,0,0,0,0,0,0,0,-28,32,-8,41,18,41,36,28,47,0,43,-22,26,-47,-2,-45,-30,-39,-49,-16,-47,16,-34,41,-6,49,26,43,49,20,53,-10,34,-39,10,-53,-26,-47,-49,-26,-55,8,-43,39,-12,57,22,57,53,34,59,-6,47,-43,18,-61,0,0,-47,-39,-63,-2,-45,26,-24,51,14,45,34,30,45,2,36,-22,14,-41,-12,-39,-32,-22,-39,2,-28,22,-10,36,12,30,28,18,36,0,24,-16,10,-30,-8,-32,-24,-20,-30,-2,-24,16,-10,26,8,28,18,20,24,4,20,-8,0,0,0,0,0,0]"
1773371358.335715,CSI_DATA,189496,98:4a:6b:31:4a:10,-63,11,-99,-38,59,1,2090181788,83,0,256,0,"[0,0,0,0,0,0,0,0,-43,-14,-36,-26,-31,-29,-21,-36,-7,-48,2,-51,12,-51,24,-43,29,-36,43,-26,41,-19,51,-7,56,0,48,14,41,24,41,31,39,36,29,41,19,48,9,53,0,58,-12,61,-24,51,-36,48,-46,41,-51,31,-53,21,-61,9,0,0,-56,-17,-53,-29,-48,-36,-39,-34,-24,-46,-12,-48,-2,-43,7,-46,14,-43,21,-39,21,-34,31,-26,29,-19,31,-17,34,-4,36,0,34,4,34,9,26,14,21,21,19,24,9,24,4,29,0,29,-4,26,-9,24,-14,21,-17,17,0,0,0,0,0,0,0,0,0,0,0,0,0,0,39,-7,31,-29,14,-36,-9,-39,-29,-31,-46,-9,-46,12,-31,39,-7,51,26,48,41,29,51,2,43,-26,19,-43,-12,-51,-36,-39,-51,-14,-51,14,-34,43,-2,56,29,51,51,26,56,-12,41,-39,12,-58,-19,-61,-43,-34,-58,0,0,0,-24,53,2,51,31,43,48,19,51,-17,31,-39,4,-43,-19,-34,-36,-12,-36,7,-29,29,-4,39,12,31,26,14,34,-2,26,-19,12,-31,-9,-31,-26,-19,-31,0,-26,17,-14,24,2,29,17,24,24,7,24,-7,17,-17,7,-24,0,0,0,0,0,0]"
1773371358.342978,CSI_DATA,189497,98:4a:6b:31:4a:10,-63,11,-99,-36,60,1,2090182228,83,0,256,0,"[0,0,0,0,0,0,0,0,-2,-45,10,-45,22,-41,30,-34,41,-24,47,-16,51,-4,49,8,47,18,45,28,34,36,28,43,18,47,6,51,-4,51,-14,51,-24,47,-34,41,-43,34,-47,26,-53,18,-55,6,-57,-6,-55,-18,-53,-28,-47,-36,-39,-47,-28,-55,0,0,-2,-59,8,-57,20,-53,30,-47,34,-39,41,-30,43,-20,45,-12,45,-2,43,8,39,14,34,18,30,22,26,28,18,32,10,34,4,34,-2,30,-8,30,-14,28,-18,24,-22,20,-24,14,-24,8,-26,2,-24,-2,-26,-6,-22,-12,0,0,0,0,0,0,0,0,0,0,0,0,0,0,22,36,36,18,43,-2,36,-26,18,-41,-6,-49,-30,-39,-45,-18,-49,10,-34,34,-10,49,16,47,39,30,51,4,47,-26,24,-47,-6,-55,-32,-41,-55,-14,-51,16,-39,45,-6,59,28,53,53,30,61,-4,49,-36,18,-57,-16,-61,0,0,-61,-10,-51,24,-30,49,2,53,30,39,45,16,45,-12,28,-32,4,-43,-18,-34,-36,-16,-36,4,-26,26,-8,36,14,30,30,18,34,-2,26,-18,10,-30,-6,-30,-20,-20,-30,-6,-26,12,-16,24,0,26,14,22,22,12,24,-2,0,0,0,0,0,0]"
1773371358.3599257,CSI_DATA,189498,98:4a:6b:31:4a:10,-63,11,-99,-39,60,1,2090201007,83,0,256,0,"[0,0,0,0,0,0,0,0,-29,33,-35,26,-42,20,-47,8,-47,-2,-47,-15,-42,-26,-35,-35,-26,-42,-17,-49,-6,-53,4,-51,13,-51,22,-49,31,-42,40,-35,47,-26,51,-17,58,-6,55,0,55,11,51,22,49,31,42,42,33,51,26,58,13,62,2,62,0,0,-24,58,-31,49,-40,40,-47,33,-49,22,-49,13,-49,2,-47,-4,-42,-13,-38,-20,-33,-26,-26,-29,-22,-33,-15,-35,-6,-33,-2,-35,4,-33,11,-31,17,-26,22,-24,24,-17,26,-15,26,-8,29,-4,24,2,24,8,24,11,17,15,0,0,0,0,0,0,0,0,0,0,0,0,0,0,6,-42,-17,-40,-35,-24,-47,-2,-42,22,-26,44,2,51,26,42,47,20,51,-6,38,-35,13,-51,-17,-51,-44,-33,-53,-4,-47,26,-24,51,6,55,40,42,55,13,55,-22,35,-49,0,-60,-33,-53,-58,-24,-60,11,-44,44,-13,62,0,0,53,38,60,-2,47,-33,22,-51,-15,-51,-35,-33,-49,-6,-40,22,-20,40,6,42,29,31,38,6,33,-15,17,-33,-4,-35,-24,-26,-33,-8,-31,11,-20,26,-2,31,15,26,29,13,31,-4,22,-20,6,-26,-6,-24,-20,-15,-26,-2,0,0,0,0,0,0]"
1773371358.3667977,CSI_DATA,189499,98:4a:6b:31:4a:10,-63,11,-99,-32,59,1,2090211251,83,0,256,0,"[0,0,0,0,0,0,0,0,-32,30,-41,22,-45,10,-47,-2,-45,-16,-41,-26,-32,-36,-22,-45,-12,-49,0,-53,12,-51,22,-47,32,-41,39,-32,47,-22,49,-12,53,0,55,10,51,22,47,30,39,41,28,49,22,55,6,57,-4,61,-16,61,-30,57,-39,49,0,0,-55,24,-57,12,-57,-2,-55,-14,-49,-24,-39,-28,-30,-36,-22,-41,-14,-43,-4,-41,4,-41,12,-36,18,-34,24,-28,28,-24,30,-16,32,-10,32,-2,32,4,30,10,28,14,20,20,16,22,10,24,6,26,-2,26,-6,24,-10,22,0,0,0,0,0,0,0,0,0,0,0,0,0,0,14,-41,-8,-41,-28,-32,-45,-12,-45,12,-36,36,-12,49,14,49,39,36,51,10,49,-18,30,-43,4,-55,-24,-49,-47,-26,-55,4,-45,30,-20,51,12,57,41,41,57,12,55,-20,36,-49,4,-61,-28,-55,-53,-28,-63,6,-51,36,0,0,14,61,41,45,55,12,49,-18,30,-41,2,-49,-24,-41,-41,-18,-45,6,-32,28,-8,41,14,36,28,20,39,0,30,-20,14,-32,-6,-32,-24,-24,-32,-8,-32,10,-20,24,-2,30,14,26,24,14,28,0,24,-14,10,-22,-2,-24,0,0,0,0,0,0]"
1773371358.3750057,CSI_DATA,189500,98:4a:6b:31:4a:10,-62,11,-99,-38,60,1,2090219149,83,0,256,0,"[0,0,0,0,0,0,0,0,-21,41,-28,36,-36,28,-41,19,-47,10,-50,0,-47,-13,-45,-23,-39,-32,-32,-39,-23,-45,-17,-50,-6,-52,4,-52,13,-50,23,-47,32,-43,39,-36,45,-30,50,-21,54,-13,56,-6,58,4,56,17,54,28,50,36,43,45,34,52,0,0,10,60,0,58,-13,56,-21,52,-26,43,-32,36,-36,30,-41,23,-43,15,-41,6,-41,0,-39,-6,-36,-10,-32,-17,-28,-21,-21,-26,-17,-28,-13,-28,-6,-32,-2,-30,4,-30,8,-28,13,-26,17,-21,17,-17,21,-13,23,-8,26,-4,0,0,0,0,0,0,0,0,0,0,0,0,0,0,-4,-41,-26,-32,-41,-15,-45,10,-34,34,-10,50,17,47,39,30,52,4,45,-23,23,-47,-6,-54,-34,-41,-54,-13,-52,19,-34,43,-2,56,30,47,54,21,56,-13,39,-43,8,-60,-28,-54,-54,-30,-60,4,-47,39,-15,60,21,58,0,0,60,4,50,-32,21,-54,-13,-54,-36,-34,-47,-6,-41,23,-19,41,8,43,28,30,39,4,34,-17,13,-34,-8,-36,-26,-23,-36,-4,-30,17,-15,28,4,32,21,23,30,8,30,-10,17,-23,2,-28,-15,-21,-23,-10,-26,4,-19,17,0,0,0,0,0,0]"
1773371358.3919063,CSI_DATA,189501,98:4a:6b:31:4a:10,-63,11,-99,-31,59,1,2090232240,83,0,256,0,"[0,0,0,0,0,0,0,0,43,-5,45,3,43,15,39,27,29,37,21,45,7,49,-3,51,-15,47,-27,43,-35,37,-43,27,-49,19,-51,9,-51,-3,-51,-13,-49,-25,-41,-35,-33,-43,-27,-49,-15,-55,-1,-55,7,-57,21,-55,31,-51,41,-43,51,-33,59,-23,0,0,59,3,55,15,49,27,43,33,31,41,23,43,9,47,3,47,-3,45,-11,39,-17,37,-25,31,-29,25,-33,17,-35,9,-35,3,-31,-3,-31,-7,-27,-13,-25,-19,-15,-23,-11,-27,-5,-25,0,-25,3,-25,9,-25,13,-19,15,-15,0,0,0,0,0,0,0,0,0,0,0,0,0,0,-31,27,-15,39,7,43,29,35,43,13,49,-9,33,-33,13,-47,-13,-49,-35,-35,-51,-9,-47,17,-29,41,-3,51,25,45,47,23,53,-5,41,-33,17,-55,-15,-53,-43,-37,-59,-7,-53,21,-33,49,0,61,35,53,55,25,63,-9,0,0,17,-57,-15,-55,-43,-35,-51,-3,-43,23,-21,41,3,43,29,33,41,11,37,-13,25,-31,0,-37,-17,-29,-31,-13,-33,7,-23,25,-5,33,11,31,27,17,33,1,27,-15,11,-25,-1,-27,-17,-21,-25,-9,-27,5,-17,17,-3,23,0,0,0,0,0,0]"
1773371358.3990436,CSI_DATA,189502,98:4a:6b:31:4a:10,-63,11,-99,-35,60,1,2090242730,83,0,256,0,"[0,0,0,0,0,0,0,0,23,35,17,43,9,49,-3,47,-13,45,-27,43,-33,33,-41,27,-43,17,-51,7,-53,1,-49,-7,-47,-19,-39,-27,-33,-33,-29,-43,-23,-49,-9,-53,-1,-51,9,-53,11,-55,21,-47,33,-47,43,-43,51,-33,59,-17,59,-15,63,-3,0,0,59,25,47,29,43,39,25,43,23,45,11,49,3,47,-1,45,-7,45,-15,33,-19,31,-27,33,-31,27,-33,21,-31,11,-35,3,-31,0,-29,-1,-25,-7,-25,-15,-25,-17,-19,-23,-13,-21,-9,-23,-3,-25,1,-27,5,-21,9,-23,0,0,0,0,0,0,0,0,0,0,0,0,0,0,-35,-15,-41,5,-33,25,-9,41,11,41,39,31,49,9,45,-17,23,-41,1,-49,-29,-43,-47,-21,-53,11,-41,37,-13,49,21,49,47,29,49,-3,43,-39,9,-57,-13,-51,-43,-35,-59,-3,-51,33,-25,55,7,53,45,47,59,13,0,0,31,-53,-1,-55,-33,-45,-45,-17,-47,19,-25,35,-1,45,25,35,39,13,39,-7,23,-27,3,-39,-17,-33,-31,-13,-35,11,-21,29,-3,35,13,27,27,11,29,-5,21,-21,5,-29,-9,-27,-21,-17,-27,-1,-21,15,-9,19,3,21,0,0,0,0,0,0]"
1773371358.4069235,CSI_DATA,189503,98:4a:6b:31:4a:10,-63,11,-99,-32,59,1,2090255173,83,0,256,0,"[0,0,0,0,0,0,0,0,-16,41,-28,36,-36,28,-41,18,-47,6,-49,-6,-47,-16,-43,-30,-32,-39,-24,-47,-12,-49,-4,-53,8,-51,18,-47,30,-43,39,-36,47,-28,51,-16,53,-8,57,2,53,16,49,24,45,34,36,47,26,53,14,59,4,61,-12,61,0,0,-34,49,-41,41,-49,30,-51,16,-51,8,-49,-4,-47,-10,-41,-20,-34,-26,-26,-32,-20,-34,-10,-36,-6,-39,2,-36,10,-34,16,-30,18,-26,24,-20,28,-16,30,-10,30,-2,28,2,26,8,22,12,20,18,14,22,10,22,6,24,0,0,0,0,0,0,0,0,0,0,0,0,0,0,-6,-43,-28,-34,-41,-16,-43,8,-34,30,-14,47,10,49,34,36,49,14,49,-14,32,-39,8,-51,-18,-49,-41,-28,-51,0,-45,28,-24,49,8,53,36,41,55,14,53,-18,39,-47,6,-59,-26,-55,-51,-28,-61,2,-49,36,-22,55,0,0,41,45,55,12,53,-20,32,-41,4,-49,-24,-41,-41,-18,-43,8,-32,30,-8,36,14,34,30,20,39,0,28,-20,10,-32,-8,-32,-22,-22,-32,-6,-30,12,-18,26,-2,30,16,24,26,12,28,-4,20,-16,8,-26,-6,-24,-16,-18,0,0,0,0,0,0]"
1773371358.4239783,CSI_DATA,189504,98:4a:6b:31:4a:10,-58,11,-99,35,37,1,2090267987,83,0,256,0,"[0,0,0,0,0,0,0,0,-22,-63,-26,-71,-7,-71,15,-63,22,-63,41,-63,60,-56,71,-37,82,-26,78,-3,75,11,75,33,75,45,60,52,52,63,37,78,7,86,3,82,-3,90,-26,82,-45,71,-60,67,-67,60,-75,48,-93,33,-101,7,-97,-11,-101,-22,0,0,-78,-63,-71,-52,-45,-75,-33,-63,-22,-78,0,-67,7,-71,22,-67,26,-48,41,-52,48,-41,48,-37,56,-18,56,-11,52,-7,56,7,52,11,48,22,33,37,33,33,22,37,18,41,3,41,3,41,-11,41,-11,37,-18,30,-33,26,0,0,0,0,0,0,0,0,0,0,0,0,0,0,52,37,63,-3,63,-45,26,-67,-22,-67,-48,-63,-75,-37,-78,22,-52,63,-3,82,30,75,67,45,90,-3,67,-48,30,-71,-7,-78,-67,-63,-82,-11,-78,48,-37,71,0,90,52,78,78,26,93,-37,60,-78,15,-90,-41,-82,-75,-33,0,0,-78,56,-26,82,22,82,67,48,78,3,60,-45,30,-56,-11,-63,-48,-41,-63,-3,-45,37,-15,52,7,52,48,37,60,-3,48,-30,26,-48,-18,-56,-41,-37,-52,-3,-48,26,-26,33,7,41,22,37,45,11,37,-11,30,-22,15,-33,0,0,0,0,0,0]"
1773371358.431794,CSI_DATA,189505,98:4a:6b:31:4a:10,-63,11,-99,-30,59,1,2090268706,83,0,256,0,"[0,0,0,0,0,0,0,0,15,-40,23,-34,29,-27,40,-23,44,-7,48,0,46,13,48,21,40,29,34,40,25,44,15,44,1,52,-3,48,-15,50,-21,44,-32,42,-38,32,-48,25,-48,13,-52,11,-52,-3,-56,-13,-50,-21,-46,-31,-42,-40,-32,-50,-23,-56,0,0,1,-58,9,-54,25,-52,29,-44,34,-36,38,-29,38,-25,40,-13,42,-5,40,1,42,9,34,13,29,17,29,23,17,29,13,31,5,31,3,29,-3,32,-7,31,-11,27,-15,23,-17,19,-25,13,-23,9,-25,3,-27,0,-23,-7,0,0,0,0,0,0,0,0,0,0,0,0,0,0,7,44,27,32,38,15,44,-13,31,-31,9,-48,-19,-42,-36,-31,-46,-3,-40,25,-23,44,7,48,31,42,50,15,52,-15,34,-42,3,-56,-23,-48,-54,-27,-54,5,-42,42,-9,54,21,56,54,36,62,3,48,-34,27,-58,-13,-62,0,0,-60,-9,-52,21,-29,46,3,52,31,38,44,11,42,-15,25,-34,1,-40,-23,-34,-34,-13,-36,9,-25,29,-1,36,15,27,31,13,31,-5,23,-23,3,-29,-13,-27,-23,-15,-29,0,-21,17,-13,27,5,25,17,17,21,5,23,-9,0,0,0,0,0,0]"
1773371358.439108,CSI_DATA,189506,98:4a:6b:31:4a:10,-60,11,-99,47,37,1,2090269092,83,0,256,0,"[0,0,0,0,0,0,0,0,-21,-58,-23,-53,-5,-47,13,-50,18,-50,31,-45,47,-34,61,-37,58,-10,66,-2,61,5,63,21,61,29,45,45,37,50,29,71,7,66,5,55,-5,63,-23,69,-37,58,-47,50,-55,53,-66,42,-79,23,-66,7,-79,-13,-82,-29,0,0,-50,-31,-37,-63,-34,-63,-15,-61,0,-58,5,-50,18,-66,18,-50,34,-45,37,-31,42,-26,47,-23,47,-10,45,-2,37,-2,39,21,39,21,42,18,21,31,10,34,13,29,13,31,5,34,-5,34,-18,26,-18,31,-15,18,-39,21,0,0,0,0,0,0,0,0,0,0,0,0,0,0,42,26,53,-2,39,-34,23,-63,-2,-55,-31,-42,-58,-23,-58,18,-47,45,-7,69,29,50,42,34,66,5,58,-39,26,-47,-10,-69,-45,-53,-71,-10,-63,23,-37,58,5,69,37,50,74,31,79,-21,47,-53,15,-77,-50,-74,-66,-42,0,0,-58,47,-23,66,13,74,47,37,63,-2,55,-26,15,-55,0,-55,-45,-34,-42,-7,-31,18,-21,37,0,50,21,23,47,5,31,-18,26,-26,-5,-42,-18,-26,-45,0,-47,7,-21,29,-5,37,10,31,34,13,42,2,29,-15,15,-23,0,0,0,0,0,0]"
1773371358.4595559,CSI_DATA,189507,98:4a:6b:31:4a:10,-63,11,-99,-35,60,1,2090297371,83,0,256,0,"[0,0,0,0,0,0,0,0,7,43,-1,45,-13,43,-23,39,-35,33,-43,23,-49,13,-51,0,-49,-9,-45,-21,-39,-31,-35,-39,-25,-45,-15,-49,-5,-51,5,-51,15,-49,25,-49,35,-39,45,-33,49,-23,51,-15,59,-5,57,7,55,19,51,29,45,39,35,51,0,0,11,57,-1,59,-11,57,-21,49,-27,43,-35,33,-41,27,-41,15,-41,9,-41,0,-37,-7,-37,-13,-33,-19,-27,-23,-19,-29,-13,-29,-9,-33,-1,-31,3,-31,9,-27,13,-25,19,-21,21,-17,23,-11,23,-5,23,-1,25,3,21,7,0,0,0,0,0,0,0,0,0,0,0,0,0,0,-27,-31,-41,-11,-41,11,-31,31,-11,45,13,45,35,33,49,7,47,-17,29,-39,3,-51,-27,-45,-45,-23,-53,5,-41,33,-17,51,11,51,41,35,55,5,51,-25,27,-47,-3,-59,-33,-47,-57,-21,-57,13,-39,45,-9,61,25,55,0,0,59,0,45,-31,21,-51,-7,-51,-35,-35,-45,-9,-43,17,-23,37,1,41,23,31,37,9,35,-11,23,-29,1,-35,-19,-27,-31,-13,-33,5,-21,23,-5,29,11,29,23,17,31,3,25,-13,13,-23,-3,-25,-15,-19,-23,-9,-23,3,0,0,0,0,0,0]"
1773371358.4663184,CSI_DATA,189508,98:4a:6b:31:4a:10,-63,11,-99,-38,60,1,2090307633,83,0,256,0,"[0,0,0,0,0,0,0,0,-17,-41,-8,-43,2,-45,10,-45,21,-41,32,-36,39,-30,47,-21,50,-10,52,-2,50,8,50,17,45,28,39,34,32,41,23,45,17,54,8,54,0,54,-10,54,-19,52,-28,50,-36,45,-45,36,-52,30,-56,21,-60,10,-60,2,0,0,-56,-19,-50,-30,-41,-39,-34,-41,-28,-45,-15,-47,-8,-47,0,-45,4,-43,10,-39,19,-34,23,-32,28,-26,30,-21,32,-17,32,-8,32,-4,30,0,30,6,28,10,26,15,21,19,17,21,13,21,8,23,4,26,0,23,-4,23,0,0,0,0,0,0,0,0,0,0,0,0,0,0,34,23,43,2,39,-21,21,-41,-4,-45,-30,-36,-45,-17,-47,10,-34,36,-8,50,21,47,45,26,52,-2,41,-32,15,-50,-15,-52,-43,-34,-52,0,-47,32,-19,52,13,56,43,39,58,8,54,-26,28,-52,-8,-60,-39,-45,-63,-13,0,0,-32,52,4,58,34,45,47,15,47,-15,26,-36,0,-45,-26,-34,-41,-13,-39,13,-21,32,0,36,23,30,34,10,32,-13,17,-28,-2,-34,-19,-26,-30,-8,-28,10,-19,23,0,28,15,23,23,13,26,-4,19,-19,4,-23,-8,-21,0,0,0,0,0,0]"
1773371358.4732275,CSI_DATA,189509,98:4a:6b:31:4a:10,-63,11,-99,-37,60,1,2090317434,83,0,256,0,"[0,0,0,0,0,0,0,0,-44,-6,-40,-16,-38,-27,-29,-38,-19,-44,-8,-48,4,-48,14,-48,25,-44,35,-38,42,-29,48,-21,50,-10,52,0,50,8,48,21,44,29,38,35,31,44,23,50,14,54,0,57,-8,59,-21,54,-29,50,-40,46,-50,38,-59,25,0,0,-61,2,-57,-12,-52,-19,-46,-27,-38,-35,-27,-38,-16,-44,-10,-44,-4,-44,6,-42,12,-40,19,-35,23,-29,27,-25,29,-19,33,-12,31,-6,33,0,31,6,27,10,25,14,21,21,14,23,10,23,6,25,2,25,-2,23,-10,21,0,0,0,0,0,0,0,0,0,0,0,0,0,0,40,-14,25,-33,4,-44,-19,-42,-38,-25,-48,-2,-40,25,-23,44,2,50,31,42,48,19,52,-10,38,-38,10,-52,-21,-48,-44,-29,-54,0,-46,31,-21,54,12,54,40,40,57,10,54,-23,33,-50,-2,-61,-33,-50,-57,-21,-61,14,0,0,-10,59,21,52,48,31,52,-2,42,-29,16,-44,-12,-44,-33,-29,-42,-4,-35,19,-16,38,6,35,27,23,35,6,31,-16,16,-31,-2,-33,-21,-25,-33,-6,-29,10,-21,23,-2,29,14,25,23,12,27,-2,23,-14,8,-23,-4,-23,0,0,0,0,0,0]"
1773371358.4820828,CSI_DATA,189510,98:4a:6b:31:4a:10,-63,11,-99,-32,59,1,2090327385,83,0,256,0,"[0,0,0,0,0,0,0,0,45,-2,43,10,41,20,34,30,26,39,14,47,2,49,-10,49,-22,45,-32,39,-41,30,-49,20,-51,10,-51,0,-49,-16,-45,-26,-41,-34,-32,-43,-24,-49,-14,-53,0,-55,10,-53,22,-51,32,-47,45,-41,53,-28,59,-18,61,-4,0,0,55,22,47,32,36,43,28,47,16,49,6,51,-2,49,-14,43,-20,36,-26,30,-28,24,-34,16,-36,10,-36,4,-34,-4,-32,-12,-26,-18,-22,-20,-16,-24,-12,-28,-4,-28,2,-28,8,-26,10,-22,14,-18,20,-16,22,-10,24,-4,0,0,0,0,0,0,0,0,0,0,0,0,0,0,-34,24,-18,39,4,45,28,36,41,20,49,-2,41,-28,22,-45,-6,-51,-30,-39,-47,-16,-51,12,-39,36,-12,51,16,49,39,32,53,6,47,-24,28,-49,-2,-55,-32,-47,-53,-24,-57,10,-45,39,-14,57,18,57,47,39,63,6,0,0,32,-51,2,-57,-28,-49,-47,-20,-47,8,-34,30,-12,45,14,43,34,24,41,0,34,-20,16,-32,-6,-36,-22,-26,-34,-6,-32,14,-20,26,-2,32,16,28,30,14,30,-2,24,-16,10,-26,-4,-26,-18,-20,-24,-8,-24,6,-16,16,0,0,0,0,0,0]"
1773371358.4891603,CSI_DATA,189511,98:4a:6b:31:4a:10,-58,11,-99,33,37,1,2090337563,83,0,256,0,"[0,0,0,0,0,0,0,0,59,35,59,39,51,55,35,59,19,71,3,71,-15,71,-35,79,-43,63,-59,51,-67,39,-75,15,-79,3,-91,-11,-83,-27,-67,-47,-63,-59,-55,-67,-39,-87,-27,-91,-3,-83,7,-87,27,-87,39,-87,63,-83,71,-67,87,-43,91,-15,0,0,79,0,83,23,75,43,75,43,55,59,43,59,31,71,15,71,7,71,-7,67,-19,63,-23,47,-35,39,-47,35,-47,31,-43,23,-51,7,-55,3,-43,-7,-43,-19,-47,-19,-27,-31,-27,-31,-11,-39,-7,-35,-3,-43,3,-39,7,-31,0,0,0,0,0,0,0,0,0,0,0,0,0,0,-63,0,-51,43,-15,67,11,59,47,55,79,11,71,-23,55,-47,15,-79,-31,-67,-67,-39,-79,11,-59,39,-23,79,11,83,59,55,79,7,79,-43,35,-83,-15,-87,-59,-59,-87,-31,-87,27,-59,63,-7,95,51,79,87,47,95,-11,0,0,15,-87,-23,-83,-75,-51,-87,-3,-63,39,-19,59,3,75,51,47,63,11,63,-31,27,-55,-7,-55,-39,-27,-63,0,-47,19,-27,51,11,55,39,35,47,7,55,-15,31,-47,0,-43,-19,-35,-35,-23,-31,0,-31,27,-11,43,3,27,0,0,0,0,0,0]"
1773371358.5061767,CSI_DATA,189512,98:4a:6b:31:4a:10,-63,11,-99,-34,60,1,2090347310,83,0,256,0,"[0,0,0,0,0,0,0,0,-40,11,-46,5,-46,-5,-44,-13,-40,-21,-32,-34,-31,-38,-19,-50,-7,-48,-3,-50,7,-50,15,-50,21,-46,31,-42,34,-34,42,-27,50,-25,52,-13,58,-7,54,3,56,9,48,15,50,25,38,36,36,42,34,52,27,60,21,56,0,0,-9,60,-11,54,-27,50,-27,42,-36,40,-38,29,-38,25,-44,19,-40,9,-40,3,-40,-1,-38,-9,-36,-11,-32,-15,-29,-21,-23,-25,-19,-27,-13,-29,-3,-27,-1,-31,1,-29,5,-27,9,-29,9,-23,13,-19,19,-13,19,-13,25,-7,0,0,0,0,0,0,0,0,0,0,0,0,0,0,27,-31,7,-42,-19,-38,-38,-21,-48,0,-42,31,-19,44,7,52,32,32,46,3,44,-25,23,-46,-5,-52,-34,-38,-48,-13,-52,19,-31,48,3,52,34,42,56,7,52,-25,34,-52,-1,-62,-34,-48,-52,-11,-58,21,-32,48,1,63,0,0,62,17,54,-15,36,-44,0,-48,-27,-38,-46,-7,-44,17,-21,36,3,42,27,29,36,5,36,-15,17,-32,-5,-32,-27,-21,-34,0,-31,19,-13,32,3,31,21,19,27,3,23,-15,9,-25,-1,-27,-19,-19,-29,-3,-23,9,-13,21,0,0,0,0,0,0]"
1773371358.512906,CSI_DATA,189513,98:4a:6b:31:4a:10,-63,11,-99,-34,60,1,2090357793,83,0,256,0,"[0,0,0,0,0,0,0,0,38,21,34,29,27,36,19,42,7,48,-3,46,-15,46,-25,42,-32,36,-40,32,-48,21,-50,13,-52,3,-50,-5,-48,-15,-44,-25,-40,-36,-36,-42,-27,-48,-19,-52,-7,-54,0,-56,13,-54,25,-54,32,-50,40,-42,50,-36,56,-29,0,0,60,-5,56,9,54,19,48,27,40,32,32,36,25,40,17,42,9,42,1,42,-5,38,-13,36,-17,34,-21,29,-25,25,-27,19,-31,13,-29,7,-31,3,-31,-1,-29,-7,-25,-13,-21,-15,-17,-19,-13,-23,-7,-25,-5,-23,1,-25,0,0,0,0,0,0,0,0,0,0,0,0,0,0,-42,3,-34,25,-17,40,7,42,32,32,48,11,46,-13,32,-38,7,-48,-21,-46,-44,-25,-52,3,-42,32,-17,50,13,52,40,32,54,7,46,-27,23,-50,-9,-56,-36,-40,-58,-13,-56,19,-34,50,0,60,32,50,58,23,62,-17,0,0,7,-60,-25,-54,-48,-27,-52,5,-36,31,-11,44,15,42,36,23,44,-1,32,-25,11,-38,-13,-32,-29,-23,-34,0,-27,23,-7,36,9,32,27,19,32,1,27,-15,13,-29,-5,-29,-21,-19,-27,-3,-25,9,-13,21,-1,25,11,19,0,0,0,0,0,0]"
1773371358.5192282,CSI_DATA,189514,98:4a:6b:31:4a:10,-63,11,-99,-35,60,1,2090358062,83,0,256,0,"[0,0,0,0,0,0,0,0,9,-41,21,-39,31,-33,37,-25,45,-17,47,-5,49,3,49,15,45,25,39,31,31,39,25,47,13,49,5,49,-5,51,-15,49,-23,47,-33,41,-39,35,-47,29,-49,19,-53,11,-57,1,-57,-9,-55,-21,-51,-33,-47,-41,-35,-49,0,0,-13,-55,-5,-59,5,-57,17,-49,21,-47,29,-39,31,-33,35,-27,39,-17,39,-7,39,-1,39,5,35,9,33,13,27,21,21,25,21,27,11,29,5,29,1,31,-1,29,-5,29,-11,25,-15,19,-17,15,-19,11,-23,9,-23,1,0,0,0,0,0,0,0,0,0,0,0,0,0,0,11,39,31,27,43,7,39,-17,27,-39,1,-47,-21,-43,-41,-23,-49,3,-39,29,-13,49,15,51,37,33,51,5,47,-23,25,-47,-3,-55,-35,-39,-53,-13,-53,19,-31,45,-1,59,31,51,55,23,57,-9,41,-45,9,-59,-25,-55,0,0,-61,3,-45,35,-17,53,15,51,39,29,45,1,39,-25,15,-41,-11,-39,-29,-25,-37,-1,-33,21,-13,35,9,33,27,19,33,3,27,-15,13,-29,-3,-29,-19,-21,-31,-5,-27,11,-15,23,-1,27,13,21,25,11,23,-3,17,-17,0,0,0,0,0,0]"
1773371358.5369632,CSI_DATA,189515,98:4a:6b:31:4a:10,-63,11,-99,-41,60,1,2090385201,83,0,256,0,"[0,0,0,0,0,0,0,0,11,40,0,45,-9,45,-16,42,-30,35,-40,28,-42,18,-47,7,-47,-2,-47,-11,-45,-21,-42,-30,-33,-37,-23,-42,-14,-47,-2,-49,4,-54,18,-49,28,-47,35,-40,42,-35,47,-28,52,-21,56,-7,56,2,56,16,56,26,49,35,0,0,28,54,18,49,4,54,-2,49,-14,49,-18,42,-23,40,-30,35,-35,23,-35,16,-35,9,-37,0,-37,-4,-33,-9,-30,-14,-26,-21,-21,-23,-14,-28,-9,-26,-4,-28,2,-30,7,-26,9,-26,16,-21,16,-16,18,-11,21,-7,23,-2,0,0,0,0,0,0,0,0,0,0,0,0,0,0,-30,-26,-40,-7,-40,14,-28,35,-4,45,21,45,37,26,47,4,40,-26,21,-45,-7,-52,-30,-40,-47,-16,-49,14,-35,37,-7,52,23,49,47,23,52,-4,40,-40,11,-54,-16,-54,-47,-35,-59,-4,-49,30,-26,52,4,59,37,47,0,0,56,-21,37,-42,7,-56,-26,-42,-40,-21,-45,9,-35,30,-9,40,18,37,33,18,35,-2,28,-21,11,-35,-11,-35,-28,-16,-33,2,-28,18,-9,30,7,28,26,18,28,4,26,-11,16,-23,0,-28,-14,-21,-23,-9,-23,4,-18,14,0,0,0,0,0,0]"
1773371358.55381,CSI_DATA,189516,98:4a:6b:31:4a:10,-63,11,-99,-37,60,1,2090385596,83,0,256,0,"[0,0,0,0,0,0,0,0,-16,38,-25,35,-33,27,-38,19,-46,10,-46,-2,-44,-10,-46,-27,-38,-35,-27,-42,-16,-48,-6,-52,-2,-48,8,-50,19,-48,27,-42,35,-35,46,-27,50,-25,54,-14,52,2,57,8,52,21,46,31,38,40,38,48,25,54,10,59,0,0,-10,59,-16,50,-29,46,-42,35,-44,31,-46,21,-46,10,-44,0,-44,-6,-38,-10,-38,-19,-29,-23,-23,-25,-21,-29,-10,-31,-6,-33,-2,-31,6,-33,14,-27,19,-25,21,-19,25,-14,25,-12,27,-8,25,-2,23,4,21,8,19,12,0,0,0,0,0,0,0,0,0,0,0,0,0,0,-6,-40,-27,-31,-42,-12,-44,10,-33,31,-10,46,12,44,40,33,48,10,42,-19,25,-42,-2,-50,-27,-46,-46,-19,-52,10,-35,35,-10,52,21,48,46,33,54,2,46,-35,19,-52,-8,-59,-40,-44,-52,-12,-59,25,-31,50,4,59,0,0,52,25,52,-8,35,-42,12,-46,-16,-46,-38,-23,-44,4,-33,31,-10,40,10,35,33,23,35,0,29,-23,12,-33,-10,-33,-25,-23,-31,-6,-27,19,-16,27,2,29,19,21,27,6,27,-8,16,-21,0,-27,-10,-23,-19,-14,-25,2,0,0,0,0,0,0]"
1773371358.560863,CSI_DATA,189517,98:4a:6b:31:4a:10,-63,11,-99,-31,59,1,2090385956,83,0,256,0,"[0,0,0,0,0,0,0,0,-1,43,-13,41,-23,37,-31,33,-41,23,-45,13,-49,3,-49,-9,-45,-17,-41,-29,-33,-37,-23,-43,-15,-49,-5,-51,1,-51,11,-49,23,-47,31,-41,39,-33,47,-25,51,-17,55,-9,55,0,55,11,53,23,47,33,39,41,31,51,0,0,7,57,-1,59,-13,53,-21,47,-29,41,-35,35,-39,25,-41,15,-41,7,-39,0,-39,-5,-35,-11,-31,-17,-27,-21,-19,-27,-15,-29,-9,-31,-3,-29,3,-29,7,-29,11,-25,15,-23,19,-17,21,-13,23,-7,23,-3,25,0,21,3,0,0,0,0,0,0,0,0,0,0,0,0,0,0,-21,-35,-37,-21,-43,0,-37,25,-19,41,3,47,27,37,43,17,47,-9,35,-35,11,-47,-15,-49,-39,-31,-49,-3,-45,25,-23,47,7,53,35,39,53,15,51,-17,33,-41,1,-57,-29,-49,-55,-25,-59,7,-45,41,-15,59,19,55,0,0,59,5,49,-29,23,-49,-7,-49,-35,-37,-45,-9,-41,17,-23,35,1,41,25,29,37,11,35,-11,19,-27,0,-35,-19,-27,-31,-13,-33,7,-19,21,-3,29,13,27,25,15,29,-1,23,-15,11,-25,-3,-23,-17,-17,-23,-5,-21,7,0,0,0,0,0,0]"
1773371358.5687585,CSI_DATA,189518,98:4a:6b:31:4a:10,-63,11,-99,-32,59,1,2090416708,83,0,256,0,"[0,0,0,0,0,0,0,0,-32,30,-41,20,-45,10,-45,-2,-45,-12,-41,-26,-34,-34,-24,-45,-12,-47,-2,-51,10,-51,20,-47,30,-41,39,-34,45,-24,49,-14,53,-4,53,8,51,16,49,28,41,36,32,43,22,51,10,57,-2,59,-14,57,-24,55,-36,49,0,0,-53,26,-55,14,-57,2,-53,-8,-47,-18,-41,-26,-34,-32,-24,-36,-16,-41,-8,-41,0,-41,8,-36,14,-34,18,-30,24,-26,28,-18,30,-10,30,-6,30,2,30,6,28,14,22,18,18,20,12,22,8,24,2,24,-4,24,-8,22,0,0,0,0,0,0,0,0,0,0,0,0,0,0,12,-43,-12,-43,-30,-32,-43,-12,-47,12,-34,36,-12,49,14,49,39,34,51,10,47,-20,30,-45,4,-53,-26,-45,-47,-24,-53,6,-45,32,-18,55,14,57,45,39,55,10,55,-22,34,-51,4,-61,-32,-53,-57,-26,-61,8,-49,41,0,0,16,61,43,39,57,8,49,-24,26,-43,0,-47,-26,-36,-41,-14,-43,10,-28,30,-4,41,18,32,34,18,34,-4,26,-24,10,-32,-10,-32,-24,-20,-34,-6,-30,14,-16,26,2,30,16,24,24,12,26,-2,20,-18,6,-24,-6,-24,0,0,0,0,0,0]"
1773371358.5893445,CSI_DATA,189519,98:4a:6b:31:4a:10,-63,11,-99,-31,59,1,2090427884,83,0,256,0,"[0,0,0,0,0,0,0,0,-35,23,-41,13,-43,3,-43,-7,-41,-19,-37,-27,-31,-37,-23,-41,-15,-45,-3,-47,5,-47,17,-47,25,-43,33,-37,39,-31,45,-23,47,-13,51,-5,51,3,51,13,47,23,43,31,39,39,31,47,23,53,11,55,1,57,-11,59,0,0,-31,49,-37,41,-43,31,-47,21,-47,11,-45,1,-45,-5,-41,-11,-39,-17,-33,-23,-27,-27,-21,-29,-13,-31,-7,-33,-1,-35,3,-33,9,-31,13,-27,15,-25,19,-19,21,-15,23,-11,25,-5,25,0,23,3,23,7,21,11,17,13,0,0,0,0,0,0,0,0,0,0,0,0,0,0,17,-37,-3,-43,-25,-35,-39,-17,-45,5,-35,29,-13,47,13,47,37,31,49,5,47,-21,27,-45,-1,-51,-29,-41,-49,-15,-51,15,-33,41,-5,57,25,49,49,25,55,-7,41,-37,13,-55,-23,-57,-49,-33,-59,0,-49,33,-23,57,0,0,39,41,55,9,49,-23,27,-43,-3,-49,-29,-37,-43,-13,-41,13,-23,33,0,41,23,31,35,9,35,-11,19,-27,1,-35,-17,-27,-31,-11,-29,7,-23,23,-3,29,11,29,27,11,27,-1,21,-15,7,-25,-5,-23,-19,-15,-23,-3,0,0,0,0,0,0]"
1773371358.596308,CSI_DATA,189520,98:4a:6b:31:4a:10,-63,11,-99,-39,60,1,2090437647,83,0,256,0,"[0,0,0,0,0,0,0,0,-35,-22,-29,-33,-20,-38,-13,-42,2,-42,11,-44,26,-38,33,-33,42,-26,44,-20,47,-6,44,4,47,13,42,22,35,31,26,42,20,47,8,51,0,55,-8,51,-22,53,-29,49,-38,40,-47,31,-53,20,-62,4,-60,-2,-60,-13,0,0,-42,-38,-26,-44,-17,-49,-8,-55,2,-51,11,-49,15,-47,20,-35,29,-29,33,-22,38,-11,38,-4,38,2,35,6,31,11,29,15,20,22,20,24,13,26,8,26,2,26,-4,29,-6,22,-13,22,-17,15,-17,13,-22,4,-22,0,0,0,0,0,0,0,0,0,0,0,0,0,0,0,38,2,35,-17,20,-40,0,-44,-26,-40,-42,-22,-51,0,-40,26,-20,47,8,51,38,40,51,13,51,-13,38,-38,11,-53,-17,-53,-44,-31,-53,0,-44,31,-20,51,11,53,38,38,58,13,53,-22,38,-47,8,-53,-26,-53,-53,-26,0,0,-49,40,-22,58,6,51,35,40,44,6,40,-17,22,-35,0,-44,-26,-33,-38,-13,-35,4,-22,26,-4,33,17,29,31,15,33,-4,26,-22,6,-31,-11,-29,-26,-20,-31,0,-29,13,-15,26,0,24,15,24,24,11,26,0,17,-13,0,0,0,0,0,0]"
1773371358.6032898,CSI_DATA,189521,98:4a:6b:31:4a:10,-63,11,-99,-37,60,1,2090448030,83,0,256,0,"[0,0,0,0,0,0,0,0,-44,-4,-42,-12,-40,-23,-31,-31,-25,-40,-16,-46,-6,-48,4,-50,14,-48,23,-46,33,-38,40,-33,46,-23,50,-14,50,-6,50,4,52,12,50,23,44,31,40,40,31,44,25,50,14,54,4,59,-4,61,-16,57,-29,54,-35,48,0,0,-50,31,-54,21,-57,8,-54,0,-50,-8,-46,-16,-42,-23,-33,-27,-27,-33,-21,-35,-14,-38,-6,-35,-2,-35,4,-35,10,-33,16,-31,19,-25,21,-23,25,-16,29,-12,29,-8,27,-2,27,2,25,6,23,12,21,14,16,16,12,21,0,0,0,0,0,0,0,0,0,0,0,0,0,0,38,-21,21,-38,0,-44,-23,-38,-42,-19,-48,6,-38,31,-14,46,12,48,40,33,50,4,48,-23,25,-46,-4,-52,-33,-40,-50,-12,-50,19,-33,44,0,57,31,46,52,23,57,-12,40,-44,8,-61,-29,-54,-52,-29,-61,6,-46,42,0,0,19,59,46,35,54,2,46,-29,16,-46,-12,-46,-33,-29,-42,-4,-38,21,-14,38,10,38,29,23,35,4,31,-19,12,-33,-6,-33,-23,-21,-31,-4,-29,14,-14,29,2,31,21,23,29,6,25,-8,16,-21,2,-25,-12,-21,-23,-10,0,0,0,0,0,0]"
1773371358.6117895,CSI_DATA,189522,98:4a:6b:31:4a:10,-63,11,-99,-32,59,1,2090460166,83,0,256,0,"[0,0,0,0,0,0,0,0,20,-39,30,-34,39,-26,43,-16,47,-4,49,8,45,20,39,32,30,39,22,47,10,51,0,51,-12,49,-22,47,-32,41,-39,34,-47,26,-51,16,-53,6,-55,-6,-53,-16,-49,-26,-43,-34,-34,-47,-24,-53,-14,-57,0,-61,12,-63,0,0,36,-49,41,-36,49,-28,51,-16,51,-6,49,4,45,12,41,20,34,28,26,32,20,36,12,36,6,36,-2,36,-8,34,-16,32,-18,26,-24,22,-28,14,-30,8,-30,4,-28,-2,-26,-8,-24,-12,-18,-16,-14,-20,-10,-22,-6,-24,0,0,0,0,0,0,0,0,0,0,0,0,0,0,4,43,24,34,39,18,43,-4,36,-28,18,-45,-6,-49,-30,-39,-47,-16,-47,12,-34,36,-10,51,16,49,43,32,53,4,47,-24,24,-49,-6,-53,-36,-43,-53,-16,-55,14,-39,45,-8,57,24,57,51,34,59,-2,49,-30,24,-55,0,0,-36,-45,-55,-14,-53,18,-32,43,-4,49,22,41,41,20,43,-6,30,-28,10,-39,-12,-36,-30,-22,-34,2,-28,20,-12,32,8,32,24,24,32,6,28,-12,16,-24,2,-30,-16,-24,-26,-12,-26,4,-20,16,-8,24,6,24,16,16,0,0,0,0,0,0]"
1773371358.6288867,CSI_DATA,189523,98:4a:6b:31:4a:10,-59,11,-99,42,37,1,2090470375,83,0,256,0,"[0,0,0,0,0,0,0,0,64,33,55,52,43,58,21,70,6,73,-9,73,-18,70,-36,70,-52,55,-67,55,-64,33,-82,21,-73,3,-79,-12,-70,-30,-64,-39,-64,-55,-52,-61,-46,-76,-30,-82,-18,-79,6,-95,15,-86,33,-86,52,-79,67,-61,79,-49,92,-46,0,0,70,6,95,6,89,24,73,36,64,52,49,55,39,61,27,64,24,67,9,67,-6,73,-12,58,-30,58,-43,46,-39,39,-36,36,-39,21,-52,18,-49,6,-49,6,-55,-6,-36,-12,-33,-21,-24,-27,-27,-27,-15,-24,-15,-30,-6,-30,0,0,0,0,0,0,0,0,0,0,0,0,0,0,-64,6,-49,36,-33,58,9,70,39,55,67,30,70,-15,49,-55,18,-76,-24,-79,-67,-46,-82,9,-79,43,-30,67,15,82,58,61,79,12,79,-36,52,-82,-15,-86,-49,-58,-86,-27,-79,33,-52,76,3,92,46,73,92,36,86,-30,0,0,24,-82,-43,-76,-76,-49,-76,9,-58,49,-24,73,15,64,49,36,70,-9,52,-43,21,-58,-24,-55,-46,-9,-46,3,-39,39,-12,52,15,46,43,24,55,3,33,-39,12,-43,-15,-49,-30,-24,-33,-9,-36,12,-12,33,3,33,24,21,0,0,0,0,0,0]"
1773371358.668315,CSI_DATA,189524,98:4a:6b:31:4a:10,-63,11,-99,-34,59,1,2090506261,83,0,256,0,"[0,0,0,0,0,0,0,0,-41,17,-45,6,-45,-4,-43,-15,-39,-28,-30,-39,-21,-45,-10,-50,2,-50,13,-50,23,-43,34,-39,41,-30,47,-21,52,-10,52,0,52,8,50,21,45,30,39,39,28,45,19,52,10,56,-4,58,-17,58,-28,54,-39,47,-50,39,0,0,-58,15,-56,2,-54,-10,-52,-19,-41,-28,-32,-32,-28,-39,-19,-41,-8,-41,0,-41,6,-39,15,-34,19,-30,26,-23,28,-19,30,-15,32,-6,32,0,30,4,28,10,23,15,19,19,15,23,8,23,6,26,0,23,-6,23,-8,21,0,0,0,0,0,0,0,0,0,0,0,0,0,0,23,-36,4,-43,-19,-41,-39,-26,-47,-2,-45,23,-23,43,-2,52,28,43,47,23,52,-6,41,-32,19,-52,-15,-52,-39,-36,-54,-10,-52,21,-30,50,0,58,32,50,52,23,60,-8,45,-39,15,-58,-19,-60,-47,-39,-60,-6,-56,28,0,0,2,63,34,47,50,19,54,-10,36,-36,8,-47,-19,-41,-39,-23,-43,2,-34,26,-13,39,10,39,28,21,36,2,32,-17,15,-32,-2,-34,-21,-26,-32,-8,-30,10,-19,26,-4,30,13,26,23,15,28,0,21,-15,10,-21,-4,-23,0,0,0,0,0,0]"
1773371358.677856,CSI_DATA,189525,98:4a:6b:31:4a:10,-63,11,-99,-33,59,1,2090516001,83,0,256,0,"[0,0,0,0,0,0,0,0,-23,38,-31,33,-38,25,-44,14,-48,4,-48,-6,-46,-16,-44,-27,-35,-35,-29,-42,-19,-48,-10,-52,0,-52,8,-50,19,-48,25,-44,33,-42,42,-31,48,-25,52,-16,54,-8,54,0,57,10,54,21,50,31,46,40,40,48,27,54,0,0,4,61,-2,57,-14,54,-23,48,-29,44,-35,33,-38,27,-40,21,-42,8,-42,4,-42,-2,-38,-6,-33,-12,-31,-16,-27,-23,-21,-27,-16,-29,-10,-29,-4,-29,2,-29,6,-29,10,-27,12,-23,16,-21,19,-14,21,-10,23,-8,23,-4,0,0,0,0,0,0,0,0,0,0,0,0,0,0,0,-42,-21,-38,-40,-19,-44,6,-38,29,-16,46,10,48,35,33,50,10,46,-19,29,-42,0,-52,-29,-44,-48,-19,-52,12,-35,40,-6,54,25,48,50,27,57,-8,42,-38,12,-57,-21,-54,-50,-33,-61,0,-48,35,-21,59,14,59,0,0,61,8,50,-27,23,-50,-8,-50,-35,-38,-48,-8,-42,19,-21,40,6,42,27,29,38,6,35,-16,16,-31,-6,-35,-23,-23,-33,-6,-29,14,-16,27,2,29,19,23,27,8,29,-10,16,-23,2,-27,-12,-21,-23,-10,-25,4,-19,16,0,0,0,0,0,0]"
1773371358.6870184,CSI_DATA,189526,98:4a:6b:31:4a:10,-63,11,-99,-30,59,1,2090526616,83,0,256,0,"[0,0,0,0,0,0,0,0,-42,-5,-40,-21,-36,-27,-29,-34,-19,-42,-5,-46,3,-46,17,-44,27,-42,38,-36,44,-25,48,-17,50,-9,48,1,50,17,44,23,38,34,32,38,23,48,17,52,5,56,-5,56,-17,54,-31,50,-38,46,-48,38,-54,27,-60,15,0,0,-60,-3,-54,-21,-44,-31,-38,-36,-29,-40,-19,-46,-5,-48,0,-42,3,-42,15,-38,21,-32,27,-25,32,-21,34,-15,31,-7,34,0,31,1,27,7,29,13,21,19,19,21,13,27,5,25,1,25,-1,23,-9,21,-9,19,-11,17,0,0,0,0,0,0,0,0,0,0,0,0,0,0,36,-17,21,-31,5,-42,-19,-42,-36,-25,-50,-5,-42,21,-27,40,1,50,27,44,46,19,50,-9,40,-34,15,-52,-15,-54,-40,-34,-52,-7,-44,29,-23,52,3,58,34,46,54,17,58,-13,40,-44,9,-58,-25,-52,-52,-29,-60,5,0,0,-23,54,15,58,38,38,50,7,42,-21,29,-38,-3,-42,-27,-36,-38,-13,-40,11,-25,29,-3,36,17,31,31,15,36,-7,25,-27,7,-31,-9,-29,-29,-19,-29,-1,-27,17,-13,25,5,29,17,19,27,7,27,-5,15,-19,0,-25,0,0,0,0,0,0]"
1773371358.6957982,CSI_DATA,189527,98:4a:6b:31:4a:10,-63,11,-99,-38,59,1,2090536930,83,0,256,0,"[0,0,0,0,0,0,0,0,9,43,0,46,-9,46,-19,41,-29,36,-39,31,-43,21,-48,12,-51,2,-51,-7,-48,-17,-43,-26,-39,-34,-29,-39,-24,-46,-17,-48,-7,-51,2,-53,12,-51,19,-51,26,-46,36,-41,43,-36,53,-29,56,-19,61,-12,61,0,61,9,0,0,51,34,43,39,31,46,24,48,17,48,4,48,0,48,-7,43,-14,41,-19,36,-24,29,-26,26,-34,24,-34,17,-34,9,-31,2,-34,-2,-29,-7,-26,-12,-24,-14,-21,-19,-14,-21,-12,-24,-7,-24,-4,-21,0,-24,7,-24,9,-21,0,0,0,0,0,0,0,0,0,0,0,0,0,0,-29,-29,-41,-9,-39,17,-26,34,-4,46,21,43,41,24,51,-2,41,-29,17,-46,-12,-48,-39,-34,-53,-4,-48,24,-26,46,4,53,34,39,56,12,51,-21,31,-48,-2,-58,-34,-46,-56,-19,-58,17,-36,48,-4,58,34,53,56,21,0,0,41,-43,9,-56,-24,-51,-46,-24,-48,4,-36,31,-9,46,14,41,36,19,41,-4,26,-24,4,-34,-17,-34,-31,-17,-34,9,-21,24,-4,34,12,29,29,14,31,-2,24,-19,7,-29,-7,-26,-21,-17,-26,0,-21,14,-9,21,2,24,0,0,0,0,0,0]"
1773371358.7039256,CSI_DATA,189528,98:4a:6b:31:4a:10,-63,11,-99,-36,59,1,2090537307,83,0,256,0,"[0,0,0,0,0,0,0,0,4,43,-4,41,-16,41,-25,36,-36,32,-41,25,-48,16,-46,6,-48,-6,-50,-11,-46,-25,-43,-29,-34,-39,-27,-43,-20,-48,-11,-55,0,-55,9,-50,18,-46,27,-48,34,-43,39,-36,48,-25,57,-20,59,-9,57,0,57,9,57,20,0,0,43,39,39,50,25,48,16,50,6,48,-2,50,-2,50,-13,39,-23,36,-25,32,-25,25,-29,23,-32,18,-34,9,-36,0,-34,-6,-32,-9,-25,-9,-23,-16,-23,-20,-18,-20,-13,-27,-9,-25,-2,-25,0,-25,4,-25,9,-20,11,-18,0,0,0,0,0,0,0,0,0,0,0,0,0,0,-25,-32,-39,-16,-43,11,-34,32,-6,46,18,46,41,32,46,2,43,-18,25,-46,-4,-48,-29,-43,-48,-16,-46,13,-27,41,0,55,29,46,50,18,55,-18,34,-41,4,-55,-25,-50,-50,-27,-62,6,-43,43,-6,59,25,57,52,34,0,0,48,-32,18,-59,-13,-52,-43,-32,-46,2,-39,23,-18,39,6,43,34,23,39,2,29,-23,11,-36,-11,-34,-29,-20,-34,4,-29,23,-9,29,9,29,23,20,32,2,27,-13,13,-27,-2,-27,-16,-18,-27,-2,-23,11,-13,20,0,23,0,0,0,0,0,0]"
1773371358.7121487,CSI_DATA,189529,98:4a:6b:31:4a:10,-59,11,-99,36,37,1,2090557348,83,0,256,0,"[0,0,0,0,0,0,0,0,65,36,58,43,36,51,21,65,0,76,-21,73,-36,58,-54,54,-69,40,-73,18,-76,3,-73,-3,-73,-29,-62,-43,-62,-62,-36,-62,-21,-76,-7,-87,10,-83,25,-76,47,-73,65,-51,73,-43,91,-21,102,-10,91,10,98,32,80,43,0,0,69,83,25,87,3,87,-3,76,-25,69,-32,80,-43,51,-62,40,-65,29,-62,18,-62,0,-65,-3,-54,-18,-51,-25,-36,-43,-29,-36,-21,-47,-3,-40,-3,-43,14,-47,21,-40,29,-36,36,-21,36,-14,47,-14,36,3,36,7,32,21,0,0,0,0,0,0,0,0,0,0,0,0,0,0,-69,-3,-62,29,-36,54,3,65,43,69,69,29,76,7,76,-32,32,-73,-10,-73,-47,-58,-80,-25,-76,14,-62,54,-14,76,18,80,58,62,80,7,80,-29,43,-80,-3,-94,-51,-87,-76,-47,-98,7,-73,69,-25,94,25,87,76,62,0,0,73,-32,62,-69,18,-80,-36,-73,-62,-43,-69,10,-51,47,-29,69,18,69,54,43,62,7,54,-21,18,-47,0,-54,-32,-32,-58,-21,-51,18,-40,43,-7,43,21,40,43,29,47,-3,36,-21,21,-36,-10,-43,-32,-32,-36,-14,-36,-3,0,0,0,0,0,0]"
1773371358.7202425,CSI_DATA,189530,98:4a:6b:31:4a:10,-63,11,-99,-37,60,1,2090567469,83,0,256,0,"[0,0,0,0,0,0,0,0,-42,14,-44,4,-46,-8,-42,-19,-35,-29,-31,-35,-19,-44,-10,-50,0,-50,12,-50,23,-46,29,-42,38,-33,44,-27,48,-16,50,-6,52,2,52,12,50,23,46,31,40,40,31,46,23,52,10,59,2,61,-8,59,-21,57,-33,50,0,0,-50,35,-52,23,-54,12,-52,2,-50,-8,-44,-16,-40,-23,-33,-29,-27,-35,-19,-35,-12,-38,-6,-35,2,-38,8,-35,12,-31,19,-31,21,-23,25,-19,27,-12,27,-8,29,-2,27,4,25,6,21,12,19,16,14,19,12,21,8,21,0,0,0,0,0,0,0,0,0,0,0,0,0,0,27,-31,6,-42,-14,-40,-35,-27,-46,-4,-44,23,-25,40,-2,50,27,42,46,21,50,-8,38,-35,12,-50,-16,-50,-40,-31,-52,-4,-46,27,-23,48,10,57,40,40,57,12,54,-21,31,-48,0,-59,-33,-50,-57,-21,-59,12,-44,44,0,0,21,57,50,29,57,-2,42,-31,14,-44,-12,-44,-33,-29,-42,-2,-38,21,-16,35,8,38,27,25,35,6,31,-16,16,-31,-6,-35,-21,-23,-33,-8,-31,12,-19,25,-2,33,16,25,25,10,27,-4,19,-19,6,-23,-8,-23,-19,-14,0,0,0,0,0,0]"
1773371358.737171,CSI_DATA,189531,98:4a:6b:31:4a:10,-63,11,-99,-37,59,1,2090578015,83,0,256,0,"[0,0,0,0,0,0,0,0,-42,-21,-35,-28,-28,-37,-18,-45,-2,-47,7,-49,21,-45,33,-33,37,-28,47,-21,52,-9,56,-2,47,11,47,21,35,30,33,47,23,49,9,52,0,54,-11,52,-18,52,-28,42,-37,35,-52,26,-56,16,-61,7,-66,-7,-56,-11,0,0,-42,-40,-30,-49,-18,-52,-9,-52,2,-52,11,-47,18,-42,26,-37,33,-28,35,-16,35,-11,42,-2,40,4,37,9,30,18,26,23,18,26,14,26,7,26,0,28,-9,28,-14,30,-16,26,-16,16,-21,11,-23,7,-23,0,-23,-2,0,0,0,0,0,0,0,0,0,0,0,0,0,0,42,-2,33,-26,16,-40,-7,-45,-33,-35,-45,-14,-47,9,-37,28,-14,45,11,47,35,33,47,11,54,-16,30,-40,11,-52,-23,-52,-47,-28,-49,4,-42,33,-16,54,9,59,37,45,56,18,59,-16,37,-42,4,-59,-23,-52,-54,-35,0,0,-52,35,-23,54,9,56,35,35,47,11,45,-18,30,-37,4,-42,-23,-37,-35,-16,-37,7,-28,23,-9,33,14,33,30,14,35,0,28,-18,14,-28,-4,-26,-18,-21,-26,-9,-26,4,-16,18,-7,28,11,23,21,16,23,4,21,-9,0,0,0,0,0,0]"
1773371358.7441754,CSI_DATA,189532,98:4a:6b:31:4a:10,-59,11,-99,37,37,1,2090578797,83,0,256,0,"[0,0,0,0,0,0,0,0,-63,-10,-63,-10,-67,-39,-60,-39,-28,-60,-24,-67,-7,-70,17,-81,24,-70,42,-74,53,-39,63,-35,78,-17,67,7,70,17,67,39,60,46,53,56,31,70,21,85,3,85,-10,85,-17,88,-42,81,-70,63,-81,56,-85,24,-88,7,0,0,-92,-24,-81,-56,-53,-56,-46,-60,-28,-60,-10,-81,14,-78,14,-67,28,-56,42,-49,63,-46,56,-31,63,-17,56,0,49,0,56,14,46,17,35,31,28,49,17,39,24,39,-7,49,-14,28,-17,46,-24,28,-35,28,-28,14,-42,3,0,0,0,0,0,0,0,0,0,0,0,0,0,0,53,-24,39,-63,-3,-60,-42,-63,-70,-31,-74,3,-56,39,-24,63,7,74,53,63,78,17,78,-17,53,-49,31,-85,-21,-78,-60,-63,-81,-10,-78,39,-35,81,3,99,49,85,81,42,74,-14,63,-70,24,-88,-31,-95,-63,-56,-109,-10,0,0,-49,81,3,95,28,70,70,24,74,-14,53,-42,14,-70,-10,-60,-46,-35,-56,0,-60,24,-17,35,3,67,31,35,60,10,46,-21,42,-46,3,-53,-24,-46,-35,-14,-56,0,-35,24,-10,53,14,39,31,35,28,7,39,-10,24,-28,0,0,0,0,0,0]"
1773371358.782625,CSI_DATA,189533,98:4a:6b:31:4a:10,-63,11,-99,-34,59,1,2090628671,83,0,256,0,"[0,0,0,0,0,0,0,0,4,-41,15,-41,28,-39,39,-32,39,-15,47,-6,43,13,45,23,39,34,32,43,21,47,8,50,-4,47,-10,50,-23,45,-36,39,-52,28,-50,21,-58,10,-52,-4,-50,-13,-41,-23,-43,-41,-34,-50,-21,-50,-13,-60,4,-63,17,-58,0,0,41,-43,47,-30,54,-13,54,-2,52,0,45,8,41,19,34,28,28,34,17,34,6,39,2,36,-6,39,-15,36,-19,28,-26,23,-23,13,-30,10,-32,2,-30,-2,-30,-10,-26,-13,-19,-17,-13,-19,-8,-21,-2,-23,2,-21,6,-23,0,0,0,0,0,0,0,0,0,0,0,0,0,0,15,41,30,26,43,4,43,-23,23,-36,6,-52,-21,-45,-39,-32,-50,-6,-43,19,-28,43,-2,52,26,43,52,28,56,2,45,-26,19,-52,-4,-50,-41,-39,-52,-17,-54,19,-34,47,-8,58,19,58,50,41,58,4,54,-30,30,-54,0,0,-34,-52,-54,-26,-56,10,-39,39,-15,43,13,41,36,28,47,4,43,-23,21,-39,-2,-39,-19,-32,-34,-10,-36,13,-21,26,-4,36,17,28,28,19,30,2,26,-15,13,-26,-4,-30,-17,-21,-26,-8,-28,4,-19,17,-8,23,4,23,0,0,0,0,0,0]"
1773371358.8010895,CSI_DATA,189534,98:4a:6b:31:4a:10,-63,11,-99,-41,60,1,2090641357,83,0,256,0,"[0,0,0,0,0,0,0,0,-16,-42,-4,-47,4,-47,16,-42,23,-37,35,-28,42,-16,49,-7,49,-2,49,11,45,21,42,30,30,37,21,42,9,49,0,49,-9,49,-16,52,-28,49,-30,42,-40,33,-47,26,-54,16,-56,4,-61,-9,-59,-21,-52,-33,-45,-42,0,0,-23,-52,-9,-54,4,-54,11,-52,21,-47,28,-45,33,-33,35,-28,37,-18,40,-7,42,2,40,9,37,14,30,21,28,21,21,26,14,30,7,28,2,30,-2,30,-9,28,-14,23,-16,21,-18,14,-21,7,-23,7,-23,0,-26,-7,0,0,0,0,0,0,0,0,0,0,0,0,0,0,33,26,40,4,35,-18,23,-35,2,-45,-21,-40,-45,-28,-49,0,-42,26,-18,45,9,52,35,37,52,11,49,-16,37,-40,11,-49,-21,-47,-45,-28,-52,2,-40,35,-16,52,16,59,42,37,59,11,54,-21,33,-42,0,-54,-35,-45,0,0,-59,9,-45,40,-14,52,16,52,37,28,45,0,37,-26,16,-40,-9,-40,-30,-28,-37,-7,-33,11,-18,30,4,33,26,23,33,4,35,-11,18,-26,2,-33,-16,-23,-28,-11,-28,2,-18,18,-7,26,7,26,16,16,23,4,21,-4,0,0,0,0,0,0]"
1773371358.8101919,CSI_DATA,189535,98:4a:6b:31:4a:10,-63,11,-99,-33,60,1,2090652190,83,0,256,0,"[0,0,0,0,0,0,0,0,-16,39,-28,33,-35,28,-41,15,-45,1,-47,-11,-41,-22,-35,-33,-26,-41,-16,-45,-5,-50,5,-48,18,-47,28,-41,37,-32,45,-22,48,-13,54,-3,54,7,48,18,45,30,37,39,28,47,15,54,3,60,-9,60,-22,56,-33,48,0,0,-50,28,-54,15,-54,0,-50,-9,-47,-20,-39,-28,-30,-33,-20,-37,-13,-41,-1,-41,5,-39,13,-35,18,-32,22,-26,28,-20,32,-13,30,-5,30,0,30,7,26,13,22,16,18,22,11,22,5,24,0,24,-5,22,-7,20,-15,16,0,0,0,0,0,0,0,0,0,0,0,0,0,0,-5,-41,-24,-33,-39,-16,-45,5,-37,28,-18,45,3,48,28,41,45,20,50,-7,39,-32,18,-48,-11,-50,-37,-39,-52,-15,-50,13,-35,41,-7,54,22,50,47,32,56,1,48,-30,26,-52,-5,-60,-35,-47,-56,-20,-58,11,-43,43,0,0,16,58,41,39,54,9,48,-20,26,-39,1,-47,-24,-37,-39,-16,-41,7,-30,28,-9,39,11,35,26,20,33,1,30,-16,16,-32,-3,-33,-20,-26,-28,-11,-30,7,-22,20,-7,30,9,26,20,16,26,3,24,-7,15,-20,3,-24,0,0,0,0,0,0]"
1773371358.8192666,CSI_DATA,189536,98:4a:6b:31:4a:10,-63,11,-99,-34,60,1,2090664958,83,0,256,0,"[0,0,0,0,0,0,0,0,-42,15,-46,3,-46,-5,-42,-19,-36,-29,-29,-38,-21,-44,-7,-50,1,-50,15,-48,25,-42,34,-38,40,-31,46,-21,50,-9,50,0,52,11,50,19,46,29,40,38,31,46,21,52,9,56,-1,58,-13,58,-25,54,-34,50,-44,40,0,0,-56,17,-56,7,-56,-5,-52,-15,-46,-23,-36,-31,-29,-36,-19,-38,-11,-40,-3,-40,1,-40,11,-36,15,-34,21,-29,25,-23,29,-17,29,-13,31,-3,31,0,29,5,25,11,23,15,17,19,13,21,9,23,3,23,0,23,-5,21,0,0,0,0,0,0,0,0,0,0,0,0,0,0,25,-32,5,-42,-15,-40,-36,-27,-44,-3,-42,21,-27,38,-1,50,25,44,44,25,50,-3,40,-31,19,-50,-11,-50,-36,-36,-50,-9,-50,19,-29,46,0,56,31,46,52,21,56,-9,42,-40,15,-58,-21,-56,-50,-34,-60,-1,-52,31,0,0,7,60,32,44,52,15,50,-17,31,-36,3,-46,-21,-38,-38,-19,-42,7,-31,27,-9,38,15,32,29,19,34,-1,29,-21,9,-32,-7,-31,-25,-21,-32,-3,-27,13,-17,27,1,29,17,23,25,9,25,-3,19,-17,5,-23,-7,-23,0,0,0,0,0,0]"
1773371358.828395,CSI_DATA,189537,98:4a:6b:31:4a:10,-63,11,-99,-41,60,1,2090675414,83,0,256,0,"[0,0,0,0,0,0,0,0,-21,-40,-11,-42,-4,-45,7,-45,16,-45,28,-37,35,-33,45,-26,47,-16,49,-7,49,2,49,11,49,21,42,30,35,35,28,42,21,47,11,52,4,54,-4,54,-14,52,-23,49,-33,47,-42,40,-49,33,-54,23,-59,11,-59,4,0,0,-56,-16,-52,-28,-45,-33,-35,-37,-28,-45,-18,-45,-9,-47,-2,-45,2,-42,11,-40,16,-35,21,-30,26,-26,28,-21,30,-16,30,-11,30,-7,30,0,28,4,28,9,23,14,21,18,16,21,11,21,9,23,4,23,0,23,-4,23,0,0,0,0,0,0,0,0,0,0,0,0,0,0,35,18,40,-4,35,-26,16,-40,-7,-45,-33,-33,-45,-11,-47,14,-28,37,-2,49,26,42,47,23,52,-7,37,-35,11,-49,-18,-47,-45,-28,-54,4,-42,35,-16,54,16,54,47,35,59,2,49,-33,23,-54,-11,-59,-42,-42,-61,-7,0,0,-28,52,4,56,35,40,52,11,47,-18,26,-37,-2,-45,-26,-33,-40,-9,-37,14,-18,33,2,37,21,28,33,7,30,-14,16,-30,-2,-33,-21,-26,-30,-7,-28,9,-18,26,0,26,16,23,23,11,26,-7,18,-18,4,-23,-9,-21,0,0,0,0,0,0]"
1773371358.8689692,CSI_DATA,189538,98:4a:6b:31:4a:10,-63,11,-99,-36,60,1,2090711162,83,0,256,0,"[0,0,0,0,0,0,0,0,-8,43,-18,41,-30,34,-39,26,-45,14,-49,4,-49,-6,-47,-20,-39,-30,-32,-39,-22,-45,-14,-49,-4,-51,8,-51,16,-47,26,-43,36,-39,43,-28,49,-20,53,-10,55,0,53,10,53,20,47,32,41,43,32,51,22,57,10,61,0,0,-16,57,-26,49,-34,43,-41,32,-45,24,-47,14,-47,6,-43,-4,-41,-12,-34,-20,-30,-24,-24,-28,-18,-30,-12,-32,-4,-34,2,-32,6,-30,14,-28,20,-24,22,-20,26,-14,26,-10,24,-4,24,2,24,6,20,12,20,14,14,18,0,0,0,0,0,0,0,0,0,0,0,0,0,0,-12,-39,-30,-26,-43,-8,-41,14,-28,34,-6,49,20,43,39,26,47,4,43,-22,22,-43,-4,-51,-30,-41,-47,-18,-51,10,-36,39,-10,53,22,49,47,30,53,-2,45,-30,22,-53,-8,-57,-43,-43,-57,-14,-57,20,-36,49,-2,61,0,0,49,28,55,-6,43,-34,14,-49,-14,-45,-36,-28,-45,-2,-39,22,-16,39,6,39,26,26,36,8,34,-14,18,-30,-2,-34,-20,-26,-30,-12,-30,8,-20,22,-6,30,12,28,26,16,28,0,24,-14,10,-22,-2,-24,-14,-18,-22,-8,0,0,0,0,0,0]"
1773371358.8796499,CSI_DATA,189539,98:4a:6b:31:4a:10,-63,11,-99,-35,60,1,2090711431,83,0,256,0,"[0,0,0,0,0,0,0,0,33,29,25,37,17,43,7,45,-3,43,-13,43,-31,35,-33,29,-41,21,-51,19,-51,5,-47,-3,-47,-13,-39,-23,-33,-31,-25,-45,-19,-47,-7,-55,3,-55,9,-51,15,-51,29,-45,39,-39,51,-31,57,-19,59,-1,61,0,61,15,0,0,43,37,31,49,19,47,9,53,0,47,-9,47,-11,49,-17,39,-27,33,-31,21,-31,11,-37,7,-39,0,-35,-5,-35,-7,-31,-13,-21,-23,-17,-19,-13,-23,-7,-29,-5,-27,1,-29,3,-23,11,-21,13,-17,17,-15,21,-7,21,0,0,0,0,0,0,0,0,0,0,0,0,0,0,0,-37,-5,-33,13,-21,33,1,45,21,41,41,27,53,1,41,-21,21,-43,-1,-53,-33,-43,-47,-17,-51,15,-39,37,-13,51,15,49,43,31,51,1,43,-31,19,-55,-5,-55,-37,-41,-55,-17,-59,21,-39,45,-3,51,31,53,53,27,0,0,51,-37,21,-57,-9,-51,-35,-37,-45,-3,-37,19,-25,35,0,43,27,33,41,13,37,-7,23,-27,3,-33,-23,-25,-31,-9,-35,7,-25,25,-7,31,13,27,27,19,31,0,27,-15,13,-25,-3,-27,-17,-21,-25,-7,-23,3,-15,13,0,0,0,0,0,0]"
1773371358.8903985,CSI_DATA,189540,98:4a:6b:31:4a:10,-63,11,-99,-38,59,1,2090711988,83,0,256,0,"[0,0,0,0,0,0,0,0,-43,-7,-41,-17,-36,-21,-26,-34,-19,-39,-4,-46,4,-48,14,-46,26,-43,34,-29,39,-24,43,-17,46,-7,48,2,43,17,46,21,39,31,31,39,21,46,14,48,2,53,-12,53,-21,48,-29,46,-41,39,-46,36,-53,24,-58,14,0,0,-53,-14,-48,-19,-43,-31,-34,-36,-26,-41,-12,-46,-2,-43,4,-41,12,-41,17,-34,24,-31,26,-24,31,-19,31,-14,31,-7,34,2,31,9,29,12,24,17,19,19,14,24,7,26,4,24,0,24,-4,24,-9,21,-12,17,-17,14,0,0,0,0,0,0,0,0,0,0,0,0,0,0,36,-17,21,-31,4,-41,-17,-39,-39,-24,-48,-2,-41,21,-29,43,2,48,26,43,43,21,51,-9,41,-34,14,-51,-14,-51,-39,-36,-58,-9,-46,24,-31,51,4,53,34,48,51,21,56,-14,43,-43,9,-56,-24,-53,-51,-31,-63,0,0,0,-24,53,7,56,39,43,48,9,51,-14,29,-36,2,-43,-21,-36,-39,-14,-39,7,-26,26,-7,34,14,31,29,17,36,-2,29,-19,9,-26,-9,-31,-24,-21,-31,-4,-29,12,-17,24,0,26,14,24,24,9,26,-4,17,-14,7,-21,0,0,0,0,0,0]"
1773371358.902584,CSI_DATA,189541,98:4a:6b:31:4a:10,-63,11,-99,-31,59,1,2090712249,83,0,256,0,"[0,0,0,0,0,0,0,0,7,43,-1,43,-13,41,-23,35,-33,31,-41,21,-47,9,-47,0,-47,-11,-41,-21,-37,-33,-31,-39,-21,-43,-11,-47,0,-49,9,-47,19,-47,29,-41,37,-35,43,-29,49,-19,53,-7,53,1,55,13,53,25,45,35,39,43,27,49,0,0,3,55,-7,55,-17,49,-25,41,-33,35,-37,27,-41,17,-41,7,-41,0,-39,-7,-35,-13,-31,-19,-27,-23,-19,-27,-13,-29,-7,-31,-3,-31,3,-29,9,-27,13,-23,19,-17,21,-15,23,-11,23,-5,23,-1,23,3,21,9,19,13,0,0,0,0,0,0,0,0,0,0,0,0,0,0,-27,-31,-39,-11,-41,9,-31,31,-13,43,11,47,33,33,49,9,47,-15,31,-37,5,-49,-23,-45,-45,-25,-51,3,-43,29,-19,49,9,53,39,39,55,9,51,-19,31,-45,3,-59,-29,-51,-53,-27,-59,7,-45,39,-17,59,19,59,0,0,59,7,53,-25,27,-49,-1,-51,-29,-41,-45,-17,-43,11,-29,33,-5,41,17,35,35,17,39,-3,27,-23,7,-35,-13,-31,-27,-17,-33,-1,-27,15,-13,29,3,29,17,23,27,9,29,-7,19,-21,3,-25,-9,-23,-19,-13,-23,-1,0,0,0,0,0,0]"
1773371358.9113386,CSI_DATA,189542,98:4a:6b:31:4a:10,-63,11,-99,-34,60,1,2090750900,83,0,256,0,"[0,0,0,0,0,0,0,0,-42,13,-44,1,-46,-9,-42,-19,-36,-29,-29,-36,-19,-44,-9,-50,1,-50,13,-50,23,-46,31,-42,38,-32,42,-27,48,-15,50,-5,52,3,52,15,50,23,44,32,36,38,29,44,21,52,9,56,0,60,-9,58,-21,56,-32,52,0,0,-48,34,-54,21,-56,9,-54,0,-52,-7,-46,-15,-38,-23,-34,-29,-29,-32,-19,-36,-11,-38,-5,-38,1,-36,5,-34,11,-32,17,-29,21,-23,25,-17,29,-13,29,-7,31,-3,27,1,27,5,21,11,19,15,15,19,11,21,7,23,0,0,0,0,0,0,0,0,0,0,0,0,0,0,29,-31,7,-40,-13,-40,-34,-27,-44,-3,-42,21,-27,40,-1,48,25,42,44,21,50,-7,38,-34,13,-50,-15,-50,-40,-32,-52,-3,-46,25,-23,48,9,54,38,40,54,11,54,-21,34,-46,0,-60,-32,-50,-56,-23,-60,13,-40,42,0,0,23,56,46,31,54,0,44,-31,17,-44,-11,-42,-36,-29,-42,-3,-38,21,-17,36,7,38,25,25,36,5,29,-15,15,-29,-3,-34,-23,-25,-31,-7,-31,9,-17,25,0,31,17,23,25,9,27,-5,19,-17,5,-25,-7,-25,-17,-15,0,0,0,0,0,0]"
1773371358.9198444,CSI_DATA,189543,98:4a:6b:31:4a:10,-63,11,-99,-35,59,1,2090761409,83,0,256,0,"[0,0,0,0,0,0,0,0,-40,-8,-38,-20,-31,-26,-24,-35,-15,-44,-2,-49,8,-47,20,-44,31,-35,40,-31,44,-20,49,-8,51,2,49,13,42,24,38,33,29,40,24,44,15,49,2,53,-8,53,-15,49,-29,44,-40,40,-49,29,-55,17,-55,6,-58,-6,0,0,-44,-29,-42,-38,-33,-44,-17,-47,-8,-49,0,-51,8,-47,17,-40,22,-33,31,-24,33,-17,35,-11,38,-4,35,0,31,6,29,13,26,20,20,22,15,26,8,29,4,29,-2,29,-8,24,-13,22,-17,17,-20,11,-20,8,-22,2,0,0,0,0,0,0,0,0,0,0,0,0,0,0,40,-15,26,-31,8,-42,-17,-40,-35,-29,-47,-8,-44,17,-29,35,-4,49,24,42,40,24,51,0,44,-26,22,-44,-6,-51,-33,-40,-51,-15,-49,13,-33,42,-8,53,20,53,51,31,55,0,51,-29,22,-55,-6,-60,-38,-49,-55,-17,0,0,-35,47,-13,58,17,51,44,31,49,0,38,-26,15,-40,-8,-42,-31,-29,-40,-6,-35,17,-20,31,0,35,22,26,33,11,33,-8,24,-24,6,-31,-11,-29,-24,-17,-31,0,-24,13,-13,24,0,26,15,20,24,8,24,-2,17,-13,0,0,0,0,0,0]"
1773371358.927775,CSI_DATA,189544,98:4a:6b:31:4a:10,-63,11,-99,-33,60,1,2090771243,83,0,256,0,"[0,0,0,0,0,0,0,0,39,13,37,20,32,30,22,39,15,43,1,45,-5,45,-20,47,-28,39,-33,33,-41,28,-47,16,-52,9,-50,1,-48,-9,-45,-18,-43,-30,-37,-37,-33,-43,-22,-48,-13,-52,-3,-52,5,-56,18,-52,24,-48,37,-45,43,-39,50,-32,0,0,56,-5,50,0,52,16,45,20,43,30,32,35,26,35,18,39,11,39,5,39,-1,39,-9,37,-13,33,-18,30,-20,26,-26,20,-26,13,-32,7,-28,0,-28,0,-30,-5,-26,-11,-20,-15,-16,-16,-15,-18,-9,-22,-3,-22,0,-24,0,0,0,0,0,0,0,0,0,0,0,0,0,0,-39,9,-30,30,-9,43,15,41,33,30,48,7,43,-18,30,-41,1,-48,-26,-41,-47,-20,-50,9,-35,35,-9,48,18,47,41,28,52,1,43,-28,20,-50,-16,-52,-43,-33,-56,-7,-50,28,-32,48,7,56,35,45,58,16,60,-18,0,0,5,-62,-22,-47,-47,-26,-47,7,-35,32,-7,45,20,39,39,22,43,-3,28,-26,7,-37,-15,-32,-28,-16,-35,5,-28,22,-9,35,9,30,28,20,28,1,24,-18,13,-28,-5,-28,-20,-18,-26,-5,-24,11,-15,22,-1,24,13,22,0,0,0,0,0,0]"
1773371358.9352798,CSI_DATA,189545,98:4a:6b:31:4a:10,-59,11,-99,36,37,1,2090782363,83,0,256,0,"[0,0,0,0,0,0,0,0,-40,-54,-36,-58,-10,-73,3,-69,25,-58,54,-62,54,-47,69,-43,80,-21,76,-3,80,10,69,36,54,43,47,69,36,76,18,69,-10,83,-18,80,-32,76,-43,69,-62,69,-76,47,-80,29,-83,3,-94,3,-83,-25,-87,-47,-73,-69,0,0,-43,-76,-18,-87,-3,-76,14,-80,21,-76,54,-62,51,-54,58,-43,58,-21,62,-7,58,7,47,3,58,36,43,36,21,40,29,47,21,43,3,54,0,43,-10,40,-7,40,-18,43,-32,25,-29,21,-40,0,-40,0,-40,-10,-32,-18,0,0,0,0,0,0,0,0,0,0,0,0,0,0,62,14,65,-10,40,-40,21,-69,-7,-73,-43,-51,-65,-21,-76,21,-54,58,-10,73,29,69,54,58,80,10,73,-40,43,-69,3,-83,-47,-69,-69,-32,-87,14,-51,65,-25,94,25,87,69,51,94,10,83,-47,58,-83,-3,-83,-47,-69,0,0,-73,18,-62,62,-10,65,32,76,65,40,65,0,54,-36,18,-69,-21,-62,-40,-40,-54,0,-43,21,-25,54,7,58,32,36,54,18,47,-21,25,-40,10,-54,-21,-43,-47,-29,-51,10,-36,29,-18,36,14,51,29,32,40,7,47,0,0,0,0,0,0,0]"
1773371358.952854,CSI_DATA,189546,98:4a:6b:31:4a:10,-63,11,-99,-34,60,1,2090795338,83,0,256,0,"[0,0,0,0,0,0,0,0,38,-19,42,-7,46,3,44,13,40,23,34,32,27,42,17,48,7,50,-1,50,-15,50,-25,44,-32,40,-40,32,-44,25,-48,15,-52,7,-52,-3,-52,-13,-50,-23,-44,-32,-38,-38,-32,-48,-21,-52,-13,-58,0,-58,11,-60,21,-56,0,0,44,-44,48,-32,52,-23,50,-11,46,-3,46,5,44,15,36,21,34,27,27,31,21,34,13,32,7,36,1,36,-5,34,-11,32,-13,27,-17,25,-23,21,-25,15,-27,11,-27,5,-25,1,-23,-3,-23,-9,-19,-13,-17,-15,-13,-19,0,0,0,0,0,0,0,0,0,0,0,0,0,0,-23,34,-1,42,21,38,38,23,46,0,38,-27,19,-44,-7,-50,-32,-38,-50,-13,-48,17,-34,40,-5,52,25,46,46,25,52,-7,40,-34,13,-54,-19,-54,-46,-32,-58,-3,-48,32,-23,54,11,58,42,42,60,11,58,-23,34,-52,0,0,-32,-50,-54,-17,-56,15,-36,42,-5,48,21,40,40,21,42,-5,31,-29,7,-38,-15,-34,-32,-17,-34,5,-25,25,-7,34,13,32,29,17,32,-1,25,-17,11,-31,-7,-32,-23,-21,-27,-3,-23,13,-13,21,0,25,15,19,23,9,0,0,0,0,0,0]"
1773371358.960259,CSI_DATA,189547,98:4a:6b:31:4a:10,-63,11,-99,-34,60,1,2090795670,83,0,256,0,"[0,0,0,0,0,0,0,0,27,-36,34,-29,40,-21,44,-9,48,1,48,11,44,23,38,32,29,38,21,48,9,48,0,50,-9,50,-19,48,-29,42,-36,36,-42,29,-48,21,-52,11,-56,1,-54,-7,-54,-17,-50,-25,-44,-38,-38,-46,-29,-52,-19,-56,-5,-60,0,0,17,-58,25,-50,32,-44,38,-34,42,-25,46,-15,46,-7,42,0,42,7,40,17,34,21,29,23,23,29,19,31,11,32,3,34,0,32,-5,31,-11,29,-15,25,-19,21,-21,15,-23,11,-23,7,-25,1,-23,-3,-23,-5,-19,-9,0,0,0,0,0,0,0,0,0,0,0,0,0,0,-3,42,17,38,34,25,44,1,40,-23,21,-44,-3,-50,-29,-38,-48,-17,-50,9,-36,36,-11,50,21,48,44,29,54,0,44,-31,19,-50,-11,-52,-40,-38,-56,-7,-50,25,-29,50,5,60,38,48,58,19,58,-19,38,-46,5,-60,0,0,-52,-25,-60,7,-40,38,-13,54,19,46,38,29,46,0,36,-25,11,-38,-11,-38,-31,-23,-38,0,-31,19,-13,32,9,32,25,21,32,3,27,-15,13,-29,-3,-31,-19,-23,-29,-7,-27,9,-17,23,-1,25,11,23,21,11,25,-1,0,0,0,0,0,0]"
1773371358.967808,CSI_DATA,189548,98:4a:6b:31:4a:10,-63,11,-99,-41,60,1,2090815338,83,0,256,0,"[0,0,0,0,0,0,0,0,-4,-42,4,-42,14,-45,23,-40,33,-33,40,-23,47,-14,49,-4,49,4,49,14,42,26,37,33,30,40,26,45,14,49,7,52,-2,54,-14,52,-21,49,-30,45,-37,37,-45,33,-49,26,-56,14,-56,4,-59,-4,-59,-16,-52,-28,0,0,-37,-45,-28,-49,-16,-52,-7,-52,2,-49,9,-47,16,-45,23,-37,26,-33,30,-26,33,-18,35,-14,35,-7,33,-2,33,4,30,11,28,16,23,18,21,21,16,23,9,26,4,28,0,26,-4,23,-7,23,-9,21,-14,18,-18,14,0,0,0,0,0,0,0,0,0,0,0,0,0,0,26,33,40,16,42,-9,33,-33,11,-45,-16,-45,-37,-30,-49,-4,-45,23,-26,45,4,52,30,40,49,16,52,-16,33,-40,4,-54,-28,-47,-49,-21,-54,9,-40,40,-11,56,23,54,49,30,59,-2,47,-35,21,-56,-16,-59,-47,-37,0,0,-52,28,-26,52,9,56,37,37,47,11,42,-18,23,-40,-2,-42,-28,-33,-37,-7,-35,16,-18,33,2,35,23,28,33,4,33,-14,18,-26,-2,-33,-18,-26,-30,-9,-28,9,-18,23,-4,28,11,23,23,11,26,-2,18,-14,9,-21,0,0,0,0,0,0]"
1773371358.9850137,CSI_DATA,189549,98:4a:6b:31:4a:10,-63,11,-99,-36,60,1,2090825042,83,0,256,0,"[0,0,0,0,0,0,0,0,-39,18,-43,8,-45,0,-45,-12,-41,-22,-32,-34,-24,-43,-12,-49,0,-49,10,-51,22,-47,30,-41,36,-34,43,-26,47,-16,51,-8,53,4,51,14,49,26,43,32,36,41,24,49,14,53,4,59,-6,59,-18,59,-28,53,-41,49,0,0,-55,24,-53,12,-53,-2,-53,-8,-47,-18,-39,-26,-32,-32,-24,-36,-16,-39,-10,-39,-2,-39,6,-36,10,-34,18,-32,22,-26,26,-22,26,-12,30,-8,30,-2,28,2,26,8,22,14,18,18,16,18,12,20,6,22,2,22,-4,22,0,0,0,0,0,0,0,0,0,0,0,0,0,0,22,-34,2,-41,-20,-36,-39,-22,-43,0,-39,24,-22,43,2,49,28,41,47,18,49,-10,36,-32,12,-51,-16,-47,-41,-32,-51,-4,-47,26,-22,45,8,55,34,41,53,14,55,-16,36,-43,6,-57,-26,-51,-51,-28,-59,6,-49,36,0,0,12,57,39,36,55,10,47,-20,26,-41,0,-47,-24,-36,-41,-14,-41,10,-26,30,-4,39,18,30,30,12,34,-6,24,-24,6,-34,-12,-28,-26,-18,-30,0,-24,16,-12,26,6,28,20,20,26,6,24,-8,16,-20,4,-22,-10,-22,0,0,0,0,0,0]"
1773371358.9929717,CSI_DATA,189550,98:4a:6b:31:4a:10,-63,11,-99,-35,60,1,2090835174,83,0,256,0,"[0,0,0,0,0,0,0,0,-43,-7,-41,-17,-35,-25,-31,-33,-21,-41,-13,-47,-3,-49,7,-51,17,-47,27,-43,35,-37,41,-31,47,-21,49,-13,51,-3,51,5,51,15,47,23,43,31,39,39,33,45,21,49,15,55,3,57,-3,59,-15,57,-25,55,-33,51,0,0,-49,31,-51,23,-53,11,-53,5,-49,-5,-45,-13,-41,-19,-37,-25,-29,-29,-21,-33,-19,-35,-7,-35,-5,-35,0,-33,5,-33,9,-33,13,-27,17,-23,23,-19,25,-15,27,-11,27,-5,25,-1,23,1,23,5,21,9,19,13,15,17,0,0,0,0,0,0,0,0,0,0,0,0,0,0,39,-15,25,-33,3,-41,-19,-37,-39,-21,-47,1,-39,29,-15,43,9,47,35,33,47,7,45,-19,27,-43,-1,-51,-31,-41,-49,-15,-49,15,-33,43,-1,55,29,45,53,21,55,-13,37,-43,7,-57,-27,-51,-53,-23,-59,9,-43,43,0,0,21,53,47,29,53,-1,41,-31,13,-45,-15,-43,-37,-23,-41,1,-31,27,-11,39,13,37,29,21,33,-3,25,-21,9,-33,-11,-33,-27,-17,-31,0,-25,17,-9,29,7,29,21,17,27,1,23,-13,11,-21,-3,-25,-17,-17,-21,-5,0,0,0,0,0,0]"
1773371359.0001574,CSI_DATA,189551,98:4a:6b:31:4a:10,-63,11,-99,-34,60,1,2090845859,83,0,256,0,"[0,0,0,0,0,0,0,0,44,-1,44,9,40,23,34,32,25,38,17,46,3,50,-7,52,-19,48,-29,42,-36,34,-44,27,-50,17,-52,7,-52,-3,-50,-13,-46,-23,-42,-32,-36,-42,-27,-48,-17,-54,-7,-54,3,-56,17,-56,25,-54,36,-48,46,-38,54,-31,0,0,60,-5,56,5,54,17,46,25,40,32,29,38,21,40,13,42,5,42,-3,40,-9,38,-15,34,-23,31,-25,25,-29,19,-31,13,-31,5,-32,0,-31,-3,-27,-9,-25,-13,-19,-19,-15,-19,-9,-23,-7,-23,-1,-25,3,-23,7,-21,0,0,0,0,0,0,0,0,0,0,0,0,0,0,-36,21,-19,36,1,42,25,36,40,19,46,-3,36,-29,17,-46,-9,-48,-34,-34,-50,-11,-46,17,-31,40,-3,52,25,44,44,25,52,-7,40,-36,13,-54,-17,-52,-44,-34,-58,-3,-50,27,-27,52,7,60,38,44,56,15,58,-17,0,0,5,-60,-27,-48,-48,-25,-52,5,-36,32,-13,44,15,40,32,25,42,0,32,-23,13,-36,-7,-36,-25,-23,-34,-1,-29,17,-15,31,5,31,21,23,31,7,29,-9,19,-23,1,-29,-13,-25,-25,-13,-25,1,-21,15,-7,23,3,25,0,0,0,0,0,0]"
1773371359.0175006,CSI_DATA,189552,98:4a:6b:31:4a:10,-63,11,-99,-36,60,1,2090857597,83,0,256,0,"[0,0,0,0,0,0,0,0,-26,34,-34,26,-41,18,-45,10,-47,-2,-47,-10,-45,-22,-36,-32,-30,-39,-24,-45,-14,-49,-6,-51,2,-51,14,-49,22,-47,30,-43,39,-36,43,-30,51,-22,53,-14,53,-6,55,2,55,14,53,24,51,30,43,41,36,47,26,57,0,0,4,59,-4,57,-14,55,-20,49,-28,43,-36,34,-36,28,-41,18,-41,12,-41,4,-41,-2,-34,-6,-36,-12,-32,-16,-26,-20,-22,-22,-18,-28,-12,-28,-6,-28,0,-30,4,-28,8,-28,10,-26,14,-20,18,-18,20,-12,22,-10,24,-6,0,0,0,0,0,0,0,0,0,0,0,0,0,0,6,-41,-16,-41,-34,-22,-43,-2,-39,22,-22,43,6,47,30,36,45,14,47,-12,30,-39,4,-49,-24,-45,-45,-22,-51,6,-36,34,-10,53,20,47,47,28,53,-4,43,-34,14,-55,-18,-55,-47,-34,-57,-2,-49,32,-20,57,16,57,0,0,57,8,49,-26,24,-49,-8,-49,-34,-34,-45,-8,-41,20,-20,39,8,41,28,28,36,6,32,-16,14,-30,-8,-34,-24,-24,-32,-4,-28,16,-14,28,4,28,20,22,28,6,28,-10,16,-22,0,-26,-14,-18,-24,-8,-24,6,-16,18,0,0,0,0,0,0]"
1773371359.0246751,CSI_DATA,189553,98:4a:6b:31:4a:10,-63,11,-99,-38,59,1,2090858829,83,0,256,0,"[0,0,0,0,0,0,0,0,-29,-31,-24,-36,-14,-41,-4,-46,7,-46,17,-43,26,-41,36,-36,41,-31,41,-19,48,-7,51,2,51,12,48,21,41,31,34,36,29,39,24,48,14,56,9,53,-2,58,-12,58,-19,58,-26,48,-36,41,-51,34,-56,24,-56,12,0,0,-61,-4,-51,-14,-51,-24,-43,-31,-36,-39,-29,-39,-17,-43,-12,-46,-4,-43,2,-41,9,-39,14,-34,21,-31,24,-26,26,-21,31,-19,29,-12,31,-7,31,-2,29,2,24,7,24,14,19,19,17,19,12,21,9,24,4,24,-2,21,0,0,0,0,0,0,0,0,0,0,0,0,0,0,41,9,39,-12,26,-34,7,-41,-17,-43,-36,-24,-46,-2,-41,26,-19,48,12,51,36,36,48,9,46,-17,29,-43,2,-53,-26,-43,-48,-14,-51,12,-36,39,-9,58,26,43,51,21,56,-12,39,-41,12,-58,-19,-53,-48,-31,-58,7,0,0,-17,53,14,53,43,31,51,0,41,-24,19,-43,-12,-43,-31,-24,-39,-2,-31,21,-14,36,9,34,26,21,36,2,29,-19,12,-31,-4,-31,-24,-17,-31,0,-26,19,-12,29,4,29,19,19,24,7,24,-9,14,-21,2,-24,-9,-19,0,0,0,0,0,0]"
1773371359.0318403,CSI_DATA,189554,98:4a:6b:31:4a:10,-63,11,-99,-36,60,1,2090877393,83,0,256,0,"[0,0,0,0,0,0,0,0,6,-41,18,-39,28,-34,36,-26,43,-12,47,0,47,6,43,16,45,39,24,41,24,41,12,47,-2,49,-10,49,-22,45,-32,39,-43,30,-47,20,-51,12,-53,0,-53,-10,-49,-22,-45,-32,-36,-43,-28,-49,-16,-53,-4,-57,8,-61,0,0,36,-47,41,-36,47,-26,51,-16,49,-4,47,6,41,14,36,20,30,28,24,32,18,36,8,34,0,36,-6,34,-14,32,-20,28,-22,22,-26,16,-28,10,-28,4,-28,-2,-26,-8,-22,-12,-18,-16,-14,-18,-8,-22,-6,-22,0,-24,0,0,0,0,0,0,0,0,0,0,0,0,0,0,16,39,32,26,43,6,41,-16,28,-34,6,-47,-16,-45,-39,-30,-53,-2,-41,-4,-32,28,0,51,28,43,47,22,51,-6,41,-32,16,-51,-12,-51,-39,-39,-53,-10,-51,18,-32,47,-4,57,28,51,51,28,59,-4,51,-34,22,-55,0,0,-41,-45,-55,-14,-53,18,-30,41,-4,47,22,41,41,22,45,-4,34,-26,12,-36,-12,-34,-28,-22,-39,-4,-30,18,-16,30,4,34,20,26,30,10,30,-8,20,-22,6,-30,-12,-28,-22,-16,-26,-2,-20,12,-14,20,2,24,12,22,0,0,0,0,0,0]"
1773371359.0386698,CSI_DATA,189555,98:4a:6b:31:4a:10,-63,11,-99,-41,60,1,2090877545,83,0,256,0,"[0,0,0,0,0,0,0,0,21,37,9,40,-2,40,-14,40,-26,37,-35,33,-42,23,-47,9,-47,-2,-47,-11,-45,-23,-35,-35,-28,-45,-18,-47,-11,-49,0,-49,11,-47,26,-45,33,-40,42,-30,47,-23,52,-14,54,-2,54,11,54,21,47,33,35,45,26,52,0,0,0,59,-9,56,-21,49,-30,42,-35,33,-42,23,-40,16,-45,7,-42,-4,-40,-11,-33,-16,-28,-21,-21,-28,-14,-30,-9,-33,0,-33,7,-33,11,-28,16,-23,21,-23,26,-14,26,-11,26,-4,26,2,23,7,21,11,18,16,14,18,0,0,0,0,0,0,0,0,0,0,0,0,0,0,-37,-18,-45,0,-35,23,-28,30,0,47,26,42,40,23,47,0,42,-26,21,-42,-2,-49,-28,-40,-47,-16,-47,11,-35,35,-11,49,16,49,40,37,56,7,47,-23,28,-47,0,-56,-33,-47,-52,-23,-59,9,-45,45,-16,61,16,59,0,0,59,11,52,-23,28,-45,0,-52,-26,-42,-42,-18,-45,4,-33,30,-9,40,14,35,30,23,35,2,33,-21,14,-30,-4,-33,-21,-26,-33,-7,-28,11,-18,23,-2,28,11,28,26,16,30,2,23,-14,11,-21,-2,-23,-16,-21,-23,-7,0,0,0,0,0,0]"
1773371359.0556455,CSI_DATA,189556,98:4a:6b:31:4a:10,-59,11,-99,44,37,1,2090878291,83,0,256,0,"[0,0,0,0,0,0,0,0,20,58,17,69,2,66,-14,78,-29,66,-46,58,-55,46,-66,40,-75,23,-72,11,-84,-2,-81,-31,-72,-34,-69,-52,-55,-60,-43,-69,-34,-78,-14,-78,-2,-84,2,-87,29,-81,40,-63,43,-55,69,-55,72,-49,81,-43,104,-8,89,-17,0,0,92,23,89,23,72,49,60,40,46,60,31,60,23,63,8,69,8,60,-5,66,-14,55,-37,60,-31,52,-40,40,-49,23,-49,29,-49,8,-46,8,-52,-8,-49,0,-58,-17,-40,-26,-34,-34,-23,-20,-26,-31,-2,-37,-17,-34,5,-40,0,0,0,0,0,0,0,0,0,0,0,0,0,0,-49,-37,-63,-5,-60,31,-37,60,2,72,37,49,60,20,78,-14,49,-52,11,-78,-26,-75,-63,-34,-81,5,-58,46,-23,72,29,78,60,52,72,0,69,-49,20,-75,-20,-84,-72,-66,-78,-20,-84,37,-29,81,31,95,52,46,92,17,0,0,37,-78,-23,-98,-52,-63,-75,-11,-58,20,-26,66,2,72,37,55,60,14,60,-31,17,-55,-2,-55,-43,-26,-52,0,-43,29,-23,55,11,37,43,34,43,2,43,-14,23,-40,0,-29,-31,-23,-49,-14,-40,23,-17,43,2,52,17,34,0,0,0,0,0,0]"
1773371359.0627742,CSI_DATA,189557,98:4a:6b:31:4a:10,-63,11,-99,-35,60,1,2090909985,83,0,256,0,"[0,0,0,0,0,0,0,0,41,15,35,23,33,29,23,37,13,45,5,49,-5,47,-15,45,-27,39,-39,31,-41,27,-49,11,-49,5,-51,-5,-47,-15,-47,-23,-43,-33,-37,-31,-31,-41,-21,-49,-11,-55,-1,-55,11,-55,19,-59,29,-49,41,-41,47,-33,55,-21,0,0,57,1,63,5,51,15,47,25,37,29,25,39,19,41,9,45,3,45,-1,43,-7,37,-13,35,-17,33,-21,27,-25,23,-29,17,-31,9,-29,5,-27,0,-29,-5,-25,-11,-21,-13,-15,-21,-13,-21,-9,-23,-3,-23,-1,-25,3,-21,0,0,0,0,0,0,0,0,0,0,0,0,0,0,-41,13,-33,29,-11,39,13,39,35,29,49,7,43,-19,31,-43,3,-53,-29,-47,-43,-21,-51,1,-37,35,-13,47,19,45,41,29,51,0,47,-25,21,-49,-13,-55,-39,-41,-59,-11,-49,23,-31,45,3,63,35,53,57,21,61,-9,0,0,7,-55,-19,-53,-47,-29,-53,5,-41,29,-15,45,9,43,29,29,41,1,31,-19,11,-37,-9,-35,-25,-21,-33,0,-27,21,-9,31,7,31,25,21,35,3,29,-17,17,-27,0,-27,-13,-23,-25,-7,-23,5,-15,17,-5,23,9,21,0,0,0,0,0,0]"
1773371359.079617,CSI_DATA,189558,98:4a:6b:31:4a:10,-63,11,-99,-42,60,1,2090919978,83,0,256,0,"[0,0,0,0,0,0,0,0,-29,31,-36,21,-43,12,-46,2,-46,-9,-43,-21,-36,-31,-26,-43,-17,-48,-7,-51,4,-51,19,-48,29,-46,39,-39,43,-29,46,-17,51,-4,51,0,51,14,51,21,43,34,36,43,26,48,14,56,7,61,-7,58,-21,56,-34,51,0,0,-51,31,-53,21,-56,4,-53,-2,-46,-14,-43,-21,-39,-29,-26,-36,-21,-39,-12,-41,-4,-41,2,-36,12,-34,17,-31,21,-26,26,-21,29,-17,31,-7,31,-2,31,2,29,9,24,17,19,19,14,21,9,21,4,24,2,24,-4,21,0,0,0,0,0,0,0,0,0,0,0,0,0,0,7,-39,-12,-39,-31,-29,-43,-9,-41,14,-29,34,-7,43,14,43,39,29,48,4,43,-19,24,-43,0,-48,-29,-41,-46,-19,-48,7,-36,31,-12,56,19,51,43,36,53,4,51,-29,29,-48,-4,-58,-34,-48,-56,-19,-56,14,-41,41,0,0,19,56,43,31,53,2,43,-26,19,-41,-4,-46,-29,-31,-43,-12,-39,12,-24,34,-2,39,19,29,31,14,34,-4,24,-24,7,-34,-12,-29,-26,-17,-31,0,-26,17,-14,29,2,29,19,19,24,7,26,-4,19,-17,4,-24,-7,-21,0,0,0,0,0,0]"
1773371359.0875354,CSI_DATA,189559,98:4a:6b:31:4a:10,-59,11,-99,37,37,1,2090930683,83,0,256,0,"[0,0,0,0,0,0,0,0,46,-53,53,-49,74,-35,63,-21,81,0,70,21,63,31,56,42,53,63,35,74,21,67,7,78,-7,81,-21,78,-28,74,-49,60,-63,46,-74,42,-81,31,-88,28,-81,10,-95,-10,-78,-39,-81,-49,-67,-49,-53,-78,-49,-81,-35,-92,0,0,14,-85,21,-88,39,-74,56,-74,63,-49,56,-31,63,-35,74,-21,74,3,67,10,63,17,56,28,39,39,39,42,31,46,17,46,14,49,7,49,-21,39,-17,35,-24,35,-31,39,-39,31,-35,31,-39,14,-39,-3,-39,0,-42,-14,0,0,0,0,0,0,0,0,0,0,0,0,0,0,-3,63,24,56,60,35,60,0,56,-42,42,-63,-7,-74,-49,-56,-81,-24,-67,17,-53,46,0,74,39,78,67,35,81,-3,56,-49,24,-78,-24,-78,-70,-49,-78,-14,-70,35,-35,88,17,102,56,70,106,21,81,-42,28,-63,-7,-81,0,0,-78,-46,-78,35,-53,70,-17,81,31,74,60,35,70,-3,49,-46,7,-63,-35,-49,-56,-28,-46,10,-46,53,3,49,21,39,46,21,53,-3,35,-35,17,-53,-10,-42,-31,-24,-46,-7,-35,28,-7,39,10,39,28,24,35,10,35,-10,0,0,0,0,0,0]"
1773371359.094777,CSI_DATA,189560,98:4a:6b:31:4a:10,-63,11,-99,-34,60,1,2090940415,83,0,256,0,"[0,0,0,0,0,0,0,0,21,-38,31,-32,38,-23,44,-13,48,-1,46,11,44,23,36,32,29,40,19,48,9,50,-1,50,-13,50,-25,46,-32,40,-40,32,-46,25,-52,15,-54,3,-56,-7,-52,-17,-48,-27,-42,-36,-36,-46,-25,-54,-15,-58,0,-58,11,-60,0,0,36,-50,42,-38,48,-29,52,-19,48,-9,50,3,44,11,42,19,36,27,29,32,19,34,13,34,5,36,-1,34,-7,34,-15,32,-19,27,-25,21,-27,17,-29,9,-31,3,-29,0,-27,-5,-25,-11,-21,-15,-15,-19,-11,-23,-7,-23,0,0,0,0,0,0,0,0,0,0,0,0,0,0,1,42,21,34,36,21,42,-1,38,-25,21,-42,-3,-48,-29,-38,-46,-17,-48,7,-34,34,-13,50,15,48,38,32,50,3,44,-23,25,-46,-3,-54,-34,-44,-52,-17,-54,13,-38,42,-7,56,25,54,52,32,62,-1,50,-34,29,-56,0,0,-40,-42,-54,-13,-50,17,-29,42,-3,48,23,38,42,17,44,-5,31,-29,7,-38,-15,-34,-32,-19,-34,1,-27,23,-9,32,9,34,25,21,32,3,29,-11,15,-27,0,-31,-17,-23,-27,-9,-27,5,-17,17,-5,25,7,23,19,17,0,0,0,0,0,0]"
1773371359.1016302,CSI_DATA,189561,98:4a:6b:31:4a:10,-59,11,-99,35,37,1,2090940802,83,0,256,0,"[0,0,0,0,0,0,0,0,63,-45,71,-33,78,-18,71,0,78,18,71,30,60,41,52,60,30,63,22,67,22,78,-3,75,-7,75,-18,86,-30,67,-45,63,-60,67,-75,56,-78,52,-78,33,-82,18,-90,3,-101,-11,-82,-22,-86,-33,-86,-52,-67,-56,-67,-86,0,0,-30,-93,-11,-86,-3,-82,0,-86,11,-82,48,-67,45,-63,45,-56,52,-45,56,-22,63,-18,60,-15,67,-7,60,7,56,15,60,11,48,18,45,30,41,33,26,37,18,41,15,52,7,45,7,41,0,41,-11,37,-22,41,-30,37,0,0,0,0,0,0,0,0,0,0,0,0,0,0,-22,60,15,71,41,45,60,15,67,-18,45,-56,7,-75,-41,-67,-71,-26,-78,7,-45,48,-22,75,37,71,75,26,82,-15,60,-60,11,-86,-33,-71,-67,-41,-78,15,-67,60,-26,86,41,86,82,45,90,-11,67,-71,18,-101,-41,-82,0,0,-82,11,-60,60,-30,86,30,63,67,41,63,-7,56,-56,15,-71,-41,-60,-52,-26,-60,11,-37,52,7,45,41,41,48,15,48,-22,26,-52,-15,-45,-37,-41,-56,-15,-37,7,-22,45,3,41,33,30,37,11,41,-18,22,-37,7,-48,0,0,0,0,0,0]"
1773371359.118096,CSI_DATA,189562,98:4a:6b:31:4a:10,-63,11,-99,-34,60,1,2090941143,83,0,256,0,"[0,0,0,0,0,0,0,0,15,-40,25,-36,34,-29,40,-19,46,-7,50,3,48,15,42,29,34,36,25,44,15,48,5,50,-5,52,-15,50,-25,44,-34,38,-42,29,-50,21,-54,9,-54,0,-54,-11,-50,-19,-48,-32,-40,-42,-32,-50,-21,-56,-9,-60,5,-63,0,0,29,-54,38,-42,44,-34,48,-23,50,-13,48,-1,48,7,44,15,38,23,31,29,25,31,15,32,9,34,3,36,-5,36,-13,32,-15,29,-21,23,-25,19,-29,13,-29,5,-29,1,-27,-3,-25,-9,-21,-13,-17,-17,-13,-19,-7,-23,0,0,0,0,0,0,0,0,0,0,0,0,0,0,7,40,27,31,40,13,44,-7,34,-29,13,-46,-11,-46,-34,-34,-48,-11,-46,15,-31,38,-5,50,23,46,44,27,52,-1,42,-31,19,-50,-11,-52,-40,-38,-54,-11,-52,19,-32,46,-1,58,31,50,52,27,58,-5,46,-38,19,-60,0,0,-44,-38,-56,-7,-52,23,-27,44,1,50,29,36,42,13,42,-13,27,-32,3,-40,-19,-32,-32,-15,-36,5,-27,25,-9,32,11,31,29,19,32,0,27,-15,13,-27,-1,-29,-19,-23,-27,-7,-27,7,-17,19,-3,27,9,23,19,13,0,0,0,0,0,0]"
1773371359.1248336,CSI_DATA,189563,98:4a:6b:31:4a:10,-63,11,-99,-31,59,1,2090969752,83,0,256,0,"[0,0,0,0,0,0,0,0,31,27,25,35,17,41,7,45,-1,47,-9,47,-23,43,-31,37,-37,33,-45,23,-49,17,-49,5,-53,-1,-49,-9,-47,-19,-43,-29,-39,-35,-33,-41,-25,-45,-19,-51,-7,-53,0,-55,11,-57,19,-55,27,-53,39,-47,45,-41,53,-33,0,0,59,-11,55,0,57,7,53,15,47,21,39,31,35,31,25,37,21,39,11,39,3,39,-1,37,-5,37,-9,33,-15,31,-19,27,-23,21,-25,19,-27,15,-29,9,-29,3,-27,-1,-25,-5,-23,-9,-21,-11,-19,-15,-13,-17,-11,-19,0,0,0,0,0,0,0,0,0,0,0,0,0,0,-39,-5,-37,15,-25,33,-1,43,21,39,43,21,47,-3,39,-29,13,-47,-15,-47,-39,-31,-51,-1,-43,27,-19,47,9,49,37,35,49,7,47,-23,25,-49,-9,-55,-37,-41,-55,-11,-53,21,-31,49,5,59,37,47,57,15,59,-21,0,0,0,-61,-31,-47,-49,-15,-47,13,-29,37,-3,47,25,37,39,15,39,-11,21,-31,0,-39,-21,-29,-33,-11,-33,11,-17,27,3,35,19,25,31,7,29,-9,15,-25,0,-31,-17,-25,-25,-9,-27,7,-17,19,-3,25,11,21,21,11,0,0,0,0,0,0]"
1773371359.1319547,CSI_DATA,189564,98:4a:6b:31:4a:10,-63,11,-99,-37,59,1,2090980267,83,0,256,0,"[0,0,0,0,0,0,0,0,14,37,4,42,-4,42,-16,40,-26,37,-35,28,-42,21,-45,9,-47,0,-47,-7,-45,-18,-42,-26,-33,-35,-28,-45,-18,-47,-9,-54,-4,-52,11,-56,18,-47,26,-45,35,-35,40,-33,52,-30,59,-9,59,-4,59,9,54,18,49,30,0,0,35,47,21,54,11,54,2,49,-7,47,-14,47,-21,42,-28,35,-30,26,-35,18,-37,14,-37,7,-37,0,-35,-4,-33,-11,-26,-18,-23,-18,-16,-23,-14,-26,-7,-28,-2,-28,4,-28,7,-26,11,-23,16,-18,18,-14,21,-11,23,-4,0,0,0,0,0,0,0,0,0,0,0,0,0,0,-33,-28,-42,-4,-40,18,-26,35,0,45,23,37,45,26,49,-2,42,-28,21,-45,-11,-49,-33,-35,-47,-9,-47,16,-30,42,-2,49,23,45,49,16,49,-11,37,-40,11,-52,-26,-54,-49,-35,-59,2,-49,35,-21,54,14,59,42,42,0,0,54,-23,28,-47,-2,-54,-28,-45,-47,-16,-42,11,-30,35,-2,40,23,37,37,16,37,-9,26,-28,4,-37,-16,-30,-33,-11,-30,7,-26,26,-4,30,11,30,26,18,30,0,26,-16,11,-26,-4,-26,-18,-18,-26,-7,-23,7,-14,16,0,0,0,0,0,0]"
1773371359.1490338,CSI_DATA,189565,98:4a:6b:31:4a:10,-63,11,-99,-30,59,1,2090990390,83,0,256,0,"[0,0,0,0,0,0,0,0,0,44,-13,44,-23,38,-34,32,-40,21,-48,9,-50,-1,-48,-15,-42,-25,-36,-34,-27,-44,-17,-48,-5,-52,5,-50,17,-48,25,-44,34,-38,44,-31,52,-21,54,-9,56,1,54,13,52,25,44,36,38,46,29,52,17,60,3,63,0,0,-25,58,-34,46,-42,38,-46,27,-48,15,-48,5,-46,-5,-42,-13,-38,-21,-32,-29,-25,-31,-17,-34,-11,-36,-3,-36,3,-34,11,-31,17,-29,21,-23,27,-17,29,-11,29,-3,29,1,27,5,23,9,19,15,15,19,11,21,5,23,0,0,0,0,0,0,0,0,0,0,0,0,0,0,-19,-34,-34,-21,-42,-1,-38,21,-23,38,0,48,23,42,42,23,48,-1,40,-27,21,-46,-5,-50,-32,-38,-48,-15,-50,13,-36,38,-9,54,19,48,46,31,54,1,48,-29,25,-52,-7,-58,-38,-44,-56,-17,-56,15,-40,46,-7,60,0,0,46,32,56,0,46,-29,23,-46,-5,-48,-31,-36,-44,-11,-42,13,-25,32,-3,40,19,34,32,15,34,-5,25,-25,5,-32,-11,-31,-27,-19,-31,-1,-27,15,-13,27,1,31,17,25,27,11,27,-7,19,-19,5,-25,-7,-23,-19,-15,0,0,0,0,0,0]"
1773371359.156323,CSI_DATA,189566,98:4a:6b:31:4a:10,-59,11,-99,41,37,1,2091001590,83,0,256,0,"[0,0,0,0,0,0,0,0,9,79,-6,72,-18,69,-31,69,-53,60,-69,44,-82,31,-79,6,-75,-15,-75,-28,-60,-50,-66,-53,-41,-69,-28,-75,-18,-79,0,-85,18,-79,31,-82,47,-75,63,-66,72,-60,72,-41,88,-28,101,0,94,6,91,25,82,47,69,44,0,0,44,75,18,79,0,91,-9,82,-25,85,-34,79,-37,63,-56,56,-63,34,-69,22,-66,3,-66,6,-66,-12,-56,-18,-41,-28,-47,-28,-37,-44,-12,-37,-22,-44,-9,-56,-3,-47,9,-41,18,-41,22,-34,31,-28,41,-22,31,-12,44,-12,0,0,0,0,0,0,0,0,0,0,0,0,0,0,-34,-63,-69,-28,-69,12,-50,50,-22,72,25,72,56,60,79,18,72,-34,47,-56,3,-72,-37,-66,-79,-44,-88,12,-66,53,-18,79,34,82,66,47,91,-3,82,-44,28,-79,-18,-91,-69,-72,-94,-18,-72,37,-50,72,3,94,56,94,0,0,91,-31,69,-75,12,-85,-37,-69,-69,-41,-72,6,-47,41,-25,66,28,60,53,31,63,-18,37,-34,22,-56,-12,-60,-44,-22,-63,6,-41,25,-3,47,15,47,41,25,47,6,41,-18,22,-44,-3,-41,-25,-28,-41,-3,-37,12,-28,31,0,0,0,0,0,0]"
1773371359.1632016,CSI_DATA,189567,98:4a:6b:31:4a:10,-63,11,-99,-42,60,1,2091011307,83,0,256,0,"[0,0,0,0,0,0,0,0,41,19,36,29,31,39,17,43,4,48,-7,48,-19,46,-31,41,-41,34,-48,21,-51,12,-53,0,-51,-9,-48,-21,-41,-31,-34,-41,-26,-48,-14,-53,-4,-56,7,-56,17,-56,29,-48,39,-46,51,-34,56,-24,61,-12,63,0,61,12,0,0,48,39,39,46,26,53,17,56,4,56,-7,51,-17,46,-24,41,-29,31,-34,26,-36,17,-39,9,-39,4,-39,-4,-34,-12,-29,-17,-24,-24,-19,-24,-12,-29,-7,-31,-2,-29,7,-29,9,-26,14,-21,17,-17,21,-12,24,-7,24,0,0,0,0,0,0,0,0,0,0,0,0,0,0,0,-41,4,-34,24,-14,41,7,43,29,39,46,17,46,-7,41,-34,17,-48,-9,-51,-39,-36,-48,-12,-48,19,-31,43,-4,53,24,46,48,26,56,-4,43,-36,17,-51,-12,-56,-41,-39,-58,-12,-56,21,-34,48,-2,61,31,53,58,24,0,0,48,-39,17,-53,-17,-53,-39,-34,-48,-7,-41,19,-21,41,4,43,26,34,41,12,39,-14,24,-29,2,-36,-19,-31,-31,-12,-36,7,-24,21,-7,34,12,29,26,19,31,0,29,-14,14,-24,0,-26,-17,-21,-24,-12,-24,4,-19,14,0,0,0,0,0,0]"
1773371359.180229,CSI_DATA,189568,98:4a:6b:31:4a:10,-59,11,-99,39,37,1,2091021277,83,0,256,0,"[0,0,0,0,0,0,0,0,-30,73,-40,56,-60,43,-63,30,-70,20,-77,-3,-73,-23,-77,-43,-63,-50,-46,-66,-26,-73,-30,-73,0,-77,10,-77,30,-77,40,-63,50,-70,63,-53,77,-36,80,-23,90,-13,90,3,90,16,87,36,73,50,77,63,53,73,30,97,0,0,10,97,-16,100,-26,87,-40,66,-60,70,-60,60,-66,36,-63,26,-60,16,-66,0,-66,-10,-63,-10,-63,-33,-50,-30,-40,-43,-30,-36,-20,-46,-13,-50,-3,-43,13,-46,10,-43,16,-36,23,-33,30,-26,36,-16,36,-16,43,-13,33,-3,0,0,0,0,0,0,0,0,0,0,0,0,0,0,3,-63,-36,-56,-60,-26,-56,6,-43,43,-23,66,20,83,50,50,83,10,60,-30,50,-66,-3,-83,-46,-66,-77,-30,-80,20,-60,66,-3,83,36,83,80,36,93,-10,60,-70,26,-87,-33,-90,-80,-56,-100,0,-80,46,-36,87,20,87,0,0,97,10,93,-36,43,-70,-6,-83,-53,-63,-77,-13,-66,26,-53,53,10,63,40,40,56,13,56,-23,36,-36,-3,-50,-36,-40,-53,-13,-43,13,-16,40,3,53,26,33,43,16,46,-13,26,-33,6,-36,-20,-40,-30,-16,-40,-3,-30,26,0,0,0,0,0,0]"
1773371359.1873775,CSI_DATA,189569,98:4a:6b:31:4a:10,-63,11,-99,-31,59,1,2091032008,83,0,256,0,"[0,0,0,0,0,0,0,0,19,-37,29,-31,39,-23,43,-11,47,-1,43,11,43,25,33,33,33,39,15,43,5,51,-3,51,-13,47,-23,47,-33,41,-41,31,-45,23,-53,9,-49,1,-57,-7,-45,-15,-47,-33,-47,-35,-35,-49,-25,-51,-13,-55,0,-59,11,-59,0,0,37,-49,43,-37,47,-23,53,-15,49,-5,45,1,43,15,41,21,37,27,31,31,19,33,13,35,3,37,0,33,-9,35,-11,29,-19,25,-23,19,-25,17,-25,13,-25,1,-29,-1,-25,-7,-19,-11,-19,-13,-15,-17,-11,-21,-5,-21,0,0,0,0,0,0,0,0,0,0,0,0,0,0,-1,43,21,35,39,19,43,0,41,-23,17,-43,-3,-45,-33,-39,-43,-19,-51,3,-37,37,-15,51,17,45,41,31,53,5,45,-23,25,-47,-3,-57,-29,-45,-57,-21,-47,15,-37,37,-11,59,23,51,49,35,59,1,51,-35,23,-53,0,0,-37,-43,-55,-13,-53,21,-27,43,-3,49,21,41,41,21,43,-3,31,-25,11,-39,-15,-35,-29,-19,-37,3,-27,21,-9,35,9,31,23,21,31,1,29,-13,13,-25,1,-33,-19,-25,-27,-11,-25,5,-17,17,-5,25,7,23,19,17,0,0,0,0,0,0]"
1773371359.1948602,CSI_DATA,189570,98:4a:6b:31:4a:10,-59,11,-99,37,37,1,2091042260,83,0,256,0,"[0,0,0,0,0,0,0,0,70,17,60,39,53,49,42,60,31,63,7,67,-7,74,-28,74,-42,67,-56,56,-67,53,-70,53,-70,35,-81,3,-78,-10,-74,-21,-74,-42,-70,-49,-60,-63,-49,-60,-35,-88,-21,-85,-7,-92,3,-88,28,-99,35,-88,53,-74,74,-63,0,0,78,-39,81,-14,85,0,88,17,88,21,63,39,60,35,49,53,31,53,24,60,10,63,7,60,3,67,-14,60,-21,53,-28,42,-35,28,-39,24,-46,28,-42,17,-56,3,-53,3,-42,-10,-31,-10,-35,-24,-28,-28,-28,-31,-14,-31,0,0,0,0,0,0,0,0,0,0,0,0,0,0,-67,21,-49,35,-17,70,31,63,60,39,78,3,74,-28,39,-67,-3,-78,-39,-53,-70,-21,-70,24,-53,67,-10,74,39,78,74,42,92,-14,53,-56,10,-88,-35,-78,-78,-53,-88,0,-81,60,-28,88,31,99,67,67,88,3,88,-49,0,0,-17,-95,-49,-67,-85,-14,-74,24,-42,63,17,63,49,56,60,14,60,-28,35,-49,0,-53,-35,-39,-56,-14,-53,24,-24,53,3,56,39,31,53,10,46,-28,21,-35,3,-42,-24,-35,-46,-10,-39,10,-31,35,-7,42,21,39,35,24,0,0,0,0,0,0]"
1773371359.211654,CSI_DATA,189571,98:4a:6b:31:4a:10,-63,11,-99,-32,59,1,2091052324,83,0,256,0,"[0,0,0,0,0,0,0,0,-10,-43,0,-45,12,-45,20,-39,34,-34,43,-22,49,-14,49,-2,49,8,47,16,43,30,36,36,28,43,18,47,8,49,-2,51,-12,49,-24,49,-30,43,-43,36,-47,26,-51,20,-57,10,-57,-2,-59,-14,-57,-24,-51,-36,-43,-45,0,0,-16,-55,-6,-59,6,-57,16,-51,22,-45,30,-36,36,-30,39,-22,43,-14,41,-4,39,2,36,8,36,14,30,20,24,24,16,28,14,30,6,28,2,30,-4,28,-10,26,-16,24,-18,20,-20,16,-20,10,-22,6,-26,0,-22,-4,0,0,0,0,0,0,0,0,0,0,0,0,0,0,28,28,41,12,41,-10,28,-30,10,-45,-14,-43,-36,-32,-47,-6,-45,18,-28,41,0,49,28,45,47,20,51,-8,39,-34,14,-53,-16,-51,-43,-30,-53,-2,-49,28,-24,47,8,57,34,45,57,16,55,-18,34,-45,2,-59,-28,-51,0,0,-57,8,-45,34,-16,51,16,49,36,30,45,4,39,-22,18,-36,-8,-41,-26,-28,-36,-6,-32,16,-20,30,4,34,22,26,32,8,32,-10,18,-24,2,-30,-14,-26,-26,-14,-32,2,-22,18,-8,26,8,24,20,16,24,4,22,-8,0,0,0,0,0,0]"
1773371359.2188709,CSI_DATA,189572,98:4a:6b:31:4a:10,-63,11,-99,-35,60,1,2091063081,83,0,256,0,"[0,0,0,0,0,0,0,0,-45,-7,-41,-15,-37,-27,-31,-33,-17,-43,-13,-43,-1,-51,3,-45,21,-45,25,-47,37,-39,37,-33,45,-25,47,-17,49,-9,53,1,49,11,49,25,41,31,43,39,33,41,27,45,15,49,3,61,-1,63,-11,55,-17,55,-27,55,0,0,-45,35,-55,23,-51,15,-55,5,-47,-5,-47,-9,-43,-15,-37,-19,-31,-27,-25,-33,-17,-31,-15,-31,-11,-37,-5,-35,5,-33,7,-31,11,-27,15,-23,21,-21,23,-17,27,-17,27,-9,25,-7,25,-1,23,1,19,7,21,13,17,7,0,0,0,0,0,0,0,0,0,0,0,0,0,0,39,-11,25,-33,1,-41,-21,-39,-43,-17,-49,3,-39,31,-15,39,5,47,31,37,47,5,45,-21,21,-41,-3,-49,-33,-37,-53,-13,-49,17,-27,41,5,53,31,39,53,17,55,-17,39,-39,5,-63,-29,-51,-53,-19,-59,13,-43,41,0,0,23,55,53,27,53,-1,41,-29,5,-45,-15,-39,-35,-23,-45,0,-31,29,-7,37,15,33,31,15,37,-5,23,-27,1,-33,-17,-31,-33,-15,-29,1,-23,19,-7,31,11,29,27,13,27,-1,21,-17,7,-25,-7,-23,-17,-17,-21,-3,0,0,0,0,0,0]"
1773371359.226482,CSI_DATA,189573,98:4a:6b:31:4a:10,-63,11,-99,-36,60,1,2091074832,83,0,256,0,"[0,0,0,0,0,0,0,0,-43,0,-43,-12,-41,-22,-34,-30,-24,-41,-14,-45,-2,-49,8,-51,18,-47,28,-43,36,-34,45,-26,49,-16,51,-6,53,4,51,14,49,24,41,32,34,41,26,47,18,51,8,55,-4,57,-16,57,-26,53,-36,47,-47,39,-55,30,0,0,-59,4,-59,-8,-51,-18,-49,-26,-39,-34,-28,-39,-22,-43,-12,-43,-4,-43,4,-41,10,-39,16,-34,20,-30,24,-24,28,-18,30,-14,32,-6,32,-2,30,4,28,10,24,14,20,18,14,22,10,22,6,24,0,22,-4,22,-8,22,0,0,0,0,0,0,0,0,0,0,0,0,0,0,36,-20,20,-34,0,-43,-24,-36,-41,-20,-47,4,-39,28,-18,45,8,49,32,34,49,10,47,-16,32,-41,4,-51,-24,-45,-45,-24,-53,4,-41,34,-14,53,16,53,43,34,57,4,51,-26,28,-51,-6,-59,-36,-45,-55,-16,-57,16,0,0,-6,59,24,49,49,26,51,-4,36,-30,12,-45,-12,-41,-32,-24,-43,0,-34,22,-14,34,8,36,26,24,34,4,28,-16,14,-30,-4,-32,-22,-24,-30,-6,-30,12,-18,22,-2,28,14,24,24,12,26,-2,20,-16,8,-22,-6,-22,0,0,0,0,0,0]"
1773371359.2433884,CSI_DATA,189574,98:4a:6b:31:4a:10,-63,11,-99,-42,60,1,2091085592,83,0,256,0,"[0,0,0,0,0,0,0,0,-2,46,-14,43,-21,39,-31,34,-39,26,-43,19,-48,9,-51,-2,-48,-9,-46,-19,-41,-29,-36,-36,-29,-43,-21,-48,-12,-51,-4,-53,4,-51,14,-51,24,-48,31,-43,41,-39,46,-34,53,-26,56,-19,58,-7,61,2,58,14,56,24,0,0,41,41,34,46,26,53,14,48,7,51,-2,51,-9,46,-19,43,-21,39,-26,31,-29,26,-31,21,-34,14,-34,9,-34,2,-34,-2,-34,-7,-29,-12,-26,-14,-21,-19,-17,-21,-14,-24,-7,-26,-2,-26,0,-24,4,-24,9,-24,12,-21,0,0,0,0,0,0,0,0,0,0,0,0,0,0,-19,-36,-36,-21,-43,0,-36,26,-19,41,9,46,31,34,46,12,46,-17,29,-41,0,-51,-26,-43,-48,-19,-51,12,-34,39,-7,51,24,48,48,24,56,-7,39,-39,9,-53,-21,-53,-48,-29,-58,4,-43,39,-17,58,19,58,48,36,0,0,46,-34,19,-53,-12,-51,-41,-31,-48,-2,-41,24,-17,41,9,41,31,24,39,2,31,-21,12,-34,-7,-34,-29,-19,-34,2,-26,19,-9,31,9,29,26,17,29,0,26,-17,12,-26,-7,-26,-19,-19,-26,-2,-24,12,-12,21,0,24,0,0,0,0,0,0]"
1773371359.260442,CSI_DATA,189575,98:4a:6b:31:4a:10,-63,11,-99,-34,60,1,2091101551,83,0,256,0,"[0,0,0,0,0,0,0,0,3,-42,15,-42,25,-36,31,-31,40,-25,48,-13,48,0,52,15,48,19,36,31,27,40,19,50,7,50,-1,52,-11,48,-23,42,-29,40,-40,34,-48,27,-50,21,-54,5,-60,-5,-60,-13,-54,-21,-44,-36,-36,-50,-27,-56,-11,-60,0,0,9,-62,19,-50,31,-44,42,-40,44,-31,40,-21,44,-1,50,3,42,9,42,19,34,27,23,31,17,31,13,32,5,34,0,34,-7,31,-13,31,-17,29,-17,23,-25,15,-27,11,-25,1,-25,0,-23,-5,-21,-7,-19,-17,-11,-23,0,0,0,0,0,0,0,0,0,0,0,0,0,0,21,34,34,21,44,-1,38,-21,25,-38,-1,-44,-23,-40,-44,-25,-52,9,-36,31,-15,50,11,48,36,36,50,11,50,-17,31,-38,-1,-52,-25,-46,-46,-29,-58,5,-38,32,-13,54,21,54,44,31,56,5,52,-23,29,-48,-1,-62,0,0,-48,-19,-54,7,-36,36,-11,52,15,48,38,29,48,-1,32,-21,17,-34,-9,-36,-29,-29,-34,-5,-29,15,-15,31,1,34,19,23,29,13,31,-9,19,-25,1,-29,-11,-25,-27,-15,-31,3,-23,15,-11,21,3,23,13,21,23,11,0,0,0,0,0,0]"
1773371359.2684855,CSI_DATA,189576,98:4a:6b:31:4a:10,-62,11,-99,-36,60,1,2091116589,83,0,256,0,"[0,0,0,0,0,0,0,0,-36,26,-43,16,-47,8,-47,-2,-45,-16,-43,-26,-34,-34,-26,-45,-14,-49,-6,-53,8,-51,14,-51,26,-47,32,-41,41,-32,47,-24,51,-16,55,-4,57,6,55,14,53,24,47,34,41,43,30,51,24,59,12,61,2,63,-12,61,0,0,-36,51,-41,41,-49,32,-51,22,-51,14,-51,2,-45,-6,-45,-14,-39,-22,-32,-26,-28,-32,-20,-34,-14,-36,-8,-36,0,-36,6,-36,12,-30,16,-28,22,-24,24,-18,26,-14,28,-8,28,-4,26,2,26,6,22,12,20,16,16,20,0,0,0,0,0,0,0,0,0,0,0,0,0,0,16,-36,-6,-43,-26,-32,-41,-14,-45,10,-34,34,-12,47,16,47,39,30,51,6,47,-24,26,-43,-4,-51,-32,-43,-51,-16,-53,14,-36,41,-4,53,26,49,49,26,55,-6,45,-39,14,-55,-20,-57,-49,-34,-59,-2,-51,34,-24,59,0,0,43,45,55,12,53,-20,30,-43,-2,-49,-26,-39,-43,-14,-41,14,-26,34,-2,41,20,32,34,12,36,-8,22,-28,2,-34,-18,-28,-30,-14,-32,6,-22,22,-6,30,10,28,24,16,28,-2,24,-16,10,-24,-4,-26,-16,-18,-24,-6,0,0,0,0,0,0]"
1773371359.286097,CSI_DATA,189577,98:4a:6b:31:4a:10,-63,11,-99,-31,59,1,2091127280,83,0,256,0,"[0,0,0,0,0,0,0,0,-19,37,-31,31,-37,21,-43,11,-45,0,-47,-11,-43,-25,-35,-35,-27,-43,-17,-47,-5,-49,5,-49,17,-49,27,-43,35,-35,43,-29,47,-19,51,-7,53,1,53,13,49,23,43,33,35,45,25,53,15,59,5,59,-7,59,-21,59,0,0,-41,41,-47,29,-49,17,-55,5,-49,-5,-47,-13,-41,-21,-33,-27,-27,-33,-19,-35,-11,-41,-3,-39,5,-37,9,-33,17,-29,23,-25,25,-19,29,-15,31,-7,29,-1,29,3,25,9,21,13,17,17,13,21,7,23,3,23,-1,23,0,0,0,0,0,0,0,0,0,0,0,0,0,0,-1,-41,-21,-37,-39,-21,-45,0,-39,25,-23,43,1,49,27,41,45,19,51,-5,39,-31,15,-49,-9,-51,-39,-35,-53,-9,-49,19,-33,45,-1,55,29,49,49,25,55,-7,45,-37,15,-55,-17,-57,-45,-39,-59,-7,-57,25,-35,51,0,0,29,51,53,23,55,-5,39,-35,13,-47,-15,-43,-35,-27,-45,-3,-37,21,-15,37,5,37,25,27,33,7,33,-13,19,-27,-1,-35,-17,-27,-27,-13,-31,3,-23,19,-9,27,9,27,21,15,27,3,25,-9,13,-21,1,-25,-11,-21,0,0,0,0,0,0]"
1773371359.2942414,CSI_DATA,189578,98:4a:6b:31:4a:10,-63,11,-99,-42,60,1,2091127559,83,0,256,0,"[0,0,0,0,0,0,0,0,36,24,29,34,21,41,9,46,-4,48,-14,48,-26,39,-36,34,-43,24,-48,14,-51,2,-51,-9,-46,-19,-41,-29,-34,-39,-24,-46,-14,-51,-4,-51,7,-56,17,-51,29,-48,36,-43,46,-34,56,-24,56,-9,61,2,61,14,56,26,0,0,39,46,26,51,14,56,2,53,-9,51,-17,46,-24,39,-34,31,-36,24,-39,14,-41,7,-39,-2,-36,-7,-36,-14,-26,-19,-24,-24,-17,-26,-9,-29,-4,-31,2,-29,7,-26,14,-26,17,-21,19,-14,21,-12,24,-7,24,0,24,4,0,0,0,0,0,0,0,0,0,0,0,0,0,0,-41,-2,-36,17,-24,39,-2,43,21,39,41,24,48,2,43,-24,21,-41,-2,-48,-29,-41,-46,-21,-51,7,-39,34,-14,51,14,51,41,34,53,4,48,-26,26,-48,-2,-56,-34,-46,-53,-21,-58,9,-41,41,-14,58,19,58,51,36,0,0,51,-24,29,-48,0,-56,-29,-39,-43,-17,-46,9,-31,34,-7,43,17,36,34,21,36,-2,29,-21,12,-31,-9,-34,-26,-19,-34,-2,-31,14,-17,26,2,31,19,24,26,9,29,-4,19,-17,7,-26,-7,-24,-19,-17,-24,-2,-21,7,0,0,0,0,0,0]"
1773371359.3020287,CSI_DATA,189579,98:4a:6b:31:4a:10,-62,11,-99,-38,59,1,2091147438,83,0,256,0,"[0,0,0,0,0,0,0,0,24,-39,29,-31,36,-26,41,-17,46,-9,48,0,51,9,46,19,41,26,36,34,31,41,24,48,14,51,7,53,0,53,-9,51,-17,51,-24,48,-31,43,-39,39,-43,31,-51,26,-56,19,-58,9,-61,0,-61,-7,-58,-17,-51,-29,0,0,-41,-43,-36,-46,-24,-51,-14,-51,-7,-51,0,-48,7,-48,12,-43,17,-39,21,-34,26,-31,29,-24,31,-19,34,-17,34,-9,34,-4,34,0,31,4,29,9,26,14,24,17,19,19,17,21,12,24,9,24,4,24,0,26,-4,24,0,0,0,0,0,0,0,0,0,0,0,0,0,0,0,41,24,36,39,17,43,-7,34,-29,9,-46,-17,-43,-39,-26,-51,0,-41,26,-17,48,14,51,41,31,51,2,43,-26,19,-46,-12,-51,-41,-34,-53,-2,-46,31,-21,51,14,56,46,36,58,2,51,-34,21,-58,-14,-58,-46,-36,0,0,-48,31,-19,51,14,53,41,34,51,2,39,-26,14,-43,-12,-39,-34,-24,-41,2,-29,26,-7,36,17,31,31,17,34,-7,21,-24,4,-34,-17,-26,-29,-12,-29,7,-19,21,-2,29,14,26,24,12,24,-4,17,-17,4,-24,-9,-21,0,0,0,0,0,0]"
1773371359.3101559,CSI_DATA,189580,98:4a:6b:31:4a:10,-59,11,-99,42,37,1,2091158231,83,0,256,0,"[0,0,0,0,0,0,0,0,-61,18,-64,3,-73,-6,-64,-27,-64,-33,-46,-43,-46,-67,-27,-70,0,-86,15,-82,24,-58,39,-73,55,-64,64,-52,73,-49,58,-24,76,-12,82,12,86,18,79,33,67,49,64,58,49,73,43,73,30,89,15,79,-9,95,-27,95,0,0,-58,70,-67,64,-70,39,-79,39,-76,15,-89,6,-76,-21,-64,-36,-61,-30,-61,-39,-52,-49,-39,-43,-36,-61,-18,-49,-12,-52,0,-52,9,-58,15,-49,33,-46,30,-33,52,-33,46,-21,43,-3,43,0,39,-3,39,12,36,18,27,24,0,0,0,0,0,0,0,0,0,0,0,0,0,0,52,-39,18,-64,-15,-70,-58,-43,-73,-9,-64,27,-33,64,12,73,49,58,67,27,70,-27,52,-64,6,-73,-39,-67,-64,-33,-70,12,-67,55,-18,79,27,86,70,55,89,6,67,-46,24,-73,-24,-89,-76,-58,-79,-9,-89,49,-39,70,0,0,55,55,82,21,79,-21,49,-67,-3,-76,-49,-61,-70,-24,-73,21,-33,49,0,67,36,49,46,21,64,-27,27,-58,0,-52,-15,-43,-55,-15,-46,9,-30,39,6,49,27,46,46,21,46,-12,24,-33,12,-33,-15,-39,-27,-24,-36,3,0,0,0,0,0,0]"
1773371359.3274698,CSI_DATA,189581,98:4a:6b:31:4a:10,-63,11,-99,-34,60,1,2091170900,83,0,256,0,"[0,0,0,0,0,0,0,0,42,9,38,21,34,31,27,38,13,46,1,50,-9,48,-21,46,-31,40,-38,32,-46,21,-50,11,-52,0,-52,-9,-48,-21,-42,-31,-34,-38,-27,-46,-19,-52,-5,-54,3,-56,15,-54,25,-54,36,-44,46,-38,52,-29,60,-15,62,-3,0,0,58,21,48,34,38,40,31,44,19,48,7,48,-1,50,-9,44,-19,38,-23,34,-27,29,-32,23,-34,13,-36,7,-34,0,-32,-7,-31,-11,-27,-15,-23,-21,-17,-25,-11,-27,-3,-29,1,-27,7,-25,9,-25,15,-21,19,-15,21,-9,0,0,0,0,0,0,0,0,0,0,0,0,0,0,-40,11,-29,31,-9,44,15,42,34,29,46,7,44,-17,31,-38,3,-50,-21,-42,-44,-25,-50,0,-42,27,-21,48,7,52,36,38,50,13,50,-17,32,-44,3,-56,-27,-48,-52,-27,-56,3,-46,36,-19,56,13,58,46,40,60,9,0,0,34,-48,-1,-56,-29,-46,-48,-21,-46,9,-34,32,-9,44,15,38,34,23,36,-3,31,-23,13,-34,-9,-36,-27,-23,-32,-1,-29,17,-15,29,3,31,21,25,31,9,29,-7,19,-23,5,-29,-9,-25,-23,-13,-25,-1,-21,11,-11,21,0,0,0,0,0,0]"
1773371359.335022,CSI_DATA,189582,98:4a:6b:31:4a:10,-63,11,-99,-34,60,1,2091181332,83,0,256,0,"[0,0,0,0,0,0,0,0,29,-32,36,-25,42,-15,46,-7,46,5,48,15,44,25,36,34,29,40,17,46,7,48,0,54,-9,50,-17,48,-27,46,-34,38,-40,32,-46,23,-48,17,-56,7,-56,-1,-54,-13,-54,-23,-50,-31,-42,-40,-36,-48,-27,-54,-15,-60,0,0,9,-60,15,-58,25,-50,32,-42,36,-34,42,-25,44,-17,44,-9,46,-1,42,5,38,11,34,15,31,19,27,25,21,27,15,32,9,31,3,32,-1,32,-5,29,-11,27,-15,25,-21,21,-19,17,-23,11,-23,5,-25,3,-25,-1,0,0,0,0,0,0,0,0,0,0,0,0,0,0,-7,40,15,40,34,27,40,3,42,-19,25,-44,-1,-46,-27,-38,-46,-19,-50,11,-34,36,-11,50,17,48,40,27,52,-1,40,-31,17,-50,-13,-52,-42,-34,-56,-3,-46,29,-23,52,9,58,42,42,58,9,58,-27,32,-52,-1,-62,0,0,-54,-19,-54,15,-32,44,-1,50,29,40,44,19,46,-9,29,-31,3,-40,-19,-32,-34,-13,-36,9,-23,27,-1,36,19,31,31,13,34,-3,21,-23,3,-31,-13,-27,-25,-15,-31,3,-21,15,-7,27,7,23,19,15,25,3,23,-11,0,0,0,0,0,0]"
1773371359.342603,CSI_DATA,189583,98:4a:6b:31:4a:10,-63,11,-99,-42,60,1,2091190841,83,0,256,0,"[0,0,0,0,0,0,0,0,31,29,24,39,17,43,4,46,-7,48,-19,46,-29,39,-39,34,-43,21,-48,12,-51,2,-51,-12,-48,-21,-41,-29,-34,-39,-26,-46,-19,-51,-7,-51,2,-53,14,-53,24,-51,34,-46,41,-39,53,-31,56,-19,58,-7,61,4,58,19,0,0,43,39,36,46,24,51,17,51,4,51,-4,51,-12,46,-21,41,-29,34,-31,26,-36,21,-36,12,-36,4,-36,0,-34,-7,-34,-12,-29,-19,-21,-21,-17,-24,-12,-26,-4,-29,0,-29,4,-26,12,-24,14,-19,19,-17,21,-14,24,-7,0,0,0,0,0,0,0,0,0,0,0,0,0,0,-41,-9,-39,14,-26,34,-4,43,17,43,36,29,48,4,43,-21,26,-43,0,-48,-29,-41,-46,-21,-51,7,-39,34,-12,48,17,48,41,34,53,4,46,-29,24,-51,-4,-56,-36,-43,-53,-12,-58,19,-34,48,-7,61,26,53,53,29,0,0,43,-34,17,-53,-14,-53,-39,-31,-48,-4,-43,21,-21,41,4,41,26,29,39,9,34,-14,19,-31,0,-36,-21,-29,-34,-9,-31,9,-21,24,-2,31,17,29,26,12,31,-2,21,-17,9,-26,-4,-26,-19,-17,-24,-4,-24,9,-14,17,0,0,0,0,0,0]"
1773371359.3600712,CSI_DATA,189584,98:4a:6b:31:4a:10,-63,11,-99,-34,60,1,2091191110,83,0,256,0,"[0,0,0,0,0,0,0,0,27,-34,34,-27,42,-19,46,-7,46,3,46,17,40,29,32,36,25,44,13,50,1,52,-5,50,-17,48,-27,42,-36,36,-44,29,-50,19,-54,11,-56,0,-54,-11,-50,-21,-46,-31,-40,-40,-31,-50,-21,-56,-11,-60,0,-62,15,-60,0,0,36,-46,40,-36,50,-25,52,-15,52,-5,50,3,46,11,40,21,34,27,27,31,21,34,15,36,7,38,0,36,-5,34,-13,32,-17,27,-21,23,-27,17,-29,11,-29,5,-29,1,-27,-3,-25,-9,-21,-13,-17,-17,-13,-21,-9,-21,0,0,0,0,0,0,0,0,0,0,0,0,0,0,-5,42,17,38,32,23,44,3,40,-19,27,-40,1,-48,-23,-42,-42,-23,-50,1,-40,31,-17,48,11,50,38,36,50,9,48,-21,31,-44,1,-52,-31,-48,-52,-21,-56,11,-42,40,-13,56,21,56,48,36,60,1,52,-32,25,-56,0,0,-36,-44,-56,-13,-52,17,-31,40,-3,48,23,40,40,19,42,-5,31,-29,9,-38,-15,-34,-31,-19,-34,1,-25,23,-7,34,11,32,27,19,31,3,27,-15,13,-27,-1,-31,-19,-23,-27,-7,-27,7,-17,19,-3,25,9,25,19,15,0,0,0,0,0,0]"
1773371359.3675852,CSI_DATA,189585,98:4a:6b:31:4a:10,-59,11,-99,39,37,1,2091191649,83,0,256,0,"[0,0,0,0,0,0,0,0,33,53,20,70,-13,80,-16,73,-40,63,-56,56,-60,40,-77,23,-77,3,-70,-13,-73,-26,-66,-36,-63,-56,-50,-60,-26,-77,-3,-83,13,-87,33,-66,50,-73,56,-70,77,-50,73,-40,83,-30,90,6,93,13,93,33,77,50,87,50,0,0,50,87,16,90,-6,90,-20,73,-26,83,-40,66,-46,60,-63,46,-63,20,-53,16,-63,-3,-53,0,-60,-20,-53,-26,-36,-40,-36,-40,-23,-53,-10,-53,-3,-50,6,-43,16,-43,13,-46,30,-30,30,-13,40,-16,50,-6,33,0,30,13,0,0,0,0,0,0,0,0,0,0,0,0,0,0,-50,-33,-60,-10,-63,23,-40,53,10,73,33,63,63,40,77,0,60,-50,30,-73,-3,-80,-50,-60,-77,-23,-73,26,-53,56,-20,80,26,73,73,43,90,-10,66,-50,20,-83,-26,-93,-56,-56,-93,-16,-73,43,-50,66,3,87,43,77,0,0,87,-26,70,-63,26,-87,-23,-66,-53,-43,-77,13,-63,36,-16,66,20,77,40,40,66,16,53,-26,20,-53,3,-53,-40,-36,-53,-13,-46,26,-26,50,6,50,30,33,46,16,53,-20,30,-23,16,-46,-10,-36,-43,-40,-43,-10,-30,6,0,0,0,0,0,0]"
1773371359.375012,CSI_DATA,189586,98:4a:6b:31:4a:10,-63,11,-99,-34,60,1,2091221366,83,0,256,0,"[0,0,0,0,0,0,0,0,40,-21,42,-13,46,-1,46,9,48,17,40,25,34,36,25,40,15,50,5,54,0,56,-7,52,-19,48,-25,44,-31,38,-36,36,-44,27,-52,19,-52,11,-56,0,-50,-5,-50,-13,-46,-27,-46,-38,-42,-44,-36,-42,-29,-52,-21,-58,0,0,5,-62,13,-54,21,-50,29,-44,31,-36,40,-32,40,-25,38,-17,42,-7,40,-1,38,1,36,7,34,15,29,21,29,25,23,25,15,27,11,31,3,29,-3,31,-5,32,-7,29,-11,27,-13,21,-15,17,-19,13,-23,13,-23,7,0,0,0,0,0,0,0,0,0,0,0,0,0,0,-21,34,1,42,23,34,42,15,42,-7,32,-34,11,-48,-13,-42,-38,-29,-44,-3,-42,25,-17,48,13,52,38,36,50,7,46,-27,23,-48,-7,-52,-42,-38,-52,-5,-54,23,-31,50,1,62,40,48,56,17,54,-29,31,-52,-1,-62,0,0,-60,-15,-52,21,-31,44,0,52,32,36,44,13,42,-11,25,-36,-3,-40,-25,-32,-34,-5,-34,15,-15,29,9,32,21,23,32,3,29,-15,15,-27,-1,-27,-15,-23,-27,-7,-27,11,-13,25,1,27,17,19,23,7,25,-7,15,-19,0,0,0,0,0,0]"
1773371359.383449,CSI_DATA,189587,98:4a:6b:31:4a:10,-59,11,-99,37,37,1,2091231697,83,0,256,0,"[0,0,0,0,0,0,0,0,70,0,67,28,63,42,42,63,31,78,14,70,0,81,-21,78,-39,74,-49,63,-63,60,-78,42,-81,24,-88,7,-70,-10,-74,-24,-70,-42,-63,-56,-53,-67,-42,-78,-31,-81,-14,-92,10,-78,24,-92,42,-81,60,-70,78,-63,81,-56,0,0,92,-24,88,3,81,24,78,35,74,39,56,53,39,56,39,63,24,63,10,67,0,67,-17,53,-24,53,-24,42,-42,35,-42,35,-49,21,-49,10,-46,0,-46,-7,-49,-14,-35,-24,-35,-24,-28,-24,-17,-39,-14,-31,-10,-39,-7,-42,0,0,0,0,0,0,0,0,0,0,0,0,0,0,-56,21,-46,60,-3,60,31,63,60,42,81,10,63,-39,42,-67,-7,-70,-42,-60,-70,-28,-74,24,-56,56,-14,74,35,70,70,49,81,-14,63,-49,24,-85,-28,-81,-70,-49,-95,-7,-85,53,-42,81,17,92,63,78,92,24,95,-31,0,0,3,-85,-53,-81,-81,-39,-81,17,-53,53,-14,67,35,56,56,35,70,-17,49,-39,14,-60,-31,-53,-42,-24,-56,3,-39,39,-17,53,17,49,42,31,53,-3,42,-21,7,-46,-10,-46,-39,-28,-35,-3,-42,17,-21,35,3,35,24,39,0,0,0,0,0,0]"
1773371359.4004538,CSI_DATA,189588,98:4a:6b:31:4a:10,-63,11,-99,-33,59,1,2091232488,83,0,256,0,"[0,0,0,0,0,0,0,0,-23,35,-33,31,-38,23,-42,12,-46,2,-46,-10,-44,-19,-38,-29,-29,-40,-23,-44,-12,-48,-4,-50,6,-50,16,-48,25,-44,35,-38,42,-31,48,-23,48,-14,54,-4,52,4,50,14,48,25,46,35,38,44,29,50,21,54,8,57,0,0,-14,57,-25,50,-33,42,-40,35,-40,27,-44,16,-44,8,-44,2,-42,-6,-35,-14,-33,-21,-29,-25,-25,-27,-19,-29,-12,-31,-6,-31,0,-31,6,-29,12,-27,16,-25,21,-21,23,-16,23,-12,25,-6,23,-2,23,4,23,8,19,12,0,0,0,0,0,0,0,0,0,0,0,0,0,0,2,-42,-21,-38,-38,-21,-42,2,-40,27,-19,44,6,50,29,38,46,14,48,-12,33,-38,8,-52,-21,-46,-44,-27,-52,2,-44,31,-16,50,14,52,42,35,54,6,50,-27,27,-50,-2,-59,-38,-46,-57,-16,-54,21,-38,48,-4,59,0,0,52,27,57,-6,40,-35,14,-50,-16,-44,-40,-25,-46,2,-33,25,-10,40,10,38,31,23,38,2,29,-21,10,-33,-10,-33,-25,-21,-33,-4,-27,14,-14,27,4,29,16,23,27,8,27,-8,19,-23,2,-25,-12,-21,-23,-12,-25,2,0,0,0,0,0,0]"
1773371359.407838,CSI_DATA,189589,98:4a:6b:31:4a:10,-63,11,-99,-34,60,1,2091252814,83,0,256,0,"[0,0,0,0,0,0,0,0,44,-9,44,0,44,11,40,21,34,32,29,38,19,46,7,50,0,50,-11,50,-23,46,-31,40,-38,34,-46,27,-50,17,-52,7,-52,0,-54,-11,-50,-25,-46,-31,-42,-38,-32,-46,-27,-52,-15,-54,-5,-60,5,-58,17,-58,31,-56,0,0,46,-38,48,-29,52,-17,54,-7,50,3,48,7,42,17,38,23,32,29,27,32,19,36,11,36,5,38,1,34,-5,34,-9,32,-17,29,-19,25,-23,21,-25,15,-27,9,-27,5,-25,1,-25,-5,-23,-9,-21,-13,-19,-17,-13,-19,0,0,0,0,0,0,0,0,0,0,0,0,0,0,-29,29,-9,40,11,40,32,29,46,7,44,-17,29,-38,1,-48,-27,-42,-46,-23,-52,5,-38,32,-13,50,15,50,40,32,52,3,44,-27,21,-50,-9,-54,-38,-40,-54,-9,-48,23,-29,50,5,60,36,48,54,19,56,-17,40,-46,0,0,-29,-50,-50,-25,-52,5,-36,36,-9,46,19,42,38,25,40,-3,32,-25,11,-38,-13,-34,-31,-21,-34,3,-25,23,-9,36,11,32,29,17,31,0,25,-19,11,-29,-7,-31,-21,-21,-29,-3,-25,11,-15,23,0,25,15,19,23,9,0,0,0,0,0,0]"
1773371359.415104,CSI_DATA,189590,98:4a:6b:31:4a:10,-63,11,-99,-36,59,1,2091262779,83,0,256,0,"[0,0,0,0,0,0,0,0,-43,-16,-36,-25,-27,-36,-23,-43,-6,-46,-2,-48,11,-48,27,-43,36,-34,46,-23,50,-13,52,-2,50,6,50,18,46,29,39,34,27,41,23,46,13,55,4,57,-13,52,-23,50,-34,46,-41,36,-52,29,-55,25,-62,6,-59,-9,0,0,-52,-25,-46,-36,-36,-41,-29,-46,-13,-48,-2,-48,9,-48,18,-43,20,-39,27,-29,29,-27,36,-16,34,-9,36,-2,32,4,34,6,29,13,25,20,20,23,11,27,4,27,0,29,-4,25,-9,25,-13,23,-13,18,-20,16,-20,9,0,0,0,0,0,0,0,0,0,0,0,0,0,0,43,-6,29,-27,13,-41,-6,-43,-29,-32,-39,-16,-43,11,-34,34,-11,50,13,48,39,29,50,2,48,-23,27,-46,0,-55,-27,-41,-48,-18,-52,13,-41,41,-16,52,23,55,48,34,57,4,48,-27,25,-50,-6,-62,-36,-41,-59,-11,0,0,-34,41,-6,55,25,43,48,23,50,-4,39,-29,11,-43,-13,-39,-29,-25,-39,-4,-34,23,-16,29,6,34,25,25,34,4,29,-9,18,-23,-2,-34,-20,-25,-27,-11,-27,6,-18,18,-6,27,6,27,23,16,23,4,23,-9,11,-20,0,0,0,0,0,0]"
1773371359.4322684,CSI_DATA,189591,98:4a:6b:31:4a:10,-63,11,-99,-37,60,1,2091272717,83,0,256,0,"[0,0,0,0,0,0,0,0,44,-12,44,-2,44,8,44,19,38,29,31,38,23,46,12,50,0,52,-8,52,-19,48,-27,44,-35,40,-42,33,-46,23,-50,14,-50,6,-54,-4,-52,-12,-50,-23,-46,-29,-40,-38,-33,-46,-23,-52,-16,-59,-6,-59,4,-59,16,-59,0,0,38,-48,44,-40,48,-29,50,-23,50,-12,48,-2,46,6,42,12,40,19,33,25,29,29,23,31,19,33,10,33,4,35,-2,35,-6,31,-10,29,-16,27,-19,23,-23,19,-25,14,-25,10,-25,4,-25,0,-23,-4,-23,-8,-21,-12,0,0,0,0,0,0,0,0,0,0,0,0,0,0,-29,29,-8,40,14,42,35,27,46,4,42,-21,25,-42,0,-48,-27,-40,-46,-19,-50,10,-35,38,-8,52,23,46,44,27,52,-4,40,-33,14,-52,-19,-52,-44,-31,-57,-2,-46,31,-21,54,12,59,46,40,61,4,52,-27,29,-54,0,0,-40,-44,-57,-14,-50,21,-27,44,2,48,27,38,44,12,40,-12,23,-33,-2,-40,-23,-29,-35,-8,-33,12,-16,29,2,35,21,27,31,8,29,-10,19,-25,0,-31,-16,-25,-27,-10,-27,6,-19,21,-4,25,10,23,21,12,25,0,0,0,0,0,0,0]"
1773371359.4393582,CSI_DATA,189592,98:4a:6b:31:4a:10,-59,11,-99,34,37,1,2091282243,83,0,256,0,"[0,0,0,0,0,0,0,0,34,-65,61,-42,73,-34,65,-15,65,3,85,23,73,42,61,58,54,65,34,69,7,81,-3,77,-23,81,-34,69,-46,61,-61,54,-69,46,-73,27,-88,11,-81,-3,-88,-23,-85,-34,-65,-58,-69,-69,-50,-81,-23,-96,-11,-85,15,-85,0,0,34,-88,61,-61,81,-58,69,-42,73,-34,77,-7,69,0,69,11,61,30,46,38,42,46,27,42,15,50,11,61,0,61,-7,50,-15,54,-34,42,-34,38,-38,27,-42,19,-42,15,-38,3,-46,-7,-38,-11,-42,-15,-27,-27,-23,-42,0,0,0,0,0,0,0,0,0,0,0,0,0,0,-3,58,30,58,50,34,65,3,65,-30,46,-73,-11,-77,-38,-58,-69,-38,-73,7,-65,54,-19,81,27,69,54,46,81,11,81,-34,38,-69,-3,-73,-61,-69,-77,-30,-85,11,-61,73,-19,92,42,73,81,38,85,-11,69,-46,38,-77,0,0,-69,-61,-81,-23,-77,30,-42,69,0,77,42,54,73,15,65,-15,30,-46,0,-58,-30,-46,-42,-27,-77,19,-38,42,0,54,23,54,50,19,46,-3,38,-38,15,-46,-11,-42,-38,-30,-46,-7,-30,15,-15,27,3,46,23,42,42,19,0,0,0,0,0,0]"
1773371359.4463265,CSI_DATA,189593,98:4a:6b:31:4a:10,-63,11,-99,-34,60,1,2091293165,83,0,256,0,"[0,0,0,0,0,0,0,0,21,40,11,44,1,46,-5,48,-17,42,-29,40,-34,32,-44,27,-50,17,-50,7,-50,-3,-50,-13,-48,-21,-42,-29,-36,-38,-27,-44,-23,-50,-15,-52,-5,-54,3,-56,13,-56,21,-54,31,-50,40,-44,48,-34,54,-29,60,-19,62,-7,0,0,58,13,54,23,46,32,38,34,31,42,21,44,13,46,5,46,0,46,-5,40,-11,36,-17,34,-23,31,-29,25,-29,19,-31,15,-31,9,-31,5,-31,0,-29,-3,-27,-9,-23,-13,-19,-17,-15,-21,-13,-19,-7,-23,-3,-25,1,-23,0,0,0,0,0,0,0,0,0,0,0,0,0,0,-36,-23,-40,0,-36,23,-19,40,5,46,32,34,46,11,48,-15,31,-40,3,-52,-27,-44,-46,-23,-54,7,-38,36,-11,50,19,48,46,29,54,-1,44,-34,13,-54,-19,-52,-46,-32,-56,1,-48,34,-21,58,13,56,44,40,60,1,0,0,25,-52,-9,-54,-38,-38,-50,-7,-42,19,-23,40,5,42,31,31,42,5,34,-19,17,-34,-5,-36,-27,-25,-34,-3,-29,19,-13,32,5,34,25,21,31,1,27,-15,13,-29,-3,-29,-19,-21,-25,-5,-25,9,-13,21,-1,25,11,21,0,0,0,0,0,0]"
1773371359.4631479,CSI_DATA,189594,98:4a:6b:31:4a:10,-63,11,-99,-36,60,1,2091308609,83,0,256,0,"[0,0,0,0,0,0,0,0,-14,43,-24,39,-34,30,-41,22,-45,10,-49,-2,-47,-14,-45,-24,-36,-34,-26,-43,-16,-47,-6,-51,4,-51,14,-49,24,-43,34,-39,41,-30,49,-22,53,-12,55,-2,55,8,55,18,49,28,41,41,32,49,24,57,12,59,0,61,0,0,-26,51,-34,45,-43,34,-49,26,-49,16,-49,4,-47,-4,-43,-14,-39,-20,-30,-26,-24,-32,-18,-32,-12,-36,-4,-36,4,-34,10,-32,14,-28,20,-26,24,-20,26,-14,28,-8,28,-4,26,2,24,6,20,12,18,16,14,20,10,22,0,0,0,0,0,0,0,0,0,0,0,0,0,0,-8,-41,-26,-32,-41,-12,-43,10,-34,32,-12,49,12,49,34,34,51,10,47,-18,30,-43,4,-53,-24,-47,-47,-26,-53,4,-43,30,-18,51,12,53,43,39,55,10,53,-24,30,-49,0,-59,-32,-51,-53,-22,-59,10,-43,41,-12,59,0,0,47,36,57,6,49,-26,24,-45,-2,-49,-30,-36,-43,-12,-43,14,-24,32,-2,39,20,34,34,14,36,-6,26,-26,6,-34,-14,-30,-28,-18,-32,0,-26,18,-12,28,6,30,22,22,28,6,26,-10,16,-20,4,-26,-10,-22,-20,-14,0,0,0,0,0,0]"
1773371359.4800391,CSI_DATA,189595,98:4a:6b:31:4a:10,-63,11,-99,-37,60,1,2091320397,83,0,256,0,"[0,0,0,0,0,0,0,0,-29,31,-35,27,-42,19,-46,8,-48,-2,-46,-12,-44,-23,-35,-33,-29,-40,-21,-48,-10,-50,0,-52,10,-52,19,-48,27,-44,35,-40,42,-33,48,-25,50,-16,54,-6,54,2,54,12,52,23,48,33,42,44,35,48,27,54,14,59,0,0,-6,59,-16,57,-29,50,-33,42,-40,33,-42,27,-44,16,-44,10,-42,0,-42,-6,-38,-12,-33,-16,-31,-23,-25,-27,-19,-29,-12,-31,-8,-31,-2,-31,4,-29,10,-29,14,-27,16,-25,19,-19,23,-14,23,-10,25,-4,25,0,23,4,0,0,0,0,0,0,0,0,0,0,0,0,0,0,6,-42,-16,-40,-35,-27,-44,-2,-42,21,-25,44,2,48,29,40,46,19,50,-10,35,-35,10,-50,-21,-50,-44,-29,-52,2,-44,29,-19,52,14,52,44,35,54,2,50,-27,27,-54,-8,-59,-42,-46,-61,-14,-57,23,-31,52,2,61,0,0,54,23,57,-16,35,-44,6,-52,-27,-44,-44,-19,-46,8,-31,31,-4,42,19,35,35,16,38,-6,25,-27,4,-35,-19,-29,-31,-14,-33,4,-25,23,-6,31,10,29,25,16,31,-2,25,-16,10,-27,-6,-25,-19,-16,-25,-4,-23,10,0,0,0,0,0,0]"
1773371359.4873421,CSI_DATA,189596,98:4a:6b:31:4a:10,-58,11,-99,41,37,1,2091330168,83,0,256,0,"[0,0,0,0,0,0,0,0,-72,-15,-63,-34,-44,-47,-47,-47,-28,-66,-12,-69,3,-79,28,-75,56,-63,60,-50,79,-37,69,-18,79,-6,82,9,79,22,69,47,60,56,44,72,37,85,15,88,0,75,-9,85,-34,79,-50,63,-75,69,-72,44,-98,37,-88,25,0,0,-91,-22,-72,-34,-72,-56,-53,-63,-47,-69,-25,-75,-12,-75,9,-75,25,-60,34,-60,41,-50,47,-41,50,-25,50,-18,56,-12,66,0,44,9,44,22,37,37,31,47,28,44,18,37,18,37,0,37,-12,47,-18,25,-25,31,-31,22,0,0,0,0,0,0,0,0,0,0,0,0,0,0,69,-15,44,-50,22,-66,-18,-66,-53,-47,-72,-9,-72,28,-50,63,-9,75,37,72,69,41,79,-9,66,-53,18,-88,-12,-75,-56,-56,-72,-25,-79,31,-50,79,3,91,50,82,79,41,94,-15,63,-63,31,-98,-37,-91,-63,-60,-104,-18,0,0,-66,91,3,79,50,69,79,28,72,-25,44,-60,6,-75,-28,-50,-56,-31,-56,15,-50,37,-12,56,18,37,53,15,56,-9,50,-41,9,-47,-6,-53,-47,-28,-53,-6,-50,18,-25,41,9,50,25,31,41,12,47,-9,28,-31,9,-37,0,0,0,0,0,0]"
1773371359.4949288,CSI_DATA,189597,98:4a:6b:31:4a:10,-58,11,-99,40,37,1,2091341514,83,0,256,0,"[0,0,0,0,0,0,0,0,-52,42,-68,29,-65,13,-61,0,-71,-19,-68,-39,-58,-48,-48,-61,-29,-78,-19,-84,-3,-78,13,-87,26,-71,42,-68,55,-68,68,-58,68,-39,81,-29,84,-19,91,6,91,19,84,35,81,52,71,61,58,84,48,78,35,84,13,104,0,0,-32,97,-39,84,-55,71,-58,61,-61,61,-74,29,-58,22,-68,3,-68,0,-68,-16,-58,-19,-45,-32,-39,-39,-32,-42,-22,-48,-22,-48,-13,-58,-6,-48,9,-52,6,-42,19,-52,22,-35,26,-35,35,-29,42,-9,42,-9,35,-6,45,6,0,0,0,0,0,0,0,0,0,0,0,0,0,0,32,-74,-6,-71,-48,-48,-71,-16,-74,19,-48,58,-6,74,22,71,71,45,74,9,65,-42,29,-78,-16,-84,-58,-61,-84,-16,-74,39,-39,78,6,84,68,68,81,22,87,-35,61,-81,3,-91,-52,-71,-91,-16,-97,16,-71,74,-16,107,0,0,81,42,87,-9,65,-55,13,-78,-35,-68,-71,-39,-61,3,-52,48,-19,68,26,48,58,29,58,-9,39,-32,3,-55,-13,-45,-45,-26,-58,3,-45,35,-13,42,22,29,42,26,52,6,39,-32,19,-42,-9,-48,-19,-29,-52,0,-35,19,0,0,0,0,0,0]"
1773371359.5033312,CSI_DATA,189598,98:4a:6b:31:4a:10,-62,11,-99,-36,60,1,2091351622,83,0,256,0,"[0,0,0,0,0,0,0,0,-18,39,-26,32,-39,24,-45,12,-49,8,-49,-6,-47,-20,-41,-30,-30,-39,-22,-49,-12,-55,-4,-53,8,-53,18,-47,24,-45,32,-39,41,-30,49,-20,51,-12,57,0,51,8,49,20,47,34,39,41,32,53,26,51,14,59,0,61,0,0,-24,53,-30,49,-39,39,-43,28,-45,20,-47,8,-47,-4,-43,-8,-39,-14,-34,-24,-30,-26,-22,-30,-14,-32,-8,-34,-8,-34,6,-36,8,-30,16,-26,20,-20,26,-18,28,-14,28,-6,26,-4,24,2,24,6,22,10,20,14,18,18,0,0,0,0,0,0,0,0,0,0,0,0,0,0,-4,-43,-26,-36,-39,-20,-43,6,-36,24,-14,45,10,47,32,36,47,18,47,-10,36,-32,8,-51,-24,-49,-45,-28,-51,0,-39,32,-20,53,10,55,41,41,55,10,57,-20,34,-51,2,-61,-28,-53,-57,-26,-59,16,-43,45,-10,63,0,0,47,34,57,0,45,-32,20,-47,-12,-51,-32,-32,-43,-8,-39,16,-24,34,2,43,26,28,36,8,34,-14,20,-30,2,-32,-18,-28,-30,-12,-30,6,-22,20,-10,30,8,28,24,16,30,0,24,-16,10,-22,-2,-24,-16,-20,-26,-6,0,0,0,0,0,0]"
1773371359.5209787,CSI_DATA,189599,98:4a:6b:31:4a:10,-62,11,-99,-36,60,1,2091361254,83,0,256,0,"[0,0,0,0,0,0,0,0,43,-10,45,0,47,12,45,22,36,30,34,41,24,47,10,47,2,47,-10,53,-18,49,-24,45,-32,36,-41,34,-45,22,-49,18,-51,10,-51,2,-51,-12,-51,-20,-47,-22,-41,-32,-39,-41,-32,-47,-22,-61,-14,-53,-2,-63,6,-57,0,0,26,-61,36,-49,36,-39,45,-30,43,-18,45,-10,47,-4,45,0,45,10,41,18,36,20,30,24,24,28,18,32,14,32,8,39,4,34,0,30,-8,30,-12,28,-16,24,-18,22,-20,18,-22,8,-24,10,-26,2,-24,2,-22,-2,0,0,0,0,0,0,0,0,0,0,0,0,0,0,-32,26,-10,43,10,45,30,28,47,6,41,-20,22,-43,-2,-47,-32,-39,-47,-20,-51,10,-36,36,-8,55,24,47,47,28,53,-6,39,-39,10,-55,-26,-51,-51,-28,-59,0,-49,34,-16,57,22,55,49,39,61,-4,47,-32,22,-63,0,0,-41,-32,-57,0,-43,30,-20,51,16,49,39,30,45,4,36,-18,16,-36,-10,-41,-28,-24,-39,-2,-32,20,-12,32,12,32,28,18,32,0,24,-18,10,-28,-10,-30,-24,-20,-30,-2,-24,14,-14,28,4,24,20,18,24,2,22,-10,0,0,0,0,0,0]"
1773371359.5284402,CSI_DATA,189600,98:4a:6b:31:4a:10,-63,11,-99,-37,60,1,2091370839,83,0,256,0,"[0,0,0,0,0,0,0,0,-19,40,-29,35,-38,27,-44,16,-46,8,-48,-4,-48,-16,-44,-27,-35,-35,-27,-42,-16,-48,-6,-50,2,-52,12,-52,21,-48,29,-42,38,-38,46,-29,50,-19,54,-10,57,0,54,10,54,19,50,31,46,42,38,48,25,54,12,61,0,0,-8,59,-21,54,-27,46,-35,42,-40,31,-42,23,-48,12,-46,4,-46,-4,-42,-10,-38,-16,-31,-21,-27,-25,-21,-29,-14,-31,-8,-33,-2,-33,2,-33,10,-31,12,-27,19,-23,23,-19,23,-12,25,-10,23,-4,25,2,25,4,23,10,0,0,0,0,0,0,0,0,0,0,0,0,0,0,-2,-42,-23,-35,-40,-14,-44,4,-35,27,-16,44,10,46,33,35,50,12,48,-19,29,-42,4,-50,-27,-44,-48,-23,-52,8,-38,33,-12,52,21,52,46,31,54,2,46,-31,23,-52,-10,-57,-42,-40,-57,-10,-57,25,-31,52,2,61,0,0,54,23,54,-12,35,-42,8,-50,-21,-44,-42,-23,-44,4,-33,29,-10,40,14,38,33,19,38,-4,27,-25,8,-35,-10,-31,-27,-19,-31,2,-25,19,-12,29,6,29,21,23,29,4,27,-12,14,-23,0,-25,-14,-21,-23,-10,-25,4,0,0,0,0,0,0]"
1773371359.5360744,CSI_DATA,189601,98:4a:6b:31:4a:10,-63,11,-99,-38,59,1,2091381752,83,0,256,0,"[0,0,0,0,0,0,0,0,24,36,12,43,-2,48,-14,48,-21,36,-39,31,-41,21,-51,12,-48,-2,-51,-9,-48,-26,-39,-31,-31,-41,-21,-46,-12,-51,0,-51,12,-53,24,-51,34,-48,39,-34,48,-24,48,-19,63,-7,58,12,56,17,53,29,46,41,34,53,0,0,12,63,-4,56,-21,56,-24,43,-34,41,-39,31,-46,21,-43,12,-43,2,-36,-7,-36,-17,-34,-24,-29,-26,-24,-31,-12,-29,-7,-34,-2,-29,7,-29,12,-26,17,-24,19,-21,26,-14,24,-9,24,-2,24,2,24,7,19,14,19,19,0,0,0,0,0,0,0,0,0,0,0,0,0,0,-31,-24,-41,-4,-36,17,-24,39,0,46,24,41,43,21,51,-4,43,-24,19,-41,-7,-51,-31,-39,-51,-17,-53,9,-41,34,-17,51,17,53,43,29,58,2,46,-29,24,-48,-9,-61,-34,-48,-58,-14,-53,7,-43,39,-12,58,21,53,0,0,63,4,48,-26,26,-51,-2,-48,-29,-41,-41,-12,-41,12,-26,36,-2,41,17,36,34,19,36,0,26,-24,7,-34,-12,-31,-26,-19,-34,0,-26,19,-14,29,0,29,19,21,29,9,24,-4,19,-17,7,-24,-7,-26,-19,-14,-24,-4,0,0,0,0,0,0]"
1773371359.54317,CSI_DATA,189602,98:4a:6b:31:4a:10,-63,11,-99,-33,60,1,2091382048,83,0,256,0,"[0,0,0,0,0,0,0,0,30,35,15,37,9,47,-1,47,-11,43,-22,45,-30,37,-37,33,-41,22,-47,20,-54,3,-52,-1,-52,-9,-52,-20,-48,-26,-41,-33,-37,-41,-26,-50,-20,-52,-13,-54,1,-54,7,-50,15,-58,30,-52,33,-52,37,-41,50,-35,58,-24,0,0,62,-5,60,9,56,13,48,20,43,26,35,32,26,39,20,41,13,43,7,43,7,39,-1,37,-9,37,-13,33,-16,30,-22,24,-22,20,-26,18,-26,13,-24,9,-28,3,-28,-3,-22,-5,-24,-7,-22,-15,-20,-15,-15,-18,-11,-20,0,0,0,0,0,0,0,0,0,0,0,0,0,0,-37,-16,-45,7,-33,30,-15,47,13,41,37,30,47,5,45,-24,28,-45,-1,-47,-35,-39,-47,-15,-48,18,-30,39,0,52,33,43,50,16,52,-18,30,-48,-1,-54,-26,-45,-56,-13,-56,15,-35,47,-3,56,32,52,56,22,62,-11,0,0,9,-60,-26,-43,-48,-22,-50,9,-33,37,-7,47,18,41,33,18,37,-9,24,-30,1,-41,-22,-30,-35,-9,-33,13,-18,26,1,35,22,24,30,9,32,-11,20,-24,1,-28,-16,-26,-24,-11,-28,9,-18,18,-3,28,11,22,22,11,0,0,0,0,0,0]"
1773371359.5607102,CSI_DATA,189603,98:4a:6b:31:4a:10,-63,11,-99,-34,60,1,2091409174,83,0,256,0,"[0,0,0,0,0,0,0,0,42,3,42,11,38,19,34,27,25,34,17,42,3,44,-1,46,-13,42,-19,44,-27,40,-34,34,-40,29,-44,23,-46,11,-52,0,-52,-7,-48,-19,-46,-25,-38,-34,-42,-34,-32,-40,-25,-46,-11,-54,-5,-58,9,-56,9,-58,25,-56,0,0,42,-36,46,-25,50,-17,52,-3,48,-1,48,9,46,13,38,15,31,25,27,29,21,29,19,34,9,34,5,32,1,34,-5,32,-11,27,-11,25,-15,21,-19,17,-23,15,-23,11,-25,9,-25,1,-21,-1,-23,-7,-17,-9,-17,-13,0,0,0,0,0,0,0,0,0,0,0,0,0,0,-34,17,-21,34,1,44,25,36,44,15,48,-9,38,-31,11,-42,-13,-40,-40,-27,-52,0,-42,27,-19,48,9,48,36,34,52,11,48,-23,25,-42,-7,-52,-40,-34,-50,-13,-50,19,-29,44,0,60,36,48,48,17,60,-17,36,-46,0,0,-29,-56,-50,-27,-54,3,-36,29,-3,44,19,34,34,19,40,-7,31,-31,3,-36,-17,-34,-31,-17,-32,9,-23,25,0,34,17,31,32,11,29,-3,19,-19,3,-29,-13,-27,-27,-13,-27,1,-19,19,-7,25,9,25,17,15,23,1,0,0,0,0,0,0]"
1773371359.5782263,CSI_DATA,189604,98:4a:6b:31:4a:10,-63,11,-99,-38,59,1,2091421035,83,0,256,0,"[0,0,0,0,0,0,0,0,26,36,19,41,7,46,-4,43,-17,46,-29,41,-36,34,-43,24,-48,14,-53,2,-51,-9,-48,-19,-43,-29,-36,-36,-26,-43,-19,-51,-9,-53,2,-53,14,-51,24,-51,31,-46,41,-39,48,-31,58,-19,58,-9,61,2,61,14,58,29,0,0,36,48,29,51,17,56,7,51,-4,53,-14,48,-19,43,-26,36,-31,29,-36,19,-36,12,-39,4,-39,0,-36,-7,-31,-12,-29,-19,-21,-21,-17,-24,-12,-26,-7,-29,-2,-29,4,-29,9,-26,14,-21,17,-17,19,-12,21,-9,21,-4,0,0,0,0,0,0,0,0,0,0,0,0,0,0,-39,-14,-41,4,-34,26,-14,41,9,46,31,36,46,14,48,-12,31,-36,7,-48,-19,-46,-41,-29,-51,-2,-43,26,-21,46,7,51,36,41,53,14,51,-19,31,-43,2,-56,-29,-51,-51,-24,-61,7,-43,39,-17,58,17,58,48,36,0,0,51,-26,26,-48,-4,-56,-31,-39,-46,-14,-43,12,-26,36,-2,41,24,34,36,14,36,-9,26,-26,4,-34,-14,-29,-29,-14,-34,4,-24,21,-7,31,12,29,24,19,29,2,26,-14,14,-24,-2,-26,-17,-19,-24,-7,-24,4,-17,17,0,0,0,0,0,0]"
1773371359.5860353,CSI_DATA,189605,98:4a:6b:31:4a:10,-63,11,-99,-36,60,1,2091430861,83,0,256,0,"[0,0,0,0,0,0,0,0,45,0,43,10,41,20,36,28,30,36,20,43,10,47,2,53,-10,51,-16,47,-28,45,-34,39,-41,32,-45,24,-51,16,-51,6,-53,-2,-53,-12,-51,-20,-47,-28,-43,-36,-36,-43,-28,-51,-18,-55,-10,-59,0,-59,10,-59,22,-59,0,0,39,-47,43,-34,49,-26,51,-18,51,-10,49,0,47,6,43,12,39,20,34,24,28,28,22,30,16,32,12,32,6,34,0,34,-4,32,-8,30,-14,26,-20,24,-20,18,-22,14,-24,12,-24,6,-24,4,-24,-2,-24,-6,-22,-10,0,0,0,0,0,0,0,0,0,0,0,0,0,0,-36,20,-20,36,4,45,28,34,45,16,51,-12,34,-34,10,-49,-18,-47,-41,-28,-53,0,-43,30,-18,49,14,51,41,34,53,6,49,-26,22,-49,-10,-55,-41,-39,-57,-8,-53,26,-30,53,8,61,41,47,59,12,57,-24,34,-53,0,0,-39,-49,-55,-18,-53,16,-30,41,2,51,26,39,43,12,41,-12,24,-32,0,-41,-22,-30,-34,-10,-32,14,-18,30,2,34,22,26,32,6,30,-12,18,-26,-2,-32,-18,-26,-28,-8,-28,10,-18,22,-2,26,14,24,22,12,26,-4,0,0,0,0,0,0]"
1773371359.593688,CSI_DATA,189606,98:4a:6b:31:4a:10,-63,11,-99,-37,59,1,2091440464,83,0,256,0,"[0,0,0,0,0,0,0,0,-7,45,-16,42,-26,37,-33,30,-45,18,-47,9,-52,-2,-45,-9,-42,-26,-42,-35,-33,-42,-26,-45,-14,-47,-7,-49,4,-49,14,-52,26,-49,35,-40,40,-33,49,-26,52,-16,54,-9,52,4,59,16,54,28,49,37,45,45,33,49,0,0,7,59,-2,59,-14,52,-26,49,-28,42,-37,33,-40,33,-37,18,-42,9,-40,0,-37,-4,-37,-11,-35,-18,-30,-23,-23,-26,-16,-28,-11,-33,-4,-28,2,-28,9,-33,11,-30,16,-26,18,-21,21,-16,23,-11,23,-4,26,0,23,4,0,0,0,0,0,0,0,0,0,0,0,0,0,0,-14,-37,-33,-23,-45,-2,-40,21,-23,42,0,52,28,42,40,21,47,-2,42,-30,16,-47,-14,-52,-42,-35,-54,-9,-47,23,-26,49,2,56,33,42,56,11,54,-18,37,-45,7,-59,-26,-54,-54,-33,-61,4,-42,42,-14,66,21,56,0,0,61,2,52,-28,23,-47,-7,-52,-35,-33,-45,-7,-40,14,-28,40,7,45,26,35,35,9,35,-11,23,-28,-2,-35,-21,-26,-35,-9,-33,11,-21,26,-2,30,11,28,28,14,30,-2,23,-18,9,-26,-9,-26,-21,-18,-26,-4,-21,11,0,0,0,0,0,0]"
1773371359.602088,CSI_DATA,189607,98:4a:6b:31:4a:10,-63,11,-99,-31,59,1,2091450321,83,0,256,0,"[0,0,0,0,0,0,0,0,17,41,7,45,-5,45,-17,43,-27,37,-37,29,-45,19,-49,5,-49,-5,-49,-17,-43,-29,-35,-35,-27,-41,-17,-47,-5,-51,3,-51,15,-51,25,-47,35,-41,43,-35,49,-25,51,-11,55,0,57,13,55,25,51,33,41,43,31,53,0,0,3,57,-7,55,-21,53,-29,47,-35,37,-41,27,-43,19,-43,9,-41,-1,-39,-9,-37,-15,-31,-21,-27,-25,-19,-29,-11,-31,-5,-33,0,-31,7,-29,13,-27,19,-23,23,-17,25,-15,25,-9,25,-1,23,1,21,7,21,11,17,17,0,0,0,0,0,0,0,0,0,0,0,0,0,0,-33,-27,-41,-5,-39,17,-27,37,-3,45,21,47,41,29,49,5,45,-21,25,-43,-1,-51,-27,-43,-49,-21,-53,7,-41,33,-15,51,13,53,41,35,57,5,49,-25,31,-51,-1,-59,-33,-51,-57,-27,-57,9,-45,41,-15,59,17,57,0,0,61,9,53,-25,29,-49,-1,-53,-27,-41,-43,-15,-43,9,-29,31,-5,41,15,37,33,19,37,-1,29,-21,9,-33,-9,-31,-27,-21,-33,-3,-29,15,-15,27,0,29,17,25,29,11,29,-5,21,-19,5,-25,-5,-25,-17,-17,-23,-3,0,0,0,0,0,0]"
