type,id,mac,rssi,rate,noise_floor,fft_gain,agc_gain,channel,local_timestamp,sig_len,rx_state,len,first_word,data
CSI_DATA,59067,98:4a:6b:31:4a:10,-55,11,-99,24,37,11,616120746,83,0,256,0,"[0,0,0,0,0,0,0,0,24,-28,28,-28,40,-16,45,-8,49,8,49,32,36,53,28,53,8,65,-4,57,-28,61,-40,49,-65,40,-69,24,-77,0,-77,-16,-65,-40,-57,-53,-45,-73,-32,-81,0,-90,16,-90,45,-81,65,-77,73,-49,98,-32,106,-8,110,8,0,0,61,77,61,69,24,94,12,90,-4,98,-32,77,-45,69,-65,53,-73,28,-73,16,-77,0,-69,-16,-61,-40,-45,-45,-36,-57,-24,-65,-4,-65,20,-61,24,-57,36,-49,45,-36,57,-28,57,-8,57,16,57,20,40,36,32,36,20,49,0,0,0,0,0,0,0,0,0,0,0,0,0,0,-49,49,-20,65,16,69,49,53,73,36,77,-4,73,-45,36,-81,-4,-94,-45,-81,-81,-40,-98,0,-86,53,-49,90,8,98,53,90,86,45,106,-8,90,-65,40,-98,-12,-106,-65,-94,-102,-49,-114,12,-90,77,-45,114,32,127,77,94,0,0,122,-24,102,-73,40,-114,-20,-110,-65,-90,-94,-28,-98,16,-73,57,-28,94,20,98,61,65,86,20,77,-24,57,-61,12,-77,-28,-73,-61,-57,-77,-16,-73,20,-40,53,-16,69,16,69,40,53,57,20,53,-8,40,-36,24,-57,4,-57,0,0,0,0,0,0]"
CSI_DATA,59068,98:4a:6b:31:4a:10,-55,11,-99,24,37,11,616131595,83,0,256,0,"[0,0,0,0,0,0,0,0,32,20,28,32,20,40,20,53,4,57,-24,53,-32,49,-45,36,-53,24,-57,12,-61,-8,-65,-20,-57,-40,-49,-57,-36,-57,-16,-73,-4,-77,20,-81,40,-69,65,-65,65,-45,90,-40,90,-12,90,4,94,20,86,36,65,69,61,77,0,0,16,102,-8,106,-28,94,-49,77,-61,69,-69,45,-73,36,-73,16,-73,-8,-65,-16,-61,-32,-53,-53,-36,-57,-20,-65,-16,-65,0,-69,16,-73,36,-53,40,-45,45,-32,53,-28,57,-4,57,8,49,16,36,28,40,45,28,49,12,53,0,0,0,0,0,0,0,0,0,0,0,0,0,0,-61,-40,-73,-8,-69,28,-49,57,-16,86,28,81,73,65,90,8,81,-32,61,-69,12,-94,-36,-90,-81,-57,-98,0,-94,45,-49,90,4,98,57,94,98,45,110,-8,81,-65,40,-110,-28,-110,-81,-81,-114,-24,-118,49,-73,102,-12,127,0,0,94,73,122,0,94,-61,49,-98,-8,-114,-65,-90,-102,-32,-94,16,-69,61,-24,90,28,86,69,57,86,8,69,-36,36,-65,0,-81,-40,-65,-61,-36,-73,8,-65,36,-28,57,4,65,32,57,53,24,57,0,45,-32,24,-45,0,-53,0,0,0,0,0,0]"
CSI_DATA,59069,98:4a:6b:31:4a:10,-55,11,-99,25,37,11,616141910,83,0,256,0,"[0,0,0,0,0,0,0,0,15,35,3,43,-11,47,-19,39,-39,31,-51,23,-59,7,-59,-19,-59,-27,-51,-43,-31,-59,-11,-71,0,-67,23,-67,43,-67,63,-55,67,-39,87,-15,83,7,83,27,67,39,59,55,51,83,27,91,-3,99,-27,87,-39,79,-75,71,0,0,-99,31,-95,3,-95,-31,-79,-47,-67,-55,-39,-63,-31,-75,-15,-83,3,-75,31,-75,43,-71,51,-51,55,-35,67,-23,63,-3,63,27,51,23,47,47,35,51,19,59,7,59,-11,59,-19,55,-39,39,-47,27,-43,15,-51,7,-51,-11,0,0,0,0,0,0,0,0,0,0,0,0,0,0,-15,-63,-39,-55,-67,-31,-79,3,-67,39,-39,67,0,87,43,79,71,55,95,11,87,-39,55,-71,7,-95,-43,-83,-79,-59,-99,-3,-83,43,-59,87,0,103,55,99,91,51,119,-3,103,-55,51,-107,0,-119,-71,-103,-95,-47,-123,7,0,0,-51,119,7,115,71,87,107,39,107,-11,79,-59,39,-87,-11,-99,-59,-71,-91,-23,-87,19,-63,63,-23,83,27,71,59,55,75,7,75,-19,51,-47,11,-71,-23,-71,-47,-51,-59,-15,-67,15,-47,31,-19,55,11,59,31,51,43,19,0,0,0,0,0,0]"
CSI_DATA,59070,98:4a:6b:31:4a:10,-55,11,-99,24,37,11,616152796,83,0,256,0,"[0,0,0,0,0,0,0,0,12,36,4,40,-12,45,-24,40,-28,32,-36,32,-57,16,-61,0,-61,-12,-49,-32,-45,-49,-28,-61,-20,-73,0,-77,16,-73,28,-65,45,-53,57,-40,73,-28,86,-8,86,4,81,16,77,40,57,57,53,77,36,81,8,81,0,86,0,0,-57,86,-65,61,-86,40,-77,28,-77,4,-77,-8,-77,-24,-69,-40,-57,-53,-45,-61,-28,-65,-16,-65,4,-61,12,-65,24,-53,36,-49,49,-32,57,-28,57,-8,53,4,61,20,45,24,36,32,28,40,20,40,4,49,-8,49,-12,49,0,0,0,0,0,0,0,0,0,0,0,0,0,0,-16,-61,-53,-53,-69,-20,-69,16,-61,49,-28,77,16,86,53,65,86,32,86,-20,69,-57,32,-90,-20,-94,-69,-65,-90,-24,-94,32,-61,77,-12,106,49,98,94,57,106,4,90,-57,40,-98,-16,-114,-77,-90,-110,-40,-114,24,-94,77,0,0,40,110,90,69,118,20,102,-40,53,-86,4,-90,-53,-77,-90,-40,-94,12,-77,61,-28,73,24,77,61,61,81,20,81,-28,53,-57,8,-69,-32,-65,-57,-36,-69,0,-61,24,-36,57,0,53,28,49,40,36,49,12,49,-32,28,-36,0,0,0,0,0,0]"
CSI_DATA,59071,98:4a:6b:31:4a:10,-61,11,-99,-33,58,11,616163311,83,0,256,0,"[0,0,0,0,0,0,0,0,7,-20,9,-16,16,-13,26,-11,24,0,28,3,20,18,18,24,13,30,3,32,-1,35,-13,30,-16,26,-28,20,-33,18,-43,5,-37,-7,-39,-16,-35,-26,-32,-32,-22,-37,-7,-33,7,-45,15,-48,26,-39,35,-32,45,-20,43,-13,0,0,48,13,41,28,28,37,18,47,16,43,5,41,-9,39,-18,35,-22,32,-30,24,-32,13,-32,13,-37,0,-35,-13,-28,-11,-33,-20,-16,-22,-9,-26,-3,-30,7,-30,7,-26,16,-26,16,-15,20,-11,28,-9,26,0,20,13,11,18,0,0,0,0,0,0,0,0,0,0,0,0,0,0,-13,32,0,35,20,32,39,18,37,0,37,-24,18,-35,5,-47,-18,-41,-33,-30,-45,-3,-43,16,-26,39,-7,48,20,54,35,30,54,1,47,-24,30,-50,3,-52,-30,-50,-50,-18,-54,-3,-58,26,-35,52,0,62,32,56,50,28,0,0,56,-35,28,-52,-9,-58,-37,-39,-47,-24,-50,5,-37,30,-18,45,9,48,30,35,45,9,45,-3,30,-26,9,-41,-11,-32,-33,-22,-39,-5,-39,11,-16,26,-5,35,3,33,24,18,26,7,30,-7,26,-24,13,-28,-5,-22,-15,-18,0,0,0,0,0,0]"
CSI_DATA,59072,98:4a:6b:31:4a:10,-55,11,-99,24,37,11,616172796,83,0,256,0,"[0,0,0,0,0,0,0,0,-28,-20,-36,-28,-24,-45,-4,-45,8,-49,32,-49,45,-32,61,-24,61,4,65,16,57,32,45,53,28,65,20,73,-8,77,-16,61,-40,65,-69,49,-77,28,-86,8,-77,-16,-81,-32,-65,-53,-40,-77,-20,-94,4,-98,32,-98,57,-81,0,0,86,-32,94,-24,90,8,90,28,73,57,49,53,32,69,20,81,-4,73,-20,69,-40,57,-53,40,-65,24,-65,16,-73,-8,-57,-24,-53,-28,-36,-40,-24,-53,-12,-57,12,-57,20,-53,32,-49,45,-28,49,-12,49,-4,49,12,40,24,0,0,0,0,0,0,0,0,0,0,0,0,0,0,61,40,65,8,69,-24,53,-49,20,-77,-20,-81,-53,-69,-81,-45,-90,4,-77,49,-40,77,-4,98,40,81,81,61,94,4,90,-36,61,-81,12,-106,-40,-102,-86,-61,-106,-12,-98,49,-73,94,-20,114,36,110,90,77,118,16,110,-36,0,0,24,-127,-32,-118,-86,-77,-110,-28,-102,20,-73,73,-24,90,24,90,69,69,94,28,94,-32,57,-61,24,-77,-24,-77,-57,-61,-73,-24,-69,20,-53,53,-32,77,8,69,45,57,57,28,61,-4,49,-32,36,-45,4,-53,-20,-53,-28,-36,0,0,0,0,0,0]"
CSI_DATA,59073,98:4a:6b:31:4a:10,-55,11,-99,23,37,11,616185504,83,0,256,0,"[0,0,0,0,0,0,0,0,21,37,4,37,-12,50,-25,46,-37,33,-50,21,-63,16,-63,-8,-63,-25,-50,-37,-42,-59,-33,-67,-12,-80,8,-71,29,-63,46,-63,67,-46,84,-25,92,-8,88,8,84,37,75,46,67,71,29,88,29,96,-4,92,-25,88,-59,92,0,0,-80,54,-101,4,-96,-4,-80,-25,-67,-50,-67,-59,-46,-71,-29,-80,-4,-71,4,-75,25,-71,37,-54,54,-46,63,-37,71,-21,63,0,63,16,63,33,42,33,33,42,21,63,-4,63,-8,54,-21,50,-33,33,-37,21,-54,16,-50,4,0,0,0,0,0,0,0,0,0,0,0,0,0,0,-25,-59,-54,-46,-71,-21,-75,25,-59,54,-33,80,21,88,50,71,84,33,88,-8,80,-59,42,-88,-8,-96,-63,-80,-88,-37,-101,12,-84,63,-33,101,21,109,71,75,109,29,109,-21,80,-84,29,-118,-37,-113,-84,-80,-109,-16,-126,50,0,0,-25,126,46,118,84,80,109,12,101,-37,63,-80,12,-92,-37,-80,-75,-54,-92,-4,-80,42,-42,75,-4,84,42,67,71,42,88,-8,59,-46,33,-67,4,-75,-37,-59,-59,-42,-67,4,-59,25,-37,54,-4,59,21,54,42,33,50,8,0,0,0,0,0,0]"
CSI_DATA,59074,98:4a:6b:31:4a:10,-61,11,-99,-36,58,11,616195768,83,0,256,0,"[0,0,0,0,0,0,0,0,-2,22,-8,20,-14,18,-20,14,-26,10,-28,2,-28,-6,-28,-14,-24,-22,-18,-28,-10,-34,-2,-36,6,-36,14,-36,22,-30,28,-26,36,-18,43,-10,45,0,45,10,41,20,36,28,28,39,18,45,12,49,2,49,-12,51,-24,47,0,0,-43,30,-47,20,-47,8,-47,-2,-43,-10,-39,-20,-32,-28,-22,-32,-18,-36,-10,-39,-2,-36,6,-34,12,-32,18,-28,24,-24,28,-18,30,-10,32,-4,30,4,30,10,26,14,20,20,14,22,8,26,2,26,-4,24,-8,24,-14,20,0,0,0,0,0,0,0,0,0,0,0,0,0,0,8,-34,-10,-34,-28,-26,-39,-10,-39,12,-30,32,-10,43,14,45,34,32,49,12,45,-16,32,-39,8,-51,-20,-47,-43,-28,-51,-2,-47,26,-24,49,4,57,34,45,53,20,55,-12,43,-39,16,-59,-20,-59,-49,-39,-65,-8,-59,26,0,0,-2,65,30,53,53,26,57,-6,47,-32,18,-49,-10,-51,-34,-36,-49,-10,-45,16,-26,36,-4,43,20,36,36,20,41,-2,32,-22,16,-34,-6,-39,-24,-30,-34,-12,-34,6,-24,22,-8,30,6,28,20,20,26,10,26,-6,18,-16,0,0,0,0,0,0]"
CSI_DATA,59075,98:4a:6b:31:4a:10,-55,11,-99,25,37,11,616236571,83,0,256,0,"[0,0,0,0,0,0,0,0,-31,-15,-35,-27,-23,-35,-11,-51,7,-47,19,-51,39,-39,55,-23,59,-11,67,3,59,19,51,43,35,63,27,63,7,63,-7,71,-31,63,-51,51,-67,47,-79,27,-79,3,-83,-15,-79,-35,-59,-55,-55,-75,-27,-91,-15,-95,15,-87,0,0,59,-75,91,-55,87,-27,87,-7,79,23,71,31,63,47,51,55,27,75,11,71,-11,75,-19,59,-35,51,-35,47,-59,19,-59,11,-59,-3,-59,-11,-51,-19,-39,-39,-27,-51,-7,-51,-3,-51,19,-43,31,-47,35,-27,43,-31,43,-15,0,0,0,0,0,0,0,0,0,0,0,0,0,0,55,35,59,3,59,-27,51,-55,15,-71,-23,-79,-55,-63,-79,-27,-87,19,-67,59,-27,83,7,95,59,75,99,35,95,-15,87,-55,39,-91,-11,-99,-67,-79,-95,-43,-99,11,-79,67,-39,103,23,111,67,83,115,39,119,-23,91,-71,0,0,-23,-115,-79,-83,-103,-35,-103,15,-71,63,-27,95,31,87,59,71,83,27,83,-11,63,-59,23,-83,-23,-79,-55,-51,-75,-15,-75,19,-47,55,-15,67,15,67,43,51,59,19,59,-15,39,-43,31,-51,3,-55,-23,-43,-39,-23,-55,-3,0,0,0,0,0,0]"
CSI_DATA,59076,98:4a:6b:31:4a:10,-61,11,-99,-39,59,11,616261840,83,0,256,0,"[0,0,0,0,0,0,0,0,-11,15,-17,13,-21,5,-23,0,-23,-9,-21,-17,-13,-25,-7,-27,0,-29,9,-29,17,-27,27,-21,31,-13,35,-5,35,5,33,17,27,25,21,31,13,39,1,41,-7,41,-19,39,-27,31,-39,25,-43,13,-47,0,-47,-9,-41,-25,0,0,-21,-41,-9,-45,1,-45,13,-41,21,-35,29,-27,33,-19,35,-9,35,-1,33,7,29,15,25,21,19,27,11,29,3,29,-3,29,-11,27,-15,21,-21,17,-23,11,-25,3,-27,-3,-23,-9,-19,-15,-13,-17,-5,-21,-1,-23,5,-21,0,0,0,0,0,0,0,0,0,0,0,0,0,0,25,-23,11,-33,-7,-35,-23,-31,-35,-15,-41,1,-37,21,-23,37,0,45,21,41,39,27,47,5,45,-19,29,-39,7,-51,-17,-47,-41,-31,-51,-7,-49,21,-31,43,-7,55,21,53,45,35,61,7,57,-21,39,-47,9,-61,-21,-57,0,0,-61,-11,-59,19,-39,45,-9,55,17,51,39,33,49,9,45,-15,29,-37,7,-45,-15,-41,-33,-27,-41,-5,-37,15,-23,31,-5,37,13,35,27,23,35,5,31,-9,21,-23,7,-31,-7,-29,-19,-23,-27,-9,-25,1,-23,15,-11,21,0,0,0,0,0,0]"
CSI_DATA,59077,98:4a:6b:31:4a:10,-55,11,-99,23,37,11,616272199,83,0,256,0,"[0,0,0,0,0,0,0,0,37,-29,37,-21,50,-16,63,12,59,0,37,37,29,50,25,67,4,67,-21,67,-21,54,-42,54,-59,50,-63,21,-75,8,-80,-8,-67,-33,-63,-50,-54,-67,-42,-71,-16,-84,8,-80,25,-88,50,-75,67,-67,88,-54,101,-21,101,-25,0,0,88,33,80,50,50,71,33,84,21,92,-8,75,-12,84,-33,63,-42,59,-59,50,-71,37,-67,12,-63,0,-63,-12,-59,-33,-50,-42,-37,-46,-25,-50,-12,-50,16,-54,25,-59,29,-50,37,-37,37,-29,37,-16,42,-8,42,8,46,29,0,0,0,0,0,0,0,0,0,0,0,0,0,0,-54,46,-25,63,8,71,46,71,33,16,88,-4,63,-50,29,-80,-4,-88,-54,-80,-84,-42,-84,12,-84,63,-42,92,8,105,67,71,96,37,101,-29,80,-75,25,-105,-25,-101,-88,-67,-113,-16,-109,42,-71,92,0,118,59,105,105,63,0,0,101,-71,63,-105,-12,-118,-63,-92,-101,-46,-101,16,-88,67,-33,96,29,105,80,63,88,21,88,-29,63,-63,8,-84,-42,-67,-71,-42,-75,-8,-71,46,-37,67,4,75,21,67,54,33,63,0,50,-21,29,-50,8,-54,-16,-50,-42,-33,0,0,0,0,0,0]"
CSI_DATA,59078,98:4a:6b:31:4a:10,-55,11,-99,24,37,11,616283074,83,0,256,0,"[0,0,0,0,0,0,0,0,36,-8,40,-4,45,20,36,24,28,53,24,57,-4,57,-16,57,-32,53,-49,40,-61,24,-65,8,-69,-12,-65,-32,-65,-45,-45,-65,-20,-69,8,-77,8,-77,45,-65,65,-69,69,-40,90,-28,94,0,90,16,77,45,69,57,40,73,0,0,8,106,-16,102,-45,81,-61,53,-77,49,-81,24,-86,0,-77,-12,-65,-32,-53,-53,-40,-61,-28,-65,-20,-69,16,-69,20,-53,40,-40,53,-40,53,-20,57,-8,61,0,53,20,40,40,40,28,20,45,12,53,-12,49,-16,40,-32,24,0,0,0,0,0,0,0,0,0,0,0,0,0,0,-65,20,-57,49,-28,69,12,73,45,65,86,32,86,-4,77,-40,45,-73,4,-90,-45,-81,-77,-53,-98,-8,-77,32,-61,69,-12,110,40,98,77,57,102,12,98,-49,61,-81,12,-106,-53,-106,-98,-65,-122,-12,-98,57,-65,106,-4,127,0,0,106,77,127,8,102,-49,69,-81,20,-106,-45,-98,-90,-53,-98,-12,-86,40,-45,77,0,86,36,77,77,40,73,0,69,-36,36,-69,4,-81,-36,-61,-53,-36,-73,0,-61,28,-49,57,-16,61,20,57,36,40,49,16,57,-8,32,-28,0,0,0,0,0,0]"
CSI_DATA,59079,98:4a:6b:31:4a:10,-61,11,-99,-36,58,11,616292917,83,0,256,0,"[0,0,0,0,0,0,0,0,-2,22,-8,20,-16,16,-22,12,-24,4,-26,-6,-24,-16,-18,-22,-10,-28,-2,-30,8,-32,18,-30,26,-24,32,-16,34,-6,36,6,34,18,28,26,22,32,12,41,2,43,-16,39,-22,36,-41,26,-45,18,-45,10,-41,-4,-39,-14,0,0,-24,-39,-12,-45,2,-45,14,-41,22,-34,30,-26,34,-18,39,-8,36,2,30,12,26,20,20,24,12,28,4,32,-4,30,-10,28,-18,24,-20,16,-24,10,-26,2,-26,-6,-24,-14,-18,-18,-12,-22,-6,-24,2,-22,8,-22,14,-16,0,0,0,0,0,0,0,0,0,0,0,0,0,0,6,-34,-8,-34,-24,-26,-36,-12,-41,4,-36,24,-22,39,-2,45,18,43,34,30,47,10,47,-14,34,-36,14,-49,-10,-51,-34,-41,-49,-20,-51,10,-43,32,-22,53,6,57,34,43,57,26,61,-4,57,-28,24,-53,-2,-63,-32,-59,0,0,-63,-6,-59,22,-39,47,-10,55,20,53,39,34,51,12,47,-12,34,-34,12,-45,-12,-45,-30,-30,-43,-12,-41,10,-30,26,-12,39,6,39,22,28,32,16,36,-2,30,-16,18,-28,2,-30,-12,-28,-22,-18,-26,-6,-26,4,-20,16,0,0,0,0,0,0]"
CSI_DATA,59080,98:4a:6b:31:4a:10,-55,11,-99,26,37,11,616304069,83,0,256,0,"[0,0,0,0,0,0,0,0,30,-23,38,-23,50,-7,50,7,42,34,34,42,23,61,15,61,-11,65,-30,61,-54,58,-61,34,-77,19,-85,3,-81,-19,-73,-38,-58,-61,-50,-73,-27,-92,-3,-85,15,-92,50,-77,65,-65,88,-42,96,-23,104,-3,104,27,85,58,0,0,54,88,27,108,3,104,-15,88,-38,77,-65,61,-77,58,-81,30,-81,7,-77,-7,-77,-27,-65,-46,-42,-58,-30,-61,-15,-58,0,-61,19,-69,27,-50,42,-46,54,-27,58,-15,61,-3,58,15,42,30,38,38,27,42,15,50,0,46,0,0,0,0,0,0,0,0,0,0,0,0,0,0,-50,46,-27,61,7,73,42,65,73,42,85,3,73,-42,46,-77,0,-88,-30,-81,-73,-50,-96,-19,-92,30,-54,77,-15,92,42,96,81,58,96,15,96,-42,61,-88,3,-123,-42,-108,-100,-65,-112,-11,-104,50,-77,108,-11,123,61,116,0,0,116,15,108,-58,61,-96,3,-112,-42,-100,-92,-58,-96,-3,-88,46,-38,85,3,96,54,73,77,34,85,-7,73,-38,34,-81,-11,-77,-42,-61,-65,-34,-77,3,-54,27,-34,58,0,69,27,54,50,38,54,15,46,-19,38,-42,11,-54,0,0,0,0,0,0]"
CSI_DATA,59081,98:4a:6b:31:4a:10,-61,11,-99,-35,58,11,616315008,83,0,256,0,"[0,0,0,0,0,0,0,0,-15,-15,-15,-19,-9,-21,0,-23,7,-27,13,-23,25,-19,29,-17,35,-7,33,-1,31,7,29,21,25,23,23,29,11,35,1,39,-7,39,-15,35,-29,29,-35,25,-35,17,-41,5,-45,-3,-43,-11,-43,-19,-39,-35,-29,-41,-21,-45,0,0,5,-47,15,-47,29,-37,37,-29,33,-29,37,-17,37,-7,39,1,37,13,35,17,25,27,21,27,11,31,7,31,-3,31,-9,29,-15,23,-19,23,-27,17,-29,9,-27,5,-27,-1,-25,-7,-21,-11,-19,-17,-9,-23,-5,-25,0,-23,0,0,0,0,0,0,0,0,0,0,0,0,0,0,27,23,33,3,37,-11,25,-31,7,-41,-7,-39,-33,-27,-41,-13,-35,11,-33,33,-11,51,15,49,33,29,55,5,43,-17,29,-45,1,-59,-23,-51,-49,-29,-61,-1,-41,31,-17,49,9,55,41,49,59,21,61,-17,47,-45,13,-63,0,0,-47,-39,-61,-11,-53,25,-29,51,-5,51,21,41,43,23,49,0,43,-27,19,-43,-7,-41,-27,-35,-43,-9,-41,11,-27,27,-9,37,11,33,29,23,33,5,31,-13,19,-27,3,-35,-13,-31,-23,-17,-31,-3,-23,9,-15,21,-5,23,0,0,0,0,0,0]"
CSI_DATA,59082,98:4a:6b:31:4a:10,-55,11,-99,24,37,11,616325222,83,0,256,0,"[0,0,0,0,0,0,0,0,24,-45,36,-36,53,-28,49,-12,61,0,57,12,45,36,45,49,24,57,16,69,-16,65,-24,61,-36,53,-61,45,-69,24,-77,-4,-77,-20,-69,-36,-61,-53,-45,-77,-20,-77,-8,-86,20,-86,45,-81,61,-77,77,-57,86,-36,90,-12,0,0,102,36,81,73,57,73,36,81,12,81,-12,86,-28,73,-40,65,-61,57,-65,28,-69,20,-69,4,-69,-20,-57,-36,-49,-32,-36,-45,-24,-61,-8,-53,4,-61,16,-53,32,-45,45,-28,49,-20,49,-8,45,0,49,8,40,24,28,40,0,0,0,0,0,0,0,0,0,0,0,0,0,0,-32,65,8,73,49,57,65,28,77,0,69,-36,49,-73,4,-90,-40,-81,-69,-53,-90,-4,-90,36,-57,77,-8,102,36,98,77,61,106,16,94,-40,61,-94,0,-110,-45,-98,-94,-57,-114,-4,-110,61,-53,106,0,122,65,106,102,61,0,0,106,-61,61,-102,0,-114,-57,-98,-102,-53,-98,4,-86,65,-40,86,12,94,61,77,94,28,86,-4,65,-57,32,-73,-20,-73,-53,-57,-73,-24,-81,16,-57,45,-24,65,8,69,40,53,61,16,57,-4,53,-36,20,-53,8,-53,-16,-49,0,0,0,0,0,0]"
CSI_DATA,59083,98:4a:6b:31:4a:10,-61,11,-99,-36,58,11,616335710,83,0,256,0,"[0,0,0,0,0,0,0,0,14,16,12,18,6,22,0,26,-8,24,-16,26,-22,18,-26,12,-30,4,-34,-6,-32,-10,-28,-20,-22,-28,-16,-32,-8,-36,0,-39,10,-39,16,-36,26,-32,32,-26,41,-20,41,-10,43,0,47,14,41,22,36,30,28,39,16,45,0,0,-6,47,-14,47,-24,41,-30,30,-36,22,-41,16,-41,8,-39,-2,-34,-10,-28,-18,-26,-22,-22,-26,-14,-28,-8,-32,-2,-30,6,-30,10,-26,16,-24,22,-16,24,-12,26,-6,28,-2,24,6,22,12,18,16,14,18,10,20,4,22,0,0,0,0,0,0,0,0,0,0,0,0,0,0,-26,-26,-34,-10,-34,6,-28,26,-10,39,10,45,30,30,43,14,45,-10,32,-32,10,-43,-10,-47,-34,-34,-47,-10,-47,16,-28,39,-4,51,20,47,47,28,53,0,49,-32,22,-53,-10,-57,-36,-47,-59,-22,-61,12,-47,45,-16,61,0,0,47,41,61,8,55,-22,32,-47,2,-55,-26,-45,-45,-22,-49,4,-39,28,-14,43,8,43,30,30,41,10,39,-14,22,-28,4,-41,-18,-34,-30,-22,-36,0,-30,16,-16,28,0,32,14,26,26,16,28,2,22,-12,14,-24,2,-24,0,0,0,0,0,0]"
CSI_DATA,59084,98:4a:6b:31:4a:10,-62,11,-99,-39,60,11,616346387,83,0,256,0,"[0,0,0,0,0,0,0,0,19,7,17,14,12,17,5,21,0,24,-7,24,-16,21,-21,16,-26,10,-30,1,-30,-7,-28,-14,-24,-21,-17,-28,-10,-32,-1,-33,7,-33,16,-32,24,-28,30,-23,37,-14,39,-5,40,5,37,17,33,26,26,33,17,40,7,46,0,0,-16,40,-24,33,-30,26,-37,17,-37,8,-37,-1,-33,-8,-30,-16,-24,-23,-17,-26,-10,-30,-3,-28,3,-28,8,-26,16,-23,21,-19,23,-12,24,-5,24,0,24,7,21,12,17,16,12,19,7,21,1,21,-3,19,-8,19,-12,16,0,0,0,0,0,0,0,0,0,0,0,0,0,0,-30,-14,-33,1,-28,17,-17,30,-1,37,17,35,33,23,40,5,39,-16,26,-33,7,-42,-16,-40,-35,-26,-46,-5,-42,19,-28,39,-5,48,19,44,42,28,49,3,46,-24,28,-44,1,-53,-28,-49,-48,-28,-56,0,-48,32,-28,53,0,0,28,51,49,24,55,-1,44,-26,21,-46,-3,-48,-28,-37,-40,-19,-44,5,-33,26,-14,39,8,39,26,26,37,10,35,-8,26,-24,8,-33,-8,-32,-23,-23,-32,-8,-32,7,-21,21,-7,28,5,26,17,21,23,8,24,-3,19,-12,0,0,0,0,0,0]"
CSI_DATA,59085,98:4a:6b:31:4a:10,-62,11,-99,-42,60,11,616355788,83,0,256,0,"[0,0,0,0,0,0,0,0,19,-3,21,3,21,7,19,13,15,21,9,25,1,27,-3,29,-11,27,-19,23,-25,19,-31,13,-32,7,-32,-1,-32,-11,-31,-19,-25,-27,-19,-31,-13,-36,-5,-38,3,-40,13,-40,21,-36,32,-31,36,-23,42,-15,46,-5,46,5,0,0,38,23,31,32,21,38,11,40,3,40,-3,40,-11,36,-17,32,-23,27,-27,19,-29,13,-31,5,-31,0,-29,-5,-27,-11,-25,-15,-17,-21,-13,-23,-7,-25,-1,-25,3,-25,9,-23,13,-21,17,-15,17,-11,19,-5,21,0,21,5,0,0,0,0,0,0,0,0,0,0,0,0,0,0,-31,3,-27,19,-11,31,5,34,21,29,34,13,38,-5,32,-25,15,-38,-7,-40,-29,-31,-40,-13,-42,11,-29,34,-9,44,13,42,36,29,46,3,42,-23,23,-42,-1,-50,-29,-42,-46,-19,-54,7,-40,36,-17,52,15,54,44,38,0,0,52,-21,32,-44,5,-54,-23,-44,-42,-25,-46,1,-36,27,-17,40,9,42,29,31,38,7,36,-11,23,-29,3,-36,-15,-31,-31,-17,-34,0,-27,19,-13,29,3,31,19,23,27,13,29,-3,21,-17,7,-23,-3,-25,-13,-19,-21,-9,0,0,0,0,0,0]"
CSI_DATA,59086,98:4a:6b:31:4a:10,-62,11,-99,-37,59,11,616365435,83,0,256,0,"[0,0,0,0,0,0,0,0,13,-16,18,-13,22,-7,24,0,24,5,22,15,18,22,13,26,5,30,-1,30,-13,28,-20,26,-26,22,-32,15,-35,5,-35,-5,-33,-13,-32,-22,-26,-28,-18,-35,-9,-37,1,-43,9,-43,22,-39,30,-33,39,-26,43,-15,47,-3,0,0,43,20,35,30,24,35,18,39,7,41,-1,37,-11,35,-18,30,-24,26,-28,18,-30,13,-32,3,-32,-1,-28,-9,-24,-15,-20,-18,-15,-22,-9,-24,-1,-26,3,-26,9,-24,16,-18,20,-15,22,-9,22,-5,22,1,20,7,16,13,0,0,0,0,0,0,0,0,0,0,0,0,0,0,-20,24,-5,32,13,30,26,24,35,7,37,-11,30,-26,13,-39,-9,-41,-28,-32,-39,-11,-43,9,-32,32,-11,45,11,45,32,32,45,11,45,-15,33,-39,7,-48,-18,-45,-41,-30,-50,-5,-48,22,-28,47,-3,56,26,50,48,28,0,0,48,-28,26,-48,-1,-54,-28,-41,-45,-20,-47,1,-39,26,-18,41,7,41,28,32,39,11,39,-7,24,-26,9,-35,-11,-33,-28,-22,-33,-5,-32,13,-18,26,-3,30,11,28,24,18,28,5,26,-9,16,-18,5,-24,-5,-22,-15,-16,0,0,0,0,0,0]"
CSI_DATA,59087,98:4a:6b:31:4a:10,-62,11,-99,-39,60,11,616375362,83,0,256,0,"[0,0,0,0,0,0,0,0,-10,17,-14,14,-23,10,-24,7,-26,-1,-24,-8,-24,-17,-19,-21,-12,-24,-7,-28,0,-30,12,-33,14,-30,24,-26,30,-21,35,-14,35,-8,39,0,37,8,37,21,33,23,26,30,17,35,10,42,3,46,-8,42,-21,44,-26,35,0,0,-40,19,-44,12,-42,1,-39,-8,-37,-14,-30,-21,-24,-24,-16,-26,-14,-35,-1,-33,0,-32,5,-30,12,-26,17,-21,24,-17,24,-16,26,-7,24,-1,24,5,23,12,23,14,17,17,12,17,7,23,1,23,0,19,-7,19,-10,24,0,0,0,0,0,0,0,0,0,0,0,0,0,0,16,-26,0,-32,-16,-30,-28,-17,-35,1,-32,17,-21,33,-1,42,21,37,37,19,44,0,35,-24,17,-42,-5,-42,-30,-33,-44,-14,-44,12,-30,35,-7,51,19,46,42,24,51,-1,40,-30,21,-49,-10,-53,-37,-40,-55,-14,-55,16,0,0,-10,53,21,48,40,32,51,1,42,-23,21,-42,-1,-42,-24,-32,-42,-14,-39,8,-26,32,-7,39,14,32,32,19,33,-1,26,-21,14,-26,-7,-32,-14,-24,-32,-8,-30,8,-19,23,-12,28,3,23,17,16,21,7,17,-7,12,-17,0,0,0,0,0,0]"
CSI_DATA,59088,98:4a:6b:31:4a:10,-55,11,-99,23,37,11,616386729,83,0,256,0,"[0,0,0,0,0,0,0,0,-46,-8,-46,-25,-37,-29,-29,-37,-8,-54,12,-59,25,-59,33,-50,54,-29,67,-25,71,-4,80,4,75,33,54,50,50,67,33,71,21,80,-16,96,-37,88,-50,75,-71,54,-88,42,-96,25,-101,0,-101,-29,-84,-46,-84,-67,-63,-75,0,0,-12,-92,29,-96,37,-84,54,-84,71,-54,84,-42,84,-25,80,-4,71,29,80,37,54,50,54,50,33,54,16,59,0,63,-21,63,-25,59,-37,50,-46,33,-54,21,-54,16,-50,-8,-50,-21,-42,-25,-29,-33,-21,-46,-8,-46,8,-50,0,0,0,0,0,0,0,0,0,0,0,0,0,0,71,8,67,-21,50,-63,25,-84,-21,-67,-63,-63,-84,-33,-84,12,-75,54,-33,92,16,96,59,75,88,29,88,-21,75,-75,29,-101,-29,-92,-71,-71,-96,-25,-101,25,-63,80,-16,101,42,96,96,71,118,0,109,-50,71,-105,8,-122,0,0,-92,-84,-130,0,-109,59,-50,105,8,113,59,88,96,46,96,-4,75,-67,21,-80,-25,-88,-63,-63,-80,-16,-80,33,-50,59,-16,75,29,80,50,50,67,8,71,-21,33,-59,12,-67,-25,-54,-37,-42,-59,-12,-50,12,-42,42,-8,50,0,0,0,0,0,0]"
CSI_DATA,59089,98:4a:6b:31:4a:10,-61,11,-99,-35,58,11,616459733,83,0,256,0,"[0,0,0,0,0,0,0,0,-19,9,-21,3,-21,-1,-23,-7,-19,-19,-13,-25,-7,-29,1,-31,9,-29,19,-27,23,-21,33,-13,35,-3,37,3,35,13,31,19,25,31,17,33,9,39,-1,43,-11,41,-21,39,-29,31,-39,23,-43,11,-47,0,-45,-9,-41,-23,0,0,-23,-37,-15,-45,-3,-47,5,-41,15,-39,25,-33,29,-29,33,-19,35,-11,37,-1,33,7,31,15,25,19,19,25,9,27,5,29,0,31,-7,29,-13,25,-17,19,-23,13,-25,7,-27,1,-25,-7,-21,-9,-17,-13,-13,-19,-7,-23,0,0,0,0,0,0,0,0,0,0,0,0,0,0,33,-11,25,-27,7,-37,-9,-37,-27,-29,-41,-13,-45,9,-33,29,-15,43,9,45,29,35,47,17,49,-7,37,-31,15,-49,-11,-51,-35,-37,-53,-15,-53,13,-39,41,-13,55,19,55,45,39,61,11,57,-23,41,-51,9,-65,-21,-61,0,0,-63,-5,-57,23,-35,47,-5,57,25,49,43,29,51,0,43,-23,21,-43,0,-45,-23,-35,-39,-17,-43,3,-33,25,-13,37,5,37,23,29,33,13,33,-5,27,-21,11,-29,-3,-31,-19,-25,-25,-13,-27,1,-19,13,-11,21,0,23,0,0,0,0,0,0]"
CSI_DATA,59090,98:4a:6b:31:4a:10,-55,11,-99,23,37,11,616469340,83,0,256,0,"[0,0,0,0,0,0,0,0,50,-12,50,8,50,16,42,21,33,50,21,54,4,63,-4,63,-25,59,-33,59,-50,46,-67,29,-71,21,-71,4,-80,-16,-71,-33,-71,-46,-54,-63,-37,-71,-29,-88,-4,-84,16,-84,37,-88,50,-75,71,-67,88,-50,101,-33,105,-16,0,0,88,37,80,63,71,80,54,75,25,80,12,88,-16,92,-25,71,-37,67,-46,63,-67,46,-59,33,-71,16,-71,4,-63,-12,-54,-25,-50,-42,-33,-42,-33,-46,-16,-54,-8,-59,4,-59,16,-54,33,-46,29,-29,33,-29,50,-4,50,0,0,0,0,0,0,0,0,0,0,0,0,0,0,0,-67,8,-54,42,-25,71,12,67,46,59,75,29,80,-12,67,-59,25,-88,-12,-80,-59,-67,-88,-25,-88,25,-59,75,-8,96,42,92,80,54,105,-4,96,-59,46,-96,-21,-105,-71,-84,-105,-33,-126,25,-71,92,-8,118,50,113,96,54,0,0,96,-59,54,-105,-8,-113,-63,-88,-96,-42,-96,21,-67,71,-29,84,29,84,75,50,92,12,67,-46,46,-75,-8,-75,-46,-63,-67,-21,-67,16,-50,50,-16,67,21,59,50,46,59,8,59,-21,37,-50,0,-54,-4,-46,-42,-33,-50,-4,0,0,0,0,0,0]"
CSI_DATA,59091,98:4a:6b:31:4a:10,-55,11,-99,21,37,11,616479297,83,0,256,0,"[0,0,0,0,0,0,0,0,40,31,26,40,13,49,-4,49,-17,49,-35,49,-53,44,-62,17,-71,4,-71,-8,-62,-35,-58,-49,-40,-62,-26,-67,-8,-75,17,-75,31,-80,49,-67,67,-58,80,-35,89,-22,84,4,89,17,75,49,71,75,58,75,35,93,13,107,0,0,-40,98,-58,80,-75,62,-80,40,-80,22,-84,-4,-80,-22,-67,-40,-53,-49,-49,-67,-31,-62,-17,-67,-4,-71,13,-58,31,-49,40,-44,53,-35,58,-22,62,-4,53,4,53,17,44,26,40,44,22,44,8,49,4,44,-13,49,-17,44,0,0,0,0,0,0,0,0,0,0,0,0,0,0,-49,-53,-58,-22,-71,17,-62,49,-35,80,8,80,49,71,75,40,89,-4,75,-49,44,-84,-8,-89,-53,-80,-89,-44,-107,22,-75,58,-31,98,17,107,75,80,102,31,111,-26,75,-84,26,-107,-44,-116,-98,-71,-125,-17,-111,44,-71,102,0,0,62,129,98,58,120,0,102,-62,49,-93,-4,-93,-58,-80,-93,-35,-93,13,-75,62,-31,84,22,84,62,58,84,17,71,-26,49,-53,13,-75,-26,-75,-49,-49,-71,-13,-67,22,-35,49,-4,62,17,58,49,40,49,13,49,-13,31,-31,0,0,0,0,0,0]"
CSI_DATA,59092,98:4a:6b:31:4a:10,-55,11,-99,24,37,11,616489440,83,0,256,0,"[0,0,0,0,0,0,0,0,-8,40,-28,45,-36,36,-49,32,-53,8,-57,-4,-61,-16,-57,-28,-49,-57,-36,-65,-20,-81,-4,-73,12,-81,32,-73,49,-69,53,-57,73,-40,86,-20,90,-4,94,8,86,28,81,45,69,69,53,86,28,94,20,102,-8,110,-28,102,0,0,-77,86,-86,57,-90,53,-98,20,-90,4,-86,-16,-86,-36,-69,-40,-57,-61,-45,-73,-36,-77,-16,-61,-4,-77,12,-69,36,-61,45,-61,49,-49,49,-40,61,-16,61,0,57,4,57,28,49,24,36,28,24,45,16,40,8,53,-4,57,0,0,0,0,0,0,0,0,0,0,0,0,0,0,20,-65,-12,-65,-49,-61,-73,-24,-73,16,-65,57,-28,81,16,86,57,65,86,24,94,-32,61,-77,16,-98,-49,-98,-81,-53,-102,-4,-86,53,-45,102,20,102,73,81,106,20,98,-40,77,-86,8,-118,-57,-102,-102,-53,-127,16,-106,73,0,0,24,127,81,98,114,20,110,-36,65,-86,12,-102,-45,-90,-86,-45,-98,-4,-81,61,-28,86,16,90,61,49,81,8,81,-28,45,-69,4,-73,-32,-61,-61,-36,-65,8,-61,40,-28,53,16,53,36,53,53,20,53,4,36,-28,24,-36,0,0,0,0,0,0]"
CSI_DATA,59093,98:4a:6b:31:4a:10,-55,11,-99,21,37,11,616500074,83,0,256,0,"[0,0,0,0,0,0,0,0,-35,26,-40,17,-49,4,-49,-8,-49,-17,-44,-40,-31,-53,-31,-58,0,-62,13,-67,26,-67,49,-53,58,-53,75,-22,71,-17,75,8,71,31,71,49,58,67,40,80,17,93,0,84,-26,89,-44,80,-53,71,-75,67,-84,44,-93,17,0,0,-93,-35,-84,-53,-58,-62,-49,-80,-22,-89,0,-84,13,-80,31,-71,44,-62,49,-62,53,-40,67,-22,67,-4,67,4,58,17,62,26,49,40,31,44,17,49,4,58,-8,62,-22,49,-31,40,-35,40,-44,22,-40,4,-49,-4,-44,-13,0,0,0,0,0,0,0,0,0,0,0,0,0,0,49,-40,26,-67,-4,-71,-49,-71,-75,-35,-89,4,-75,49,-40,84,4,98,58,84,89,44,93,-4,84,-62,31,-93,-22,-102,-62,-84,-102,-31,-102,31,-80,75,-22,107,35,102,89,80,120,17,111,-49,71,-98,8,-120,-67,-116,-111,-67,0,0,-116,67,-53,102,0,120,71,93,102,49,107,-22,80,-71,26,-93,-17,-93,-67,-58,-89,-17,-75,26,-53,67,-8,93,40,71,67,40,84,0,67,-40,35,-67,-8,-71,-40,-62,-58,-31,-58,4,-44,26,-26,49,4,58,22,44,35,22,0,0,0,0,0,0]"
CSI_DATA,59094,98:4a:6b:31:4a:10,-55,11,-99,24,37,11,616509899,83,0,256,0,"[0,0,0,0,0,0,0,0,28,49,8,40,-4,45,-24,57,-36,40,-49,32,-57,20,-69,0,-65,-24,-57,-40,-45,-65,-36,-65,-16,-77,4,-77,32,-69,45,-57,69,-45,77,-32,86,-8,77,12,86,32,77,57,53,69,32,90,12,106,-12,98,-36,98,-61,94,0,0,-90,32,-94,16,-98,-4,-90,-36,-81,-49,-53,-65,-40,-77,-20,-86,8,-77,20,-77,36,-57,53,-49,61,-36,65,-20,61,-12,65,8,61,20,49,40,36,45,20,57,4,57,-8,65,-24,53,-36,40,-40,32,-53,24,-49,4,-53,-4,0,0,0,0,0,0,0,0,0,0,0,0,0,0,-28,-61,-53,-32,-73,-8,-77,28,-53,57,-20,86,20,86,61,69,86,28,94,-12,69,-61,32,-90,-12,-102,-69,-69,-90,-32,-102,20,-77,69,-36,106,28,114,73,81,98,24,114,-24,86,-81,28,-122,-24,-114,-73,-77,-110,-28,-118,32,0,0,-40,127,28,110,86,77,102,28,94,-36,73,-73,24,-98,-36,-86,-69,-61,-94,-16,-86,32,-49,65,-8,81,40,73,65,49,77,4,65,-32,49,-57,12,-69,-28,-61,-49,-45,-57,-12,-53,8,-40,45,-20,61,12,49,36,40,57,20,0,0,0,0,0,0]"
CSI_DATA,59095,98:4a:6b:31:4a:10,-55,11,-99,22,37,11,616520486,83,0,256,0,"[0,0,0,0,0,0,0,0,-43,17,-39,8,-43,-4,-47,-13,-39,-43,-26,-47,-17,-65,4,-65,13,-65,30,-60,52,-52,56,-47,69,-26,78,-4,69,8,73,21,65,52,47,56,30,73,26,78,0,91,-13,86,-39,82,-52,78,-73,65,-73,39,-99,17,-112,-17,0,0,-82,-47,-78,-56,-52,-82,-39,-86,-21,-86,4,-91,17,-82,39,-69,47,-60,69,-39,69,-30,73,-13,69,0,60,17,60,26,47,34,34,47,26,52,13,56,4,56,-17,65,-26,52,-30,39,-52,34,-43,26,-47,13,-47,0,-43,-17,0,0,0,0,0,0,0,0,0,0,0,0,0,0,69,-26,47,-56,8,-82,-26,-73,-56,-60,-86,-17,-91,30,-60,65,-26,91,30,86,78,56,91,21,91,-34,56,-82,4,-104,-39,-91,-86,-60,-112,8,-91,56,-43,95,4,117,73,95,112,34,121,-17,82,-91,26,-112,-43,-108,-104,-78,0,0,-117,30,-69,95,-13,121,56,99,99,52,99,-4,86,-60,47,-91,-13,-95,-65,-73,-86,-26,-91,17,-56,65,-21,82,34,73,65,47,73,13,69,-34,43,-60,4,-65,-30,-60,-56,-39,-65,-4,-52,30,-26,47,-4,56,26,47,39,30,0,0,0,0,0,0]"
CSI_DATA,59096,98:4a:6b:31:4a:10,-55,11,-99,22,37,11,616530517,83,0,256,0,"[0,0,0,0,0,0,0,0,-17,39,-34,39,-39,26,-47,13,-52,-4,-56,-21,-47,-34,-43,-56,-17,-65,0,-73,17,-69,34,-69,47,-56,65,-43,73,-26,78,0,78,17,78,30,69,60,47,73,34,86,8,91,-21,91,-43,86,-65,78,-82,65,-91,43,-99,8,0,0,-99,-52,-78,-65,-56,-78,-39,-78,-17,-91,8,-91,26,-86,39,-78,56,-56,65,-43,69,-34,73,-13,69,17,65,30,56,43,43,56,30,52,21,56,0,60,-13,56,-39,52,-39,39,-47,21,-47,13,-56,0,-43,-13,-43,-34,-30,-34,0,0,0,0,0,0,0,0,0,0,0,0,0,0,26,-60,0,-73,-43,-69,-69,-39,-73,-4,-73,30,-56,69,-17,91,30,86,65,65,82,13,91,-30,73,-78,13,-99,-34,-99,-82,-69,-104,-13,-99,34,-65,91,-8,108,47,108,95,69,121,17,117,-43,65,-104,-8,-117,-60,-108,-95,-69,0,0,-95,52,-65,99,4,117,56,99,99,56,108,-8,95,-47,52,-91,-8,-95,-56,-73,-82,-30,-86,17,-65,56,-34,82,26,78,56,60,69,30,82,-17,52,-47,21,-65,-8,-69,-39,-47,-60,-26,-56,13,-39,34,-21,47,4,56,26,47,0,0,0,0,0,0]"
CSI_DATA,59097,98:4a:6b:31:4a:10,-55,11,-99,21,37,11,616540500,83,0,256,0,"[0,0,0,0,0,0,0,0,35,-17,44,-4,44,13,35,31,35,44,13,53,-4,62,-13,53,-31,40,-58,35,-67,17,-75,8,-80,-17,-58,-44,-58,-62,-40,-75,-17,-62,8,-80,35,-80,53,-75,67,-53,80,-35,93,-4,89,13,71,35,75,53,53,80,26,84,0,0,-35,80,-44,80,-75,62,-62,44,-93,22,-84,-8,-71,-31,-67,-35,-44,-58,-31,-62,-22,-75,4,-67,17,-67,44,-53,49,-49,53,-26,67,-13,58,-4,53,22,44,35,35,49,22,53,8,53,-13,53,-17,44,-31,35,-40,31,-49,4,0,0,0,0,0,0,0,0,0,0,0,0,0,0,-75,17,-53,58,-35,75,8,80,49,71,80,49,89,8,84,-35,71,-80,8,-84,-35,-84,-84,-75,-89,-17,-89,26,-62,75,-40,89,17,102,62,75,107,44,107,-35,93,-67,35,-102,-8,-138,-80,-84,-116,-40,-129,26,-107,84,-62,120,0,0,71,120,111,62,125,-4,93,-53,62,-107,-4,-98,-49,-84,-98,-49,-93,-8,-84,44,-40,84,-4,84,53,71,62,44,80,8,71,-44,35,-67,13,-75,-26,-62,-53,-49,-67,-22,-58,22,-44,49,-13,53,0,58,40,44,53,22,49,8,0,0,0,0,0,0]"
CSI_DATA,59098,98:4a:6b:31:4a:10,-55,11,-99,24,37,11,616550892,83,0,256,0,"[0,0,0,0,0,0,0,0,-4,36,0,36,-24,40,-32,36,-45,28,-57,4,-49,-8,-57,-32,-49,-49,-32,-65,-16,-69,0,-65,8,-65,36,-61,49,-49,65,-45,81,-16,86,4,86,20,77,32,65,57,53,65,28,81,12,94,-12,94,-32,86,-53,81,-81,65,0,0,-102,20,-102,4,-90,-24,-77,-49,-61,-61,-36,-65,-24,-81,-8,-77,20,-73,24,-65,40,-57,49,-36,57,-36,65,-16,61,-4,61,16,53,28,45,45,28,45,20,57,4,53,-16,53,-20,49,-32,40,-40,28,-40,20,-49,8,-49,-8,0,0,0,0,0,0,0,0,0,0,0,0,0,0,4,-65,-32,-61,-57,-49,-77,-16,-73,32,-49,57,-16,86,28,90,57,65,90,16,86,-24,65,-73,20,-98,-36,-98,-77,-65,-98,-16,-90,36,-69,73,-12,110,40,102,81,53,118,16,106,-45,61,-106,8,-114,-61,-106,-106,-61,-131,0,0,0,-57,118,0,127,57,94,90,53,114,-8,77,-61,32,-90,-20,-90,-61,-69,-90,-32,-94,20,-65,57,-16,81,16,77,61,45,73,12,73,-28,40,-53,12,-77,-24,-65,-53,-49,-61,-20,-57,20,-40,49,-20,61,16,57,36,28,40,20,0,0,0,0,0,0]"
CSI_DATA,59099,98:4a:6b:31:4a:10,-61,11,-99,-36,58,11,616560807,83,0,256,0,"[0,0,0,0,0,0,0,0,8,20,2,22,-6,22,-14,20,-22,16,-26,8,-30,0,-30,-10,-26,-16,-20,-24,-10,-30,-4,-34,6,-34,16,-32,24,-26,30,-18,34,-10,41,0,39,12,32,24,26,32,18,39,10,45,-4,45,-12,45,-26,41,-36,32,-43,22,0,0,-49,-6,-43,-18,-34,-30,-26,-34,-16,-39,-4,-39,6,-39,16,-32,22,-30,26,-24,30,-14,32,-4,32,2,30,10,24,16,20,22,12,26,6,28,-2,30,-8,26,-14,22,-20,16,-22,10,-24,4,-24,-2,-22,-10,-18,-14,-12,-20,0,0,0,0,0,0,0,0,0,0,0,0,0,0,-8,-34,-22,-28,-36,-14,-41,2,-34,22,-22,39,-4,45,18,41,36,28,49,8,49,-18,32,-36,10,-49,-16,-49,-39,-36,-53,-14,-55,14,-36,41,-12,55,14,55,39,41,57,16,57,-12,45,-45,16,-57,-14,-61,-43,-47,-63,-18,0,0,-49,43,-22,57,10,59,36,45,53,20,53,-6,41,-30,20,-45,-6,-49,-28,-36,-41,-14,-41,6,-32,28,-16,41,6,39,24,30,34,16,34,-6,26,-20,14,-32,-2,-32,-16,-30,-26,-14,-28,-2,-24,12,-16,22,-6,22,6,22,0,0,0,0,0,0]"
CSI_DATA,59100,98:4a:6b:31:4a:10,-55,11,-99,24,37,11,616570647,83,0,256,0,"[0,0,0,0,0,0,0,0,45,-20,49,-12,57,4,45,16,32,40,32,49,16,61,4,69,-12,61,-32,53,-49,40,-65,32,-77,20,-86,0,-77,-16,-73,-36,-61,-57,-49,-73,-24,-86,-8,-86,16,-81,36,-86,53,-73,86,-61,94,-36,102,-16,106,8,98,40,0,0,77,77,53,98,28,98,8,98,-20,94,-28,73,-57,69,-57,61,-77,45,-77,20,-77,12,-69,-16,-65,-36,-57,-40,-36,-45,-32,-57,-16,-65,4,-57,16,-53,20,-57,36,-45,53,-28,49,-16,53,0,49,4,49,16,45,32,32,36,0,0,0,0,0,0,0,0,0,0,0,0,0,0,-65,24,-53,53,-8,73,20,69,57,53,81,16,81,-16,61,-61,20,-86,-20,-94,-69,-61,-86,-20,-90,24,-69,65,-20,98,32,94,77,61,106,12,98,-45,65,-86,8,-114,-40,-102,-98,-61,-110,4,-98,57,-65,102,4,122,69,98,0,0,110,-24,94,-77,40,-114,-8,-106,-69,-90,-94,-32,-98,24,-69,61,-16,86,28,94,65,57,86,4,73,-32,40,-65,4,-73,-40,-65,-57,-40,-69,-4,-65,36,-28,53,-4,61,28,65,53,28,61,4,45,-28,28,-40,4,-53,-16,-45,0,0,0,0,0,0]"
CSI_DATA,59101,98:4a:6b:31:4a:10,-55,11,-99,20,37,11,616580585,83,0,256,0,"[0,0,0,0,0,0,0,0,-27,32,-41,27,-50,13,-50,0,-45,-13,-45,-36,-36,-55,-18,-59,0,-68,13,-68,45,-64,55,-45,64,-36,73,-13,73,0,82,27,68,55,59,64,36,82,13,82,-9,91,-27,91,-55,73,-82,55,-87,36,-101,18,-105,-9,-96,-32,0,0,-64,-87,-27,-91,-18,-96,9,-91,45,-82,55,-78,73,-55,78,-32,73,-13,82,4,68,22,59,36,55,55,41,55,18,64,4,64,-18,59,-32,50,-32,50,-55,22,-59,18,-59,4,-55,-13,-50,-27,-41,-36,-27,-45,-9,-50,4,-55,0,0,0,0,0,0,0,0,0,0,0,0,0,0,50,-59,27,-73,-22,-78,-59,-64,-78,-27,-96,9,-73,50,-50,82,0,91,50,82,91,50,96,4,91,-45,59,-87,4,-110,-41,-110,-91,-68,-110,-4,-101,55,-59,96,-4,124,50,105,105,68,128,9,114,-55,78,-110,9,-119,-55,-133,0,0,-128,-13,-114,59,-78,96,0,119,45,105,91,59,105,9,96,-36,55,-87,9,-96,-45,-82,-78,-45,-96,-4,-82,45,-45,73,0,87,36,73,64,45,73,4,64,-36,36,-64,13,-68,-27,-59,-45,-55,-55,-13,-55,18,-41,27,-22,50,0,0,0,0,0,0]"
CSI_DATA,59102,98:4a:6b:31:4a:10,-60,11,-99,-36,58,11,616590779,83,0,256,0,"[0,0,0,0,0,0,0,0,16,12,12,16,8,22,0,26,-10,24,-16,20,-26,14,-30,8,-28,-4,-30,-16,-28,-22,-12,-32,-6,-34,6,-39,18,-34,28,-30,41,-22,39,-16,45,-4,43,10,36,22,30,32,18,43,8,53,-6,49,-20,43,-32,36,-39,24,0,0,-47,0,-53,-18,-39,-28,-28,-34,-20,-39,-4,-39,6,-39,16,-39,24,-30,32,-24,32,-10,32,-4,34,2,32,10,26,20,20,24,12,28,4,30,-4,26,-14,24,-20,24,-22,14,-26,4,-26,-2,-24,-10,-18,-16,-14,-20,-6,-22,0,0,0,0,0,0,0,0,0,0,0,0,0,0,-30,-26,-41,-12,-39,6,-30,28,-18,39,2,45,22,43,41,30,53,10,51,-16,32,-34,20,-51,-12,-51,-34,-41,-49,-18,-53,8,-43,34,-24,51,8,57,34,49,53,28,63,-2,53,-30,34,-51,4,-69,-30,-65,-55,-43,-65,-14,0,0,-41,53,-18,61,20,59,47,43,57,18,57,-10,45,-34,22,-51,-10,-51,-30,-39,-49,-14,-47,6,-32,26,-14,39,4,43,24,32,36,18,41,-2,34,-20,20,-32,2,-34,-10,-30,-24,-24,-28,-8,-28,6,-20,18,-14,22,0,24,0,0,0,0,0,0]"
CSI_DATA,59103,98:4a:6b:31:4a:10,-61,11,-99,-38,58,11,616673231,83,0,256,0,"[0,0,0,0,0,0,0,0,19,-10,23,-6,26,2,28,8,26,8,21,23,8,32,0,30,-8,30,-17,28,-26,21,-30,15,-34,6,-34,-2,-39,-13,-32,-21,-23,-28,-19,-36,-6,-39,2,-43,13,-41,23,-39,32,-30,41,-23,45,-10,52,-2,47,13,43,28,0,0,23,45,13,45,-2,47,-10,43,-21,39,-28,32,-34,23,-36,13,-36,4,-34,-4,-32,-10,-28,-19,-21,-26,-17,-30,-8,-30,-2,-32,10,-30,13,-21,17,-21,23,-13,30,-8,28,-2,30,4,23,10,21,17,13,19,6,23,2,23,0,0,0,0,0,0,0,0,0,0,0,0,0,0,-32,19,-19,30,-4,41,21,36,36,15,45,6,45,-15,30,-34,10,-47,-10,-45,-32,-32,-47,-13,-47,13,-34,36,-13,50,13,50,34,36,52,13,52,-15,36,-41,13,-56,-17,-54,-45,-39,-60,-8,-60,23,-43,47,-8,65,23,60,0,0,63,10,58,-23,39,-50,8,-56,-21,-52,-41,-32,-52,-6,-45,21,-28,41,-2,47,19,39,36,21,41,0,34,-21,21,-34,0,-39,-21,-30,-26,-23,-34,4,-30,19,-13,30,-2,32,15,28,23,17,28,2,23,-8,17,-19,6,-23,0,0,0,0,0,0]"
CSI_DATA,59104,98:4a:6b:31:4a:10,-61,11,-99,-38,58,11,616702801,83,0,256,0,"[0,0,0,0,0,0,0,0,17,-21,21,-15,30,0,23,4,26,10,10,26,10,26,6,32,-4,30,-15,28,-21,23,-28,21,-34,13,-34,-2,-36,-6,-32,-19,-23,-30,-21,-34,-8,-41,0,-43,13,-41,23,-34,32,-30,43,-21,54,-13,47,2,54,13,41,30,0,0,21,43,8,50,-2,47,-17,45,-19,39,-28,28,-34,19,-39,8,-39,-2,-36,-13,-30,-15,-30,-21,-19,-26,-10,-34,-2,-30,4,-32,10,-26,17,-26,21,-19,23,-13,28,-6,28,0,28,6,21,15,15,19,10,19,2,23,-2,26,0,0,0,0,0,0,0,0,0,0,0,0,0,0,-28,23,-15,39,-4,39,15,36,28,21,45,0,39,-23,30,-36,8,-47,-17,-47,-36,-34,-47,-10,-47,17,-34,36,-13,56,17,52,41,36,54,13,56,-17,36,-43,13,-54,-17,-52,-45,-36,-58,-13,-54,19,-47,50,-8,63,17,60,0,0,58,15,58,-19,43,-43,8,-58,-13,-54,-36,-39,-47,-13,-47,13,-32,32,-8,43,17,45,32,28,45,8,41,-17,26,-30,4,-39,-13,-34,-28,-23,-34,-2,-34,13,-21,23,-8,30,8,28,19,23,26,8,26,-6,21,-17,13,-21,0,0,0,0,0,0]"
CSI_DATA,59105,98:4a:6b:31:4a:10,-61,11,-99,-35,58,11,616712826,83,0,256,0,"[0,0,0,0,0,0,0,0,-5,-23,0,-23,9,-21,15,-19,23,-15,27,-7,31,0,31,7,29,17,27,23,19,29,9,33,3,35,-9,41,-13,37,-19,33,-33,25,-37,17,-45,9,-45,-1,-39,-9,-33,-17,-33,-29,-27,-41,-25,-45,-5,-49,3,-47,17,-47,0,0,35,-35,41,-25,47,-11,47,0,43,3,41,11,35,19,27,25,21,33,11,37,3,37,0,33,-9,29,-15,31,-23,25,-25,17,-25,11,-31,5,-29,-1,-29,-7,-27,-13,-21,-19,-15,-21,-9,-23,-1,-29,3,-23,9,-23,15,-19,0,0,0,0,0,0,0,0,0,0,0,0,0,0,3,35,21,31,37,17,41,-3,33,-21,19,-37,-3,-43,-25,-39,-43,-21,-47,1,-39,27,-21,45,5,49,29,45,49,17,55,-9,37,-37,15,-55,-19,-55,-45,-39,-53,-7,-49,27,-31,49,-5,61,25,57,59,33,67,0,57,-33,0,0,-7,-65,-39,-49,-55,-19,-59,15,-43,35,-15,49,15,47,37,31,51,7,47,-17,23,-37,3,-43,-23,-39,-37,-17,-43,3,-33,23,-13,33,3,37,25,27,35,13,33,-5,25,-21,11,-29,-5,-29,-17,-25,-25,-9,-23,3,-17,17,0,0,0,0,0,0]"
CSI_DATA,59106,98:4a:6b:31:4a:10,-55,11,-99,24,37,11,616723111,83,0,256,0,"[0,0,0,0,0,0,0,0,-28,-20,-36,-32,-20,-49,4,-57,8,-53,32,-53,53,-32,61,-20,73,-4,69,12,61,32,61,45,36,65,28,73,8,69,-16,77,-24,69,-53,65,-73,45,-77,40,-90,12,-81,-8,-90,-32,-77,-61,-61,-73,-49,-90,-16,-102,4,-106,0,0,57,-73,73,-69,86,-45,94,-16,77,0,81,20,69,40,65,53,53,69,40,73,12,65,0,73,-12,69,-40,61,-49,40,-61,36,-61,20,-57,0,-65,0,-57,-32,-53,-45,-36,-45,-16,-49,-8,-57,12,-49,16,-45,32,-36,40,-24,0,0,0,0,0,0,0,0,0,0,0,0,0,0,49,45,77,12,69,-24,45,-57,16,-81,-12,-81,-57,-65,-81,-28,-90,16,-77,61,-36,94,16,98,65,73,86,36,102,-20,81,-65,32,-98,-20,-98,-73,-69,-102,-28,-102,24,-81,73,-32,110,32,106,81,77,118,16,118,-40,98,-102,0,0,-40,-118,-90,-69,-102,-20,-106,36,-77,77,-12,102,49,86,69,57,94,12,94,-45,49,-86,4,-81,-49,-69,-73,-24,-81,12,-73,45,-36,69,-4,81,36,53,65,32,65,0,57,-36,36,-49,12,-65,-28,-57,-40,-36,-53,-8,-45,16,0,0,0,0,0,0]"
CSI_DATA,59107,98:4a:6b:31:4a:10,-55,11,-99,23,37,11,616733138,83,0,256,0,"[0,0,0,0,0,0,0,0,8,-37,25,-46,29,-37,46,-33,46,-12,63,8,63,25,46,42,37,50,33,63,8,71,-8,71,-29,75,-37,63,-46,46,-59,46,-75,25,-88,12,-80,-8,-88,-21,-75,-50,-67,-63,-46,-67,-29,-80,0,-96,12,-105,33,-88,63,-80,0,0,80,-50,96,-37,92,-4,96,4,84,33,75,46,59,63,46,63,33,67,12,71,-4,71,-21,63,-25,63,-42,50,-46,42,-59,42,-50,16,-59,8,-59,-8,-54,-25,-50,-33,-37,-42,-25,-46,-8,-50,-4,-50,4,-46,12,-42,29,-42,0,0,0,0,0,0,0,0,0,0,0,0,0,0,-16,63,8,67,46,50,75,29,75,-12,59,-50,29,-75,-12,-92,-59,-67,-88,-33,-88,25,-71,63,-25,92,29,96,75,63,92,8,88,-42,54,-92,0,-109,-59,-88,-101,-42,-105,8,-84,67,-33,105,33,113,88,80,113,16,109,-46,0,0,25,-118,-63,-96,-92,-63,-109,4,-84,54,-37,96,12,96,67,71,96,33,84,-33,54,-67,8,-80,-37,-67,-67,-37,-80,0,-67,46,-33,63,8,67,46,63,63,21,67,-8,50,-42,12,-46,-8,-59,-37,-37,-50,-16,-46,8,-33,29,0,0,0,0,0,0]"
CSI_DATA,59108,98:4a:6b:31:4a:10,-55,11,-99,19,37,11,616743265,83,0,256,0,"[0,0,0,0,0,0,0,0,-14,-47,-4,-47,9,-56,28,-47,47,-42,56,-28,70,-14,66,9,61,28,52,42,42,66,28,75,0,85,-9,75,-33,66,-47,66,-70,52,-80,37,-94,18,-94,0,-89,-23,-80,-42,-66,-70,-42,-89,-18,-108,-4,-108,23,-104,52,-99,0,0,94,-56,99,-33,104,-9,99,14,89,28,75,47,66,56,52,80,23,75,4,89,-9,75,-28,70,-37,56,-56,52,-61,33,-70,18,-56,9,-66,-14,-61,-23,-47,-42,-42,-52,-28,-52,-9,-56,4,-56,23,-52,33,-42,42,-42,52,-18,0,0,0,0,0,0,0,0,0,0,0,0,0,0,23,70,56,56,75,23,80,-23,56,-56,23,-80,-23,-89,-56,-75,-89,-28,-94,9,-75,66,-37,89,18,99,70,80,94,33,104,-18,70,-70,23,-104,-33,-108,-85,-75,-118,-14,-104,52,-80,99,-14,123,52,118,108,75,118,9,118,-47,0,0,9,-127,-70,-113,-104,-56,-113,4,-94,61,-42,94,4,104,70,80,94,42,99,-23,70,-66,28,-89,-23,-80,-66,-56,-85,-23,-85,37,-47,66,-18,80,28,75,52,42,70,14,66,-23,47,-42,9,-56,-9,-56,-37,-47,-52,-18,-52,9,0,0,0,0,0,0]"
CSI_DATA,59109,98:4a:6b:31:4a:10,-55,11,-99,22,37,11,616754837,83,0,256,0,"[0,0,0,0,0,0,0,0,43,-17,47,4,43,26,39,39,17,52,21,65,-13,56,-39,56,-47,52,-65,30,-69,13,-69,0,-69,-26,-60,-47,-52,-56,-30,-73,0,-73,8,-78,39,-78,60,-65,73,-52,95,-34,95,-13,95,17,78,43,73,65,52,91,34,104,0,0,-30,95,-43,95,-56,73,-78,52,-82,30,-91,4,-82,-13,-73,-34,-52,-52,-43,-65,-26,-65,-8,-73,8,-69,26,-60,34,-47,56,-39,56,-26,56,-4,65,4,52,21,43,34,34,43,21,52,4,52,-13,47,-17,43,-39,39,-47,34,0,0,0,0,0,0,0,0,0,0,0,0,0,0,-65,13,-56,43,-34,65,0,73,26,78,60,47,95,13,91,-26,60,-65,17,-86,-26,-95,-65,-73,-91,-34,-95,21,-82,69,-30,91,21,99,65,82,108,34,112,-17,73,-69,34,-95,-21,-108,-78,-95,-117,-47,-112,30,-91,86,-47,121,0,0,91,95,108,30,121,-21,82,-73,34,-108,-13,-99,-65,-78,-91,-34,-91,17,-69,60,-34,82,21,82,60,65,82,21,78,-13,65,-47,21,-73,-13,-73,-39,-56,-73,-21,-69,4,-60,39,-21,60,0,56,26,56,43,26,52,0,52,-13,0,0,0,0,0,0]"
CSI_DATA,59110,98:4a:6b:31:4a:10,-55,11,-99,23,37,11,616764536,83,0,256,0,"[0,0,0,0,0,0,0,0,33,-21,46,-8,50,-8,50,4,46,16,42,42,33,46,4,63,4,71,-16,75,-42,50,-59,50,-67,42,-67,25,-75,0,-75,-12,-75,-29,-67,-50,-54,-71,-37,-75,-12,-92,0,-92,33,-84,54,-84,63,-67,88,-50,105,-25,109,8,0,0,84,33,75,59,59,71,46,88,21,88,-4,80,-21,88,-37,67,-50,59,-54,50,-75,33,-71,8,-71,8,-67,-12,-59,-25,-54,-46,-42,-46,-37,-50,-8,-59,-4,-63,8,-59,25,-46,29,-37,46,-33,46,-21,42,-4,46,8,42,25,0,0,0,0,0,0,0,0,0,0,0,0,0,0,-59,42,-21,63,8,75,46,63,63,25,84,-4,71,-50,37,-80,0,-96,-42,-80,-88,-37,-92,8,-80,50,-37,88,16,101,59,80,92,37,101,-21,71,-71,29,-105,-29,-105,-88,-67,-105,-25,-113,50,-80,92,-4,113,59,113,109,71,0,0,109,-67,54,-109,-12,-105,-63,-88,-92,-50,-105,12,-80,63,-42,101,21,96,71,59,88,16,84,-37,54,-63,16,-84,-37,-75,-75,-42,-75,-8,-71,37,-37,59,0,63,37,63,50,33,63,8,50,-25,33,-59,16,-54,-16,-54,-37,-33,0,0,0,0,0,0]"
CSI_DATA,59111,98:4a:6b:31:4a:10,-55,11,-99,25,37,11,616774622,83,0,256,0,"[0,0,0,0,0,0,0,0,43,-3,47,-3,47,7,51,19,39,35,31,43,15,59,11,63,-7,67,-23,67,-31,63,-47,51,-63,39,-55,19,-71,7,-87,-15,-75,-27,-75,-51,-63,-59,-51,-75,-31,-87,-23,-91,3,-95,23,-95,47,-95,67,-75,83,-59,91,-59,0,0,99,-3,107,15,79,27,79,55,67,63,47,75,47,83,19,67,-3,83,-15,79,-27,63,-35,59,-47,51,-59,39,-55,31,-63,19,-63,0,-67,-7,-55,-11,-55,-39,-39,-39,-27,-43,-19,-47,-7,-55,15,-47,7,-47,31,-43,35,-23,0,0,0,0,0,0,0,0,0,0,0,0,0,0,-59,15,-51,51,-11,67,23,63,67,47,79,15,67,-35,39,-63,0,-79,-43,-79,-87,-43,-91,7,-83,59,-43,91,11,87,67,71,99,23,107,-39,59,-87,7,-103,-51,-83,-83,-43,-103,11,-83,75,-35,119,27,107,87,71,119,19,0,0,63,-107,3,-123,-55,-87,-103,-39,-103,23,-63,75,-27,87,31,95,79,51,95,3,79,-43,31,-75,-11,-75,-51,-55,-75,-19,-79,27,-47,59,-7,87,31,63,67,39,71,-7,51,-35,31,-55,-7,-51,-43,-51,-51,-19,-51,0,-39,27,0,0,0,0,0,0]"
CSI_DATA,59112,98:4a:6b:31:4a:10,-61,11,-99,-38,58,11,616784500,83,0,256,0,"[0,0,0,0,0,0,0,0,19,-15,21,-6,23,-2,28,2,23,13,21,17,10,23,10,32,0,32,-8,36,-15,32,-23,26,-28,21,-39,10,-36,4,-41,-2,-39,-17,-32,-23,-34,-34,-21,-36,-13,-43,-4,-39,8,-41,21,-41,30,-43,39,-28,43,-23,50,-13,0,0,45,10,43,23,34,36,28,41,19,43,13,43,2,39,-6,36,-13,34,-23,28,-26,21,-30,21,-30,6,-34,4,-30,-4,-32,-8,-21,-13,-21,-21,-15,-23,-8,-26,-2,-30,6,-28,10,-26,15,-17,21,-19,21,-10,23,-4,23,2,0,0,0,0,0,0,0,0,0,0,0,0,0,0,-28,19,-17,34,0,41,23,30,34,17,45,-4,32,-26,23,-43,-4,-47,-26,-36,-43,-17,-47,2,-36,30,-21,47,10,52,34,43,52,13,52,-13,30,-45,8,-54,-23,-52,-52,-28,-60,-2,-54,30,-30,52,2,69,34,54,63,26,0,0,47,-43,19,-58,-13,-56,-39,-36,-54,-10,-45,15,-28,39,-2,50,26,45,39,23,47,-2,39,-19,19,-41,-6,-41,-23,-32,-39,-8,-34,10,-28,28,-8,36,8,36,23,23,34,6,30,-8,19,-19,10,-32,-6,-26,-19,-19,-23,-6,0,0,0,0,0,0]"
CSI_DATA,59113,98:4a:6b:31:4a:10,-55,11,-99,22,37,11,616794796,83,0,256,0,"[0,0,0,0,0,0,0,0,17,-47,26,-43,43,-34,52,-8,56,0,65,4,56,43,39,47,26,65,13,60,-17,69,-34,73,-52,56,-60,43,-69,30,-78,8,-78,-21,-82,-26,-60,-47,-56,-65,-43,-82,-8,-69,4,-91,39,-91,60,-86,78,-65,86,-43,91,-21,0,0,95,26,91,47,69,60,60,82,17,91,8,91,-21,82,-26,82,-39,65,-69,43,-82,30,-69,8,-69,-4,-60,-21,-65,-26,-52,-43,-30,-56,-26,-47,-13,-65,17,-56,26,-60,34,-47,39,-43,47,-13,47,-8,47,4,43,26,34,30,0,0,0,0,0,0,0,0,0,0,0,0,0,0,-26,65,13,69,39,60,69,21,82,0,65,-39,43,-82,8,-82,-47,-78,-78,-47,-95,-4,-86,39,-47,86,4,104,39,82,82,52,99,-4,95,-56,39,-95,-13,-104,-47,-95,-99,-56,-104,0,-104,56,-43,117,17,121,82,95,125,30,0,0,104,-78,39,-117,-26,-104,-82,-86,-99,-34,-112,21,-73,73,-30,91,21,91,78,69,95,21,82,-17,56,-60,13,-73,-30,-78,-60,-52,-91,-13,-69,21,-43,52,-8,65,17,69,47,43,65,21,56,-21,43,-43,17,-52,-13,-52,-26,-34,0,0,0,0,0,0]"
CSI_DATA,59114,98:4a:6b:31:4a:10,-56,11,-99,27,37,11,616860857,83,0,256,0,"[0,0,0,0,0,0,0,0,22,33,18,37,7,48,0,41,-26,45,-33,41,-56,22,-52,7,-63,-11,-60,-26,-48,-30,-41,-52,-30,-63,-15,-67,-3,-67,22,-67,37,-60,45,-52,63,-33,75,-33,78,-7,82,7,78,30,63,52,52,67,45,75,15,90,0,82,0,0,-45,90,-63,63,-60,48,-86,26,-71,11,-75,-7,-63,-30,-56,-33,-52,-48,-41,-60,-22,-60,-7,-56,3,-63,7,-56,30,-52,41,-33,48,-33,48,-22,52,-3,45,11,56,18,41,26,30,33,15,41,11,41,0,41,-15,45,-15,37,0,0,0,0,0,0,0,0,0,0,0,0,0,0,-33,-48,-56,-37,-60,3,-63,22,-37,67,-3,75,37,71,63,45,82,11,78,-41,48,-71,0,-78,-41,-78,-75,-45,-86,3,-78,48,-30,86,3,90,60,71,97,37,97,-15,75,-71,22,-90,-26,-105,-86,-71,-105,-15,-93,33,-63,86,0,0,37,105,90,63,108,11,93,-48,52,-75,0,-93,-41,-75,-82,-48,-86,3,-60,48,-26,78,11,71,52,56,67,30,75,-22,48,-52,15,-71,-18,-63,-45,-45,-60,-15,-60,15,-41,45,-11,56,22,48,37,33,48,15,41,-11,33,-26,0,0,0,0,0,0]"
CSI_DATA,59115,98:4a:6b:31:4a:10,-62,11,-99,-39,60,11,616895572,83,0,256,0,"[0,0,0,0,0,0,0,0,12,-16,16,-17,21,-12,23,-5,24,3,24,14,19,19,16,26,5,32,-5,32,-10,28,-17,30,-24,23,-30,17,-33,5,-37,-5,-35,-14,-30,-21,-23,-30,-17,-35,-7,-40,5,-42,16,-37,26,-33,35,-28,44,-21,48,-10,49,1,0,0,35,28,28,32,17,42,7,40,0,42,-14,39,-19,32,-26,26,-30,17,-30,8,-32,0,-33,-7,-30,-12,-24,-19,-17,-23,-10,-28,-3,-26,1,-28,10,-24,16,-21,19,-16,21,-10,24,-7,23,1,21,7,17,12,14,16,8,19,0,0,0,0,0,0,0,0,0,0,0,0,0,0,-14,28,0,32,12,30,28,21,33,3,37,-12,23,-28,10,-40,-12,-37,-32,-30,-40,-12,-40,12,-30,32,-10,44,12,42,32,32,48,14,44,-12,35,-37,10,-46,-16,-49,-37,-35,-51,-10,-55,17,-35,40,-8,53,19,53,46,37,0,0,53,-19,35,-42,10,-56,-17,-46,-37,-32,-46,-7,-40,16,-26,37,-5,46,17,40,33,21,39,3,35,-16,21,-32,0,-33,-17,-32,-26,-17,-35,-1,-28,14,-16,26,-3,33,8,26,23,16,28,3,24,-10,16,-19,7,-21,-3,-21,0,0,0,0,0,0]"
CSI_DATA,59116,98:4a:6b:31:4a:10,-62,11,-99,-36,59,11,616905547,83,0,256,0,"[0,0,0,0,0,0,0,0,21,-1,21,0,20,10,21,12,16,20,7,25,1,27,-3,27,-10,27,-18,21,-23,18,-31,14,-31,5,-32,-1,-31,-10,-27,-20,-25,-29,-20,-31,-12,-32,-7,-42,7,-36,16,-38,21,-32,29,-32,40,-21,45,-12,51,-3,43,9,0,0,32,27,31,29,20,42,10,42,3,40,-7,36,-14,32,-20,29,-25,23,-29,16,-31,9,-32,3,-31,-5,-29,-9,-27,-14,-20,-16,-16,-23,-7,-27,-3,-23,0,-25,7,-23,10,-21,18,-20,20,-14,20,-9,20,-1,21,1,20,9,0,0,0,0,0,0,0,0,0,0,0,0,0,0,-31,7,-25,20,-12,34,9,32,25,31,34,14,40,-7,31,-27,16,-40,-7,-42,-27,-32,-43,-10,-42,12,-32,34,-9,47,18,42,38,27,51,3,43,-20,21,-47,-1,-47,-27,-42,-54,-20,-60,3,-45,34,-18,58,16,53,38,38,0,0,53,-21,38,-45,5,-51,-23,-43,-40,-29,-49,-1,-40,21,-18,42,5,42,27,36,40,12,40,-9,27,-29,7,-36,-14,-36,-27,-21,-34,-3,-27,14,-18,29,-1,32,12,29,23,16,31,0,25,-12,12,-21,0,-21,-12,-21,-18,-12,0,0,0,0,0,0]"
CSI_DATA,59117,98:4a:6b:31:4a:10,-56,11,-99,27,37,11,616915261,83,0,256,0,"[0,0,0,0,0,0,0,0,-18,30,-26,30,-41,15,-48,7,-56,-7,-52,-26,-41,-30,-22,-48,-15,-56,3,-60,18,-56,37,-60,37,-48,56,-30,67,-15,71,3,67,18,56,33,56,56,37,63,18,82,0,82,-15,82,-37,75,-52,60,-75,56,-93,33,-86,18,0,0,-78,-26,-63,-56,-48,-71,-33,-71,-22,-82,3,-71,18,-67,33,-60,41,-60,52,-41,60,-22,60,-3,56,3,60,18,41,30,45,41,33,52,15,48,3,60,-3,45,-18,41,-26,41,-41,26,-41,22,-52,11,-56,-7,-41,-15,-30,-26,0,0,0,0,0,0,0,0,0,0,0,0,0,0,33,-48,7,-60,-26,-56,-52,-41,-67,-3,-67,22,-45,56,-15,82,30,86,60,56,75,18,75,-26,48,-71,15,-86,-26,-82,-67,-63,-90,-15,-78,33,-56,86,-3,93,37,90,75,48,105,3,90,-52,52,-86,-7,-112,-52,-97,-93,-48,0,0,-82,71,-41,101,18,93,67,78,90,41,93,-22,67,-60,26,-90,-22,-82,-52,-48,-82,-15,-78,30,-48,56,-11,75,33,67,60,45,63,15,67,-30,37,-52,7,-56,-22,-48,-48,-33,-60,-11,-52,22,-33,37,-18,48,15,37,22,30,0,0,0,0,0,0]"
CSI_DATA,59118,98:4a:6b:31:4a:10,-62,11,-99,-41,60,11,616925301,83,0,256,0,"[0,0,0,0,0,0,0,0,-1,18,-7,18,-13,16,-18,13,-22,5,-26,-1,-22,-9,-22,-16,-15,-24,-9,-28,0,-30,7,-30,15,-28,22,-22,30,-15,33,-5,33,3,35,13,30,22,24,30,16,37,5,39,-5,41,-16,37,-26,33,-35,28,-43,16,-43,5,0,0,-39,-18,-32,-28,-24,-33,-15,-39,-1,-37,7,-37,16,-33,22,-28,26,-18,28,-13,30,-5,30,3,28,11,22,16,20,20,15,24,5,28,1,28,-7,28,-15,24,-20,15,-24,7,-26,5,-22,-1,-18,-11,-20,-11,-11,-16,-11,-18,0,0,0,0,0,0,0,0,0,0,0,0,0,0,1,-32,-13,-30,-26,-20,-33,-5,-33,9,-28,26,-11,37,7,41,26,32,39,16,43,-3,35,-26,18,-41,-3,-45,-24,-39,-41,-22,-47,1,-39,26,-20,45,3,48,28,43,47,22,50,-1,47,-28,24,-48,-1,-54,-30,-47,-52,-26,0,0,-50,30,-30,48,-1,54,26,45,43,26,47,0,41,-24,22,-39,0,-43,-20,-35,-35,-18,-39,0,-32,20,-18,33,1,37,18,32,30,15,35,1,26,-13,15,-26,-1,-33,-16,-26,-20,-18,-28,-3,-22,9,-18,13,-5,22,5,20,0,0,0,0,0,0]"
CSI_DATA,59119,98:4a:6b:31:4a:10,-56,11,-99,28,37,11,616934892,83,0,256,0,"[0,0,0,0,0,0,0,0,-18,32,-32,25,-47,21,-47,3,-51,-3,-43,-25,-40,-36,-32,-54,-21,-58,0,-62,18,-58,32,-54,51,-51,54,-32,69,-14,69,-14,69,7,73,29,69,43,51,58,29,76,18,80,-3,87,-21,83,-36,87,-58,76,-76,51,-83,36,0,0,-83,-21,-76,-21,-65,-58,-69,-65,-40,-73,-18,-73,-3,-80,14,-73,29,-65,43,-58,43,-51,54,-40,43,-7,62,-18,51,7,58,32,47,25,40,40,32,51,14,51,3,54,-10,51,-10,54,-32,36,-32,29,-47,14,-43,3,-47,-10,0,0,0,0,0,0,0,0,0,0,0,0,0,0,32,-47,7,-62,-29,-58,-54,-40,-69,-14,-73,29,-47,62,-7,73,29,73,62,58,87,7,73,-32,54,-73,10,-87,-29,-80,-76,-51,-91,-3,-76,51,-40,98,7,91,51,83,83,36,98,-7,73,-73,29,-98,-29,-98,-76,-76,-105,-25,0,0,-73,83,-18,105,43,98,87,58,98,10,80,-36,47,-80,0,-80,-43,-69,-73,-32,-80,7,-62,47,-36,69,18,80,51,43,76,18,69,-14,51,-47,10,-73,-21,-54,-51,-40,-62,-18,-54,10,-36,36,-3,47,10,54,29,29,40,10,0,0,0,0,0,0]"
CSI_DATA,59120,98:4a:6b:31:4a:10,-55,11,-99,21,37,11,616944882,83,0,256,0,"[0,0,0,0,0,0,0,0,-8,-44,-4,-49,17,-49,31,-44,44,-26,53,-17,62,-4,62,17,58,35,62,58,31,67,17,67,0,80,-22,67,-49,58,-62,53,-71,40,-84,17,-89,0,-84,-22,-75,-49,-58,-58,-44,-80,-8,-93,0,-102,31,-98,53,-84,71,-53,0,0,98,-35,98,8,93,44,71,44,58,67,40,71,22,62,8,80,-17,75,-31,67,-49,53,-58,40,-67,26,-62,13,-67,-8,-53,-17,-53,-40,-40,-44,-31,-49,-13,-58,-4,-58,13,-53,26,-44,40,-35,53,-22,44,-8,44,4,40,13,0,0,0,0,0,0,0,0,0,0,0,0,0,0,26,71,58,53,75,22,75,-13,53,-58,22,-75,-8,-89,-53,-75,-84,-35,-116,-4,-75,58,-35,98,0,98,53,84,89,58,102,-4,89,-53,49,-93,-4,-111,-58,-98,-102,-40,-111,8,-98,71,-40,107,13,111,71,93,111,53,129,-17,0,0,53,-111,-26,-120,-75,-93,-111,-40,-111,17,-71,62,-22,98,17,98,71,75,89,35,102,-26,67,-71,17,-80,-31,-80,-67,-58,-75,-17,-75,22,-58,53,-17,75,22,71,49,53,62,22,62,-13,44,-40,26,-53,-4,-53,-26,-49,-40,-22,0,0,0,0,0,0]"
CSI_DATA,59121,98:4a:6b:31:4a:10,-55,11,-99,25,37,11,616954809,83,0,256,0,"[0,0,0,0,0,0,0,0,-19,-35,-15,-39,-3,-43,7,-47,23,-47,39,-43,51,-31,55,-11,63,-3,67,23,55,27,51,43,43,59,23,75,3,79,-7,71,-35,83,-47,63,-67,55,-79,39,-87,15,-99,-3,-95,-15,-83,-39,-79,-59,-59,-75,-39,-91,-15,-99,0,0,23,-95,35,-99,59,-71,79,-51,79,-31,75,-15,75,0,75,15,67,39,55,43,39,51,31,59,15,55,3,63,-15,59,-27,59,-35,51,-39,39,-51,31,-55,11,-55,7,-55,-11,-55,-23,-47,-35,-31,-35,-15,-43,-11,-47,7,-51,0,0,0,0,0,0,0,0,0,0,0,0,0,0,43,55,67,35,71,-7,63,-43,31,-63,0,-87,-47,-63,-79,-39,-87,3,-75,43,-43,79,3,95,59,79,91,31,99,-15,71,-71,23,-107,-39,-95,-87,-67,-107,-11,-107,47,-63,95,-7,115,59,103,107,51,123,-15,99,-67,51,-115,0,0,-71,-87,-107,-43,-119,35,-79,79,-23,111,39,99,83,59,103,0,83,-43,47,-83,-3,-87,-51,-75,-87,-35,-79,15,-55,63,-23,75,15,75,59,51,75,15,63,-23,51,-43,15,-71,-19,-59,-47,-43,-55,-7,-47,11,-31,39,-7,47,0,0,0,0,0,0]"
CSI_DATA,59122,98:4a:6b:31:4a:10,-55,11,-99,21,37,11,616964994,83,0,256,0,"[0,0,0,0,0,0,0,0,-13,44,-17,40,-40,40,-35,31,-44,22,-53,13,-53,-13,-58,-35,-35,-49,-26,-58,-13,-67,4,-62,17,-67,44,-53,53,-44,75,-35,75,-4,84,8,75,31,71,40,58,67,49,80,26,89,0,89,-31,89,-58,80,-62,67,-93,58,0,0,-98,8,-102,-31,-67,-44,-80,-58,-44,-75,-26,-71,-13,-93,4,-80,31,-71,35,-62,53,-49,62,-31,62,-22,75,0,53,13,53,31,49,31,44,49,22,53,17,62,0,62,-17,49,-26,44,-44,44,-44,17,-44,8,-44,-4,-40,-22,0,0,0,0,0,0,0,0,0,0,0,0,0,0,4,-67,-22,-67,-58,-44,-75,-13,-71,35,-58,62,-17,84,26,80,67,67,102,17,89,-26,67,-67,22,-98,-31,-102,-75,-71,-102,-31,-89,31,-62,75,-13,98,31,93,89,67,111,0,98,-35,67,-98,4,-120,-40,-102,-89,-62,-125,-4,0,0,-75,116,-8,125,49,89,102,71,111,-4,89,-44,53,-84,-4,-98,-67,-80,-89,-40,-102,0,-71,49,-31,75,8,84,53,62,84,26,71,-13,53,-58,22,-71,-22,-71,-44,-53,-71,-22,-62,4,-49,35,-22,53,0,62,31,44,35,26,0,0,0,0,0,0]"
CSI_DATA,59123,98:4a:6b:31:4a:10,-61,11,-99,-33,58,11,616977172,83,0,256,0,"[0,0,0,0,0,0,0,0,-18,5,-18,3,-20,-3,-24,-11,-16,-18,-11,-22,-1,-24,7,-28,16,-22,24,-20,30,-13,32,-1,32,3,32,16,26,24,18,32,9,39,0,37,-13,43,-20,37,-28,26,-32,15,-43,1,-47,-7,-43,-16,-33,-28,-28,-39,-13,-45,0,0,11,-39,24,-39,32,-22,41,-13,35,-11,35,0,35,9,32,18,24,24,16,33,5,28,3,32,-9,32,-15,32,-20,20,-22,20,-22,9,-28,3,-22,-7,-22,-13,-16,-20,-13,-24,-3,-22,0,-24,11,-24,15,-15,18,-11,20,-7,0,0,0,0,0,0,0,0,0,0,0,0,0,0,32,-15,28,-28,11,-35,-9,-39,-26,-30,-41,-16,-47,3,-43,22,-26,43,-5,47,18,45,37,33,48,5,50,-16,35,-41,13,-52,-15,-50,-37,-37,-56,-9,-54,18,-41,41,-9,58,13,56,41,48,60,24,67,-11,50,-43,26,-62,0,0,-39,-52,-58,-28,-64,11,-47,37,-32,50,-1,54,28,47,45,24,50,0,43,-22,20,-45,3,-47,-22,-39,-37,-16,-39,-1,-35,22,-16,33,-3,43,16,37,28,24,33,7,32,-9,24,-20,9,-28,-1,-32,-15,-24,-24,-11,-26,-1,0,0,0,0,0,0]"
CSI_DATA,59124,98:4a:6b:31:4a:10,-55,11,-99,22,37,11,616987008,83,0,256,0,"[0,0,0,0,0,0,0,0,-47,0,-43,-13,-47,-21,-34,-34,-26,-43,-17,-56,8,-60,26,-56,39,-43,56,-39,69,-26,73,0,73,17,65,30,52,47,52,60,26,73,4,69,-13,78,-34,73,-56,69,-69,56,-82,39,-95,4,-95,-4,-104,-39,-78,-56,-65,-73,0,0,-26,-108,0,-91,30,-91,43,-73,65,-56,78,-39,78,-26,82,-8,78,17,65,13,56,43,56,56,34,60,17,65,4,60,-17,60,-21,65,-39,43,-39,30,-52,17,-56,13,-60,-13,-52,-17,-43,-34,-34,-39,-21,-34,-8,-56,0,-52,0,0,0,0,0,0,0,0,0,0,0,0,0,0,69,0,65,-39,30,-56,4,-69,-39,-65,-69,-52,-95,-13,-82,30,-47,69,-8,91,34,91,69,60,95,13,91,-34,65,-82,17,-108,-39,-95,-86,-69,-108,-4,-95,60,-56,99,0,112,56,95,104,60,117,-4,99,-65,56,-112,-4,-121,0,0,-117,-56,-117,13,-91,73,-39,108,17,108,69,78,99,34,95,-21,73,-65,30,-91,-30,-95,-65,-56,-82,-17,-82,30,-47,69,-8,82,30,82,56,47,73,13,65,-26,43,-47,17,-65,-21,-60,-43,-34,-56,-13,-52,13,-43,30,-17,43,0,0,0,0,0,0]"
CSI_DATA,59125,98:4a:6b:31:4a:10,-61,11,-99,-38,58,11,617050832,83,0,256,0,"[0,0,0,0,0,0,0,0,19,-4,23,2,23,8,23,15,15,17,13,28,4,28,-4,32,-13,32,-19,28,-28,23,-30,13,-36,6,-34,-2,-36,-10,-32,-21,-30,-30,-19,-32,-13,-41,-4,-39,6,-47,17,-43,23,-39,34,-30,39,-19,50,-10,50,0,54,8,0,0,41,32,26,34,21,45,10,41,-2,47,-8,41,-15,39,-21,32,-28,26,-28,15,-34,8,-34,0,-32,-6,-32,-13,-26,-15,-23,-23,-13,-26,-10,-30,-4,-30,2,-28,10,-28,17,-23,19,-17,26,-10,23,-6,28,0,21,6,21,13,0,0,0,0,0,0,0,0,0,0,0,0,0,0,-36,4,-30,21,-15,34,6,41,26,32,45,17,43,-6,36,-32,13,-43,-13,-47,-36,-36,-47,-17,-52,8,-39,34,-17,50,13,52,43,39,54,8,56,-23,32,-45,4,-63,-32,-50,-54,-26,-63,8,-52,36,-32,56,4,67,41,52,0,0,65,-15,45,-43,19,-63,-15,-54,-43,-39,-54,-4,-45,23,-26,45,2,50,23,41,39,26,45,0,39,-21,17,-41,-8,-39,-28,-32,-36,-10,-36,10,-21,28,-4,34,13,34,26,21,30,6,30,-6,21,-19,6,-28,-6,-26,-17,-19,0,0,0,0,0,0]"
CSI_DATA,59126,98:4a:6b:31:4a:10,-61,11,-99,-36,58,11,617094275,83,0,256,0,"[0,0,0,0,0,0,0,0,-6,22,-12,20,-20,16,-24,10,-26,0,-28,-8,-26,-18,-22,-24,-12,-30,-2,-34,8,-34,18,-30,28,-26,34,-18,41,-8,41,2,39,12,34,22,26,32,18,41,8,45,-6,47,-18,45,-30,39,-39,30,-47,18,-49,4,-51,-6,0,0,-36,-32,-28,-39,-16,-49,-2,-43,8,-47,16,-39,26,-32,36,-22,36,-14,36,-6,34,4,32,12,28,20,20,24,12,30,4,30,-2,34,-8,28,-16,24,-18,20,-26,14,-26,4,-26,-2,-24,-8,-20,-14,-14,-18,-10,-24,-2,-24,0,0,0,0,0,0,0,0,0,0,0,0,0,0,12,-34,-6,-36,-24,-30,-36,-18,-41,0,-39,20,-24,39,-4,47,18,45,39,30,49,8,49,-16,34,-39,10,-51,-14,-49,-36,-36,-53,-12,-53,16,-39,43,-12,55,14,55,43,41,59,14,61,-16,45,-47,16,-63,-16,-63,-45,-45,0,0,-63,14,-45,43,-18,57,16,57,39,39,51,16,53,-10,41,-34,14,-49,-12,-47,-32,-34,-43,-10,-45,8,-32,30,-12,41,10,39,28,30,36,10,36,-8,26,-24,12,-30,-4,-34,-18,-28,-28,-16,-28,0,-22,14,-14,22,-4,24,0,0,0,0,0,0]"
CSI_DATA,59127,98:4a:6b:31:4a:10,-55,11,-99,20,37,11,617146003,83,0,256,0,"[0,0,0,0,0,0,0,0,-22,45,-32,36,-36,27,-50,22,-50,0,-64,-18,-59,-27,-55,-55,-32,-55,-22,-68,-9,-68,13,-73,27,-73,50,-64,55,-55,59,-45,82,-27,91,-9,87,9,87,27,78,55,64,64,50,73,36,87,13,105,-13,105,-36,96,-50,82,0,0,-82,55,-96,41,-96,13,-91,0,-87,-22,-82,-36,-68,-50,-55,-64,-36,-68,-22,-73,-9,-73,9,-73,22,-64,27,-59,45,-50,50,-36,55,-32,64,-18,55,0,64,9,55,27,45,27,36,36,27,50,13,50,4,50,-4,50,-13,45,0,0,0,0,0,0,0,0,0,0,0,0,0,0,36,-64,4,-78,-36,-68,-73,-41,-82,0,-68,41,-32,78,-4,87,41,73,87,41,87,-13,78,-59,32,-91,-18,-91,-64,-68,-91,-18,-101,36,-64,96,-9,110,55,101,96,50,114,-4,96,-73,36,-114,-36,-114,-91,-78,-128,-22,-124,36,0,0,-4,133,59,105,105,45,114,-9,91,-73,36,-101,-22,-96,-68,-73,-110,-18,-82,32,-55,73,0,82,50,73,73,36,82,-9,64,-55,22,-73,-18,-73,-59,-50,-73,-22,-64,27,-45,45,-9,64,22,59,45,32,50,4,50,-18,27,-41,0,0,0,0,0,0]"
CSI_DATA,59128,98:4a:6b:31:4a:10,-61,11,-99,-36,58,11,617155942,83,0,256,0,"[0,0,0,0,0,0,0,0,22,6,22,14,18,16,12,22,4,26,-4,30,-14,30,-20,26,-26,18,-32,12,-36,2,-36,-6,-34,-14,-28,-22,-22,-34,-18,-41,-12,-43,2,-45,14,-39,20,-34,34,-32,41,-24,47,-14,49,2,47,8,49,16,41,28,32,39,0,0,8,51,-2,47,-14,49,-18,41,-26,30,-32,26,-41,16,-36,6,-36,-2,-34,-8,-32,-14,-26,-22,-26,-28,-18,-28,-8,-30,0,-32,6,-30,12,-28,18,-22,26,-16,24,-8,26,-6,28,0,26,8,20,10,16,18,12,20,6,22,0,0,0,0,0,0,0,0,0,0,0,0,0,0,-34,-14,-34,6,-28,20,-18,34,6,39,26,34,39,20,47,-2,36,-24,20,-41,-4,-47,-28,-39,-47,-18,-47,8,-36,30,-18,47,8,53,39,32,55,12,51,-14,41,-43,8,-57,-20,-53,-53,-32,-63,-2,-53,30,-34,57,0,65,0,0,55,30,61,-10,47,-36,22,-49,-8,-59,-34,-39,-51,-16,-45,10,-30,34,-6,45,16,43,39,24,39,0,36,-18,16,-32,-2,-41,-22,-32,-32,-16,-34,2,-26,20,-16,32,0,34,18,24,28,14,28,-4,22,-14,12,-24,-2,-24,0,0,0,0,0,0]"
CSI_DATA,59129,98:4a:6b:31:4a:10,-55,11,-99,22,37,11,617165528,83,0,256,0,"[0,0,0,0,0,0,0,0,21,43,4,47,0,52,-17,52,-26,56,-43,43,-60,30,-65,13,-65,4,-73,-13,-69,-26,-65,-43,-52,-60,-39,-65,-26,-73,-8,-78,13,-82,39,-82,47,-82,56,-73,82,-56,78,-43,95,-17,108,4,104,21,104,43,91,60,69,82,0,0,39,86,13,104,-17,99,-30,91,-39,86,-52,69,-65,65,-73,43,-78,21,-69,13,-69,-8,-78,-26,-65,-26,-60,-39,-43,-43,-30,-52,-26,-65,-8,-65,4,-56,13,-56,30,-52,39,-47,43,-39,52,-26,47,-17,43,-13,52,13,43,17,0,0,0,0,0,0,0,0,0,0,0,0,0,0,-26,-60,-56,-39,-73,4,-69,34,-43,69,4,86,43,73,78,47,86,-4,78,-52,30,-82,-17,-91,-73,-65,-91,-26,-95,34,-56,78,-4,104,52,95,95,39,99,-21,78,-69,30,-108,-34,-112,-91,-73,-117,-13,-112,56,-52,108,4,112,0,0,112,34,125,-30,73,-82,13,-108,-52,-99,-86,-56,-91,4,-78,56,-26,91,21,95,69,60,86,17,78,-39,43,-73,-4,-82,-47,-65,-73,-26,-78,8,-52,56,-21,69,13,60,52,39,60,13,56,-21,34,-43,8,-60,-26,-43,-39,-26,0,0,0,0,0,0]"
CSI_DATA,59130,98:4a:6b:31:4a:10,-55,11,-99,24,37,11,617175552,83,0,256,0,"[0,0,0,0,0,0,0,0,45,20,40,32,24,40,28,45,4,57,-8,65,-24,57,-40,45,-53,36,-65,20,-73,0,-73,-12,-73,-32,-61,-45,-49,-53,-36,-69,-24,-86,0,-86,20,-81,32,-86,49,-69,73,-61,86,-49,106,-20,102,4,106,20,94,32,77,53,0,0,45,94,28,98,0,102,-20,90,-36,86,-53,73,-69,57,-73,40,-69,20,-73,4,-69,-4,-69,-28,-61,-40,-53,-40,-40,-57,-28,-61,-8,-61,8,-61,12,-49,32,-53,36,-53,49,-36,49,-28,57,-12,53,4,45,8,49,32,45,36,0,0,0,0,0,0,0,0,0,0,0,0,0,0,-61,-28,-69,4,-69,49,-32,69,0,81,49,65,86,28,86,-4,73,-49,32,-81,-12,-90,-57,-73,-90,-28,-94,20,-73,73,-16,98,36,94,77,57,102,12,90,-57,45,-106,-12,-106,-69,-86,-114,-45,-114,12,-90,86,-28,118,36,110,0,0,114,16,110,-45,65,-98,-4,-106,-49,-98,-94,-49,-106,12,-77,61,-32,94,24,94,61,61,86,12,77,-32,53,-69,0,-77,-40,-61,-65,-40,-73,4,-57,40,-28,61,8,69,36,53,57,24,61,-4,45,-28,20,-49,-8,-45,-24,-40,0,0,0,0,0,0]"
CSI_DATA,59131,98:4a:6b:31:4a:10,-55,11,-99,20,37,11,617185550,83,0,256,0,"[0,0,0,0,0,0,0,0,27,32,22,55,9,50,-9,55,-27,59,-41,50,-59,27,-59,13,-68,0,-73,-27,-55,-36,-55,-50,-32,-73,-13,-78,0,-73,27,-78,41,-68,64,-55,73,-41,87,-22,91,0,87,13,87,41,78,64,59,87,45,101,32,105,0,105,0,0,-59,87,-68,68,-91,41,-91,27,-87,9,-91,-18,-82,-36,-59,-55,-45,-59,-32,-64,-13,-78,4,-73,18,-73,27,-64,45,-45,55,-32,59,-27,59,-9,59,4,59,18,45,27,36,50,27,55,22,50,0,45,-13,45,-22,55,-36,41,0,0,0,0,0,0,0,0,0,0,0,0,0,0,-41,-59,-64,-27,-78,0,-64,45,-36,82,0,96,45,73,78,50,87,0,87,-36,50,-82,0,-101,-45,-87,-87,-41,-101,9,-87,59,-45,91,18,91,64,78,105,36,110,-18,82,-82,41,-114,-32,-124,-91,-87,-124,-22,-124,36,-82,96,0,0,50,124,101,82,119,13,105,-45,68,-91,4,-105,-45,-87,-91,-50,-101,4,-87,50,-36,87,4,91,50,68,87,32,82,-13,68,-50,27,-78,-13,-82,-45,-55,-68,-22,-68,18,-50,50,-13,73,13,59,36,45,50,22,50,-9,36,-32,0,0,0,0,0,0]"
CSI_DATA,59132,98:4a:6b:31:4a:10,-61,11,-99,-40,58,11,617195442,83,0,256,0,"[0,0,0,0,0,0,0,0,2,-20,9,-25,16,-23,20,-13,27,-6,29,4,29,11,29,23,23,29,13,34,4,36,-11,39,-20,34,-29,25,-36,16,-46,9,-43,0,-43,-13,-36,-23,-29,-36,-18,-39,-9,-46,2,-48,18,-43,29,-36,41,-39,48,-18,52,-9,0,0,48,20,41,29,32,39,18,41,11,46,2,46,-11,41,-20,32,-25,25,-27,20,-36,9,-36,-2,-39,-6,-29,-13,-27,-23,-16,-25,-13,-29,-2,-29,2,-32,13,-32,18,-23,25,-16,29,-6,27,-2,25,4,20,13,18,18,11,23,0,0,0,0,0,0,0,0,0,0,0,0,0,0,-4,39,13,34,29,25,36,11,41,-11,32,-29,13,-43,-4,-46,-27,-36,-41,-20,-48,6,-41,29,-25,48,4,50,27,43,43,25,55,0,43,-32,25,-50,-4,-62,-32,-46,-57,-23,-62,4,-52,39,-27,66,6,62,36,62,59,29,0,0,52,-36,29,-59,-4,-66,-32,-52,-48,-27,-52,2,-41,29,-20,46,9,48,29,41,43,18,46,-6,32,-25,18,-36,-6,-41,-23,-32,-39,-16,-36,4,-29,18,-16,29,2,36,18,27,32,20,32,2,27,-13,16,-23,4,-27,-6,-25,0,0,0,0,0,0]"
CSI_DATA,59133,98:4a:6b:31:4a:10,-55,11,-99,24,37,11,617205183,83,0,256,0,"[0,0,0,0,0,0,0,0,-16,32,-32,32,-45,28,-53,8,-53,4,-57,-16,-45,-36,-45,-45,-28,-61,-16,-65,4,-73,20,-69,36,-65,57,-53,65,-36,81,-20,77,0,81,12,81,36,73,57,53,69,40,77,16,94,-16,94,-24,94,-49,86,-81,77,-81,49,0,0,-106,12,-102,-20,-86,-32,-81,-49,-65,-69,-40,-65,-28,-86,-12,-77,12,-77,28,-77,40,-53,53,-57,53,-32,65,-28,61,-8,69,8,61,16,57,28,49,49,36,40,20,53,16,53,-4,53,-12,49,-28,40,-32,36,-49,24,-45,12,0,0,0,0,0,0,0,0,0,0,0,0,0,0,28,-65,0,-77,-45,-65,-69,-45,-69,-4,-69,45,-45,77,-4,90,53,77,81,45,98,-4,77,-57,49,-90,-12,-106,-57,-86,-90,-36,-102,16,-81,69,-24,114,32,106,77,73,106,28,106,-45,77,-90,16,-118,-57,-114,-102,-61,-127,-16,0,0,-61,110,4,122,65,98,102,40,110,-20,81,-69,32,-98,-28,-102,-73,-65,-94,-16,-86,28,-49,73,0,81,40,73,77,40,86,-4,65,-45,45,-65,-4,-73,-40,-61,-61,-40,-73,8,-57,36,-28,57,8,65,28,49,49,32,45,-4,0,0,0,0,0,0]"
CSI_DATA,59134,98:4a:6b:31:4a:10,-55,11,-99,22,37,11,617215115,83,0,256,0,"[0,0,0,0,0,0,0,0,17,43,13,47,-8,52,-26,47,-39,43,-52,30,-65,17,-65,0,-65,-26,-60,-43,-34,-60,-26,-78,-4,-91,8,-82,39,-78,56,-65,78,-52,82,-21,91,0,99,13,91,34,78,52,65,78,39,99,13,112,-17,108,-47,95,-73,86,0,0,-108,34,-108,8,-99,-8,-91,-39,-73,-60,-65,-60,-43,-73,-17,-82,0,-82,17,-82,26,-69,39,-56,47,-47,56,-30,73,0,73,8,65,21,56,34,43,52,30,47,17,60,-4,60,-13,60,-34,47,-43,34,-47,30,-52,17,-47,0,0,0,0,0,0,0,0,0,0,0,0,0,0,0,-34,-65,-56,-43,-73,-21,-82,26,-56,56,-21,78,26,82,56,60,78,34,99,-17,78,-56,43,-91,-17,-91,-65,-73,-91,-30,-104,21,-69,73,-39,95,26,104,78,91,104,34,104,-26,82,-82,30,-121,-39,-121,-86,-86,-125,-30,-117,34,0,0,-34,121,34,125,82,82,125,21,104,-43,78,-73,13,-104,-34,-86,-91,-65,-95,-4,-78,43,-47,69,0,91,43,82,82,39,78,-8,60,-39,39,-60,-4,-73,-30,-65,-60,-34,-65,-8,-60,21,-34,43,4,65,17,56,30,26,47,4,0,0,0,0,0,0]"
CSI_DATA,59135,98:4a:6b:31:4a:10,-55,11,-99,24,37,11,617225155,83,0,256,0,"[0,0,0,0,0,0,0,0,-4,45,-20,36,-36,32,-40,20,-61,8,-61,-12,-53,-32,-49,-45,-24,-61,-8,-69,8,-69,28,-65,45,-57,65,-45,73,-24,86,4,81,28,65,49,65,65,45,90,12,86,-16,94,-32,90,-65,77,-90,61,-94,36,-98,8,-102,-12,0,0,-77,-77,-57,-77,-24,-102,0,-86,28,-90,49,-77,57,-57,77,-40,73,-20,69,-4,65,16,61,28,53,57,32,57,16,61,0,57,-12,57,-28,53,-45,45,-49,28,-53,12,-57,-4,-49,-16,-45,-32,-36,-40,-20,-40,-8,-49,8,-53,0,0,0,0,0,0,0,0,0,0,0,0,0,0,12,-73,-28,-69,-61,-57,-77,-28,-90,16,-73,49,-40,81,-4,98,40,90,77,53,106,12,94,-36,61,-77,16,-102,-36,-98,-77,-69,-102,-16,-98,45,-69,86,-12,110,32,110,94,86,106,32,122,-36,77,-98,32,-122,-32,-127,-81,-94,0,0,-135,28,-102,81,-49,122,20,118,73,90,102,32,106,-12,77,-61,36,-94,-8,-102,-61,-77,-81,-40,-90,12,-69,57,-32,77,12,81,45,61,69,36,81,0,65,-32,40,-61,12,-73,-28,-57,-45,-45,-61,-12,-53,16,-40,32,-24,49,0,0,0,0,0,0]"
CSI_DATA,59136,98:4a:6b:31:4a:10,-55,11,-99,23,37,11,617235211,83,0,256,0,"[0,0,0,0,0,0,0,0,33,25,33,42,16,46,16,42,-8,50,-16,54,-42,42,-50,33,-54,21,-63,0,-67,-12,-71,-33,-59,-54,-46,-67,-33,-71,-4,-75,8,-71,37,-80,59,-67,67,-59,88,-42,101,-16,96,4,92,29,84,46,67,75,46,88,25,96,0,0,-29,101,-50,84,-67,63,-75,54,-84,37,-84,12,-84,-4,-67,-33,-63,-46,-50,-50,-33,-67,-16,-71,-4,-67,16,-71,21,-54,42,-54,46,-42,50,-25,54,-12,63,0,59,12,50,29,46,29,29,46,12,46,4,50,-16,54,-21,50,0,0,0,0,0,0,0,0,0,0,0,0,0,0,-63,-37,-75,4,-67,42,-42,63,0,88,37,84,71,54,88,8,84,-37,54,-67,12,-105,-42,-96,-84,-63,-101,-4,-92,46,-63,88,-8,105,50,96,96,59,105,-4,92,-59,54,-109,-4,-118,-80,-101,-113,-50,-126,16,-109,84,-50,126,0,0,96,105,126,42,122,-29,84,-80,29,-118,-29,-109,-75,-75,-101,-16,-92,42,-63,80,-12,96,42,84,75,50,88,4,71,-33,46,-67,0,-84,-42,-75,-63,-29,-71,0,-63,33,-33,67,0,67,29,54,50,42,59,12,46,-21,29,-33,0,0,0,0,0,0]"
CSI_DATA,59137,98:4a:6b:31:4a:10,-55,11,-99,24,37,11,617245210,83,0,256,0,"[0,0,0,0,0,0,0,0,0,-49,4,-45,20,-49,32,-36,53,-36,53,-20,57,-8,57,16,61,36,53,45,45,57,36,69,8,73,0,73,-16,73,-45,69,-57,61,-69,49,-81,32,-86,16,-86,4,-90,-16,-86,-40,-69,-61,-61,-77,-45,-90,-32,-102,4,-98,0,0,49,-94,57,-81,77,-61,77,-53,81,-32,73,-8,86,12,77,24,69,45,61,53,45,57,36,61,16,73,8,69,-16,65,-24,61,-36,53,-40,40,-53,28,-57,16,-53,8,-53,-4,-49,-16,-49,-28,-40,-36,-20,-36,-12,-49,-8,-49,0,0,0,0,0,0,0,0,0,0,0,0,0,0,4,65,40,65,73,24,73,-4,69,-53,28,-77,-12,-81,-49,-77,-73,-32,-90,20,-69,61,-32,86,20,94,73,69,98,12,94,-36,57,-81,4,-102,-61,-94,-106,-49,-106,16,-86,77,-28,110,36,122,94,77,118,24,114,-57,77,-110,0,0,-65,-106,-106,-61,-122,20,-90,69,-28,106,32,90,81,69,102,16,90,-36,49,-86,0,-86,-49,-73,-81,-36,-77,12,-57,57,-24,81,16,69,57,49,65,12,69,-20,49,-57,4,-65,-32,-61,-53,-32,-53,-8,-45,20,-24,45,-8,53,0,0,0,0,0,0]"
CSI_DATA,59138,98:4a:6b:31:4a:10,-61,11,-99,-36,58,11,617255120,83,0,256,0,"[0,0,0,0,0,0,0,0,0,-22,8,-22,14,-20,20,-16,24,-10,30,-2,30,6,28,14,22,22,18,28,10,34,2,36,-8,36,-16,34,-26,30,-32,22,-39,14,-43,6,-43,-4,-41,-16,-36,-26,-30,-32,-22,-41,-12,-47,-2,-51,12,-49,22,-47,34,-41,0,0,49,-18,49,-6,49,6,45,16,36,22,30,30,22,36,12,39,4,41,-6,36,-12,36,-18,28,-24,24,-28,18,-30,10,-32,4,-30,-4,-28,-10,-24,-16,-20,-22,-14,-24,-6,-26,-2,-26,6,-26,12,-22,16,-18,20,-14,22,-8,0,0,0,0,0,0,0,0,0,0,0,0,0,0,-2,36,16,34,32,22,41,6,39,-16,26,-32,8,-45,-16,-45,-36,-30,-47,-8,-47,16,-32,39,-6,51,18,47,43,30,53,4,49,-24,28,-49,0,-57,-30,-49,-51,-26,-59,6,-47,34,-22,57,10,63,41,47,61,20,63,-14,0,0,16,-63,-16,-61,-45,-41,-59,-10,-51,18,-32,41,-6,51,22,45,43,26,49,0,39,-24,18,-39,-4,-43,-26,-32,-39,-16,-41,6,-28,26,-12,34,8,34,24,26,30,10,32,-8,22,-20,8,-28,-6,-28,-18,-20,-24,-8,-22,4,0,0,0,0,0,0]"
CSI_DATA,59139,98:4a:6b:31:4a:10,-61,11,-99,-36,58,11,617265395,83,0,256,0,"[0,0,0,0,0,0,0,0,-4,-20,2,-22,10,-22,18,-18,24,-12,28,-6,30,4,28,12,26,22,18,28,10,34,2,34,-8,36,-18,32,-28,26,-34,20,-39,10,-43,-2,-41,-12,-39,-22,-30,-32,-20,-39,-12,-47,2,-49,14,-49,24,-43,36,-34,45,-24,0,0,51,0,47,16,41,26,32,34,22,41,10,43,0,43,-8,39,-18,36,-24,26,-30,22,-32,14,-32,2,-32,-4,-32,-10,-26,-18,-20,-24,-14,-26,-8,-28,0,-30,8,-26,16,-24,18,-18,22,-10,24,-4,24,2,20,10,20,14,0,0,0,0,0,0,0,0,0,0,0,0,0,0,4,36,20,30,34,16,41,-2,34,-20,24,-36,4,-45,-18,-43,-39,-28,-49,-6,-47,18,-30,39,-8,51,18,47,39,34,51,10,51,-18,34,-43,8,-57,-20,-53,-45,-34,-57,-8,-55,22,-36,49,-8,63,24,59,53,39,67,8,0,0,41,-51,8,-61,-22,-55,-47,-34,-55,-6,-49,20,-32,43,-8,51,22,43,39,28,49,2,39,-18,22,-34,2,-41,-20,-36,-34,-20,-39,-2,-34,18,-18,28,-2,34,16,32,24,18,30,6,28,-8,18,-20,8,-26,-4,-24,-16,-18,0,0,0,0,0,0]"
CSI_DATA,59140,98:4a:6b:31:4a:10,-61,11,-99,-35,58,11,617274930,83,0,256,0,"[0,0,0,0,0,0,0,0,7,-21,11,-17,19,-13,27,-9,27,3,29,5,25,15,19,21,17,27,9,37,-1,33,-7,35,-15,33,-25,27,-31,21,-37,13,-37,1,-39,-1,-35,-15,-35,-21,-29,-31,-21,-37,-13,-39,-3,-47,7,-51,19,-43,35,-39,41,-33,0,0,49,-15,55,0,43,7,45,15,29,25,25,33,19,37,9,39,0,41,-9,37,-15,35,-19,27,-27,21,-31,15,-29,7,-33,0,-27,-3,-25,-11,-23,-15,-17,-23,-11,-25,-5,-27,-1,-23,5,-25,13,-25,15,-21,19,-15,19,-9,0,0,0,0,0,0,0,0,0,0,0,0,0,0,-17,33,3,37,21,29,33,19,39,-5,35,-23,19,-39,1,-45,-27,-39,-41,-25,-47,3,-41,27,-21,47,3,51,31,41,47,17,51,-9,35,-43,7,-55,-19,-57,-47,-35,-59,-9,-53,21,-33,51,0,65,33,53,55,29,63,-3,0,0,29,-55,-13,-61,-33,-43,-59,-13,-51,15,-37,41,-11,51,13,47,39,27,47,5,41,-21,21,-35,0,-39,-19,-33,-37,-13,-41,5,-31,23,-13,37,7,35,25,29,31,9,31,-7,25,-23,7,-29,-7,-29,-19,-19,-25,-7,-23,5,0,0,0,0,0,0]"
CSI_DATA,59141,98:4a:6b:31:4a:10,-61,11,-99,-36,58,11,617284570,83,0,256,0,"[0,0,0,0,0,0,0,0,18,8,18,14,12,20,6,24,0,28,-10,28,-18,24,-24,20,-30,14,-30,2,-34,-10,-30,-20,-28,-26,-20,-32,-16,-39,-2,-39,12,-36,20,-36,32,-28,34,-20,45,-18,45,-2,39,6,43,20,36,28,28,36,20,47,6,51,0,0,-18,47,-28,41,-36,28,-41,18,-43,8,-45,-4,-36,-12,-34,-20,-26,-28,-20,-30,-10,-32,-4,-32,2,-34,10,-32,20,-26,24,-22,26,-16,26,-8,28,0,28,6,24,12,20,20,16,22,8,26,0,26,-8,22,-10,20,-18,18,0,0,0,0,0,0,0,0,0,0,0,0,0,0,-34,-16,-39,2,-34,20,-20,36,0,43,20,41,39,26,47,10,45,-18,32,-34,12,-45,-14,-49,-34,-32,-53,-8,-49,18,-32,43,-4,59,26,51,49,34,63,6,55,-24,32,-49,-2,-63,-34,-57,-59,-32,-63,2,-57,34,-34,59,0,0,34,57,57,30,63,-2,51,-32,26,-53,-6,-55,-30,-43,-47,-20,-49,6,-39,34,-18,45,10,45,26,32,41,12,41,-10,30,-26,12,-41,-10,-39,-24,-24,-39,-10,-34,6,-22,26,-8,32,6,30,20,22,24,12,26,-2,20,-12,0,0,0,0,0,0]"
CSI_DATA,59142,98:4a:6b:31:4a:10,-61,11,-99,-33,58,11,617294341,83,0,256,0,"[0,0,0,0,0,0,0,0,5,22,0,20,-7,18,-13,24,-18,16,-24,15,-26,3,-33,-1,-30,-13,-32,-20,-26,-28,-16,-32,-9,-32,1,-43,9,-35,15,-39,28,-32,33,-22,43,-22,45,-11,43,1,39,3,37,15,33,32,32,43,16,45,15,48,-3,48,0,0,-22,41,-28,35,-41,26,-45,16,-43,11,-45,0,-41,-5,-35,-13,-28,-24,-24,-30,-15,-32,-11,-33,-3,-32,0,-37,9,-32,15,-28,18,-20,26,-22,24,-11,28,-3,30,0,30,5,24,11,16,15,15,24,9,22,1,26,-5,24,0,0,0,0,0,0,0,0,0,0,0,0,0,0,-9,-33,-22,-32,-35,-15,-39,9,-30,28,-11,43,13,41,32,39,45,13,45,-13,30,-35,11,-48,-13,-47,-39,-39,-52,-5,-52,18,-30,47,-1,58,33,45,50,22,56,-5,41,-43,15,-60,-18,-62,-41,-43,-67,-15,-62,24,-43,50,0,0,28,60,56,32,58,0,47,-33,26,-50,-7,-50,-33,-37,-47,-11,-48,13,-33,32,-5,48,13,41,35,24,41,-1,33,-20,18,-37,-7,-37,-20,-32,-35,-13,-37,7,-26,24,-7,32,7,28,18,22,26,9,26,-7,16,-20,7,-24,0,0,0,0,0,0]"
CSI_DATA,59143,98:4a:6b:31:4a:10,-61,11,-99,-36,58,11,617307472,83,0,256,0,"[0,0,0,0,0,0,0,0,18,-14,22,-6,26,-2,24,6,22,16,18,22,12,28,0,30,-4,30,-16,28,-26,20,-34,18,-34,8,-36,0,-41,-8,-34,-20,-28,-30,-22,-36,-16,-41,2,-45,8,-43,22,-41,30,-36,43,-24,47,-16,49,-4,51,8,47,24,0,0,26,41,20,45,4,51,-6,43,-18,45,-24,34,-32,30,-34,18,-36,10,-34,2,-36,-8,-30,-16,-28,-22,-20,-26,-10,-32,-6,-32,0,-32,8,-26,16,-26,24,-22,28,-14,26,-10,30,4,26,10,22,12,16,16,12,20,6,26,0,0,0,0,0,0,0,0,0,0,0,0,0,0,-30,18,-20,32,-2,39,16,34,32,24,45,6,43,-14,30,-34,10,-47,-14,-47,-34,-32,-49,-12,-47,14,-34,39,-12,53,14,49,39,39,55,8,49,-20,34,-45,8,-57,-22,-53,-47,-36,-63,-8,-55,26,-34,53,-6,67,24,59,0,0,63,6,57,-26,34,-51,2,-55,-26,-53,-47,-28,-53,-2,-45,26,-24,45,0,49,24,34,39,16,43,-4,34,-24,12,-36,-8,-39,-24,-30,-34,-8,-36,4,-26,20,-12,32,4,32,18,26,26,14,26,-2,26,-14,14,-20,0,-24,0,0,0,0,0,0]"
CSI_DATA,59144,98:4a:6b:31:4a:10,-60,11,-99,-33,57,11,617317066,83,0,256,0,"[0,0,0,0,0,0,0,0,12,-21,19,-16,23,-8,25,-4,25,8,25,16,19,25,10,29,-2,33,-8,35,-23,31,-25,25,-31,14,-31,6,-33,-2,-33,-10,-31,-23,-23,-35,-14,-42,-2,-42,8,-46,16,-40,29,-33,40,-16,50,-12,50,-2,52,10,48,27,0,0,25,42,8,46,-6,50,-12,44,-27,38,-35,31,-35,21,-40,10,-38,0,-33,-12,-31,-23,-23,-29,-12,-29,-10,-31,4,-31,8,-29,19,-27,23,-21,25,-14,27,-2,31,2,29,10,23,12,16,21,8,21,4,21,-6,25,-14,23,0,0,0,0,0,0,0,0,0,0,0,0,0,0,-23,29,-6,40,10,42,29,29,40,14,48,-8,40,-27,25,-44,-4,-50,-23,-42,-48,-27,-48,-2,-46,23,-27,46,-2,59,25,57,46,42,59,8,54,-25,35,-46,8,-67,-27,-61,-52,-42,-69,-8,-61,19,-46,50,-12,69,25,67,0,0,71,19,65,-16,46,-44,19,-57,-12,-59,-42,-40,-50,-14,-52,12,-38,38,-16,48,8,46,33,33,48,16,44,-6,33,-27,14,-40,-4,-42,-23,-29,-35,-16,-40,6,-27,19,-16,31,-2,31,14,29,25,14,29,2,25,-6,16,-16,0,0,0,0,0,0]"
CSI_DATA,59145,98:4a:6b:31:4a:10,-61,11,-99,-36,58,11,617326615,83,0,256,0,"[0,0,0,0,0,0,0,0,4,-22,10,-20,18,-20,24,-14,26,-4,32,4,28,12,24,20,18,26,14,32,2,34,-4,34,-16,32,-24,28,-32,24,-36,14,-43,8,-47,-6,-41,-14,-39,-24,-26,-34,-18,-41,-6,-49,8,-49,16,-49,20,-45,34,-34,45,-24,0,0,51,0,47,14,45,18,36,26,24,39,14,39,6,39,0,39,-10,34,-18,32,-24,30,-28,20,-32,16,-32,6,-34,0,-30,-10,-26,-14,-22,-20,-16,-24,-10,-26,-6,-30,4,-28,10,-24,16,-20,20,-16,24,-12,24,-4,22,2,0,0,0,0,0,0,0,0,0,0,0,0,0,0,-8,32,8,39,26,28,39,14,39,-6,34,-24,18,-41,-6,-45,-30,-41,-43,-22,-49,4,-39,26,-20,45,6,51,30,43,49,18,53,-6,36,-39,16,-53,-16,-55,-39,-41,-55,-14,-53,16,-36,49,-6,65,20,59,51,41,67,12,0,0,39,-51,2,-59,-24,-55,-49,-32,-59,2,-51,24,-26,43,2,47,28,39,45,16,45,-6,34,-30,14,-39,-8,-41,-26,-28,-36,-10,-34,10,-24,26,-8,36,10,36,24,24,32,8,28,-8,22,-20,8,-26,-4,-28,-14,-18,-22,-8,0,0,0,0,0,0]"
CSI_DATA,59146,98:4a:6b:31:4a:10,-55,11,-99,22,37,11,617336228,83,0,256,0,"[0,0,0,0,0,0,0,0,-8,-34,4,-47,21,-47,26,-34,52,-30,60,-21,56,0,60,17,52,43,43,56,21,69,4,69,-13,78,-34,60,-43,56,-73,43,-78,26,-86,0,-91,-26,-78,-39,-60,-60,-47,-78,-26,-86,4,-99,21,-91,56,-91,73,-65,91,-47,0,0,95,8,91,26,78,52,52,60,34,78,17,78,8,73,-13,82,-43,73,-52,56,-69,43,-65,21,-73,4,-65,-8,-52,-30,-47,-43,-39,-47,-26,-60,-8,-56,4,-52,26,-56,43,-43,43,-34,47,-21,47,-4,47,4,43,30,34,34,0,0,0,0,0,0,0,0,0,0,0,0,0,0,8,69,47,56,69,34,78,0,78,-34,34,-78,13,-86,-47,-86,-73,-60,-95,-8,-91,34,-65,69,-17,99,34,91,78,65,99,21,99,-39,73,-82,21,-112,-43,-99,-82,-73,-104,-13,-108,39,-69,95,-30,117,43,104,91,78,121,21,0,0,91,-95,30,-125,-30,-108,-91,-78,-112,-21,-95,30,-69,78,-17,99,39,91,73,56,95,4,82,-21,56,-60,13,-78,-34,-69,-60,-47,-78,-13,-73,30,-43,47,-13,69,26,60,47,47,60,21,52,-17,43,-43,17,-43,-4,-56,-26,-39,0,0,0,0,0,0]"
CSI_DATA,59147,98:4a:6b:31:4a:10,-56,11,-99,27,37,11,617346133,83,0,256,0,"[0,0,0,0,0,0,0,0,37,-18,37,-15,52,-15,48,7,48,18,37,30,22,52,15,56,-3,56,-15,60,-26,52,-45,48,-60,41,-60,22,-67,7,-67,-18,-67,-33,-60,-48,-45,-63,-26,-67,-18,-75,3,-90,26,-82,37,-82,56,-63,86,-45,82,-30,101,-3,0,0,75,33,78,45,52,67,37,67,18,71,0,78,-11,78,-26,67,-45,60,-48,45,-63,33,-67,11,-63,3,-63,-7,-52,-22,-56,-37,-41,-37,-26,-48,-15,-56,0,-48,11,-56,30,-48,22,-37,37,-30,45,-22,41,-7,48,3,45,18,0,0,0,0,0,0,0,0,0,0,0,0,0,0,-48,30,-26,56,7,71,41,56,67,33,82,0,63,-41,45,-75,0,-82,-37,-71,-71,-30,-82,7,-67,52,-41,86,15,90,56,75,90,33,86,-22,63,-71,22,-90,-26,-97,-78,-63,-105,-15,-105,45,-63,90,0,112,56,97,101,52,0,0,97,-63,41,-97,-15,-112,-60,-78,-90,-45,-90,15,-75,56,-18,78,26,82,63,52,75,11,82,-26,52,-60,7,-71,-33,-52,-60,-33,-63,0,-60,41,-30,60,3,63,33,52,56,26,56,0,56,-22,18,-45,3,-48,-18,-41,-30,-30,0,0,0,0,0,0]"
CSI_DATA,59148,98:4a:6b:31:4a:10,-61,11,-99,-37,58,11,618356026,83,0,256,0,"[0,0,0,0,0,0,0,0,23,8,23,16,16,21,10,25,2,31,-6,31,-16,29,-25,25,-31,16,-35,8,-38,-2,-38,-12,-33,-21,-25,-29,-19,-38,-10,-40,0,-44,12,-42,21,-40,31,-33,40,-25,46,-16,48,-6,50,8,48,21,42,31,35,42,23,48,0,0,-4,52,-14,50,-25,44,-33,33,-40,27,-42,14,-44,6,-42,-4,-38,-14,-33,-23,-27,-27,-19,-31,-12,-33,-4,-33,6,-33,12,-31,16,-27,23,-21,27,-14,29,-8,31,0,29,6,27,12,21,19,14,23,6,23,2,25,-6,25,0,0,0,0,0,0,0,0,0,0,0,0,0,0,-33,-16,-38,2,-35,21,-21,35,0,44,23,40,40,25,48,4,42,-21,27,-42,2,-50,-25,-46,-44,-27,-52,-2,-48,27,-25,48,2,57,31,46,52,25,59,-8,48,-38,21,-59,-12,-61,-44,-48,-63,-19,-65,16,-48,50,-16,65,0,0,50,46,63,12,61,-23,40,-46,8,-59,-23,-50,-46,-31,-52,-2,-44,23,-25,44,0,48,25,38,40,19,44,-4,33,-25,16,-38,-6,-40,-23,-29,-35,-10,-35,6,-27,23,-10,33,6,33,21,25,27,10,27,-2,21,-14,10,-23,0,0,0,0,0,0]"
CSI_DATA,59149,98:4a:6b:31:4a:10,-61,11,-99,-38,58,11,618365987,83,0,256,0,"[0,0,0,0,0,0,0,0,17,-17,23,-10,26,-4,26,4,26,15,21,23,13,30,4,32,-6,32,-15,32,-26,26,-32,19,-36,10,-39,0,-39,-13,-32,-21,-28,-30,-17,-39,-8,-43,4,-45,15,-43,26,-39,36,-32,45,-19,50,-8,52,4,50,17,43,30,0,0,19,47,6,50,-6,50,-19,43,-28,36,-34,28,-39,19,-41,8,-39,-4,-36,-13,-32,-19,-26,-26,-17,-30,-10,-32,0,-32,8,-32,15,-30,21,-21,26,-15,28,-8,30,0,28,8,26,13,19,19,13,21,6,23,-2,26,-8,23,0,0,0,0,0,0,0,0,0,0,0,0,0,0,-28,21,-17,34,2,39,21,34,36,21,43,2,41,-17,28,-34,6,-45,-15,-45,-36,-32,-47,-10,-47,15,-34,39,-10,52,15,52,39,39,54,13,54,-17,36,-43,13,-56,-17,-58,-43,-41,-63,-13,-60,17,-43,47,-15,65,19,63,0,0,63,17,63,-15,45,-43,15,-56,-15,-54,-39,-39,-52,-15,-50,13,-34,36,-10,45,13,43,32,30,43,8,41,-13,26,-30,8,-39,-10,-36,-26,-26,-34,-8,-34,8,-23,23,-10,32,6,32,19,23,26,10,28,-2,23,-13,13,-21,0,0,0,0,0,0]"
CSI_DATA,59150,98:4a:6b:31:4a:10,-55,11,-99,22,37,11,618375782,83,0,256,0,"[0,0,0,0,0,0,0,0,-4,39,-17,39,-30,39,-47,26,-52,13,-60,0,-56,-26,-47,-34,-43,-56,-34,-56,-17,-73,8,-69,26,-78,39,-69,56,-52,69,-39,82,-21,91,-4,91,26,82,39,73,52,52,73,39,91,21,99,-8,112,-34,95,-52,91,-73,69,0,0,-95,43,-108,17,-99,-17,-91,-34,-78,-52,-52,-60,-43,-82,-21,-78,-4,-82,17,-78,30,-65,43,-60,52,-47,65,-30,65,-17,69,0,69,8,65,26,52,30,43,43,30,60,13,56,4,56,-17,47,-21,43,-43,34,-43,30,-47,13,0,0,0,0,0,0,0,0,0,0,0,0,0,0,21,-65,-13,-69,-56,-52,-69,-21,-73,17,-73,56,-26,82,13,86,60,69,91,34,91,-17,69,-60,30,-86,-21,-95,-65,-69,-95,-26,-95,30,-65,78,-13,112,43,99,91,56,104,4,99,-56,52,-104,-8,-121,-69,-95,-108,-47,-130,13,0,0,-47,121,21,112,78,91,104,34,112,-26,65,-73,21,-95,-39,-91,-78,-56,-91,-4,-86,43,-47,73,-4,78,43,73,78,30,78,-8,65,-43,34,-60,-17,-82,-43,-65,-60,-26,-69,13,-56,34,-26,52,8,52,39,47,43,26,39,-4,0,0,0,0,0,0]"
CSI_DATA,59151,98:4a:6b:31:4a:10,-55,11,-99,23,37,11,618385717,83,0,256,0,"[0,0,0,0,0,0,0,0,16,-42,42,-37,54,-25,50,-8,59,8,59,21,42,46,37,46,25,63,4,67,-21,71,-42,71,-50,54,-71,42,-67,16,-84,-16,-75,-29,-67,-42,-50,-75,-37,-84,-16,-92,0,-84,16,-84,67,-75,75,-71,92,-37,113,-25,101,0,0,0,88,54,67,92,37,92,21,92,-8,88,-16,75,-42,75,-67,67,-71,46,-71,29,-67,12,-75,-21,-75,-33,-54,-46,-33,-50,-29,-63,-12,-63,0,-59,16,-59,33,-50,46,-37,59,-29,54,-12,50,4,46,21,33,29,33,37,16,46,0,0,0,0,0,0,0,0,0,0,0,0,0,0,-33,54,0,75,29,67,59,46,75,8,80,-29,54,-71,16,-84,-37,-84,-67,-67,-88,-16,-88,21,-71,75,-29,96,16,96,71,80,101,29,96,-33,71,-84,12,-101,-29,-96,-80,-80,-105,-29,-113,33,-75,88,-16,109,29,122,101,75,0,0,113,-46,84,-96,8,-109,-37,-105,-80,-59,-101,-8,-92,37,-59,71,-8,96,37,88,75,59,92,12,84,-33,50,-75,-4,-75,-37,-63,-59,-46,-75,-8,-63,33,-42,54,-4,71,25,54,46,42,63,8,54,-25,37,-42,21,-50,-8,-50,0,0,0,0,0,0]"
CSI_DATA,59152,98:4a:6b:31:4a:10,-61,11,-99,-38,58,11,618395573,83,0,256,0,"[0,0,0,0,0,0,0,0,21,-8,26,0,26,6,26,15,21,19,15,26,4,30,-2,32,-13,34,-19,28,-30,23,-32,15,-36,10,-39,0,-39,-10,-34,-19,-30,-30,-23,-36,-15,-43,-8,-45,2,-45,19,-43,26,-41,39,-32,41,-26,50,-17,54,-4,54,6,0,0,43,30,32,39,19,41,10,47,0,47,-8,43,-17,39,-26,32,-30,28,-32,19,-34,10,-36,4,-36,-6,-34,-10,-30,-17,-26,-23,-15,-26,-10,-28,-4,-30,4,-30,10,-28,19,-23,19,-19,21,-15,23,-8,23,-2,23,6,21,13,0,0,0,0,0,0,0,0,0,0,0,0,0,0,-34,4,-28,21,-10,34,6,41,26,30,41,15,43,-6,36,-30,15,-41,-4,-45,-32,-32,-43,-15,-45,13,-34,36,-10,50,15,47,39,32,52,4,50,-23,26,-45,-2,-56,-28,-47,-52,-28,-58,4,-50,36,-23,56,10,60,45,45,0,0,63,-15,41,-45,15,-63,-19,-52,-43,-32,-52,-8,-45,21,-28,41,2,50,26,39,41,19,43,-4,30,-26,13,-39,-13,-36,-30,-26,-36,-8,-34,13,-23,28,-4,32,10,32,26,19,28,4,26,-10,17,-23,4,-28,-8,-23,-19,-17,0,0,0,0,0,0]"
CSI_DATA,59153,98:4a:6b:31:4a:10,-55,11,-99,24,37,11,618405353,83,0,256,0,"[0,0,0,0,0,0,0,0,-49,-4,-45,-16,-45,-28,-32,-45,-16,-61,0,-57,12,-53,32,-65,45,-49,65,-28,65,-16,73,-4,73,12,61,40,49,61,40,69,16,86,-8,90,-20,86,-40,73,-61,69,-81,49,-94,24,-98,-8,-94,-28,-94,-45,-81,-61,-53,-81,0,0,4,-106,20,-94,49,-90,53,-53,77,-53,73,-28,81,-16,81,16,73,28,65,40,49,53,28,61,20,65,4,65,-20,65,-28,57,-40,49,-45,36,-53,24,-57,12,-57,-8,-53,-16,-45,-28,-32,-45,-20,-36,-8,-45,0,-53,24,-49,0,0,0,0,0,0,0,0,0,0,0,0,0,0,65,8,61,-32,36,-57,8,-69,-24,-69,-65,-49,-81,-16,-81,20,-65,65,-20,90,20,90,69,57,94,24,90,-28,65,-65,20,-102,-28,-90,-77,-69,-102,-20,-94,40,-65,81,-16,110,40,98,106,69,114,20,114,-49,69,-94,12,-122,0,0,-98,-65,-122,-8,-106,49,-57,98,4,122,53,86,90,49,90,-4,81,-53,36,-86,-8,-77,-53,-69,-73,-28,-73,16,-57,49,-24,69,12,81,49,57,69,24,69,-12,65,-40,24,-53,-4,-61,-32,-49,-53,-20,-49,-4,-53,24,-24,36,0,0,0,0,0,0]"
CSI_DATA,59154,98:4a:6b:31:4a:10,-55,11,-99,25,37,11,618415353,83,0,256,0,"[0,0,0,0,0,0,0,0,-11,-43,3,-47,19,-43,27,-39,43,-35,51,-23,63,-7,67,11,51,31,51,43,43,55,19,67,11,83,-11,71,-23,71,-39,75,-51,55,-71,43,-79,23,-91,7,-91,-11,-95,-23,-75,-55,-63,-71,-47,-91,-23,-99,-11,-99,7,-107,0,0,63,-87,71,-75,87,-39,87,-19,87,-11,95,7,75,23,71,51,59,59,47,63,35,71,15,67,3,71,-19,71,-35,59,-43,47,-47,43,-59,27,-55,11,-55,0,-55,-11,-47,-23,-43,-31,-39,-47,-19,-47,-11,-43,7,-47,11,-43,0,0,0,0,0,0,0,0,0,0,0,0,0,0,3,75,39,59,71,39,83,-3,67,-43,35,-71,-7,-83,-47,-71,-83,-47,-95,11,-75,55,-35,83,11,91,63,71,99,27,99,-27,63,-71,7,-107,-43,-99,-91,-59,-111,0,-95,59,-55,103,11,111,71,91,127,35,131,-35,91,-79,0,0,-43,-111,-87,-79,-115,-19,-99,51,-59,95,3,103,55,83,83,43,95,-11,71,-59,23,-87,-19,-87,-63,-51,-83,-7,-71,31,-43,67,-3,75,31,67,59,43,71,-3,55,-23,35,-55,-3,-59,-31,-51,-47,-27,-51,-3,-39,19,-19,47,0,0,0,0,0,0]"
CSI_DATA,59155,98:4a:6b:31:4a:10,-55,11,-99,26,37,11,618425333,83,0,256,0,"[0,0,0,0,0,0,0,0,23,38,23,50,-3,46,-19,42,-42,38,-54,27,-65,11,-65,3,-65,-23,-61,-34,-50,-54,-42,-61,-19,-73,3,-73,19,-69,38,-58,58,-54,77,-38,81,-23,88,0,85,7,81,34,73,58,42,81,30,88,15,92,-7,100,-46,100,0,0,-77,54,-92,38,-96,7,-92,-3,-85,-34,-73,-46,-65,-65,-42,-69,-23,-77,-3,-69,15,-73,30,-61,34,-65,46,-38,58,-27,61,-15,65,-7,58,15,54,27,46,38,34,58,7,46,11,54,-7,54,-23,42,-27,38,-42,34,-46,19,0,0,0,0,0,0,0,0,0,0,0,0,0,0,-27,-58,-61,-42,-73,-11,-65,30,-50,54,-15,88,23,77,65,58,88,27,88,-19,61,-65,23,-92,-23,-92,-73,-61,-92,-23,-100,23,-65,77,-7,100,42,92,88,65,116,7,92,-42,61,-92,3,-116,-58,-108,-100,-61,-127,7,-108,58,0,0,-3,127,69,104,104,54,119,-3,85,-69,34,-104,-11,-104,-65,-81,-88,-38,-96,15,-77,69,-19,88,27,81,61,65,81,11,81,-34,58,-58,15,-73,-27,-65,-54,-42,-65,-15,-69,15,-42,50,-15,58,3,58,42,46,46,19,46,-7,0,0,0,0,0,0]"
CSI_DATA,59156,98:4a:6b:31:4a:10,-61,11,-99,-36,58,11,618439247,83,0,256,0,"[0,0,0,0,0,0,0,0,8,22,0,24,-6,22,-16,22,-20,16,-30,10,-32,-2,-32,-6,-26,-14,-24,-28,-20,-30,-12,-36,-2,-41,6,-36,16,-34,24,-32,30,-26,39,-22,45,-12,43,2,47,8,41,18,34,26,24,41,22,47,8,49,-2,51,-14,49,0,0,-34,34,-39,28,-45,18,-47,6,-45,-4,-43,-12,-39,-18,-30,-24,-22,-28,-14,-34,-10,-34,2,-34,6,-36,12,-30,20,-24,26,-24,26,-14,30,-8,30,-4,26,10,30,12,24,16,18,22,12,24,4,22,0,24,-6,26,-14,24,0,0,0,0,0,0,0,0,0,0,0,0,0,0,0,-39,-16,-32,-30,-20,-39,-2,-32,22,-20,41,0,43,22,39,41,24,47,-4,39,-26,20,-41,-4,-55,-28,-41,-49,-18,-51,10,-39,34,-18,49,18,51,41,36,59,8,53,-26,30,-51,0,-59,-30,-55,-53,-30,-63,2,-55,36,0,0,8,61,41,49,59,24,57,-12,39,-39,10,-53,-20,-49,-41,-28,-47,-4,-43,20,-26,39,0,43,24,36,36,16,39,-6,32,-28,10,-36,-8,-39,-24,-28,-36,-6,-30,10,-22,20,-6,30,6,30,20,22,24,6,28,-8,16,-14,0,0,0,0,0,0]"
CSI_DATA,59157,98:4a:6b:31:4a:10,-61,11,-99,-35,58,11,618467994,83,0,256,0,"[0,0,0,0,0,0,0,0,-7,-19,0,-23,3,-25,11,-17,19,-17,27,-11,29,-1,31,7,27,15,25,23,17,29,13,33,3,35,-5,37,-17,31,-25,35,-29,25,-37,15,-41,5,-39,-1,-41,-17,-35,-23,-29,-33,-17,-41,-11,-41,-3,-47,5,-47,21,-47,0,0,37,-25,39,-15,45,-7,47,3,39,11,33,19,31,23,21,31,11,33,5,33,-1,35,-7,33,-15,31,-19,27,-25,17,-31,9,-27,3,-29,-1,-29,-11,-23,-19,-17,-23,-11,-25,-7,-23,0,-23,7,-23,13,-19,15,-15,19,-13,0,0,0,0,0,0,0,0,0,0,0,0,0,0,5,33,23,27,33,13,39,-3,29,-25,15,-39,-3,-43,-23,-39,-41,-19,-45,1,-39,29,-19,41,3,47,29,39,45,15,49,-5,41,-31,13,-49,-15,-55,-37,-35,-55,-13,-53,21,-35,43,-5,65,23,61,51,33,63,5,61,-29,0,0,1,-63,-33,-53,-55,-31,-55,0,-47,31,-23,47,5,51,31,39,45,17,45,-11,31,-33,11,-41,-13,-39,-31,-27,-37,-3,-37,13,-21,31,-7,37,11,33,27,19,35,3,29,-9,17,-23,3,-27,-9,-27,-21,-15,-23,-1,-21,9,0,0,0,0,0,0]"
CSI_DATA,59158,98:4a:6b:31:4a:10,-55,11,-99,21,37,11,618483604,83,0,256,0,"[0,0,0,0,0,0,0,0,31,31,26,35,17,44,0,49,-13,53,-31,58,-44,44,-53,31,-62,13,-71,-4,-71,-26,-67,-40,-58,-53,-40,-62,-31,-80,-4,-80,22,-89,35,-75,44,-71,67,-67,84,-44,93,-31,93,-4,102,22,84,35,89,71,67,84,62,107,0,0,-4,102,-17,102,-35,89,-62,80,-75,75,-71,44,-84,26,-80,8,-80,-4,-80,-26,-67,-44,-58,-44,-40,-62,-26,-62,-17,-71,0,-71,17,-67,26,-58,40,-49,49,-40,58,-26,53,-8,62,0,58,22,44,17,31,35,26,44,17,49,0,0,0,0,0,0,0,0,0,0,0,0,0,0,-49,-44,-71,-17,-67,22,-53,49,-26,71,22,80,58,67,84,31,84,-13,58,-62,17,-84,-31,-84,-75,-58,-93,-8,-93,40,-53,80,0,102,49,89,93,49,107,-8,80,-67,35,-102,-31,-107,-84,-80,-111,-26,-111,40,-71,89,-22,120,0,0,111,75,111,4,89,-62,49,-98,-13,-116,-67,-75,-98,-35,-98,22,-62,71,-22,89,31,80,67,49,75,0,75,-44,31,-71,-13,-71,-44,-67,-71,-35,-67,13,-58,44,-26,62,13,67,40,44,53,22,53,-13,35,-35,17,-44,-13,-53,0,0,0,0,0,0]"
CSI_DATA,59159,98:4a:6b:31:4a:10,-61,11,-99,-39,58,11,618522867,83,0,256,0,"[0,0,0,0,0,0,0,0,22,6,20,13,15,20,8,24,2,29,-6,29,-15,26,-24,20,-31,13,-33,4,-35,-6,-33,-15,-29,-22,-22,-31,-11,-35,-2,-38,6,-40,20,-38,29,-33,35,-24,42,-17,44,-6,44,6,42,20,38,31,29,40,20,47,6,49,0,0,-17,47,-29,38,-38,29,-40,15,-44,6,-42,-4,-38,-11,-33,-20,-26,-26,-17,-31,-8,-33,-2,-35,4,-33,13,-31,20,-24,24,-20,26,-11,29,-4,29,2,26,11,24,17,17,20,13,22,6,24,-2,26,-6,22,-13,20,-20,17,0,0,0,0,0,0,0,0,0,0,0,0,0,0,-33,-13,-35,4,-31,20,-15,38,2,38,22,35,38,22,44,2,40,-20,26,-38,2,-47,-20,-42,-40,-26,-49,-4,-44,20,-29,42,-2,51,22,44,47,29,53,2,49,-26,29,-51,0,-60,-31,-53,-51,-31,-62,0,-53,33,-31,55,0,0,33,55,55,26,60,-2,47,-29,26,-49,-4,-51,-29,-42,-44,-17,-47,4,-38,29,-17,40,6,44,29,33,40,15,38,-6,31,-24,13,-38,-4,-35,-22,-26,-33,-13,-33,2,-26,20,-11,29,2,29,15,22,22,13,26,2,22,-11,0,0,0,0,0,0]"
CSI_DATA,59160,98:4a:6b:31:4a:10,-55,11,-99,25,37,11,618533309,83,0,256,0,"[0,0,0,0,0,0,0,0,11,43,7,51,-27,55,-35,43,-39,27,-55,27,-75,0,-67,-11,-55,-31,-59,-47,-31,-55,-19,-71,0,-83,15,-79,11,-79,43,-67,63,-59,83,-39,83,-15,99,-3,91,27,91,35,87,59,55,79,31,91,47,95,15,99,-15,99,0,0,-59,71,-79,67,-83,31,-91,19,-87,3,-83,-19,-75,-39,-59,-43,-39,-55,-43,-79,-23,-83,-15,-67,11,-71,27,-71,43,-51,39,-47,55,-19,71,-11,63,-7,51,15,47,19,55,19,43,35,15,35,0,39,11,55,-19,51,-39,39,0,0,0,0,0,0,0,0,0,0,0,0,0,0,-11,-59,-55,-59,-75,-39,-83,7,-67,43,-39,75,15,83,55,67,75,43,95,-19,75,-75,35,-91,-11,-99,-71,-55,-95,-27,-103,23,-75,83,-11,99,43,87,71,59,111,-7,99,-63,47,-103,-7,-119,-67,-87,-119,-47,-131,31,-99,91,0,0,27,111,99,79,111,23,103,-43,63,-91,11,-103,-43,-83,-95,-39,-95,3,-71,55,-35,91,19,67,63,67,87,19,79,-23,51,-55,15,-79,-27,-79,-59,-39,-71,-7,-63,19,-31,43,-11,59,43,51,55,27,47,-3,39,-11,23,-43,0,0,0,0,0,0]"
CSI_DATA,59161,98:4a:6b:31:4a:10,-61,11,-99,-37,58,11,618543574,83,0,256,0,"[0,0,0,0,0,0,0,0,0,21,-8,25,-14,23,-23,12,-25,8,-31,4,-29,-6,-31,-12,-23,-27,-16,-33,-6,-38,2,-38,12,-40,21,-33,31,-27,38,-19,42,-8,44,2,44,12,40,23,33,33,23,42,12,48,-2,50,-12,52,-25,48,-35,40,-46,31,0,0,-52,4,-48,-10,-44,-21,-38,-29,-27,-38,-16,-40,-8,-42,4,-42,10,-38,19,-33,25,-27,31,-21,33,-12,33,-6,33,2,31,10,27,16,23,23,16,27,8,29,0,31,-8,29,-12,23,-16,21,-21,14,-25,8,-25,2,-23,-6,0,0,0,0,0,0,0,0,0,0,0,0,0,0,2,-38,-19,-33,-31,-16,-46,-8,-42,12,-35,35,-8,42,12,46,33,33,46,12,48,-12,35,-35,10,-50,-14,-50,-40,-35,-52,-12,-50,16,-35,42,-8,57,23,52,46,33,59,6,54,-25,35,-52,4,-65,-29,-57,-54,-33,-67,0,0,0,-35,57,-2,63,31,54,54,29,57,-2,46,-29,25,-48,-4,-50,-31,-40,-46,-19,-48,8,-33,29,-14,42,8,40,29,29,40,10,38,-10,27,-27,8,-38,-10,-35,-23,-25,-33,-10,-31,6,-23,19,-8,29,4,27,14,21,23,10,0,0,0,0,0,0]"
CSI_DATA,59162,98:4a:6b:31:4a:10,-61,11,-99,-37,58,11,618553846,83,0,256,0,"[0,0,0,0,0,0,0,0,6,23,0,27,-8,25,-16,23,-23,21,-29,14,-31,4,-35,-4,-33,-14,-29,-21,-23,-29,-19,-33,-8,-40,0,-42,8,-40,16,-40,27,-33,38,-27,42,-19,46,-10,48,0,46,10,46,21,38,33,31,42,23,48,12,52,0,57,0,0,-23,48,-33,40,-40,31,-44,23,-44,10,-44,2,-44,-6,-40,-14,-33,-23,-27,-29,-21,-33,-14,-33,-6,-35,0,-35,8,-33,14,-29,19,-25,25,-21,27,-14,29,-8,29,0,31,6,25,8,23,14,19,21,12,23,6,25,0,25,0,0,0,0,0,0,0,0,0,0,0,0,0,0,-6,-35,-23,-29,-38,-12,-40,6,-31,27,-14,44,8,44,29,38,46,16,48,-8,35,-33,12,-48,-16,-50,-40,-33,-52,-6,-48,23,-29,46,0,57,31,48,52,25,59,-8,46,-40,19,-59,-16,-61,-48,-44,-65,-10,-61,27,-38,54,0,0,31,61,57,29,63,-4,50,-35,19,-54,-10,-52,-35,-38,-48,-14,-48,16,-31,38,-4,48,23,38,38,21,44,-4,33,-25,16,-38,-8,-40,-25,-29,-35,-10,-38,8,-25,25,-8,33,10,29,23,19,29,6,27,-8,14,-21,4,-23,0,0,0,0,0,0]"
CSI_DATA,59163,98:4a:6b:31:4a:10,-61,11,-99,-36,58,11,618563472,83,0,256,0,"[0,0,0,0,0,0,0,0,-2,-22,4,-24,14,-22,20,-20,26,-14,28,-6,32,4,30,12,26,22,20,30,12,36,4,36,-4,39,-14,36,-22,30,-30,26,-39,16,-45,8,-45,-4,-45,-12,-41,-24,-32,-32,-24,-41,-10,-47,-2,-53,10,-51,20,-49,34,-43,0,0,47,-20,49,-6,47,6,45,16,39,26,30,30,22,36,14,36,2,41,-4,39,-12,34,-18,30,-24,24,-28,18,-32,12,-34,4,-30,-4,-26,-10,-22,-16,-18,-22,-14,-28,-8,-28,-2,-26,6,-24,12,-24,16,-18,20,-12,24,-8,0,0,0,0,0,0,0,0,0,0,0,0,0,0,2,36,18,32,34,20,39,2,36,-20,24,-36,2,-45,-18,-41,-39,-28,-47,-6,-45,20,-28,39,-2,49,24,45,45,28,53,4,47,-26,24,-47,-6,-55,-32,-45,-53,-22,-57,10,-47,36,-20,57,12,63,43,45,61,16,63,-18,0,0,16,-63,-20,-59,-45,-39,-57,-8,-51,20,-32,41,-4,51,22,45,43,24,49,0,41,-24,20,-39,-4,-41,-24,-30,-39,-14,-41,8,-28,26,-12,36,8,36,24,26,34,12,30,-6,22,-20,8,-28,-6,-28,-16,-22,-24,-8,-24,2,0,0,0,0,0,0]"
CSI_DATA,59164,98:4a:6b:31:4a:10,-55,11,-99,22,37,11,618573053,83,0,256,0,"[0,0,0,0,0,0,0,0,-47,4,-47,-8,-47,-17,-47,-34,-30,-47,-26,-52,0,-69,8,-65,34,-69,43,-56,60,-43,69,-30,73,-17,82,4,78,17,73,39,65,52,60,65,43,78,26,86,8,91,-21,99,-34,95,-56,78,-73,73,-91,56,-95,34,-104,13,0,0,-95,-34,-104,-52,-65,-69,-52,-73,-30,-91,-17,-91,-4,-82,21,-86,21,-78,39,-60,60,-52,60,-47,69,-30,73,-17,73,-4,65,13,60,26,52,30,39,43,34,47,21,56,4,60,-4,52,-8,52,-26,43,-34,34,-39,30,-47,17,0,0,0,0,0,0,0,0,0,0,0,0,0,0,73,-4,56,-39,30,-73,-4,-73,-47,-69,-73,-34,-91,4,-73,56,-30,86,21,91,60,69,91,26,91,-30,65,-78,13,-108,-39,-95,-95,-52,-108,4,-82,65,-43,99,30,108,73,82,121,21,112,-43,73,-99,8,-117,-60,-108,-117,-52,0,0,-112,78,-43,125,30,121,82,78,99,21,95,-34,60,-91,4,-95,-52,-82,-82,-30,-86,13,-65,52,-21,86,21,82,65,56,82,4,69,-30,34,-60,-4,-69,-43,-56,-65,-26,-60,13,-56,34,-13,56,17,56,30,39,52,17,56,-4,0,0,0,0,0,0]"
CSI_DATA,59165,98:4a:6b:31:4a:10,-55,11,-99,24,37,11,618583087,83,0,256,0,"[0,0,0,0,0,0,0,0,-45,4,-40,-8,-40,-24,-36,-40,-28,-57,-8,-65,8,-61,24,-65,45,-49,61,-40,57,-20,86,-8,77,8,73,20,65,45,57,57,40,81,16,81,0,90,-20,98,-53,86,-61,73,-77,57,-98,32,-98,12,-106,-12,-94,-36,-98,-65,0,0,-57,-90,-28,-98,-8,-102,16,-90,36,-98,49,-65,65,-57,77,-40,73,-28,73,0,65,12,69,20,61,40,49,53,36,53,20,65,12,69,0,61,-8,57,-36,45,-40,40,-57,24,-57,24,-57,4,-45,-4,-45,-20,-45,-32,-28,-40,0,0,0,0,0,0,0,0,0,0,0,0,0,0,69,0,61,-28,40,-65,0,-81,-32,-81,-69,-49,-90,-24,-86,36,-57,73,-12,94,40,90,77,61,94,8,81,-57,57,-90,-4,-102,-61,-90,-98,-40,-106,12,-77,65,-36,114,20,106,86,81,127,28,114,-45,86,-94,4,-131,-40,-110,0,0,-118,-8,-114,65,-57,114,-4,110,57,94,98,45,102,-8,77,-61,28,-90,-24,-98,-69,-69,-86,-28,-73,24,-53,69,-8,81,45,69,65,45,69,4,69,-36,36,-57,-4,-65,-36,-61,-53,-32,-61,4,-45,28,-20,49,4,53,24,40,0,0,0,0,0,0]"
CSI_DATA,59166,98:4a:6b:31:4a:10,-61,11,-99,-39,58,11,618593021,83,0,256,0,"[0,0,0,0,0,0,0,0,0,-22,4,-24,13,-22,20,-20,29,-11,31,-2,31,6,29,17,24,26,17,33,8,35,-2,40,-13,40,-22,33,-31,26,-38,17,-44,6,-42,-4,-40,-11,-38,-26,-33,-33,-22,-42,-8,-44,2,-51,17,-49,26,-44,40,-33,44,-26,0,0,51,0,49,8,44,26,33,31,26,38,13,42,4,42,-6,40,-17,38,-22,33,-29,24,-33,17,-33,6,-33,0,-33,-8,-31,-15,-24,-22,-17,-26,-13,-29,-4,-29,2,-29,11,-26,17,-22,24,-15,26,-8,26,-2,24,4,22,11,0,0,0,0,0,0,0,0,0,0,0,0,0,0,0,35,15,33,31,22,38,4,40,-15,29,-35,8,-42,-13,-44,-33,-31,-47,-11,-47,13,-35,38,-13,51,13,49,38,35,51,13,51,-15,38,-42,11,-53,-22,-53,-44,-35,-58,-8,-55,24,-38,49,-2,62,26,60,53,42,67,8,0,0,35,-53,6,-62,-24,-55,-49,-33,-53,-4,-47,22,-29,44,0,51,24,40,44,24,47,-2,35,-24,20,-38,-2,-42,-24,-33,-38,-15,-40,4,-31,22,-13,33,4,35,22,26,29,15,31,2,26,-11,13,-24,0,-26,-11,-24,-20,-15,0,0,0,0,0,0]"
CSI_DATA,59167,98:4a:6b:31:4a:10,-61,11,-99,-36,58,11,618602894,83,0,256,0,"[0,0,0,0,0,0,0,0,-6,22,-14,20,-20,16,-24,12,-28,4,-30,-2,-30,-12,-26,-20,-20,-28,-12,-32,-6,-36,6,-36,14,-36,22,-32,30,-28,36,-20,41,-12,45,-2,43,8,43,18,36,26,30,34,20,43,10,49,2,51,-10,49,-22,47,-34,41,0,0,-49,22,-47,10,-49,-2,-45,-10,-41,-20,-32,-26,-26,-34,-18,-34,-10,-39,-2,-39,4,-39,12,-32,18,-28,22,-24,28,-18,30,-12,32,-4,32,2,30,8,26,14,24,20,16,22,10,26,4,26,-2,24,-8,22,-14,20,-16,16,0,0,0,0,0,0,0,0,0,0,0,0,0,0,14,-32,-6,-36,-22,-30,-39,-16,-41,4,-34,26,-16,41,6,47,28,36,45,18,49,-10,36,-32,16,-49,-14,-49,-39,-34,-51,-10,-49,20,-32,45,-2,55,28,49,49,28,59,-4,49,-34,24,-55,-10,-63,-41,-47,-61,-18,-63,18,0,0,-12,65,22,57,49,36,59,4,51,-26,28,-45,-2,-51,-28,-39,-47,-18,-47,8,-34,30,-10,43,12,39,32,26,41,4,36,-16,22,-32,2,-36,-16,-32,-30,-18,-34,0,-28,16,-14,28,2,30,16,24,24,14,26,0,20,-12,0,0,0,0,0,0]"
CSI_DATA,59168,98:4a:6b:31:4a:10,-55,11,-99,23,37,11,618612629,83,0,256,0,"[0,0,0,0,0,0,0,0,25,37,16,50,0,54,-12,50,-33,50,-46,50,-54,21,-71,4,-67,-12,-63,-29,-50,-50,-42,-67,-29,-75,4,-80,8,-75,37,-71,59,-67,71,-50,92,-29,92,-12,88,16,92,37,75,59,59,75,42,101,21,109,-4,105,-29,101,0,0,-84,75,-92,54,-92,21,-92,-4,-96,-21,-88,-42,-67,-46,-54,-71,-29,-80,-4,-84,8,-75,25,-71,37,-71,46,-54,59,-29,71,-25,67,0,63,8,63,16,33,37,46,37,25,67,8,54,-8,50,-12,54,-37,25,-29,37,-50,29,0,0,0,0,0,0,0,0,0,0,0,0,0,0,-37,-59,-59,-42,-75,-8,-67,29,-42,63,-12,92,42,80,75,59,92,16,88,-29,59,-67,8,-92,-29,-92,-71,-63,-96,-12,-96,33,-59,80,-12,101,46,92,84,54,105,-4,88,-63,54,-105,-8,-113,-63,-92,-109,-50,-130,25,-92,80,0,0,12,122,75,101,118,42,105,-21,88,-67,25,-96,-25,-105,-71,-63,-88,-12,-92,21,-59,71,-16,84,37,80,59,50,80,12,75,-37,33,-63,-4,-84,-33,-75,-42,-37,-67,-8,-59,37,-21,42,0,59,16,50,50,37,50,0,42,-16,0,0,0,0,0,0]"
CSI_DATA,59169,98:4a:6b:31:4a:10,-61,11,-99,-37,58,11,618614856,83,0,256,0,"[0,0,0,0,0,0,0,0,-10,19,-19,16,-25,12,-27,4,-27,-4,-27,-14,-23,-23,-19,-31,-10,-35,2,-38,10,-31,23,-31,33,-27,35,-16,42,-4,44,8,40,12,38,27,33,33,16,42,6,46,-6,46,-14,48,-29,40,-35,35,-46,21,-57,12,-52,-2,0,0,-44,-27,-35,-38,-25,-42,-12,-44,0,-46,8,-40,19,-38,27,-33,29,-27,33,-19,38,-6,33,2,38,12,31,16,23,23,21,27,12,31,4,31,-2,27,-10,27,-21,25,-23,16,-25,10,-25,2,-25,-2,-21,-8,-21,-14,-14,-19,0,0,0,0,0,0,0,0,0,0,0,0,0,0,21,-29,4,-40,-14,-35,-29,-25,-38,-8,-42,12,-31,35,-12,42,10,44,33,38,48,14,48,-10,35,-35,16,-50,-14,-50,-35,-38,-50,-16,-48,19,-35,44,-12,54,16,54,44,38,57,10,57,-21,40,-52,8,-65,-23,-61,-50,-35,0,0,-57,25,-40,52,-8,61,27,52,46,31,54,2,48,-21,27,-40,0,-50,-25,-42,-40,-21,-44,2,-35,25,-19,38,4,40,25,33,35,19,38,-6,29,-23,12,-35,-2,-33,-19,-29,-27,-12,-31,0,-27,16,-12,23,-2,27,10,23,0,0,0,0,0,0]"
CSI_DATA,59170,98:4a:6b:31:4a:10,-61,11,-99,-35,58,11,618634898,83,0,256,0,"[0,0,0,0,0,0,0,0,-21,0,-23,-9,-19,-15,-15,-21,-7,-27,0,-31,9,-31,19,-29,25,-21,31,-15,35,-3,37,3,35,13,31,21,25,31,15,37,7,43,-3,41,-13,43,-25,37,-35,31,-41,23,-47,13,-49,-1,-47,-11,-47,-23,-39,-35,-27,-43,0,0,-1,-53,7,-49,21,-45,29,-35,35,-29,41,-19,41,-11,43,-3,37,13,35,19,27,25,21,29,19,33,5,35,-3,31,-11,31,-15,27,-21,21,-25,13,-27,7,-27,0,-27,-7,-25,-11,-21,-17,-13,-21,-7,-23,-1,-23,5,-23,0,0,0,0,0,0,0,0,0,0,0,0,0,0,33,5,35,-11,25,-25,9,-35,-9,-39,-29,-29,-39,-11,-43,9,-33,29,-15,41,7,45,31,35,45,13,47,-9,35,-33,13,-47,-13,-51,-37,-35,-53,-11,-49,17,-35,41,-7,55,21,53,47,35,57,7,55,-25,35,-51,5,-63,0,0,-51,-33,-59,-1,-53,29,-27,47,0,55,27,41,41,19,51,-1,33,-33,19,-45,-7,-41,-29,-33,-39,-13,-39,7,-27,27,-9,35,9,35,25,25,33,9,33,-7,23,-21,7,-31,-7,-29,-19,-21,-25,-7,-23,3,-19,15,-7,23,0,0,0,0,0,0]"
CSI_DATA,59171,98:4a:6b:31:4a:10,-55,11,-99,20,37,11,618644603,83,0,256,0,"[0,0,0,0,0,0,0,0,-27,-36,-18,-50,-9,-59,0,-55,18,-50,41,-55,55,-36,68,-22,68,-4,73,13,73,27,68,45,50,64,32,73,27,78,0,82,-27,91,-45,78,-64,82,-73,64,-87,41,-91,27,-101,4,-105,-22,-96,-45,-87,-64,-73,-87,-59,-114,0,0,-4,-114,13,-96,36,-96,64,-73,78,-68,78,-45,82,-36,91,-13,82,4,87,22,73,41,55,50,50,59,36,64,18,64,9,78,-4,73,-22,64,-36,55,-45,41,-50,36,-55,22,-59,13,-59,0,-45,-13,-41,-27,-36,-32,-27,-45,0,0,0,0,0,0,0,0,0,0,0,0,0,0,36,59,68,32,64,-4,59,-41,32,-68,-13,-91,-50,-73,-87,-41,-87,4,-73,55,-22,96,22,87,68,64,87,18,96,-32,64,-78,13,-105,-50,-96,-91,-55,-110,9,-91,59,-41,114,22,119,82,96,110,27,114,-32,73,-87,18,-119,0,0,-110,-64,-119,0,-96,68,-45,96,9,101,73,73,91,27,91,-36,59,-82,9,-91,-36,-82,-73,-45,-87,-4,-68,45,-27,73,9,73,59,55,73,18,78,-22,55,-45,9,-64,-22,-59,-45,-41,-50,-18,-55,22,-36,45,-13,45,22,45,0,0,0,0,0,0]"
CSI_DATA,59172,98:4a:6b:31:4a:10,-55,11,-99,24,37,11,618654552,83,0,256,0,"[0,0,0,0,0,0,0,0,45,-4,45,8,36,32,32,32,28,57,0,61,-8,61,-32,61,-45,40,-69,40,-61,20,-73,12,-81,-12,-69,-28,-57,-49,-49,-65,-32,-77,-8,-81,8,-90,28,-86,45,-81,65,-65,86,-53,102,-20,98,0,106,28,98,53,73,81,0,0,36,86,12,118,-8,98,-32,86,-53,86,-69,57,-69,49,-86,24,-69,16,-73,-4,-69,-28,-65,-32,-53,-49,-40,-57,-24,-57,0,-69,4,-69,24,-53,36,-49,40,-40,53,-24,65,-8,65,0,53,20,49,20,36,32,28,45,16,40,0,0,0,0,0,0,0,0,0,0,0,0,0,0,-73,0,-57,32,-40,57,-16,81,28,77,69,57,77,20,86,-24,53,-65,12,-94,-36,-81,-73,-61,-102,-8,-86,36,-57,77,-4,94,49,94,86,49,98,-4,94,-53,45,-102,-8,-114,-69,-90,-114,-45,-118,16,-86,86,-36,114,32,118,0,0,122,36,118,-49,81,-90,40,-106,-36,-90,-73,-61,-102,-4,-90,45,-49,77,-4,98,49,81,77,36,81,0,73,-49,28,-69,-16,-73,-53,-65,-61,-16,-73,20,-53,45,-28,61,16,65,40,49,53,16,49,-12,45,-28,24,-45,-4,-45,0,0,0,0,0,0]"
CSI_DATA,59173,98:4a:6b:31:4a:10,-61,11,-99,-36,58,11,618664445,83,0,256,0,"[0,0,0,0,0,0,0,0,-14,-16,-8,-22,-2,-26,6,-24,14,-22,22,-20,28,-10,32,-2,32,8,28,18,26,28,18,32,8,36,-4,39,-14,39,-22,32,-32,26,-41,18,-47,6,-45,-2,-45,-16,-39,-28,-32,-36,-18,-45,-8,-51,6,-51,18,-49,32,-45,0,0,49,-20,51,-6,49,8,45,18,36,26,26,34,18,39,6,43,-2,41,-12,39,-20,32,-26,26,-30,18,-32,10,-32,2,-34,-6,-28,-14,-24,-20,-18,-24,-10,-26,-2,-30,6,-28,10,-24,16,-20,20,-14,24,-8,24,-2,26,6,0,0,0,0,0,0,0,0,0,0,0,0,0,0,20,30,32,16,39,0,36,-18,22,-34,6,-43,-16,-41,-36,-30,-47,-8,-45,14,-32,36,-12,47,14,51,36,36,49,14,51,-12,36,-36,14,-53,-16,-53,-41,-39,-55,-12,-55,18,-39,43,-14,59,18,61,47,43,63,14,63,-18,0,0,18,-63,-18,-59,-45,-43,-57,-14,-53,14,-36,39,-10,49,16,45,36,32,47,10,45,-14,28,-34,6,-41,-14,-36,-32,-24,-41,-6,-34,14,-22,28,-6,39,12,30,26,24,30,6,28,-8,22,-22,10,-28,-4,-26,-14,-20,-22,-8,0,0,0,0,0,0]"
CSI_DATA,59174,98:4a:6b:31:4a:10,-61,11,-99,-37,58,11,618674547,83,0,256,0,"[0,0,0,0,0,0,0,0,-21,-6,-14,-14,-14,-23,-8,-25,2,-27,8,-33,19,-27,27,-23,31,-14,35,-4,35,4,38,14,35,25,27,27,19,35,8,40,0,42,-12,42,-21,42,-29,33,-35,25,-44,16,-48,6,-50,-8,-48,-16,-42,-29,-35,-40,-25,-46,0,0,-2,-54,10,-50,23,-46,29,-35,38,-29,40,-19,40,-12,42,0,38,8,35,16,29,23,23,27,16,31,10,33,2,31,-4,33,-10,29,-16,25,-23,19,-27,14,-29,6,-29,0,-27,-4,-25,-10,-19,-16,-14,-21,-8,-23,-2,-25,0,0,0,0,0,0,0,0,0,0,0,0,0,0,29,19,38,2,33,-19,21,-33,6,-42,-16,-40,-38,-27,-44,-4,-42,19,-29,40,-2,48,23,46,44,25,52,-2,48,-25,23,-48,-6,-57,-29,-42,-52,-23,-54,8,-46,40,-16,59,14,59,46,44,61,14,59,-23,40,-50,8,-65,0,0,-54,-38,-65,-4,-54,29,-29,50,2,57,29,44,48,23,50,-8,38,-31,14,-44,-10,-44,-31,-31,-42,-8,-40,14,-23,31,-4,40,16,35,31,21,35,2,29,-14,19,-27,0,-33,-14,-25,-25,-14,-27,0,-23,12,-12,21,-2,25,0,0,0,0,0,0]"
CSI_DATA,59175,98:4a:6b:31:4a:10,-61,11,-99,-36,58,11,618684222,83,0,256,0,"[0,0,0,0,0,0,0,0,-22,0,-22,-8,-20,-14,-16,-20,-10,-26,-2,-30,8,-30,18,-26,26,-20,30,-14,36,-6,36,4,36,14,30,24,24,32,16,39,4,43,-8,45,-18,41,-26,36,-36,28,-45,20,-47,6,-49,-6,-49,-20,-43,-28,-32,-41,-20,-49,0,0,6,-53,18,-49,28,-41,36,-30,43,-22,43,-10,43,0,41,10,34,20,28,26,22,32,12,34,4,36,-2,34,-10,32,-18,26,-24,20,-26,14,-30,6,-28,0,-28,-10,-24,-16,-20,-20,-12,-24,-6,-24,2,-24,8,-24,16,-20,0,0,0,0,0,0,0,0,0,0,0,0,0,0,34,4,34,-14,22,-28,8,-39,-12,-41,-32,-30,-43,-12,-45,10,-34,30,-16,45,8,47,32,36,47,16,51,-10,41,-34,16,-49,-10,-53,-36,-41,-51,-16,-55,14,-41,41,-12,57,16,57,45,43,61,14,63,-18,45,-49,14,-63,0,0,-47,-43,-61,-14,-57,18,-39,43,-10,55,18,49,41,32,51,10,45,-20,28,-36,4,-45,-18,-39,-34,-22,-41,-2,-34,18,-22,32,0,39,18,32,28,18,34,2,30,-14,18,-26,2,-32,-12,-28,-20,-16,-24,-6,-24,8,-16,18,0,0,0,0,0,0]"
CSI_DATA,59176,98:4a:6b:31:4a:10,-55,11,-99,21,37,11,618693960,83,0,256,0,"[0,0,0,0,0,0,0,0,4,-44,8,-44,31,-35,44,-35,44,-22,58,-8,71,0,71,22,58,44,44,58,31,67,17,75,-4,80,-17,80,-40,71,-53,62,-67,40,-84,26,-93,4,-89,-8,-84,-31,-75,-49,-62,-62,-49,-80,-31,-102,-13,-107,8,-102,31,-89,0,0,75,-71,84,-49,98,-31,98,0,89,8,80,31,67,49,58,62,44,75,31,75,13,71,-4,71,-22,71,-26,58,-44,49,-58,44,-67,31,-67,8,-53,-8,-62,-22,-49,-31,-44,-40,-31,-44,-22,-49,-8,-58,4,-49,22,-53,22,-40,0,0,0,0,0,0,0,0,0,0,0,0,0,0,-4,71,31,62,58,40,80,8,75,-35,53,-80,4,-84,-31,-80,-80,-49,-89,-4,-89,44,-53,80,-4,98,53,84,93,40,98,-8,80,-62,35,-98,-17,-107,-75,-75,-102,-22,-107,31,-71,98,-13,116,53,111,111,58,134,0,107,-67,0,0,-13,-129,-80,-93,-107,-44,-111,22,-80,67,-26,102,31,102,67,62,98,17,84,-35,40,-71,-4,-80,-53,-62,-71,-26,-80,4,-58,53,-17,67,17,75,49,49,62,13,62,-13,44,-49,17,-49,-17,-53,-40,-35,-44,-13,-44,8,-31,40,0,0,0,0,0,0]"
CSI_DATA,59177,98:4a:6b:31:4a:10,-55,11,-99,21,37,11,618734477,83,0,256,0,"[0,0,0,0,0,0,0,0,-31,-31,-22,-40,-17,-40,0,-49,13,-58,26,-58,44,-49,58,-35,62,-22,71,-8,62,13,67,26,67,40,49,49,44,71,17,80,4,84,-13,80,-26,75,-44,80,-71,62,-84,44,-93,31,-111,4,-102,-8,-102,-31,-89,-67,-84,-71,0,0,-31,-93,-22,-89,8,-93,22,-89,35,-84,58,-58,71,-53,62,-35,75,-17,67,-4,67,13,71,26,67,31,58,40,40,44,22,67,22,67,0,58,-4,58,-17,58,-35,49,-44,44,-44,26,-53,8,-53,4,-44,0,-44,-17,-44,-31,0,0,0,0,0,0,0,0,0,0,0,0,0,0,49,44,75,13,71,-13,53,-58,17,-80,-22,-71,-62,-53,-80,-17,-75,31,-53,67,-4,84,40,84,89,40,93,4,84,-44,31,-89,-17,-98,-67,-80,-98,-26,-93,44,-58,84,-8,111,58,98,98,67,116,0,98,-75,44,-111,-31,-129,0,0,-98,-31,-111,35,-75,93,-8,98,53,93,84,53,98,-4,67,-49,26,-84,-17,-84,-67,-62,-80,-17,-71,26,-44,67,4,67,44,71,67,35,67,-8,53,-44,8,-58,-8,-67,-44,-44,-62,-13,-58,17,-40,35,-8,49,17,58,31,35,0,0,0,0,0,0]"
CSI_DATA,59178,98:4a:6b:31:4a:10,-55,11,-99,21,37,11,618769358,83,0,256,0,"[0,0,0,0,0,0,0,0,-13,44,-13,44,-35,44,-53,31,-53,17,-67,4,-53,-13,-53,-40,-35,-53,-31,-67,-17,-67,4,-71,22,-80,40,-71,58,-62,71,-35,80,-26,84,0,89,17,84,40,75,53,58,75,44,84,17,107,-4,98,-26,93,-58,89,-71,67,0,0,-93,40,-98,4,-93,-8,-89,-35,-71,-49,-62,-62,-44,-71,-31,-80,-13,-75,8,-80,35,-71,44,-58,49,-44,62,-40,58,-17,71,-8,62,8,67,26,53,22,44,44,35,53,13,53,8,62,-8,53,-22,44,-35,40,-35,26,-40,17,0,0,0,0,0,0,0,0,0,0,0,0,0,0,17,-71,-13,-80,-53,-53,-80,-26,-75,22,-62,62,-26,75,17,89,58,67,84,26,93,-17,62,-62,31,-93,-17,-98,-71,-71,-98,-22,-98,40,-62,84,-13,107,44,98,84,53,116,-4,98,-62,53,-102,-8,-116,-71,-98,-107,-40,-125,26,0,0,-49,120,26,116,80,80,107,31,107,-31,67,-67,13,-102,-44,-80,-84,-58,-93,0,-75,44,-40,75,13,84,58,67,67,26,71,-8,62,-49,26,-71,-13,-71,-49,-53,-67,-13,-58,17,-44,44,-13,53,13,58,40,40,40,17,40,-17,0,0,0,0,0,0]"
CSI_DATA,59179,98:4a:6b:31:4a:10,-55,11,-99,23,37,11,618781159,83,0,256,0,"[0,0,0,0,0,0,0,0,37,16,37,25,33,37,21,46,4,54,-12,54,-16,63,-37,59,-46,50,-67,37,-75,21,-75,-4,-88,-12,-80,-21,-59,-37,-54,-67,-33,-75,-16,-80,0,-92,12,-80,29,-88,37,-80,67,-67,88,-50,88,-29,101,-12,118,0,109,16,0,0,80,75,54,75,37,96,29,84,4,88,-16,88,-25,75,-50,84,-50,59,-46,50,-63,33,-67,25,-71,4,-67,-4,-59,-21,-59,-29,-50,-37,-37,-46,-33,-54,-16,-63,-8,-67,16,-63,21,-54,29,-50,42,-37,42,-25,50,-21,50,-4,0,0,0,0,0,0,0,0,0,0,0,0,0,0,-59,-33,-67,4,-59,42,-33,67,8,80,54,67,80,33,80,-8,67,-63,25,-84,-16,-88,-71,-59,-88,-16,-84,37,-50,75,-12,96,50,92,84,33,96,-16,67,-80,16,-105,-29,-105,-80,-59,-118,-4,-96,59,-59,101,4,118,71,113,0,0,122,-33,84,-80,21,-109,-54,-92,-80,-67,-109,0,-88,59,-37,80,16,96,59,71,80,16,71,-25,54,-63,8,-80,-46,-63,-71,-33,-75,-4,-59,46,-16,59,21,67,42,59,59,21,54,-16,42,-42,4,-54,-21,-50,-37,-42,-42,-12,0,0,0,0,0,0]"
CSI_DATA,59180,98:4a:6b:31:4a:10,-55,11,-99,23,37,11,618790951,83,0,256,0,"[0,0,0,0,0,0,0,0,46,-8,42,4,50,12,42,25,37,37,29,50,8,63,-4,67,-21,63,-42,54,-63,46,-71,33,-75,16,-84,-4,-80,-25,-67,-42,-59,-54,-42,-67,-29,-84,-16,-88,12,-88,33,-84,54,-88,75,-67,84,-50,88,-37,101,0,105,8,0,0,75,59,75,75,46,92,25,92,8,84,-16,75,-29,75,-46,63,-54,59,-59,42,-71,25,-67,16,-67,-4,-67,-16,-54,-37,-42,-37,-25,-54,-21,-54,-16,-59,0,-59,16,-54,25,-50,37,-37,42,-25,42,-21,50,-4,50,8,42,16,0,0,0,0,0,0,0,0,0,0,0,0,0,0,-63,16,-54,42,-25,71,8,75,54,59,75,29,92,-12,71,-54,29,-80,-16,-92,-59,-67,-84,-29,-92,25,-71,71,-25,101,29,92,71,63,105,8,96,-50,63,-88,4,-101,-67,-92,-101,-50,-122,8,-92,80,-42,113,42,122,101,88,0,0,118,-29,75,-92,12,-113,-54,-105,-84,-63,-105,-12,-88,50,-42,88,4,92,50,67,80,33,75,-21,54,-59,16,-80,-21,-67,-59,-46,-67,-8,-63,29,-37,54,-4,71,33,67,46,46,63,-4,54,-25,25,-42,4,-46,-21,-46,-33,-21,0,0,0,0,0,0]"
CSI_DATA,59181,98:4a:6b:31:4a:10,-61,11,-99,-36,58,11,618801267,83,0,256,0,"[0,0,0,0,0,0,0,0,-18,-12,-16,-18,-10,-24,-4,-26,4,-26,12,-26,20,-20,26,-14,32,-6,34,4,32,14,30,20,24,26,16,32,6,39,-4,41,-14,39,-24,34,-34,28,-39,20,-45,12,-45,-2,-45,-14,-43,-26,-34,-34,-26,-43,-16,-49,-2,-51,0,0,24,-45,32,-34,39,-24,43,-14,45,-4,41,6,39,14,32,22,26,28,18,32,8,34,2,34,-4,34,-14,32,-20,26,-26,22,-26,14,-28,8,-28,-2,-28,-8,-24,-16,-20,-20,-14,-22,-8,-26,-2,-24,6,-24,12,-20,18,-16,0,0,0,0,0,0,0,0,0,0,0,0,0,0,26,22,36,8,36,-10,28,-28,10,-39,-10,-45,-30,-32,-45,-18,-47,6,-39,28,-16,47,6,47,32,39,47,18,53,-8,41,-34,18,-51,-12,-51,-39,-41,-53,-12,-57,18,-39,43,-14,59,18,59,47,43,63,10,61,-22,43,-51,0,0,-22,-61,-49,-36,-61,-8,-53,22,-32,45,-4,53,22,47,43,26,49,2,41,-22,22,-41,-2,-43,-24,-34,-39,-16,-36,6,-32,26,-12,34,6,39,20,26,32,14,34,-2,26,-20,12,-28,-4,-28,-16,-24,-24,-12,-24,0,-22,12,0,0,0,0,0,0]"
CSI_DATA,59182,98:4a:6b:31:4a:10,-55,11,-99,21,37,11,618811030,83,0,256,0,"[0,0,0,0,0,0,0,0,26,35,22,44,0,44,-4,53,-17,53,-31,49,-53,35,-53,22,-67,13,-62,-4,-67,-22,-62,-40,-53,-49,-31,-75,-22,-80,-8,-75,8,-84,26,-75,44,-75,67,-62,80,-40,84,-35,93,-13,98,17,89,26,89,53,75,71,53,80,0,0,0,102,-8,102,-35,98,-44,71,-53,67,-71,53,-80,26,-75,8,-67,0,-71,-17,-67,-26,-58,-35,-44,-40,-31,-62,-17,-67,-8,-62,8,-67,17,-53,31,-49,40,-44,44,-31,49,-26,58,-13,53,8,44,8,44,26,40,40,31,49,0,0,0,0,0,0,0,0,0,0,0,0,0,0,-44,-49,-71,-35,-75,4,-62,44,-40,75,8,84,53,67,80,35,89,-8,71,-58,31,-84,-22,-84,-71,-71,-93,-22,-89,31,-53,80,-8,102,49,89,98,49,107,-13,84,-62,40,-102,-26,-107,-84,-89,-120,-26,-116,44,-75,107,-22,116,0,0,102,75,116,-8,93,-67,53,-102,-22,-116,-75,-80,-93,-35,-93,22,-58,67,-4,89,40,80,80,44,84,-8,62,-49,26,-75,-8,-75,-53,-58,-75,-26,-62,17,-44,49,-13,58,22,62,49,44,53,17,49,-22,35,-35,4,-53,-13,-40,0,0,0,0,0,0]"
CSI_DATA,59183,98:4a:6b:31:4a:10,-61,11,-99,-36,58,11,618820937,83,0,256,0,"[0,0,0,0,0,0,0,0,-6,18,-12,18,-20,16,-24,10,-26,2,-26,-8,-26,-14,-22,-24,-16,-28,-6,-34,4,-36,10,-34,18,-32,24,-26,32,-20,39,-12,45,0,39,10,39,18,32,28,22,34,18,45,2,45,-6,51,-18,45,-28,43,-36,34,-47,26,0,0,-53,-2,-47,-10,-43,-22,-34,-28,-26,-34,-16,-39,-6,-43,2,-39,12,-39,18,-30,22,-26,28,-20,30,-14,34,-6,32,2,30,8,28,14,24,20,16,22,12,30,4,30,-4,28,-10,26,-14,22,-20,20,-22,12,-24,6,-24,0,0,0,0,0,0,0,0,0,0,0,0,0,0,0,16,-30,0,-36,-20,-32,-34,-20,-41,-2,-41,18,-22,36,-2,49,18,43,39,26,49,6,45,-22,28,-45,0,-51,-24,-43,-45,-22,-55,4,-45,32,-22,55,10,55,39,47,55,20,61,-8,47,-43,18,-59,-18,-59,-47,-47,-63,-14,0,0,-41,51,-10,61,22,59,49,32,59,6,47,-22,30,-43,2,-51,-26,-41,-41,-22,-45,4,-34,24,-14,39,6,41,30,30,41,12,34,-8,26,-26,8,-36,-10,-34,-24,-24,-30,-8,-30,8,-22,20,-6,28,6,26,16,18,22,8,0,0,0,0,0,0]"
CSI_DATA,59184,98:4a:6b:31:4a:10,-55,11,-99,24,37,11,618830762,83,0,256,0,"[0,0,0,0,0,0,0,0,-40,24,-45,8,-49,-4,-49,-16,-45,-32,-32,-53,-8,-61,8,-61,24,-61,40,-53,57,-45,69,-28,77,-8,77,8,73,32,57,49,45,73,24,90,-4,94,-16,81,-40,90,-61,69,-77,53,-86,32,-110,4,-102,-20,-98,-49,-77,-81,0,0,-32,-102,-4,-90,24,-90,45,-90,53,-73,69,-53,69,-28,86,-8,65,8,61,28,53,45,40,45,24,61,16,73,4,65,-16,65,-28,57,-36,45,-40,24,-53,20,-57,0,-61,-16,-53,-28,-36,-40,-24,-45,-20,-45,8,-49,12,-49,0,0,0,0,0,0,0,0,0,0,0,0,0,0,65,-32,45,-53,16,-73,-32,-69,-57,-45,-77,-16,-94,16,-65,57,-24,90,8,90,61,73,86,36,94,-16,77,-65,40,-94,-8,-102,-61,-81,-98,-45,-102,28,-77,61,-45,110,24,114,73,86,114,40,114,-20,102,-73,49,-110,-24,-114,0,0,-110,-32,-131,20,-90,73,-40,102,20,106,73,73,102,32,86,-20,73,-65,16,-94,-28,-86,-61,-61,-77,-20,-77,28,-53,49,-12,65,24,86,53,49,73,20,69,-16,45,-32,24,-65,-8,-57,-36,-45,-53,-16,-57,4,-45,20,-28,36,0,0,0,0,0,0]"
CSI_DATA,59185,98:4a:6b:31:4a:10,-55,11,-99,23,37,11,618842727,83,0,256,0,"[0,0,0,0,0,0,0,0,21,37,8,50,-8,50,-16,50,-37,42,-50,33,-63,8,-71,4,-71,-12,-63,-37,-50,-50,-37,-71,-29,-75,-4,-84,16,-75,33,-75,50,-63,71,-46,84,-29,96,-8,92,8,92,29,75,54,63,80,42,101,25,96,4,101,-29,96,0,0,-71,75,-84,63,-88,37,-101,8,-92,0,-84,-21,-75,-42,-63,-67,-50,-71,-29,-71,-4,-80,4,-75,21,-71,29,-63,46,-46,63,-29,59,-29,71,-12,67,0,59,21,59,29,37,42,29,46,8,50,8,54,-16,50,-21,42,-29,42,0,0,0,0,0,0,0,0,0,0,0,0,0,0,-29,-67,-54,-46,-71,-12,-75,29,-54,59,-21,80,21,84,67,67,84,21,84,-16,63,-67,21,-92,-33,-88,-75,-67,-101,-16,-92,42,-59,75,-8,105,46,92,92,63,109,4,92,-59,54,-96,-21,-113,-71,-96,-109,-54,-118,25,-92,80,0,0,33,134,80,88,113,33,105,-37,75,-84,12,-101,-29,-92,-75,-59,-96,-8,-88,42,-46,71,8,88,46,59,75,33,84,-8,63,-50,25,-67,-8,-80,-46,-50,-59,-21,-63,12,-50,46,-8,54,12,63,33,42,46,16,50,-4,29,-29,0,0,0,0,0,0]"
CSI_DATA,59186,98:4a:6b:31:4a:10,-61,11,-99,-37,58,11,618852873,83,0,256,0,"[0,0,0,0,0,0,0,0,-23,-2,-23,-10,-21,-19,-12,-23,-6,-29,2,-29,12,-29,23,-25,29,-16,35,-10,38,0,38,8,33,21,27,29,19,35,8,40,-2,42,-14,40,-23,38,-33,31,-42,21,-46,10,-50,-2,-48,-16,-42,-29,-35,-40,-23,-48,-10,-52,0,0,16,-48,25,-42,35,-33,42,-21,46,-10,44,0,42,10,35,19,29,27,21,31,12,35,4,35,-4,35,-10,33,-19,27,-25,21,-27,16,-29,8,-31,0,-27,-8,-27,-14,-21,-21,-16,-25,-8,-27,2,-25,8,-25,12,-23,21,-16,0,0,0,0,0,0,0,0,0,0,0,0,0,0,35,8,38,-10,29,-27,14,-38,-6,-42,-27,-38,-44,-19,-48,2,-42,27,-23,44,2,50,25,44,46,25,52,0,46,-27,27,-48,0,-57,-29,-48,-50,-27,-57,2,-48,31,-27,54,4,63,35,52,59,29,67,-6,57,-40,31,-61,0,0,-38,-59,-59,-27,-65,6,-50,33,-25,54,6,54,33,42,48,21,50,-6,40,-29,19,-44,-8,-44,-29,-33,-40,-12,-42,8,-31,27,-10,38,8,40,23,27,33,12,38,-6,27,-21,14,-29,-4,-31,-14,-23,-23,-12,-29,0,-23,12,0,0,0,0,0,0]"
CSI_DATA,59187,98:4a:6b:31:4a:10,-55,11,-99,24,37,11,618863083,83,0,256,0,"[0,0,0,0,0,0,0,0,24,-40,28,-36,53,-16,57,-12,57,8,65,24,53,36,40,53,28,65,4,73,-8,73,-32,65,-45,69,-49,53,-73,32,-73,24,-81,-8,-86,-16,-81,-40,-69,-53,-53,-73,-40,-81,-24,-94,8,-102,36,-98,49,-90,77,-86,90,-65,0,0,106,-20,102,12,81,28,86,53,65,57,53,81,20,86,12,77,-4,81,-24,73,-40,61,-53,45,-61,45,-73,36,-65,16,-73,0,-61,-8,-49,-28,-45,-36,-36,-49,-24,-57,-8,-53,-4,-65,12,-49,24,-53,36,-40,40,-28,45,-20,0,0,0,0,0,0,0,0,0,0,0,0,0,0,-45,61,-12,77,24,73,53,45,77,0,81,-32,53,-65,20,-94,-40,-86,-73,-65,-98,-12,-81,32,-57,77,-8,110,40,94,94,45,102,-8,90,-65,32,-106,-28,-110,-69,-86,-114,-24,-114,32,-73,98,-20,127,49,118,102,61,127,16,0,0,73,-110,-12,-127,-57,-98,-110,-49,-102,16,-86,65,-24,98,24,94,73,69,98,28,86,-28,57,-65,12,-81,-32,-73,-73,-40,-77,12,-69,36,-45,61,8,69,36,65,53,24,65,-8,53,-36,16,-57,-8,-57,-32,-49,-40,-20,-45,8,0,0,0,0,0,0]"
CSI_DATA,59188,98:4a:6b:31:4a:10,-55,11,-99,24,37,11,618873320,83,0,256,0,"[0,0,0,0,0,0,0,0,-36,20,-40,20,-53,-8,-49,-16,-40,-32,-36,-49,-12,-65,-4,-69,20,-57,40,-57,53,-49,69,-28,81,-16,77,8,73,32,69,45,57,69,36,77,8,90,-4,86,-28,86,-53,86,-61,61,-94,40,-102,16,-102,-4,-98,-24,-86,-53,0,0,-40,-90,-28,-102,4,-90,24,-86,40,-86,57,-65,65,-45,77,-28,81,-12,77,4,73,24,57,36,49,49,32,61,16,65,4,61,-12,69,-20,53,-36,45,-45,36,-53,28,-65,12,-57,-4,-53,-24,-45,-32,-28,-32,-20,-49,-4,-45,0,0,0,0,0,0,0,0,0,0,0,0,0,0,73,-28,45,-57,16,-73,-28,-73,-65,-61,-86,-24,-81,20,-73,57,-28,86,16,94,61,77,86,32,90,-24,69,-65,36,-98,-24,-102,-69,-73,-102,-32,-102,36,-73,86,-20,114,36,114,90,81,122,20,118,-45,81,-98,20,-127,-49,-114,0,0,-131,-16,-102,49,-69,110,0,110,49,102,81,57,102,4,90,-45,49,-86,4,-90,-45,-77,-77,-40,-86,4,-73,49,-24,73,16,81,45,65,69,32,77,-8,57,-45,32,-65,4,-73,-28,-57,-57,-28,-49,-4,-45,20,-28,45,-8,57,0,0,0,0,0,0]"
CSI_DATA,59189,98:4a:6b:31:4a:10,-61,11,-99,-37,58,11,618883669,83,0,256,0,"[0,0,0,0,0,0,0,0,-14,-14,-12,-21,-6,-23,0,-25,6,-27,14,-25,23,-21,29,-14,31,-6,33,2,33,10,31,19,27,25,19,29,14,38,4,40,-6,40,-16,42,-25,38,-33,31,-38,25,-44,14,-48,4,-48,-8,-44,-21,-42,-27,-38,-38,-25,-44,0,0,-2,-50,6,-50,19,-44,27,-35,33,-29,40,-23,38,-14,38,-4,38,4,35,10,33,19,23,21,21,25,16,27,6,29,0,31,-4,31,-10,29,-16,23,-21,19,-25,14,-29,8,-29,0,-27,-4,-25,-6,-21,-14,-12,-21,-10,-21,0,0,0,0,0,0,0,0,0,0,0,0,0,0,25,27,35,10,38,-10,31,-27,12,-40,-10,-44,-31,-33,-44,-12,-46,10,-35,33,-12,48,14,48,38,33,50,8,52,-21,31,-44,4,-54,-27,-48,-50,-25,-54,6,-46,33,-19,54,10,61,42,46,63,16,61,-19,42,-52,8,-65,0,0,-52,-38,-65,-2,-57,29,-27,50,4,57,31,44,48,16,50,-8,38,-33,12,-46,-14,-40,-35,-25,-42,-2,-38,19,-16,35,0,42,21,33,35,12,38,-4,27,-23,10,-29,-4,-35,-19,-25,-27,-10,-27,8,-19,16,-6,25,4,21,0,0,0,0,0,0]"
CSI_DATA,59190,98:4a:6b:31:4a:10,-55,11,-99,22,37,11,618893054,83,0,256,0,"[0,0,0,0,0,0,0,0,30,30,30,47,17,47,-13,52,-21,47,-43,47,-52,30,-65,8,-65,-4,-65,-21,-60,-39,-52,-52,-39,-60,-13,-78,4,-69,30,-73,52,-65,60,-56,82,-52,82,-26,95,-4,86,17,86,43,73,65,56,82,39,95,13,104,-21,108,0,0,-65,73,-73,65,-86,34,-95,21,-86,4,-82,-13,-73,-30,-56,-43,-47,-65,-30,-65,-4,-73,0,-69,17,-65,34,-60,52,-47,56,-30,56,-26,56,-13,56,8,52,17,52,39,34,43,30,47,13,52,0,47,-8,47,-30,47,-34,34,0,0,0,0,0,0,0,0,0,0,0,0,0,0,-39,-56,-65,-26,-73,4,-65,39,-34,69,8,91,47,73,78,43,82,4,82,-47,47,-82,0,-91,-47,-86,-91,-52,-108,4,-86,47,-47,95,13,99,60,91,99,43,108,-8,78,-69,43,-99,-30,-121,-69,-78,-112,-30,-117,34,-86,82,0,0,34,125,86,78,117,26,108,-30,73,-82,13,-99,-43,-95,-86,-52,-95,-8,-91,39,-39,73,8,86,43,69,73,30,73,-4,65,-47,34,-69,-8,-78,-39,-52,-56,-26,-69,4,-47,34,-17,60,8,56,39,47,47,30,52,-4,43,-17,0,0,0,0,0,0]"
CSI_DATA,59191,98:4a:6b:31:4a:10,-55,11,-99,23,37,11,618903199,83,0,256,0,"[0,0,0,0,0,0,0,0,-4,42,-8,42,-16,37,-33,37,-46,21,-54,12,-63,-4,-59,-25,-59,-42,-42,-50,-29,-59,-12,-67,-8,-75,8,-71,25,-67,46,-59,54,-54,75,-33,84,-21,92,-8,84,21,84,37,75,50,63,71,42,88,29,92,16,101,-8,96,0,0,-50,75,-67,59,-75,50,-88,29,-80,8,-84,-8,-75,-21,-71,-25,-54,-54,-46,-59,-33,-67,-12,-59,-4,-67,8,-59,21,-67,25,-50,50,-50,50,-37,50,-29,46,-16,63,4,54,12,50,12,37,25,37,33,29,42,12,50,8,50,0,0,0,0,0,0,0,0,0,0,0,0,0,0,16,-71,-21,-63,-59,-42,-71,-12,-75,37,-46,67,-4,88,33,80,75,50,92,4,84,-54,46,-84,-8,-96,-59,-75,-88,-33,-92,25,-63,67,-21,105,37,96,88,67,101,4,92,-59,54,-101,-12,-122,-75,-92,-113,-37,-118,21,-96,88,0,0,42,109,88,67,109,0,101,-46,50,-92,-8,-109,-54,-80,-84,-42,-88,29,-71,59,-25,88,33,80,63,50,75,12,67,-33,33,-59,-16,-75,-46,-59,-54,-12,-67,4,-59,54,-25,59,8,54,37,37,54,12,42,-8,29,-33,16,-50,0,0,0,0,0,0]"
CSI_DATA,59192,98:4a:6b:31:4a:10,-55,11,-99,22,37,11,618913100,83,0,256,0,"[0,0,0,0,0,0,0,0,21,-34,39,-21,52,-13,52,-4,47,13,56,34,43,43,30,52,13,65,-13,69,-21,60,-43,65,-60,52,-65,34,-78,13,-82,-4,-78,-26,-69,-47,-60,-56,-47,-73,-30,-86,0,-91,13,-86,52,-95,65,-78,82,-78,86,-47,95,-17,0,0,99,34,86,56,60,69,56,73,39,78,0,86,-4,82,-30,78,-39,69,-52,56,-60,34,-60,21,-73,13,-69,4,-56,-21,-56,-39,-47,-47,-34,-43,-17,-52,-8,-56,13,-60,13,-47,34,-43,43,-39,43,-30,52,-8,47,0,47,17,0,0,0,0,0,0,0,0,0,0,0,0,0,0,-52,56,-21,65,21,73,60,60,73,17,82,-21,65,-52,30,-91,-17,-91,-65,-73,-95,-30,-91,8,-73,73,-21,99,21,99,73,73,104,13,99,-43,60,-86,13,-104,-52,-108,-99,-65,-117,-4,-108,56,-52,104,8,130,65,108,104,52,0,0,99,-86,39,-112,-21,-121,-78,-86,-99,-34,-99,26,-73,82,-21,95,30,95,78,65,95,8,78,-39,43,-78,4,-82,-43,-60,-65,-34,-78,0,-56,47,-34,69,8,65,39,56,60,26,65,0,47,-34,21,-52,0,-47,-30,-47,-43,-26,0,0,0,0,0,0]"
CSI_DATA,59193,98:4a:6b:31:4a:10,-55,11,-99,24,37,11,618924406,83,0,256,0,"[0,0,0,0,0,0,0,0,32,24,28,32,16,40,0,53,-16,49,-36,49,-45,40,-57,24,-65,-4,-57,-20,-65,-28,-45,-53,-32,-73,-16,-77,0,-81,24,-73,49,-65,65,-53,73,-28,90,-12,90,8,73,28,73,57,57,73,36,90,16,98,-8,98,-49,94,0,0,-81,65,-94,36,-98,4,-86,-8,-77,-32,-65,-53,-53,-57,-36,-65,-12,-77,12,-73,24,-69,40,-57,53,-40,53,-32,61,-16,61,0,61,4,57,32,53,49,40,45,4,61,-4,53,-4,53,-24,40,-32,40,-32,16,-49,20,-45,0,0,0,0,0,0,0,0,0,0,0,0,0,0,0,-49,-40,-65,-12,-73,20,-61,57,-24,69,16,81,45,69,81,40,94,0,77,-40,49,-77,0,-98,-45,-86,-86,-45,-90,-4,-86,49,-53,86,-4,106,53,106,90,49,106,4,98,-53,61,-90,-8,-114,-57,-106,-106,-69,-118,0,-102,61,0,0,4,118,57,98,98,57,110,-8,90,-45,53,-90,8,-98,-45,-86,-86,-40,-98,-4,-81,45,-32,73,4,77,45,69,73,36,86,-4,61,-36,40,-57,0,-73,-32,-61,-53,-36,-61,-4,-53,28,-40,40,4,65,12,53,28,40,40,8,0,0,0,0,0,0]"
CSI_DATA,59194,98:4a:6b:31:4a:10,-55,11,-99,24,37,11,618934128,83,0,256,0,"[0,0,0,0,0,0,0,0,-32,20,-45,8,-49,-8,-45,-16,-40,-32,-28,-40,-20,-53,-4,-61,8,-53,28,-61,40,-45,57,-45,65,-28,77,-8,69,8,69,28,65,49,53,57,40,73,24,90,0,81,-24,73,-49,81,-73,65,-81,53,-86,32,-98,12,-102,4,0,0,-94,-49,-65,-57,-36,-90,-32,-98,-12,-81,8,-81,24,-77,40,-69,57,-49,65,-40,69,-16,61,-8,65,4,61,16,53,32,49,36,32,45,20,57,16,57,0,53,-12,57,-32,40,-40,40,-45,20,-45,20,-49,0,-40,-8,-40,-24,0,0,0,0,0,0,0,0,0,0,0,0,0,0,65,-28,40,-57,4,-73,-24,-73,-61,-53,-86,-8,-77,32,-61,65,-16,90,28,81,86,61,94,12,86,-40,53,-81,8,-102,-40,-98,-86,-49,-102,0,-90,57,-40,102,16,110,69,86,102,36,118,-24,86,-90,28,-122,-40,-114,-94,-77,0,0,-118,32,-81,98,-16,114,45,94,81,57,106,4,86,-53,49,-86,-8,-94,-57,-65,-86,-32,-86,16,-65,61,-20,81,24,73,53,49,73,16,65,-28,45,-53,12,-65,-20,-61,-40,-40,-57,-4,-53,24,-28,36,-8,53,20,40,32,32,0,0,0,0,0,0]"
CSI_DATA,59195,98:4a:6b:31:4a:10,-55,11,-99,21,37,11,618944327,83,0,256,0,"[0,0,0,0,0,0,0,0,44,13,49,22,35,40,26,49,8,53,-8,53,-26,53,-49,49,-58,31,-62,17,-67,-4,-75,-26,-58,-44,-44,-58,-26,-71,-13,-75,8,-80,40,-75,58,-67,71,-58,75,-35,93,-22,98,13,84,44,89,58,71,84,44,98,17,102,0,0,-35,89,-62,89,-89,67,-84,35,-89,17,-93,0,-80,-22,-75,-44,-58,-53,-35,-67,-17,-67,-8,-71,13,-67,22,-58,35,-44,53,-40,58,-26,58,-8,62,13,53,13,49,40,35,49,26,49,8,49,-8,49,-22,44,-26,44,-40,31,0,0,0,0,0,0,0,0,0,0,0,0,0,0,-67,-17,-67,17,-58,49,-31,71,4,84,49,71,84,49,89,-4,84,-40,58,-84,-4,-93,-53,-84,-84,-53,-107,-13,-98,49,-58,84,0,98,49,98,93,53,107,0,89,-53,58,-102,0,-120,-62,-107,-116,-53,-134,0,-102,71,-49,111,0,0,67,125,111,53,120,-4,98,-62,49,-98,-4,-102,-58,-89,-93,-40,-102,17,-80,58,-26,84,17,89,49,67,80,26,80,-8,62,-53,31,-71,-8,-75,-44,-58,-67,-26,-67,0,-53,40,-22,62,0,67,31,58,53,26,53,4,44,-17,0,0,0,0,0,0]"
CSI_DATA,59196,98:4a:6b:31:4a:10,-55,11,-99,24,37,11,618954259,83,0,256,0,"[0,0,0,0,0,0,0,0,-28,-28,-24,-40,-12,-49,4,-45,28,-57,36,-53,53,-32,61,-16,57,0,77,12,53,36,61,49,40,57,36,69,12,73,-8,81,-28,73,-49,65,-69,53,-81,49,-86,32,-90,8,-86,-8,-94,-40,-81,-57,-65,-69,-45,-90,-36,-102,0,0,20,-86,45,-98,69,-69,77,-53,86,-28,81,-12,90,4,73,8,69,32,69,49,53,45,40,53,28,61,8,61,-16,57,-24,61,-36,57,-36,40,-49,32,-57,20,-53,12,-57,-4,-57,-16,-36,-28,-28,-36,-16,-40,-16,-53,4,-53,0,0,0,0,0,0,0,0,0,0,0,0,0,0,45,49,65,28,77,-16,65,-49,32,-73,-4,-94,-61,-73,-86,-32,-90,0,-81,53,-32,81,12,94,65,77,98,28,94,-32,73,-77,20,-110,-36,-102,-90,-69,-110,-20,-102,49,-61,98,-4,114,73,110,118,53,122,-16,110,-90,49,-143,0,0,-90,-98,-122,-40,-114,36,-77,77,-4,106,36,94,90,65,98,20,90,-53,45,-86,-8,-90,-57,-73,-90,-28,-90,20,-53,61,-16,69,12,77,49,49,65,12,69,-16,45,-49,16,-73,-24,-57,-45,-45,-61,-8,-53,12,-36,36,-12,53,0,0,0,0,0,0]"
CSI_DATA,59197,98:4a:6b:31:4a:10,-55,11,-99,21,37,11,618964250,83,0,256,0,"[0,0,0,0,0,0,0,0,31,-26,35,-22,44,-4,49,8,49,31,40,49,31,58,17,62,0,67,-13,67,-35,58,-58,53,-71,35,-75,22,-80,-13,-75,-26,-67,-49,-49,-62,-35,-89,-17,-84,4,-89,31,-93,53,-89,75,-67,93,-49,107,-31,102,0,98,26,0,0,80,75,44,80,22,102,8,89,-13,93,-35,71,-58,67,-71,49,-80,31,-71,17,-80,4,-71,-22,-58,-35,-49,-44,-40,-53,-22,-58,-4,-62,17,-62,8,-62,26,-53,53,-40,49,-26,58,0,49,8,53,13,40,31,44,35,22,40,0,0,0,0,0,0,0,0,0,0,0,0,0,0,-49,44,-26,62,4,84,49,62,71,44,84,0,75,-40,44,-84,-4,-93,-49,-80,-84,-49,-98,-4,-93,44,-49,89,0,98,53,93,93,62,102,-13,98,-58,44,-93,-8,-116,-62,-93,-102,-49,-125,22,-93,75,-53,111,22,129,71,102,0,0,120,-26,102,-80,44,-111,-26,-116,-71,-84,-98,-31,-102,26,-75,62,-17,89,26,98,75,62,89,22,80,-31,49,-62,0,-75,-31,-67,-62,-44,-75,0,-58,26,-40,58,-8,67,22,58,49,44,62,17,53,-22,31,-35,13,-58,-8,-40,0,0,0,0,0,0]"
CSI_DATA,59198,98:4a:6b:31:4a:10,-55,11,-99,21,37,11,618974556,83,0,256,0,"[0,0,0,0,0,0,0,0,8,44,4,49,-26,44,-22,35,-44,26,-58,4,-67,-8,-58,-26,-49,-49,-31,-53,-13,-71,17,-67,26,-75,58,-58,71,-53,71,-31,71,0,84,8,75,35,71,71,40,71,22,93,-4,89,-31,89,-44,84,-67,62,-89,40,-93,13,0,0,-80,-35,-84,-53,-58,-80,-31,-80,-8,-84,17,-89,35,-71,49,-58,49,-44,71,-26,84,-8,67,0,62,26,53,35,44,49,22,58,8,67,-4,49,-22,58,-40,49,-44,22,-58,8,-44,4,-49,-8,-49,-22,-35,-31,-22,-35,-17,-49,0,0,0,0,0,0,0,0,0,0,0,0,0,0,-17,-67,-44,-58,-71,-35,-80,8,-75,44,-49,75,0,89,31,80,75,58,84,17,93,-26,71,-75,22,-93,-31,-102,-67,-67,-98,-35,-93,17,-75,67,-35,111,17,111,67,89,107,40,125,-13,89,-71,44,-111,-17,-111,-71,-98,-116,-31,0,0,-107,71,-53,98,-4,120,58,93,89,49,102,-8,80,-53,49,-93,8,-98,-44,-80,-89,-44,-84,8,-80,40,-40,71,-4,89,40,71,62,35,80,4,49,-35,31,-58,4,-67,-26,-62,-44,-40,-53,-8,-58,13,-40,31,-13,58,4,49,0,0,0,0,0,0]"
CSI_DATA,59199,98:4a:6b:31:4a:10,-61,11,-99,-35,58,11,618984511,83,0,256,0,"[0,0,0,0,0,0,0,0,17,13,17,17,9,23,1,23,-5,25,-13,25,-21,21,-29,15,-37,7,-35,-3,-31,-9,-31,-17,-27,-29,-15,-31,-9,-35,3,-39,13,-37,19,-37,29,-25,37,-21,41,-15,47,1,43,13,43,21,39,35,27,45,21,47,9,55,0,0,-17,47,-31,39,-31,31,-43,19,-41,9,-39,3,-35,-5,-33,-17,-33,-23,-17,-29,-13,-37,-5,-33,3,-35,7,-29,13,-27,23,-21,25,-15,31,-9,31,-1,27,5,23,11,19,11,17,17,13,23,3,21,-1,23,-9,23,-11,19,0,0,0,0,0,0,0,0,0,0,0,0,0,0,-31,-19,-35,-3,-35,15,-25,27,-7,41,15,41,35,29,45,11,41,-11,33,-37,13,-47,-15,-47,-39,-37,-51,-7,-51,19,-33,39,-7,57,19,53,45,39,55,7,53,-27,33,-47,-1,-57,-31,-53,-55,-31,-67,3,-53,35,-29,59,0,0,31,55,55,29,63,-5,49,-33,23,-51,-3,-55,-29,-39,-47,-15,-47,7,-39,41,-9,45,9,41,29,25,39,9,39,-13,25,-29,5,-37,-9,-37,-25,-19,-33,-3,-35,11,-21,23,-3,29,11,29,21,15,25,5,23,-7,19,-17,0,0,0,0,0,0]"
CSI_DATA,59200,98:4a:6b:31:4a:10,-61,11,-99,-39,58,11,618994089,83,0,256,0,"[0,0,0,0,0,0,0,0,8,-20,15,-17,22,-13,24,-6,26,2,26,13,24,20,15,26,8,31,-2,35,-11,33,-20,31,-29,24,-33,15,-38,4,-40,-6,-38,-20,-31,-26,-26,-38,-15,-42,-2,-47,11,-44,22,-42,35,-33,40,-26,51,-13,53,-2,51,13,0,0,35,38,22,42,11,49,0,47,-13,44,-22,38,-31,31,-35,20,-35,11,-38,2,-35,-6,-31,-17,-26,-24,-20,-29,-11,-31,-2,-33,6,-29,11,-29,17,-22,24,-15,26,-8,29,-2,26,4,22,11,17,15,13,20,4,22,0,22,0,0,0,0,0,0,0,0,0,0,0,0,0,0,-13,33,2,38,20,33,35,22,40,2,40,-17,29,-35,8,-47,-15,-44,-35,-33,-49,-11,-49,11,-35,35,-15,51,11,51,35,40,53,20,53,-13,42,-42,15,-53,-13,-60,-40,-44,-58,-17,-64,11,-47,42,-20,62,13,67,47,51,0,0,67,-8,51,-40,24,-62,-8,-55,-35,-47,-51,-22,-51,8,-42,31,-15,47,6,49,31,38,42,15,44,-6,33,-26,11,-38,-8,-40,-26,-31,-35,-13,-35,6,-29,22,-15,31,0,35,15,26,26,15,29,0,26,-13,17,-20,6,-24,0,0,0,0,0,0]"
CSI_DATA,59201,98:4a:6b:31:4a:10,-55,11,-99,21,37,11,619003622,83,0,256,0,"[0,0,0,0,0,0,0,0,-44,13,-49,-4,-49,-13,-40,-22,-31,-44,-17,-58,4,-62,13,-62,31,-62,49,-49,58,-35,71,-22,80,-8,84,13,62,35,67,53,49,62,35,84,4,84,-8,98,-31,89,-53,80,-67,67,-89,40,-93,26,-102,4,-93,-13,-93,-53,0,0,-49,-93,-49,-93,-13,-93,4,-98,35,-89,49,-80,58,-58,62,-44,75,-26,80,-4,75,4,67,26,53,35,49,44,35,53,17,62,8,62,-4,62,-17,62,-31,44,-40,40,-49,26,-53,13,-49,4,-44,-4,-49,-17,-35,-26,-26,-40,0,0,0,0,0,0,0,0,0,0,0,0,0,0,67,-17,49,-49,31,-67,-13,-80,-49,-67,-80,-31,-84,13,-71,58,-40,89,13,84,53,75,89,40,98,-22,75,-67,35,-98,-22,-102,-67,-71,-102,-22,-98,40,-62,84,-17,111,44,111,93,75,120,8,107,-62,62,-107,4,-120,-71,-89,0,0,-134,4,-102,67,-62,111,22,116,71,89,107,40,98,-26,67,-67,22,-89,-31,-84,-71,-58,-89,-13,-84,35,-53,62,-8,84,40,67,67,49,75,4,67,-40,35,-62,-4,-62,-26,-53,-53,-35,-62,0,-49,26,-26,40,-4,53,22,44,0,0,0,0,0,0]"
CSI_DATA,59202,98:4a:6b:31:4a:10,-55,11,-99,24,37,11,619013605,83,0,256,0,"[0,0,0,0,0,0,0,0,-24,-36,-12,-49,4,-45,16,-53,36,-49,40,-45,61,-36,57,-20,73,-4,65,20,53,28,61,40,49,65,28,73,20,73,8,81,-24,73,-28,81,-57,69,-69,65,-81,36,-86,20,-94,8,-102,-12,-102,-40,-90,-45,-61,-65,-49,-86,0,0,-20,-94,16,-106,32,-86,45,-73,65,-69,65,-57,81,-40,73,-20,81,-12,77,12,77,24,65,32,53,49,45,57,24,61,8,65,8,69,-8,61,-16,49,-32,49,-45,49,-53,32,-40,16,-53,8,-57,8,-40,-8,-49,-16,-32,-28,0,0,0,0,0,0,0,0,0,0,0,0,0,0,28,61,65,36,77,4,61,-36,36,-73,0,-86,-45,-73,-73,-49,-98,8,-81,45,-32,86,16,98,73,81,102,24,94,-28,65,-73,8,-106,-57,-94,-98,-53,-110,8,-86,61,-40,114,20,114,86,77,131,20,110,-53,65,-106,4,-118,0,0,-102,-65,-127,12,-90,77,-32,106,28,106,81,81,98,12,98,-45,49,-77,0,-98,-57,-69,-81,-24,-86,16,-57,57,-16,81,28,77,61,45,77,4,61,-28,32,-57,4,-69,-36,-57,-57,-24,-53,16,-36,28,-20,40,12,49,32,40,0,0,0,0,0,0]"
CSI_DATA,59203,98:4a:6b:31:4a:10,-55,11,-99,23,37,11,619025127,83,0,256,0,"[0,0,0,0,0,0,0,0,25,-33,25,-37,46,-25,50,-8,63,4,63,21,46,33,37,50,29,63,4,75,-8,71,-25,63,-42,67,-59,46,-75,29,-84,12,-84,-8,-80,-29,-75,-42,-63,-59,-50,-80,-33,-88,-4,-101,29,-92,42,-88,59,-84,84,-63,96,-37,0,0,105,-4,101,25,88,50,67,59,54,84,29,80,16,84,0,88,-25,75,-33,67,-46,59,-63,42,-67,29,-63,16,-71,0,-63,-16,-59,-25,-50,-42,-33,-54,-21,-59,-8,-63,8,-54,16,-46,37,-37,37,-37,37,-25,42,-12,50,0,0,0,0,0,0,0,0,0,0,0,0,0,0,0,-33,59,0,67,33,67,67,46,80,0,75,-42,54,-63,8,-92,-42,-80,-75,-54,-92,-4,-84,37,-54,80,8,92,42,80,84,46,101,-4,92,-59,42,-105,-12,-109,-75,-84,-101,-29,-109,25,-88,80,-29,122,42,118,92,92,126,25,0,0,75,-113,12,-122,-50,-109,-96,-59,-109,0,-88,59,-46,92,4,101,59,75,92,37,92,-16,63,-54,25,-71,-25,-80,-63,-54,-75,-16,-71,21,-46,59,-4,75,29,63,54,37,63,8,54,-37,42,-46,4,-59,-16,-50,-37,-33,-50,-8,0,0,0,0,0,0]"
CSI_DATA,59204,98:4a:6b:31:4a:10,-55,11,-99,21,37,11,619034972,83,0,256,0,"[0,0,0,0,0,0,0,0,-35,22,-40,13,-53,-4,-53,-22,-44,-31,-31,-44,-17,-67,0,-67,22,-62,40,-53,53,-49,62,-26,75,-13,80,13,75,31,71,49,49,67,26,71,13,80,-8,84,-35,84,-49,80,-71,62,-93,44,-98,13,-102,-4,-98,-35,-80,-62,0,0,-26,-107,-22,-102,13,-93,40,-80,44,-84,75,-58,75,-35,89,-26,67,0,75,22,58,26,53,53,31,58,22,67,0,67,-8,67,-22,58,-40,58,-53,35,-53,22,-58,8,-53,-4,-53,-22,-49,-40,-31,-35,-17,-40,-8,-53,8,-53,0,0,0,0,0,0,0,0,0,0,0,0,0,0,58,-35,40,-62,8,-71,-26,-75,-67,-44,-89,-22,-80,31,-62,62,-22,84,26,93,62,62,93,31,93,-22,71,-67,26,-98,-22,-98,-67,-71,-98,-31,-107,22,-71,75,-35,102,26,111,80,89,125,26,116,-31,89,-93,35,-120,-22,-129,0,0,-125,-44,-116,31,-80,80,-17,116,35,107,80,75,102,22,93,-31,67,-75,13,-89,-40,-80,-67,-53,-84,-13,-75,35,-40,67,-13,80,31,71,58,44,71,4,67,-26,44,-53,13,-62,-17,-53,-49,-49,-58,-13,-53,13,-40,31,-17,49,0,0,0,0,0,0]"
CSI_DATA,59205,98:4a:6b:31:4a:10,-55,11,-99,22,37,11,619045346,83,0,256,0,"[0,0,0,0,0,0,0,0,47,8,43,21,39,39,34,43,21,52,0,65,-13,69,-26,60,-52,39,-69,39,-65,17,-73,-4,-78,-21,-69,-34,-60,-60,-47,-69,-30,-78,-13,-95,13,-82,26,-91,52,-78,65,-69,86,-43,104,-26,108,-4,99,17,99,39,78,60,0,0,47,99,21,108,4,99,-26,95,-39,86,-56,69,-73,60,-69,39,-82,17,-78,4,-78,-8,-69,-30,-69,-47,-47,-47,-39,-65,-13,-56,-4,-65,8,-65,26,-52,47,-47,47,-34,52,-26,60,-13,60,4,47,8,47,17,39,34,26,47,0,0,0,0,0,0,0,0,0,0,0,0,0,0,-60,-17,-65,26,-47,52,-21,78,21,73,60,56,82,21,82,-30,73,-60,17,-82,-26,-86,-69,-60,-95,-13,-86,39,-60,78,-13,104,43,95,91,56,104,0,91,-65,52,-104,-17,-117,-56,-95,-121,-43,-117,26,-95,86,-21,121,39,117,0,0,125,13,112,-43,69,-95,4,-121,-43,-99,-82,-56,-104,4,-82,52,-34,86,4,95,56,73,73,21,86,-21,56,-56,17,-69,-34,-78,-56,-39,-78,-4,-60,43,-43,56,-8,56,30,65,52,30,65,0,43,-30,34,-47,4,-39,-13,-47,0,0,0,0,0,0]"
CSI_DATA,59206,98:4a:6b:31:4a:10,-55,11,-99,21,37,11,619055250,83,0,256,0,"[0,0,0,0,0,0,0,0,-44,4,-53,-17,-44,-26,-35,-40,-13,-49,-8,-67,8,-67,31,-67,40,-40,67,-31,62,-26,80,-4,80,17,71,35,62,53,40,71,22,80,0,84,-17,89,-44,80,-67,67,-80,49,-98,31,-102,4,-93,-17,-98,-44,-89,-62,-62,-84,0,0,-13,-111,17,-111,44,-93,53,-75,71,-62,75,-35,93,-22,84,4,75,22,71,44,58,53,40,62,22,67,8,71,-13,67,-26,62,-40,58,-49,40,-58,22,-58,4,-62,-8,-62,-17,-53,-35,-35,-44,-26,-44,0,-49,4,-53,22,-53,0,0,0,0,0,0,0,0,0,0,0,0,0,0,75,-4,58,-31,44,-62,8,-75,-31,-75,-67,-49,-93,-13,-89,31,-62,67,-17,93,31,93,71,67,102,22,102,-26,71,-75,22,-102,-35,-98,-89,-71,-107,-17,-102,44,-67,89,-13,120,53,111,111,67,120,17,111,-62,71,-116,8,-138,0,0,-107,-80,-125,-4,-107,49,-67,98,-4,107,58,93,93,49,111,-13,75,-58,35,-89,-8,-93,-49,-75,-84,-40,-84,22,-67,53,-26,75,17,80,49,62,71,22,67,-4,58,-49,31,-62,-4,-67,-35,-53,-49,-26,-58,0,-49,22,-26,44,0,0,0,0,0,0]"
CSI_DATA,59207,98:4a:6b:31:4a:10,-55,11,-99,19,37,11,619065298,83,0,256,0,"[0,0,0,0,0,0,0,0,-4,52,-14,47,-28,37,-47,33,-56,18,-56,4,-61,-14,-56,-33,-47,-42,-47,-56,-23,-66,-9,-70,9,-80,23,-75,42,-70,56,-52,75,-47,85,-18,94,0,89,14,89,33,80,56,61,70,47,94,28,99,4,104,-18,113,-52,94,0,0,-85,70,-99,42,-104,23,-104,9,-99,-14,-75,-33,-85,-47,-56,-61,-37,-66,-28,-70,0,-75,9,-70,18,-75,33,-56,47,-47,52,-42,61,-23,66,-14,61,4,75,18,56,28,42,47,33,56,14,47,9,56,-9,47,-18,47,-23,37,0,0,0,0,0,0,0,0,0,0,0,0,0,0,9,-66,-28,-66,-52,-52,-85,-18,-80,33,-52,66,-18,89,28,85,70,66,94,14,94,-42,61,-85,14,-104,-52,-94,-85,-56,-108,4,-85,56,-47,94,9,113,75,89,113,28,118,-33,75,-94,18,-127,-37,-113,-104,-75,-132,-4,-123,61,0,0,18,141,66,104,104,47,118,-18,94,-75,28,-113,-28,-104,-80,-70,-99,-18,-94,37,-56,80,0,94,56,70,75,37,85,-14,61,-56,28,-75,-14,-75,-42,-56,-61,-18,-70,14,-52,56,-14,61,18,56,33,42,56,18,56,-18,33,-28,0,0,0,0,0,0]"
CSI_DATA,59208,98:4a:6b:31:4a:10,-55,11,-99,23,37,11,619076102,83,0,256,0,"[0,0,0,0,0,0,0,0,37,4,37,25,37,29,33,37,12,50,0,54,-16,54,-33,50,-50,37,-59,21,-67,4,-80,-8,-67,-25,-59,-42,-46,-63,-33,-71,-12,-84,12,-84,25,-80,46,-71,71,-63,84,-33,92,-21,105,12,88,25,88,54,67,80,59,80,0,0,0,96,-25,96,-46,84,-54,67,-71,54,-80,33,-92,12,-80,-4,-71,-21,-63,-46,-50,-50,-42,-67,-21,-71,-4,-71,12,-63,33,-59,42,-54,46,-50,46,-21,59,-8,63,4,54,25,54,33,33,42,29,46,8,50,-4,50,-12,54,0,0,0,0,0,0,0,0,0,0,0,0,0,0,-67,-16,-75,16,-54,42,-21,71,12,75,59,67,84,37,92,-12,67,-50,25,-80,-16,-88,-63,-75,-88,-37,-96,8,-75,63,-33,101,8,105,67,71,105,29,101,-33,80,-84,33,-109,-33,-122,-88,-88,-109,-29,-122,46,-84,92,-29,118,0,0,101,71,113,12,118,-46,67,-92,8,-113,-54,-101,-88,-54,-96,-4,-84,54,-46,80,4,96,42,67,71,33,80,-12,59,-50,29,-71,-8,-80,-50,-63,-67,-25,-67,4,-54,37,-25,59,0,67,33,54,50,29,46,4,50,-21,25,-37,0,0,0,0,0,0]"
CSI_DATA,59209,98:4a:6b:31:4a:10,-55,11,-99,24,37,11,619086153,83,0,256,0,"[0,0,0,0,0,0,0,0,40,8,40,24,28,32,28,40,16,61,4,53,-16,65,-24,53,-57,45,-61,40,-73,16,-69,4,-73,-12,-69,-32,-53,-45,-53,-57,-32,-65,-24,-86,8,-86,16,-90,36,-73,53,-73,69,-61,86,-40,94,-28,106,-12,106,24,106,40,0,0,65,69,45,86,24,86,0,98,-16,90,-32,86,-40,69,-57,61,-61,53,-69,24,-73,16,-73,4,-73,-16,-61,-20,-53,-45,-36,-49,-28,-61,-20,-65,-12,-65,12,-57,24,-61,36,-45,45,-36,57,-24,53,-12,57,-4,53,8,45,24,0,0,0,0,0,0,0,0,0,0,0,0,0,0,-65,-24,-73,16,-53,45,-24,73,16,81,57,65,77,20,81,-28,61,-73,28,-86,-28,-90,-77,-65,-98,-16,-94,36,-53,81,0,102,53,94,102,49,110,-12,90,-69,36,-110,-24,-110,-81,-81,-114,-24,-110,49,-73,106,-12,122,57,110,0,0,127,0,102,-65,45,-110,-16,-118,-69,-86,-98,-32,-98,28,-61,65,-16,94,40,81,81,45,90,4,73,-45,36,-73,-12,-73,-49,-61,-65,-24,-61,20,-45,45,-16,65,24,65,49,40,61,12,61,-20,32,-40,8,-57,-12,-49,-40,-24,0,0,0,0,0,0]"
CSI_DATA,59210,98:4a:6b:31:4a:10,-55,11,-99,26,37,11,619096518,83,0,256,0,"[0,0,0,0,0,0,0,0,30,-27,46,-11,42,0,42,19,42,27,34,50,23,54,3,61,-11,65,-27,61,-46,50,-61,38,-65,27,-73,3,-69,-15,-73,-23,-58,-54,-46,-61,-34,-77,-15,-81,11,-92,27,-85,58,-85,69,-61,77,-42,85,-27,92,-7,88,19,0,0,77,69,50,69,27,85,7,92,-11,81,-34,81,-46,73,-61,58,-61,42,-65,23,-73,11,-77,-11,-61,-27,-58,-30,-42,-54,-34,-58,-19,-58,0,-54,7,-54,27,-58,34,-50,54,-27,46,-19,54,-3,50,3,46,19,42,30,30,42,0,0,0,0,0,0,0,0,0,0,0,0,0,0,-61,27,-46,61,-11,73,27,65,69,46,81,15,77,-23,58,-69,27,-88,-23,-85,-69,-58,-92,-27,-92,27,-65,77,-11,96,27,92,77,61,108,15,100,-46,58,-88,3,-104,-58,-96,-88,-58,-119,3,-92,69,-61,112,11,127,65,100,0,0,119,-19,96,-73,42,-112,-27,-112,-73,-81,-92,-27,-100,23,-73,61,-27,92,27,96,69,54,85,15,81,-42,42,-73,3,-77,-34,-65,-61,-38,-69,-3,-61,27,-34,54,-7,65,34,58,58,27,58,3,46,-27,27,-42,3,-46,-11,-46,0,0,0,0,0,0]"
CSI_DATA,59211,98:4a:6b:31:4a:10,-55,11,-99,22,37,11,619106367,83,0,256,0,"[0,0,0,0,0,0,0,0,-39,4,-47,-8,-47,-26,-39,-30,-26,-52,-13,-56,4,-65,21,-52,43,-52,65,-30,65,-13,69,0,65,13,60,39,52,56,39,69,8,78,-13,78,-34,78,-52,73,-69,47,-73,34,-91,17,-91,-21,-95,-26,-86,-56,-56,-65,-30,-82,0,0,8,-95,34,-86,60,-78,65,-43,82,-30,86,-4,78,8,73,21,69,43,52,56,34,60,17,69,0,69,-17,69,-26,52,-52,52,-52,34,-56,17,-60,4,-56,-13,-52,-34,-43,-34,-30,-47,-13,-52,0,-47,13,-43,30,-43,39,-30,0,0,0,0,0,0,0,0,0,0,0,0,0,0,65,-4,60,-34,34,-69,4,-78,-30,-69,-69,-56,-78,-17,-78,30,-60,56,-17,91,30,78,65,65,95,13,91,-30,73,-65,34,-95,-17,-104,-73,-73,-99,-30,-104,26,-78,82,-34,117,26,112,86,82,108,34,125,-26,91,-91,34,-104,0,0,-73,-99,-112,-30,-121,30,-78,69,-39,104,21,99,65,78,95,30,95,-17,69,-60,26,-82,-17,-82,-60,-52,-78,-21,-73,21,-52,47,-21,69,13,78,47,56,69,21,69,-17,47,-43,30,-52,-4,-56,-34,-43,-39,-17,-52,-4,-39,21,0,0,0,0,0,0]"
CSI_DATA,59212,98:4a:6b:31:4a:10,-55,11,-99,21,37,11,619116956,83,0,256,0,"[0,0,0,0,0,0,0,0,-8,44,-22,31,-35,35,-44,26,-49,13,-62,-8,-53,-17,-44,-40,-35,-58,-22,-58,-8,-62,8,-62,31,-67,44,-53,62,-40,71,-31,71,-8,80,4,75,22,67,49,53,62,44,75,17,89,4,84,-13,89,-26,80,-49,75,-75,67,0,0,-107,13,-93,-4,-89,-13,-71,-31,-62,-58,-40,-75,-31,-75,-8,-67,4,-93,22,-75,31,-67,44,-53,44,-31,58,-22,67,-8,71,4,62,13,49,31,44,44,26,53,17,53,8,58,-13,62,-22,44,-26,44,-40,40,-49,17,-49,8,0,0,0,0,0,0,0,0,0,0,0,0,0,0,31,-58,-17,-71,-44,-58,-80,-31,-71,8,-67,53,-35,75,8,84,44,75,84,44,93,-8,80,-49,44,-89,-8,-107,-58,-80,-84,-31,-98,17,-84,75,-26,116,35,102,80,84,120,31,107,-31,71,-93,13,-111,-53,-98,-93,-67,-120,-4,0,0,-53,125,0,111,62,93,107,53,116,0,84,-53,49,-89,-8,-102,-62,-67,-89,-31,-84,26,-58,58,-17,75,26,80,53,49,80,8,67,-31,53,-67,0,-71,-31,-53,-49,-40,-58,-8,-58,22,-35,40,-8,49,22,44,31,35,40,4,0,0,0,0,0,0]"
CSI_DATA,59213,98:4a:6b:31:4a:10,-61,11,-99,-36,58,11,619127901,83,0,256,0,"[0,0,0,0,0,0,0,0,18,10,18,16,14,20,4,22,-2,26,-14,22,-18,20,-28,12,-30,4,-34,-6,-32,-14,-32,-20,-24,-26,-12,-32,-4,-36,6,-41,18,-36,28,-28,34,-22,45,-14,43,-6,45,10,39,22,30,34,24,39,14,45,6,51,-8,51,0,0,-34,28,-41,26,-45,10,-45,0,-41,-8,-36,-22,-30,-26,-22,-32,-10,-32,-6,-34,4,-34,12,-34,14,-30,22,-24,28,-12,32,-4,30,0,26,10,24,14,18,24,12,26,6,30,0,30,-6,24,-14,20,-20,14,-22,10,-26,2,0,0,0,0,0,0,0,0,0,0,0,0,0,0,-30,-18,-36,0,-34,16,-28,30,-2,39,14,41,34,32,47,14,47,-8,41,-28,18,-45,-8,-49,-30,-39,-47,-18,-49,8,-43,34,-22,53,6,53,34,47,55,18,57,-10,51,-39,26,-55,-8,-67,-39,-53,-63,-20,-67,12,-53,41,0,0,2,69,41,49,59,26,59,-4,47,-32,22,-47,-4,-53,-28,-43,-45,-20,-49,8,-34,30,-12,41,10,43,26,34,36,12,41,-6,28,-26,16,-36,-2,-36,-18,-30,-30,-16,-30,0,-26,18,-12,26,0,28,10,24,20,14,24,2,0,0,0,0,0,0]"
CSI_DATA,59214,98:4a:6b:31:4a:10,-55,11,-99,25,37,11,619137422,83,0,256,0,"[0,0,0,0,0,0,0,0,31,-19,39,-15,47,-7,47,11,47,27,35,39,27,51,11,59,0,67,-11,67,-31,55,-55,43,-67,31,-79,11,-67,3,-75,-15,-75,-31,-63,-51,-39,-63,-31,-79,-3,-83,11,-91,23,-83,55,-71,71,-71,79,-55,95,-27,95,-11,0,0,83,47,79,59,59,67,47,83,23,87,-3,83,-19,71,-35,71,-43,59,-55,51,-59,35,-67,23,-67,3,-63,-7,-63,-23,-51,-39,-39,-47,-31,-51,-19,-47,-7,-63,7,-55,19,-43,31,-47,39,-31,39,-19,47,-7,51,3,43,15,0,0,0,0,0,0,0,0,0,0,0,0,0,0,-59,35,-35,59,0,75,39,67,63,43,79,3,75,-35,47,-75,7,-91,-43,-87,-87,-51,-95,-7,-83,51,-47,91,0,107,43,95,99,47,111,-11,83,-75,35,-99,-23,-107,-79,-79,-115,-23,-119,35,-79,99,-23,123,51,123,103,71,0,0,131,-67,59,-107,-3,-123,-59,-107,-99,-55,-107,15,-83,59,-47,99,7,95,67,71,83,27,83,-31,63,-67,15,-87,-31,-75,-67,-47,-79,-11,-71,27,-35,63,-3,63,35,59,55,31,59,7,59,-27,31,-47,3,-51,-7,-51,-31,-35,0,0,0,0,0,0]"
CSI_DATA,59215,98:4a:6b:31:4a:10,-55,11,-99,24,37,11,619147938,83,0,256,0,"[0,0,0,0,0,0,0,0,12,-40,20,-40,32,-40,49,-20,53,-4,57,12,49,32,45,49,28,53,20,65,-12,73,-24,61,-40,57,-61,49,-57,32,-73,4,-73,-8,-69,-28,-65,-57,-53,-69,-36,-77,-20,-94,12,-90,32,-86,57,-81,73,-61,86,-40,90,-12,0,0,86,32,77,57,57,77,36,81,16,86,-4,81,-28,81,-49,65,-53,53,-65,40,-73,20,-73,4,-65,-8,-57,-28,-53,-36,-32,-49,-32,-57,-8,-61,0,-61,20,-61,36,-53,49,-40,53,-16,53,-8,49,8,49,16,36,36,28,40,0,0,0,0,0,0,0,0,0,0,0,0,0,0,-20,69,12,69,45,57,69,32,77,-4,69,-49,36,-77,-4,-81,-40,-73,-77,-49,-90,-4,-86,40,-49,81,0,94,45,90,81,57,94,4,86,-49,53,-94,0,-106,-49,-94,-94,-53,-114,4,-106,57,-53,106,4,122,65,106,102,53,0,0,118,-61,57,-102,-4,-118,-65,-98,-98,-53,-106,0,-90,45,-49,81,4,94,57,81,77,28,86,-4,65,-49,36,-73,-16,-77,-49,-57,-69,-36,-81,16,-57,40,-24,65,0,65,28,49,49,24,57,0,45,-24,28,-36,0,-49,-12,-40,0,0,0,0,0,0]"
CSI_DATA,59216,98:4a:6b:31:4a:10,-55,11,-99,24,37,11,619157507,83,0,256,0,"[0,0,0,0,0,0,0,0,20,-36,16,-40,36,-32,53,-20,40,0,57,16,45,28,49,45,40,65,16,65,0,65,-8,69,-28,69,-36,57,-53,45,-65,28,-77,4,-69,4,-77,-20,-65,-40,-69,-57,-49,-73,-36,-81,0,-94,12,-90,36,-98,53,-86,69,-57,0,0,98,-32,86,0,98,16,81,28,77,45,61,61,36,69,28,77,0,73,-4,65,-24,69,-32,61,-40,49,-57,36,-57,24,-65,4,-53,-4,-65,-24,-49,-36,-36,-36,-36,-49,-24,-45,-8,-45,0,-45,16,-49,20,-45,40,-36,40,-28,0,0,0,0,0,0,0,0,0,0,0,0,0,0,-24,57,4,61,28,65,69,32,69,-4,69,-40,32,-69,4,-86,-53,-69,-81,-40,-86,8,-69,49,-36,94,12,98,57,73,94,32,106,-32,73,-73,12,-110,-36,-98,-94,-61,-118,-8,-102,57,-61,110,0,118,65,94,98,40,118,-8,0,0,40,-118,-24,-122,-81,-90,-102,-28,-110,20,-61,77,-16,94,40,90,81,65,98,4,77,-40,40,-69,4,-77,-53,-69,-73,-32,-81,8,-49,40,-20,69,16,61,45,53,65,24,57,-12,28,-36,16,-57,-16,-53,-36,-40,-45,-12,-49,8,0,0,0,0,0,0]"
CSI_DATA,59217,98:4a:6b:31:4a:10,-55,11,-99,24,37,11,619167576,83,0,256,0,"[0,0,0,0,0,0,0,0,-40,12,-49,4,-49,-12,-45,-32,-28,-49,-8,-53,-8,-61,20,-61,32,-61,49,-45,61,-32,69,-16,81,0,73,20,57,40,57,57,40,73,16,81,0,86,-20,94,-36,77,-65,73,-69,49,-102,28,-90,0,-106,-20,-90,-49,-65,-69,0,0,-28,-98,-12,-98,24,-94,32,-81,57,-77,65,-57,77,-36,81,-16,69,0,73,16,69,40,53,53,45,57,32,57,12,69,-4,61,-16,61,-24,49,-32,36,-49,24,-57,16,-57,-4,-53,-16,-36,-28,-40,-32,-16,-40,-8,-45,0,-45,0,0,0,0,0,0,0,0,0,0,0,0,0,0,65,-20,61,-53,20,-73,-8,-69,-45,-69,-77,-32,-81,8,-81,49,-40,86,0,90,49,73,86,49,98,-12,86,-49,49,-86,-8,-106,-61,-90,-94,-45,-110,16,-90,65,-40,110,20,118,69,102,118,49,118,-20,98,-81,40,-122,-28,-122,0,0,-127,-32,-122,28,-102,90,-32,110,20,114,69,77,106,28,98,-32,73,-73,24,-90,-28,-90,-65,-53,-81,-8,-69,36,-45,65,4,81,32,69,61,40,69,8,61,-28,40,-53,12,-69,-24,-57,-45,-36,-57,-16,-53,16,-40,28,-8,49,0,0,0,0,0,0]"
CSI_DATA,59218,98:4a:6b:31:4a:10,-61,11,-99,-39,58,11,619177582,83,0,256,0,"[0,0,0,0,0,0,0,0,-11,20,-20,15,-22,8,-24,2,-26,-8,-22,-20,-15,-26,-8,-31,2,-31,13,-35,24,-26,29,-22,35,-13,38,-2,38,11,38,22,31,26,20,40,8,42,-2,40,-17,42,-24,35,-35,29,-42,13,-44,8,-49,-4,-44,-15,-38,-31,0,0,-15,-47,0,-44,13,-49,20,-40,29,-29,33,-24,38,-13,38,-4,33,4,33,15,29,24,20,29,13,33,4,31,-4,29,-15,29,-20,22,-24,15,-26,8,-29,0,-26,-6,-24,-13,-20,-15,-13,-22,-6,-22,0,-24,8,-22,13,-20,0,0,0,0,0,0,0,0,0,0,0,0,0,0,24,-26,11,-35,-8,-38,-24,-33,-38,-13,-44,4,-40,22,-26,38,-2,47,20,42,42,29,49,8,47,-17,33,-40,8,-51,-13,-49,-38,-42,-53,-8,-55,20,-40,40,-17,58,17,58,44,42,67,15,67,-15,47,-44,22,-64,-11,-71,0,0,-62,-26,-62,15,-51,38,-24,53,4,62,31,47,49,24,49,-4,40,-33,17,-47,-4,-47,-29,-38,-40,-15,-44,2,-31,20,-20,38,2,40,17,33,31,17,35,0,33,-17,22,-26,4,-31,-8,-31,-22,-17,-26,-6,-24,4,-17,15,0,0,0,0,0,0]"
CSI_DATA,59219,98:4a:6b:31:4a:10,-55,11,-99,24,37,11,619189189,83,0,256,0,"[0,0,0,0,0,0,0,0,40,-16,49,-8,53,12,40,20,45,40,20,57,8,65,-8,65,-28,57,-49,49,-61,49,-73,24,-81,8,-65,-12,-69,-32,-61,-53,-40,-73,-24,-81,-4,-86,8,-86,36,-81,61,-69,69,-45,94,-53,94,-12,102,8,94,32,90,32,0,0,49,94,20,94,-4,90,-24,98,-40,81,-61,61,-65,45,-81,24,-77,12,-73,-8,-69,-28,-65,-49,-45,-49,-28,-57,-20,-65,-4,-65,12,-65,20,-53,32,-49,40,-36,53,-16,61,-8,53,12,57,24,49,24,28,36,24,49,8,53,0,0,0,0,0,0,0,0,0,0,0,0,0,0,-65,20,-53,53,-28,77,20,73,53,65,77,28,86,-12,69,-53,32,-81,-4,-86,-49,-69,-86,-32,-98,20,-77,61,-36,106,12,102,65,81,98,28,102,-20,86,-81,28,-110,-24,-122,-81,-81,-122,-28,-118,36,-90,90,-24,114,40,114,0,0,122,28,114,-36,86,-94,20,-114,-45,-110,-81,-73,-106,-12,-94,49,-53,81,4,98,49,77,90,49,86,0,73,-45,36,-69,-12,-81,-45,-57,-65,-32,-77,8,-53,40,-36,57,-8,73,32,45,49,32,53,-8,49,-24,36,-45,4,-49,0,0,0,0,0,0]"
CSI_DATA,59220,98:4a:6b:31:4a:10,-61,11,-99,-39,58,11,619199031,83,0,256,0,"[0,0,0,0,0,0,0,0,-11,20,-17,15,-24,11,-22,4,-26,-6,-24,-15,-17,-22,-8,-29,-2,-29,4,-33,17,-31,24,-24,33,-17,38,-6,40,4,40,15,35,22,26,38,17,40,8,42,-8,42,-20,42,-35,35,-44,20,-47,13,-49,6,-49,-11,-42,-24,0,0,-20,-44,-6,-47,0,-51,8,-42,26,-35,33,-26,35,-17,35,-6,33,2,33,11,35,15,22,26,22,29,13,31,4,33,-6,29,-13,26,-17,22,-22,15,-26,8,-29,2,-29,-6,-22,-11,-20,-20,-13,-20,-6,-24,2,-22,8,-22,0,0,0,0,0,0,0,0,0,0,0,0,0,0,22,-29,6,-38,-13,-35,-26,-29,-38,-11,-42,8,-35,29,-17,42,2,51,20,42,42,24,47,4,47,-24,26,-42,6,-53,-22,-47,-44,-35,-53,2,-49,26,-29,47,-8,60,26,58,44,38,62,2,60,-29,42,-51,11,-69,-22,-67,0,0,-64,-13,-58,24,-44,49,-13,60,20,60,40,42,53,15,47,-11,31,-35,8,-44,-13,-47,-38,-29,-42,-8,-40,13,-24,31,-8,38,11,38,29,24,38,8,35,-6,26,-22,13,-33,-2,-29,-17,-29,-24,-11,-26,-2,-24,11,-15,20,0,0,0,0,0,0]"
CSI_DATA,59221,98:4a:6b:31:4a:10,-55,11,-99,23,37,11,619208704,83,0,256,0,"[0,0,0,0,0,0,0,0,-42,-21,-42,-25,-29,-37,-16,-50,8,-50,12,-54,25,-50,50,-50,54,-29,63,-12,63,8,75,21,80,37,59,50,42,67,25,84,4,84,-25,71,-42,80,-63,67,-84,50,-88,37,-101,8,-96,-16,-80,-33,-88,-63,-71,-71,-50,-67,0,0,8,-105,21,-92,46,-71,59,-59,75,-50,84,-21,88,-12,75,12,71,29,67,42,46,46,37,59,25,59,8,67,-8,63,-21,59,-33,63,-46,42,-54,25,-63,16,-54,4,-54,-25,-54,-25,-46,-42,-21,-37,-21,-46,-12,-50,8,-46,0,0,0,0,0,0,0,0,0,0,0,0,0,0,54,25,71,-8,63,-37,37,-67,-4,-71,-46,-75,-63,-46,-92,8,-75,37,-46,84,0,84,42,80,75,46,92,0,80,-50,46,-92,-8,-109,-59,-67,-105,-46,-101,12,-75,71,-29,101,21,109,88,80,105,29,118,-37,80,-105,33,-126,0,0,-88,-84,-122,-16,-113,42,-67,80,-12,118,42,84,80,59,101,0,75,-50,37,-80,-4,-84,-54,-63,-71,-33,-84,16,-54,50,-33,75,12,75,46,59,59,25,75,-16,46,-42,16,-50,-12,-63,-33,-37,-54,-16,-54,8,-42,21,-21,37,0,0,0,0,0,0]"
CSI_DATA,59222,98:4a:6b:31:4a:10,-55,11,-99,24,37,11,619218744,83,0,256,0,"[0,0,0,0,0,0,0,0,24,-28,40,-24,49,-12,53,-4,45,20,36,36,36,57,16,65,-4,61,-20,65,-36,61,-57,45,-61,28,-69,12,-73,-8,-69,-24,-53,-49,-45,-69,-20,-73,-8,-81,16,-81,45,-77,61,-61,77,-57,94,-28,102,-4,106,20,90,45,0,0,45,81,28,90,0,98,-12,77,-40,69,-57,65,-73,45,-73,32,-69,4,-69,-16,-65,-24,-53,-45,-36,-49,-28,-61,-8,-61,4,-61,24,-57,36,-49,45,-32,49,-24,57,-8,57,4,53,16,40,40,36,40,20,40,8,49,-12,45,0,0,0,0,0,0,0,0,0,0,0,0,0,0,-49,49,-28,69,16,77,49,65,73,32,81,0,81,-49,40,-69,0,-94,-40,-81,-81,-45,-94,-12,-90,40,-57,73,-8,102,36,98,90,69,106,8,102,-45,73,-90,8,-110,-45,-106,-90,-69,-127,-20,-106,49,-65,106,-12,118,61,110,0,0,131,24,114,-45,77,-98,12,-118,-36,-102,-86,-57,-102,-8,-98,36,-57,81,-4,98,36,90,77,53,90,12,77,-32,49,-73,0,-77,-28,-65,-53,-36,-69,0,-65,28,-45,45,-16,65,12,61,49,45,53,20,49,-16,36,-20,20,-45,0,0,0,0,0,0]"
CSI_DATA,59223,98:4a:6b:31:4a:10,-55,11,-99,24,37,11,619230423,83,0,256,0,"[0,0,0,0,0,0,0,0,45,-24,45,-12,53,4,40,12,49,24,40,45,28,57,8,61,-12,69,-24,57,-45,61,-61,40,-65,24,-77,8,-77,-12,-69,-28,-61,-45,-61,-61,-36,-73,-16,-86,0,-81,24,-90,36,-86,69,-65,81,-49,94,-32,98,-4,98,16,0,0,86,53,73,81,45,94,28,86,0,81,-20,90,-36,77,-53,61,-61,45,-65,32,-77,12,-69,0,-65,-20,-61,-32,-49,-45,-36,-53,-20,-57,-20,-57,4,-61,16,-57,24,-53,36,-36,40,-20,57,-16,53,-12,49,4,40,20,28,36,0,0,0,0,0,0,0,0,0,0,0,0,0,0,-61,32,-45,57,4,73,32,61,65,45,81,0,77,-28,53,-69,8,-86,-36,-81,-69,-57,-94,-8,-90,36,-53,81,0,98,40,86,86,53,110,-4,86,-57,53,-98,-12,-106,-61,-86,-102,-45,-114,16,-86,81,-32,114,32,127,77,102,0,0,110,-28,73,-94,24,-114,-32,-102,-73,-69,-98,-20,-86,36,-57,77,-8,90,45,77,77,45,86,4,69,-45,36,-77,-16,-81,-49,-61,-65,-24,-65,16,-57,45,-24,65,20,65,36,45,57,24,61,0,45,-36,16,-49,-8,-45,-24,-40,0,0,0,0,0,0]"
CSI_DATA,59224,98:4a:6b:31:4a:10,-55,11,-99,22,37,11,619240592,83,0,256,0,"[0,0,0,0,0,0,0,0,-26,-34,-8,-43,4,-39,17,-47,34,-39,47,-34,56,-13,65,0,60,21,56,43,43,56,21,73,8,78,-17,73,-39,69,-56,52,-69,43,-78,26,-82,8,-82,-21,-73,-39,-65,-52,-47,-73,-26,-91,4,-91,30,-91,47,-91,69,-60,0,0,95,-21,91,4,86,30,69,43,65,65,43,69,26,78,4,82,-17,73,-34,73,-47,60,-60,39,-65,26,-69,13,-60,-13,-69,-26,-47,-39,-30,-43,-21,-56,-8,-56,4,-60,17,-52,34,-43,43,-34,47,-21,47,-13,47,8,39,21,0,0,0,0,0,0,0,0,0,0,0,0,0,0,30,60,56,39,69,13,78,-26,52,-56,26,-78,-17,-82,-52,-69,-82,-30,-91,4,-73,60,-39,82,4,91,60,82,82,43,95,-8,82,-60,52,-95,-8,-112,-60,-91,-99,-47,-112,8,-95,65,-47,104,8,121,69,104,104,60,121,-8,0,0,60,-130,0,-117,-60,-95,-99,-47,-121,0,-86,56,-43,86,17,95,60,78,82,43,99,-13,69,-47,26,-73,-13,-78,-56,-56,-69,-30,-82,4,-56,39,-34,60,0,69,30,65,56,34,47,0,52,-26,34,-43,8,-56,-13,-43,-43,-34,0,0,0,0,0,0]"
CSI_DATA,59225,98:4a:6b:31:4a:10,-55,11,-99,24,37,11,619250514,83,0,256,0,"[0,0,0,0,0,0,0,0,36,20,32,40,20,49,8,49,0,53,-24,57,-36,49,-57,32,-65,16,-65,4,-65,-8,-61,-36,-65,-49,-45,-61,-28,-69,-4,-77,16,-86,32,-77,49,-73,73,-61,86,-45,86,-24,94,-4,94,20,81,36,77,65,57,81,49,81,0,0,-4,94,-20,98,-49,86,-61,65,-90,49,-81,28,-86,12,-90,4,-73,-24,-61,-40,-57,-49,-40,-61,-24,-65,-16,-69,4,-65,16,-53,20,-53,40,-45,49,-28,49,-28,61,-8,53,8,57,24,53,32,32,32,20,40,12,49,-4,61,0,0,0,0,0,0,0,0,0,0,0,0,0,0,-57,-45,-81,-8,-65,24,-49,65,-12,86,24,77,65,61,90,16,90,-28,65,-69,20,-94,-36,-86,-77,-57,-94,-8,-90,36,-53,81,4,106,45,81,98,53,114,-8,98,-65,36,-110,-12,-110,-86,-90,-106,-40,-114,32,-98,90,-32,122,0,0,102,86,114,16,106,-40,65,-90,8,-110,-40,-94,-90,-61,-94,-4,-81,53,-45,81,12,94,49,73,81,28,73,-20,53,-53,16,-77,-24,-73,-57,-53,-77,-8,-65,24,-49,49,-16,69,20,57,40,40,49,4,49,-8,40,-28,12,-40,0,0,0,0,0,0]"
CSI_DATA,59226,98:4a:6b:31:4a:10,-55,11,-99,21,37,11,619260520,83,0,256,0,"[0,0,0,0,0,0,0,0,49,4,44,22,35,35,26,49,8,58,-4,53,-22,62,-44,49,-58,35,-67,22,-75,0,-71,-17,-58,-40,-53,-58,-35,-71,-17,-80,13,-80,31,-75,53,-71,67,-58,84,-35,93,-13,93,4,89,31,75,53,71,75,53,93,17,89,0,0,-35,93,-58,93,-75,62,-84,44,-80,17,-84,4,-75,-22,-75,-44,-53,-49,-44,-62,-26,-71,-4,-67,4,-67,26,-58,40,-49,58,-44,58,-31,62,-13,62,0,53,13,53,35,40,40,26,53,13,49,-4,49,-17,44,-31,44,-40,31,0,0,0,0,0,0,0,0,0,0,0,0,0,0,-67,-17,-67,13,-67,49,-31,67,8,84,40,75,80,44,84,0,80,-40,49,-80,8,-98,-44,-89,-89,-53,-107,0,-93,49,-62,84,-13,102,44,93,89,53,116,0,93,-58,62,-102,4,-111,-67,-111,-111,-53,-129,8,-107,62,-62,107,0,0,62,116,111,67,116,4,102,-62,58,-107,-4,-107,-58,-89,-89,-44,-98,4,-75,58,-35,80,13,80,49,67,71,26,80,-13,67,-49,35,-71,-13,-67,-44,-62,-62,-26,-71,0,-58,40,-26,53,8,58,26,58,40,31,49,4,49,-22,0,0,0,0,0,0]"
CSI_DATA,59227,98:4a:6b:31:4a:10,-55,11,-99,21,37,11,619270351,83,0,256,0,"[0,0,0,0,0,0,0,0,-8,49,-13,40,-26,35,-49,26,-49,17,-53,0,-58,0,-53,-35,-44,-49,-40,-58,-17,-71,0,-71,22,-80,31,-71,44,-67,58,-53,71,-35,89,-13,98,8,93,26,80,40,67,67,58,75,31,93,13,98,-4,93,-31,93,-62,84,0,0,-89,58,-89,44,-98,8,-80,-13,-93,-40,-67,-53,-53,-62,-40,-67,-31,-75,-8,-75,13,-75,13,-71,35,-58,44,-53,49,-40,58,-31,67,-17,71,8,58,22,49,35,49,35,26,53,22,58,4,62,0,58,-17,44,-22,49,-35,31,0,0,0,0,0,0,0,0,0,0,0,0,0,0,17,-67,-22,-71,-58,-58,-80,-17,-80,17,-67,67,-22,84,13,89,62,62,98,22,98,-26,58,-75,13,-102,-44,-98,-75,-49,-102,-4,-89,44,-58,93,-4,120,67,93,102,49,116,-13,84,-80,40,-111,-35,-129,-89,-89,-125,-26,-120,49,0,0,-22,129,44,111,98,75,107,4,107,-53,49,-80,-8,-102,-58,-93,-89,-44,-84,17,-67,67,-13,89,22,62,58,49,84,8,80,-35,44,-62,0,-71,-35,-71,-58,-40,-71,0,-58,31,-26,58,8,53,26,53,44,31,49,0,40,-26,0,0,0,0,0,0]"
CSI_DATA,59228,98:4a:6b:31:4a:10,-55,11,-99,22,37,11,619280353,83,0,256,0,"[0,0,0,0,0,0,0,0,43,8,39,26,34,34,21,39,8,52,-8,52,-26,60,-43,52,-56,21,-65,17,-73,4,-60,-26,-60,-39,-47,-43,-39,-60,-26,-82,-8,-82,8,-73,34,-65,78,-52,82,-39,86,-21,86,-4,86,21,78,47,60,65,56,86,39,104,0,0,-26,104,-30,91,-56,78,-69,56,-78,43,-86,8,-86,0,-69,-30,-69,-34,-52,-52,-43,-52,-21,-65,-8,-69,17,-65,30,-60,39,-52,52,-39,52,-26,60,-13,65,8,60,21,60,30,39,47,26,47,8,56,0,52,-13,56,-30,47,0,0,0,0,0,0,0,0,0,0,0,0,0,0,-60,-30,-65,17,-60,43,-34,60,0,82,47,82,78,43,99,4,82,-39,52,-73,8,-104,-47,-78,-91,-43,-99,-4,-86,39,-43,86,-4,117,60,91,112,47,112,-4,108,-60,47,-108,0,-121,-73,-95,-117,-60,-112,17,-91,82,-43,112,0,0,82,91,112,39,112,-26,86,-73,30,-112,-13,-99,-60,-78,-104,-34,-91,26,-73,65,-17,86,30,78,73,52,78,17,78,-26,47,-65,8,-78,-26,-78,-47,-43,-69,-13,-65,17,-47,47,-4,65,21,56,39,39,56,17,43,-13,34,-30,0,0,0,0,0,0]"
CSI_DATA,59229,98:4a:6b:31:4a:10,-55,11,-99,25,37,11,619290150,83,0,256,0,"[0,0,0,0,0,0,0,0,-39,-15,-35,-23,-31,-35,-19,-39,-11,-47,11,-59,23,-67,35,-47,55,-31,55,-23,71,-7,75,11,71,31,59,39,51,55,35,71,15,87,3,75,-19,87,-35,67,-59,83,-75,59,-79,51,-91,19,-91,7,-99,-15,-95,-55,-91,-51,0,0,-43,-79,-39,-83,7,-95,7,-83,39,-83,51,-63,55,-59,71,-43,71,-27,71,-19,71,-3,75,15,59,31,59,39,51,55,31,55,11,63,0,71,-11,47,-19,55,-39,47,-43,35,-51,23,-47,11,-47,-3,-39,-7,-47,-15,-39,-35,0,0,0,0,0,0,0,0,0,0,0,0,0,0,67,27,75,-7,59,-43,31,-71,-7,-79,-51,-79,-83,-31,-91,3,-79,59,-31,83,11,95,63,79,99,27,103,-19,75,-67,31,-91,-27,-103,-83,-59,-111,-7,-87,71,-47,95,3,119,71,99,107,55,115,-27,91,-79,27,-127,-35,-119,0,0,-127,-19,-119,43,-83,103,0,103,43,103,91,47,95,-7,79,-55,39,-87,-15,-83,-63,-75,-87,-15,-75,31,-51,71,3,83,39,63,67,39,71,-7,67,-35,23,-59,-3,-71,-39,-51,-59,-19,-63,0,-47,31,-19,55,3,43,27,43,0,0,0,0,0,0]"
CSI_DATA,59230,98:4a:6b:31:4a:10,-55,11,-99,22,37,11,619300199,83,0,256,0,"[0,0,0,0,0,0,0,0,-34,-21,-26,-34,-26,-43,-4,-52,13,-52,30,-52,43,-39,56,-26,60,-8,69,4,60,17,56,47,43,56,34,73,13,82,-4,78,-26,78,-43,65,-56,52,-78,34,-78,17,-91,0,-95,-21,-78,-52,-69,-69,-43,-73,-26,-86,-4,-99,0,0,47,-86,56,-82,78,-65,82,-39,82,-26,82,-4,69,8,78,34,52,52,43,60,34,69,8,60,-8,65,-17,65,-39,56,-47,47,-52,39,-56,26,-56,8,-60,-4,-60,-21,-43,-34,-39,-52,-26,-52,0,-52,8,-52,26,-47,34,-39,0,0,0,0,0,0,0,0,0,0,0,0,0,0,47,39,78,17,73,-21,60,-52,26,-78,-13,-86,-56,-69,-82,-34,-91,13,-78,60,-30,91,17,95,65,73,95,34,99,-17,78,-69,34,-99,-26,-104,-78,-73,-112,-30,-104,34,-69,99,-13,117,43,108,99,82,130,26,125,-52,73,-95,0,0,-47,-134,-108,-73,-125,-8,-99,52,-60,99,4,104,52,86,86,52,99,-4,78,-52,34,-82,-13,-86,-56,-60,-78,-26,-78,17,-60,56,-13,78,13,69,56,47,60,17,60,-17,52,-47,13,-56,-8,-56,-43,-43,-43,-21,-47,17,-39,30,0,0,0,0,0,0]"
CSI_DATA,59231,98:4a:6b:31:4a:10,-55,11,-99,22,37,11,619310125,83,0,256,0,"[0,0,0,0,0,0,0,0,0,43,-21,52,-26,39,-39,34,-43,13,-60,-4,-65,-17,-52,-39,-30,-52,-21,-47,-13,-69,21,-69,34,-69,47,-56,73,-34,78,-8,82,13,78,30,73,56,56,65,34,78,17,82,0,91,-39,82,-60,73,-78,65,-86,26,-99,13,0,0,-99,-39,-82,-65,-47,-69,-30,-73,4,-82,13,-69,21,-69,52,-65,56,-52,60,-34,69,-8,73,8,65,17,56,34,47,43,30,60,21,60,-4,56,-13,56,-30,47,-52,43,-56,17,-52,4,-52,-8,-47,-17,-43,-30,-26,-39,-8,-56,0,0,0,0,0,0,0,0,0,0,0,0,0,0,13,-73,-21,-69,-65,-43,-78,-17,-82,21,-65,56,-30,82,8,91,47,73,78,39,104,-4,78,-47,52,-82,-4,-108,-60,-91,-86,-56,-104,-13,-86,52,-60,91,4,117,65,95,95,73,108,8,112,-56,65,-104,-4,-112,-60,-108,-95,-65,0,0,-108,60,-69,104,-17,108,47,91,78,60,104,8,99,-39,60,-78,8,-104,-34,-82,-78,-52,-82,-17,-82,39,-43,65,4,86,39,65,56,52,82,13,56,-21,39,-56,13,-78,-21,-65,-39,-43,-52,-21,-60,8,-39,39,-21,43,4,52,0,0,0,0,0,0]"
CSI_DATA,59232,98:4a:6b:31:4a:10,-61,11,-99,-36,58,11,619320609,83,0,256,0,"[0,0,0,0,0,0,0,0,10,18,4,22,-2,24,-8,22,-16,20,-22,16,-26,8,-30,0,-30,-8,-28,-16,-22,-24,-18,-28,-10,-34,-2,-34,8,-34,18,-32,26,-28,32,-22,39,-12,43,-2,41,6,39,16,36,24,28,34,20,41,10,45,2,49,-12,49,0,0,-34,32,-36,24,-43,14,-41,4,-41,-4,-36,-14,-32,-20,-26,-26,-18,-30,-10,-32,-4,-34,4,-30,12,-30,14,-28,22,-20,26,-16,28,-10,28,-4,28,4,26,10,22,16,18,20,12,24,6,24,0,24,-8,22,-12,20,-18,16,0,0,0,0,0,0,0,0,0,0,0,0,0,0,-14,-32,-28,-24,-39,-8,-39,12,-28,30,-10,43,12,45,32,34,45,12,49,-12,36,-34,12,-49,-14,-49,-39,-36,-53,-10,-51,18,-36,43,-6,55,24,55,47,34,57,4,53,-28,32,-51,0,-63,-30,-55,-57,-30,-67,4,-57,36,0,0,4,69,39,51,57,24,59,-8,45,-36,16,-51,-10,-51,-34,-36,-49,-12,-47,14,-30,34,-6,43,18,39,34,24,41,4,36,-18,20,-32,0,-36,-18,-30,-30,-18,-34,0,-28,16,-14,24,0,28,14,26,22,16,26,2,22,-12,0,0,0,0,0,0]"
CSI_DATA,59233,98:4a:6b:31:4a:10,-55,11,-99,23,37,11,619332962,83,0,256,0,"[0,0,0,0,0,0,0,0,-46,-4,-42,-8,-42,-33,-33,-37,-12,-54,-4,-59,25,-54,42,-46,54,-33,67,-16,67,8,67,16,54,37,46,54,37,67,16,75,-8,71,-25,75,-50,67,-67,46,-84,25,-84,16,-92,-8,-84,-37,-71,-63,-63,-80,-29,-88,-12,-96,0,0,54,-84,67,-67,75,-46,84,-25,84,-8,80,25,71,33,50,50,50,59,21,67,8,67,-12,67,-33,63,-42,50,-50,33,-59,25,-54,8,-50,-4,-54,-16,-46,-33,-42,-50,-25,-50,-8,-54,8,-50,21,-50,33,-33,46,-33,50,-12,0,0,0,0,0,0,0,0,0,0,0,0,0,0,67,4,63,-29,46,-54,16,-71,-29,-80,-63,-54,-84,-25,-84,12,-75,54,-37,80,4,92,50,75,88,46,96,-8,84,-54,50,-88,-4,-105,-42,-84,-96,-54,-109,0,-109,50,-63,101,4,113,67,101,105,59,126,8,109,-54,67,-101,0,0,-50,-105,-105,-67,-122,-12,-101,46,-63,92,-4,101,50,101,80,50,92,8,84,-37,50,-67,8,-88,-42,-71,-67,-42,-75,-8,-67,29,-42,63,-8,71,25,63,46,42,63,8,59,-16,37,-42,16,-54,-8,-54,-33,-37,-46,-16,-46,4,0,0,0,0,0,0]"
CSI_DATA,59234,98:4a:6b:31:4a:10,-61,11,-99,-38,58,11,619342859,83,0,256,0,"[0,0,0,0,0,0,0,0,17,-13,21,-8,23,-2,23,6,21,15,17,21,13,28,6,30,-4,32,-13,32,-21,26,-28,21,-32,15,-36,6,-36,-4,-36,-13,-34,-23,-26,-28,-19,-36,-10,-41,0,-43,10,-43,21,-39,32,-34,39,-26,45,-15,50,-4,50,6,0,0,39,28,30,36,21,41,10,41,0,41,-8,41,-17,36,-23,30,-28,21,-32,15,-34,8,-34,0,-32,-6,-28,-13,-23,-17,-19,-23,-13,-28,-6,-28,0,-28,6,-26,13,-23,19,-19,21,-13,23,-6,23,-2,23,4,23,10,17,15,0,0,0,0,0,0,0,0,0,0,0,0,0,0,-30,19,-17,32,0,36,19,34,34,21,43,4,39,-19,26,-36,2,-45,-21,-43,-41,-26,-50,-4,-45,23,-26,43,0,52,26,45,47,26,54,-4,45,-32,21,-52,-8,-56,-36,-47,-56,-21,-60,13,-45,43,-17,63,17,63,47,45,0,0,60,-19,41,-45,10,-60,-21,-54,-43,-34,-52,-6,-45,19,-28,43,-2,47,21,41,39,21,43,-2,34,-23,17,-39,-6,-39,-23,-30,-36,-13,-34,8,-26,23,-10,32,6,32,21,26,28,10,28,-4,19,-17,8,-23,-2,-26,-13,-19,0,0,0,0,0,0]"
CSI_DATA,59235,98:4a:6b:31:4a:10,-61,11,-99,-34,58,11,619352655,83,0,256,0,"[0,0,0,0,0,0,0,0,-5,-21,-1,-23,7,-23,15,-21,21,-15,25,-7,31,1,31,11,29,19,23,25,15,34,1,34,-5,32,-15,36,-27,31,-32,23,-38,9,-46,0,-44,-11,-40,-23,-29,-27,-21,-36,-13,-46,-1,-48,7,-48,23,-42,34,-32,40,-27,0,0,48,-1,46,13,36,27,31,34,25,36,17,40,3,38,-7,38,-15,36,-23,32,-29,19,-31,15,-34,5,-34,-3,-31,-9,-29,-15,-21,-23,-11,-27,-5,-29,0,-31,5,-29,15,-23,21,-17,21,-9,25,-5,23,0,23,9,17,15,0,0,0,0,0,0,0,0,0,0,0,0,0,0,5,34,21,27,36,13,36,-5,34,-21,15,-38,-1,-42,-21,-38,-36,-25,-46,-5,-42,21,-31,38,-3,46,21,48,40,32,52,5,48,-19,31,-46,3,-56,-25,-52,-42,-31,-54,-5,-56,21,-38,48,-11,65,25,58,50,40,62,3,0,0,38,-52,9,-62,-25,-54,-48,-34,-52,-9,-44,17,-29,36,-7,50,21,46,38,31,44,1,42,-15,23,-32,1,-40,-17,-34,-32,-19,-36,-3,-31,15,-19,29,-3,32,9,29,23,21,31,7,25,-5,19,-21,5,-25,-5,-21,-15,-17,0,0,0,0,0,0]"
CSI_DATA,59236,98:4a:6b:31:4a:10,-61,11,-99,-40,58,11,619362278,83,0,256,0,"[0,0,0,0,0,0,0,0,23,-2,27,0,27,4,20,13,18,20,9,27,2,32,-6,32,-18,29,-25,27,-29,20,-34,16,-39,6,-36,-2,-34,-18,-36,-27,-29,-32,-20,-41,-9,-46,2,-43,11,-46,23,-41,34,-32,43,-18,46,-16,52,-6,52,4,52,16,0,0,32,39,20,41,11,48,4,48,-9,41,-16,41,-25,34,-29,25,-32,18,-32,11,-39,2,-34,-4,-36,-11,-29,-18,-23,-23,-18,-27,-9,-27,-6,-27,2,-32,13,-29,18,-23,23,-20,23,-16,27,-6,25,-4,25,6,20,11,16,16,0,0,0,0,0,0,0,0,0,0,0,0,0,0,-34,6,-29,23,-13,36,2,41,27,29,43,16,46,-2,43,-29,20,-43,-2,-48,-29,-36,-46,-18,-52,9,-36,36,-16,48,9,52,36,43,52,9,57,-20,34,-41,9,-62,-27,-57,-50,-36,-69,0,-57,32,-32,59,2,69,41,55,0,0,66,-6,50,-43,25,-59,-6,-57,-39,-48,-52,-18,-52,13,-34,34,-4,48,20,46,36,27,48,4,36,-20,23,-36,-2,-39,-23,-34,-36,-16,-39,4,-32,20,-11,32,4,36,18,25,27,11,32,-2,23,-20,11,-23,-2,-25,-13,-23,0,0,0,0,0,0]"
CSI_DATA,59237,98:4a:6b:31:4a:10,-55,11,-99,19,37,11,619372045,83,0,256,0,"[0,0,0,0,0,0,0,0,14,-47,23,-42,37,-37,47,-28,52,-14,66,0,61,18,61,33,56,47,42,56,18,70,9,75,-9,80,-28,75,-37,66,-56,61,-70,52,-85,33,-94,9,-89,-4,-89,-18,-75,-42,-75,-56,-66,-80,-52,-85,-37,-99,0,-118,9,-113,0,0,56,-80,80,-70,85,-66,89,-33,94,-23,89,-4,89,9,80,23,66,37,61,61,42,75,33,61,23,75,4,66,-18,66,-23,70,-37,52,-42,52,-61,37,-47,28,-52,14,-75,4,-47,-9,-56,-33,-33,-28,-33,-33,-33,-47,-18,-61,0,0,0,0,0,0,0,0,0,0,0,0,0,0,-37,66,14,75,42,61,75,23,80,-23,61,-52,23,-85,-14,-85,-66,-56,-89,-23,-80,37,-52,80,-4,99,37,89,94,47,104,0,80,-75,28,-104,-37,-104,-80,-70,-108,-14,-104,61,-61,94,9,104,80,104,113,37,123,-28,85,-85,0,0,-47,-113,-99,-61,-123,-4,-94,70,-47,99,18,104,70,75,94,23,94,-33,61,-70,4,-94,-42,-75,-80,-42,-80,14,-61,56,-23,75,18,70,70,52,66,14,61,-23,42,-56,0,-61,-28,-47,-61,-28,-52,-4,-56,33,-14,42,0,52,0,0,0,0,0,0]"
CSI_DATA,59238,98:4a:6b:31:4a:10,-61,11,-99,-38,58,11,619381913,83,0,256,0,"[0,0,0,0,0,0,0,0,-19,8,-23,4,-23,-2,-23,-8,-21,-17,-15,-23,-8,-30,-2,-32,6,-32,15,-30,23,-26,30,-21,34,-15,39,-6,39,6,39,13,34,23,30,30,21,39,13,43,2,45,-6,45,-17,43,-30,39,-36,32,-47,23,-52,13,-52,2,0,0,-45,-21,-39,-32,-28,-39,-19,-41,-8,-43,0,-43,8,-41,17,-36,21,-32,28,-26,30,-17,32,-10,34,-2,32,2,30,10,28,15,23,21,17,23,10,28,4,28,-2,30,-8,28,-15,23,-19,19,-21,15,-23,8,-23,2,-23,-4,0,0,0,0,0,0,0,0,0,0,0,0,0,0,34,-10,23,-26,6,-36,-13,-36,-28,-28,-41,-6,-43,13,-30,34,-8,45,15,45,36,30,50,6,45,-21,28,-43,4,-54,-26,-47,-47,-28,-54,4,-45,34,-19,54,8,58,41,45,58,17,60,-15,41,-47,10,-63,-23,-60,-54,-39,0,0,-58,30,-34,54,0,60,32,50,50,26,54,-4,43,-32,17,-47,-10,-47,-34,-32,-45,-8,-41,15,-26,34,-4,41,19,34,34,19,39,0,30,-21,15,-32,-2,-34,-19,-28,-30,-15,-30,4,-23,17,-10,26,4,26,15,21,21,10,0,0,0,0,0,0]"
CSI_DATA,59239,98:4a:6b:31:4a:10,-61,11,-99,-36,58,11,619391478,83,0,256,0,"[0,0,0,0,0,0,0,0,22,6,18,12,14,20,10,24,2,28,-6,28,-16,26,-24,20,-24,12,-32,8,-34,-4,-30,-14,-30,-24,-20,-32,-16,-39,-6,-39,6,-43,20,-43,24,-34,34,-30,41,-14,43,-8,53,4,49,22,43,30,30,32,28,45,10,49,0,0,-18,47,-28,41,-32,34,-39,24,-39,12,-39,2,-34,-6,-32,-14,-26,-24,-22,-30,-20,-28,-10,-34,-2,-32,2,-32,14,-28,18,-24,22,-20,26,-10,26,-4,28,0,28,8,22,16,18,16,12,22,6,24,-2,24,-8,24,-12,22,0,0,0,0,0,0,0,0,0,0,0,0,0,0,-30,-18,-39,4,-34,20,-20,34,0,43,22,36,39,26,47,2,47,-20,30,-34,4,-47,-16,-45,-43,-28,-49,-6,-49,18,-30,47,-4,53,30,47,47,26,55,-2,49,-28,26,-53,2,-57,-32,-49,-55,-24,-67,2,-51,41,-32,61,0,0,34,55,57,22,61,-8,47,-34,20,-57,-4,-55,-30,-41,-45,-16,-45,8,-32,28,-12,47,16,41,34,28,41,6,36,-14,22,-32,4,-41,-14,-32,-30,-20,-34,-6,-30,12,-22,26,-6,28,10,28,20,18,24,8,24,-8,16,-16,0,0,0,0,0,0]"
CSI_DATA,59240,98:4a:6b:31:4a:10,-61,11,-99,-38,58,11,619401060,83,0,256,0,"[0,0,0,0,0,0,0,0,-2,-21,4,-21,13,-21,17,-17,26,-10,28,-2,30,6,28,15,21,23,15,30,4,34,-4,36,-15,34,-23,30,-32,21,-36,10,-41,0,-41,-10,-39,-23,-32,-34,-19,-39,-10,-45,4,-47,17,-45,28,-43,39,-32,45,-21,50,-8,0,0,45,19,39,30,28,39,15,43,6,43,-6,43,-15,39,-23,30,-30,26,-34,17,-34,6,-34,-4,-30,-10,-28,-17,-21,-23,-15,-28,-6,-30,0,-28,8,-28,13,-23,21,-19,26,-10,26,-6,26,2,23,8,19,15,15,19,6,23,0,0,0,0,0,0,0,0,0,0,0,0,0,0,0,36,15,32,32,21,39,4,39,-13,30,-32,13,-43,-8,-45,-30,-34,-43,-17,-47,6,-39,30,-19,47,6,52,30,43,47,23,54,-2,45,-30,23,-50,-4,-58,-32,-50,-52,-28,-60,2,-54,32,-30,56,0,65,34,58,58,34,0,0,56,-30,34,-54,4,-63,-26,-52,-45,-32,-52,-6,-50,21,-28,41,-4,50,21,43,39,23,43,2,39,-19,23,-34,0,-41,-17,-34,-30,-21,-36,-4,-32,13,-21,26,-6,32,10,32,21,21,28,8,28,-6,21,-17,10,-23,0,-23,0,0,0,0,0,0]"
CSI_DATA,59241,98:4a:6b:31:4a:10,-55,11,-99,23,37,11,619411068,83,0,256,0,"[0,0,0,0,0,0,0,0,21,-33,33,-29,50,-16,50,-8,50,8,50,25,50,37,42,54,16,63,8,67,-25,71,-29,63,-46,59,-63,37,-63,16,-75,8,-75,-12,-75,-33,-59,-59,-50,-71,-29,-88,-12,-92,8,-92,33,-92,50,-80,75,-67,92,-42,96,-12,0,0,101,21,80,42,75,54,54,84,25,88,16,88,-4,75,-21,71,-42,63,-46,54,-63,42,-67,21,-59,4,-63,-12,-54,-21,-54,-37,-46,-46,-33,-46,-16,-59,-4,-59,12,-46,21,-46,33,-42,42,-33,50,-21,50,0,46,12,46,25,0,0,0,0,0,0,0,0,0,0,0,0,0,0,-37,50,-12,67,29,59,59,46,75,21,71,-25,54,-63,21,-84,-25,-80,-67,-67,-92,-16,-92,25,-63,75,-16,92,37,92,71,54,101,12,92,-46,59,-88,8,-96,-50,-96,-92,-54,-105,-8,-105,67,-54,109,12,113,71,109,109,46,0,0,96,-75,42,-109,-16,-118,-75,-88,-101,-25,-96,16,-67,67,-25,88,33,84,75,59,92,8,75,-33,50,-67,4,-84,-42,-63,-67,-42,-71,0,-67,37,-29,63,4,71,33,59,50,29,50,4,46,-37,25,-46,4,-50,-21,-42,-37,-33,0,0,0,0,0,0]"
CSI_DATA,59242,98:4a:6b:31:4a:10,-61,11,-99,-37,58,11,619420888,83,0,256,0,"[0,0,0,0,0,0,0,0,-21,6,-23,0,-23,-8,-21,-14,-16,-23,-8,-29,0,-31,10,-29,21,-27,27,-21,33,-12,38,-2,38,6,33,19,27,27,21,33,10,40,-2,42,-10,42,-23,38,-31,31,-40,23,-46,10,-50,-2,-46,-14,-42,-25,-35,-38,-23,-44,0,0,4,-48,14,-46,25,-40,35,-29,40,-21,42,-8,42,2,38,10,33,19,25,27,16,31,10,33,2,33,-6,33,-12,29,-21,23,-25,19,-27,10,-29,2,-29,-4,-27,-10,-23,-19,-16,-21,-8,-25,-2,-25,4,-23,12,-21,16,-16,0,0,0,0,0,0,0,0,0,0,0,0,0,0,35,-4,29,-23,16,-33,0,-42,-21,-35,-38,-23,-46,-4,-42,16,-29,35,-8,46,16,46,38,33,50,10,50,-16,35,-40,12,-52,-14,-52,-42,-38,-54,-12,-54,16,-40,42,-12,59,16,57,48,42,61,14,63,-21,44,-48,16,-63,0,0,-44,-46,-61,-14,-61,16,-42,40,-14,54,12,52,38,35,48,12,48,-14,33,-33,10,-44,-14,-42,-31,-27,-42,-8,-38,12,-25,29,-8,38,10,35,25,25,33,8,33,-8,25,-23,8,-31,-4,-29,-16,-21,-23,-10,-25,0,-21,12,0,0,0,0,0,0]"
CSI_DATA,59243,98:4a:6b:31:4a:10,-55,11,-99,24,37,11,619430742,83,0,256,0,"[0,0,0,0,0,0,0,0,24,32,16,49,0,49,-16,53,-32,49,-36,45,-57,28,-61,12,-65,-12,-61,-24,-49,-40,-57,-57,-32,-65,-12,-77,4,-77,20,-81,45,-73,57,-61,73,-49,86,-24,94,-8,86,16,90,36,73,53,65,86,49,86,28,102,8,102,0,0,-49,90,-65,69,-81,53,-86,24,-94,12,-86,-8,-77,-20,-65,-45,-53,-53,-36,-65,-24,-73,-12,-73,0,-81,20,-65,32,-57,45,-49,53,-45,53,-24,65,-12,57,8,61,16,49,32,40,32,24,49,4,53,4,53,-12,53,-16,40,0,0,0,0,0,0,0,0,0,0,0,0,0,0,-32,-61,-61,-45,-69,0,-65,32,-40,61,-4,90,45,81,73,57,90,8,81,-32,61,-73,0,-94,-49,-90,-77,-53,-102,0,-94,53,-45,94,8,110,65,81,102,45,106,-16,81,-77,32,-106,-28,-110,-81,-77,-122,-20,-114,40,-73,90,0,0,53,114,98,77,114,8,110,-53,53,-98,0,-102,-53,-90,-81,-36,-94,8,-73,61,-28,81,24,81,61,53,81,20,73,-32,49,-57,12,-73,-24,-65,-49,-40,-73,-4,-65,28,-36,45,-4,69,24,45,40,32,49,12,49,-12,28,-40,0,0,0,0,0,0]"
CSI_DATA,59244,98:4a:6b:31:4a:10,-61,11,-99,-36,58,11,619440684,83,0,256,0,"[0,0,0,0,0,0,0,0,18,12,14,16,8,22,2,26,-8,26,-14,24,-22,18,-28,12,-30,4,-32,-6,-30,-16,-26,-24,-18,-30,-10,-34,0,-36,8,-36,20,-34,28,-28,36,-20,41,-10,45,0,43,8,39,20,32,32,24,41,12,47,2,49,-12,49,0,0,-32,34,-39,24,-45,12,-43,2,-41,-8,-36,-18,-30,-24,-22,-30,-12,-34,-4,-34,4,-36,12,-32,18,-26,22,-22,28,-14,32,-8,28,0,28,8,24,14,20,18,16,24,8,26,2,26,-6,22,-12,20,-14,18,-20,12,-20,6,0,0,0,0,0,0,0,0,0,0,0,0,0,0,-24,-24,-34,-8,-36,8,-30,26,-14,39,6,43,26,36,41,22,47,-2,41,-24,24,-45,0,-51,-24,-45,-45,-26,-51,0,-45,28,-26,49,4,55,32,49,51,26,59,-4,49,-32,26,-53,-4,-63,-34,-51,-57,-26,-65,6,-55,36,0,0,4,67,36,51,55,26,59,-4,47,-32,22,-49,-6,-49,-30,-39,-47,-18,-49,6,-34,28,-14,43,10,43,28,32,39,12,39,-8,28,-24,10,-36,-6,-34,-24,-26,-32,-12,-32,4,-22,18,-12,26,2,30,16,22,20,12,24,2,0,0,0,0,0,0]"
CSI_DATA,59245,98:4a:6b:31:4a:10,-55,11,-99,22,37,11,619455126,83,0,256,0,"[0,0,0,0,0,0,0,0,39,-17,47,0,43,13,34,30,43,34,26,60,8,60,-8,73,-21,56,-39,56,-56,43,-69,21,-73,0,-69,-21,-73,-43,-65,-52,-56,-65,-30,-82,-13,-86,4,-91,30,-82,43,-73,73,-69,78,-52,99,-34,108,-4,95,21,91,47,0,0,69,86,43,86,4,91,-8,91,-30,91,-47,73,-60,65,-69,43,-69,30,-78,8,-73,-13,-69,-30,-52,-34,-43,-52,-43,-56,-21,-60,-13,-69,4,-60,21,-56,34,-43,34,-39,52,-26,52,-13,52,8,47,13,43,21,30,34,17,43,0,0,0,0,0,0,0,0,0,0,0,0,0,0,-65,13,-56,47,-26,60,13,73,52,73,73,30,95,-4,65,-47,34,-91,-13,-86,-56,-73,-86,-34,-95,13,-78,52,-47,86,4,95,56,78,99,21,108,-21,73,-65,26,-95,-47,-104,-86,-82,-121,-13,-108,39,-78,86,-13,121,56,99,0,0,117,8,108,-56,52,-91,0,-117,-52,-91,-95,-39,-99,4,-78,56,-34,86,17,91,60,73,82,34,78,-26,56,-56,17,-78,-21,-65,-65,-47,-60,-8,-60,21,-34,60,-13,60,26,69,43,34,56,13,47,-17,34,-30,8,-52,-17,-43,0,0,0,0,0,0]"
CSI_DATA,59246,98:4a:6b:31:4a:10,-61,11,-99,-39,58,11,619465033,83,0,256,0,"[0,0,0,0,0,0,0,0,15,-17,22,-13,24,-6,26,0,26,11,22,20,15,29,8,33,-2,33,-13,33,-22,29,-29,24,-35,15,-40,4,-40,-6,-38,-17,-33,-29,-24,-35,-13,-42,-4,-44,6,-47,22,-42,33,-35,42,-26,49,-17,51,-4,53,8,47,22,0,0,26,42,13,51,0,51,-8,47,-22,44,-31,33,-38,24,-40,15,-40,4,-38,-6,-35,-13,-29,-22,-24,-26,-15,-31,-6,-33,0,-33,11,-33,17,-26,22,-20,26,-15,29,-8,31,2,29,8,24,15,17,20,11,22,4,26,-2,26,0,0,0,0,0,0,0,0,0,0,0,0,0,0,-26,24,-13,38,6,38,24,33,38,17,47,-2,40,-22,24,-40,2,-49,-20,-44,-42,-29,-51,-6,-47,22,-31,42,-6,55,22,51,47,33,55,6,53,-24,33,-47,6,-60,-24,-55,-51,-35,-67,-6,-60,26,-38,53,-6,69,26,60,0,0,64,8,60,-24,40,-51,8,-58,-22,-53,-44,-33,-53,-8,-47,20,-26,40,-4,49,20,42,38,26,44,2,40,-20,22,-33,0,-40,-17,-35,-31,-20,-35,-2,-31,13,-20,26,-4,33,11,29,22,20,26,4,26,-6,20,-17,8,-24,0,0,0,0,0,0]"
CSI_DATA,59247,98:4a:6b:31:4a:10,-54,11,-99,19,37,11,619478998,83,0,256,0,"[0,0,0,0,0,0,0,0,23,37,18,47,4,47,-9,56,-23,42,-47,56,-42,37,-66,9,-66,-9,-61,-37,-52,-52,-47,-61,-37,-61,-4,-80,9,-80,28,-75,42,-70,66,-52,85,-52,89,-33,94,14,94,18,85,42,80,61,52,75,47,108,9,108,-18,113,0,0,-47,85,-85,70,-70,42,-85,14,-94,9,-85,-18,-85,-42,-61,-56,-37,-70,-28,-61,-14,-80,0,-66,14,-66,23,-66,42,-42,61,-47,47,-28,61,-14,61,9,56,18,42,33,23,47,28,47,23,52,-4,52,-9,47,-23,42,-37,37,0,0,0,0,0,0,0,0,0,0,0,0,0,0,-37,-66,-70,-37,-70,0,-70,33,-47,70,-9,80,28,80,85,61,94,14,85,-28,52,-70,14,-89,-42,-94,-85,-61,-113,-9,-94,47,-56,94,9,108,52,99,94,56,118,-18,104,-80,52,-108,-18,-118,-70,-85,-127,-52,-127,42,-89,80,0,0,14,127,99,89,118,37,104,-28,85,-94,18,-108,-33,-94,-80,-56,-99,0,-85,47,-56,75,0,89,37,70,75,42,80,-9,70,-42,42,-66,-4,-75,-56,-52,-66,-28,-66,9,-47,37,-14,56,4,61,28,37,42,23,52,4,47,-18,0,0,0,0,0,0]"
CSI_DATA,59248,98:4a:6b:31:4a:10,-61,11,-99,-37,58,11,619488953,83,0,256,0,"[0,0,0,0,0,0,0,0,23,-6,23,2,25,6,21,12,16,25,8,25,0,33,-10,31,-14,27,-27,21,-31,14,-38,2,-38,-4,-33,-19,-27,-23,-23,-31,-16,-42,0,-44,8,-44,23,-42,27,-29,42,-25,46,-12,54,2,52,12,44,27,40,38,25,42,0,0,0,52,-16,52,-29,40,-35,33,-38,25,-38,10,-40,-2,-38,-14,-33,-25,-29,-31,-16,-29,-10,-35,-2,-33,0,-35,14,-29,19,-25,27,-23,29,-10,31,-6,27,4,29,14,27,16,16,23,8,27,0,25,-6,23,-10,23,-16,19,0,0,0,0,0,0,0,0,0,0,0,0,0,0,-35,8,-31,27,-14,38,2,38,25,40,38,19,48,2,42,-21,29,-42,4,-50,-19,-46,-42,-35,-52,-4,-48,16,-31,44,-10,59,16,52,46,35,54,8,57,-21,35,-42,10,-61,-23,-59,-48,-38,-63,-14,-67,23,-42,50,-14,63,0,0,48,46,63,14,59,-23,40,-44,16,-57,-12,-54,-35,-40,-48,-14,-46,12,-33,31,-6,48,16,42,33,29,38,6,40,-14,23,-31,6,-40,-12,-33,-27,-25,-35,-8,-31,12,-21,23,-8,31,4,29,16,21,23,8,25,-2,21,-12,0,0,0,0,0,0]"
CSI_DATA,59249,98:4a:6b:31:4a:10,-55,11,-99,25,37,11,619498435,83,0,256,0,"[0,0,0,0,0,0,0,0,-19,39,-23,39,-35,31,-51,27,-47,11,-63,-7,-55,-27,-47,-43,-35,-55,-15,-63,0,-71,15,-63,35,-75,47,-51,63,-43,71,-23,79,-11,83,11,79,23,71,55,59,63,47,79,23,95,-3,99,-23,91,-39,83,-67,79,-83,63,0,0,-99,19,-107,0,-79,-35,-87,-51,-63,-59,-47,-63,-23,-79,-7,-75,3,-75,23,-71,35,-67,47,-55,55,-43,59,-27,67,-7,71,-3,59,15,55,27,47,39,35,47,23,55,3,55,-3,55,-15,47,-31,43,-43,35,-47,27,-47,3,0,0,0,0,0,0,0,0,0,0,0,0,0,0,23,-67,-7,-71,-47,-59,-71,-43,-83,0,-63,43,-43,71,7,87,47,75,87,51,99,-3,83,-47,43,-83,-11,-95,-55,-83,-99,-39,-99,15,-87,67,-31,103,23,115,79,87,111,27,115,-39,79,-95,7,-127,-51,-111,-103,-75,-119,-11,0,0,-67,111,-3,131,71,103,103,47,111,-15,87,-55,39,-91,-15,-99,-67,-67,-87,-15,-87,31,-59,59,-15,67,23,83,63,43,79,3,63,-31,39,-55,0,-71,-31,-63,-59,-43,-67,0,-51,27,-31,47,0,51,19,47,39,23,43,0,0,0,0,0,0,0]"
CSI_DATA,59250,98:4a:6b:31:4a:10,-61,11,-99,-36,58,11,619508657,83,0,256,0,"[0,0,0,0,0,0,0,0,12,18,6,22,-2,24,-8,24,-16,22,-24,16,-28,8,-32,0,-30,-10,-28,-20,-22,-28,-14,-32,-6,-36,4,-39,16,-34,24,-30,32,-22,41,-16,45,-4,43,6,41,18,34,26,28,36,16,45,6,49,-6,51,-20,47,-32,41,0,0,-47,18,-49,6,-49,-8,-43,-16,-34,-28,-26,-32,-18,-36,-8,-39,2,-39,10,-36,18,-32,24,-24,28,-18,32,-10,32,-2,32,6,28,14,24,20,18,24,12,26,4,30,-4,28,-10,24,-16,20,-22,16,-24,8,-24,2,-24,-4,0,0,0,0,0,0,0,0,0,0,0,0,0,0,-14,-32,-28,-22,-39,-8,-39,14,-26,30,-12,43,12,43,32,34,45,16,49,-8,39,-32,18,-47,-8,-53,-32,-41,-49,-20,-53,8,-43,34,-20,53,10,57,36,45,55,20,59,-12,47,-39,20,-59,-12,-63,-43,-47,-61,-20,-65,14,0,0,-22,63,12,61,39,47,57,18,55,-10,39,-34,16,-51,-10,-47,-34,-36,-47,-12,-45,12,-28,30,-10,41,12,39,30,26,41,8,36,-10,24,-28,6,-34,-10,-32,-24,-24,-30,-8,-28,6,-22,18,-10,26,4,26,14,20,20,10,0,0,0,0,0,0]"
CSI_DATA,59251,98:4a:6b:31:4a:10,-61,11,-99,-36,58,11,619518279,83,0,256,0,"[0,0,0,0,0,0,0,0,4,22,-2,22,-10,22,-16,20,-20,16,-28,10,-28,0,-28,-8,-28,-18,-22,-26,-18,-30,-8,-32,0,-39,10,-36,18,-34,26,-30,34,-22,39,-16,43,-6,45,0,45,12,39,22,30,30,24,41,14,45,4,45,-6,47,-18,47,0,0,-36,32,-41,22,-43,12,-47,2,-43,-8,-39,-18,-34,-20,-26,-28,-20,-30,-10,-36,-4,-36,2,-34,8,-32,16,-30,20,-24,28,-22,26,-12,30,-8,28,2,28,10,26,14,22,20,16,20,10,24,2,24,-4,24,-8,22,-12,20,0,0,0,0,0,0,0,0,0,0,0,0,0,0,2,-34,-16,-32,-30,-20,-41,0,-34,20,-24,39,0,43,20,43,39,26,49,2,41,-22,26,-41,-2,-51,-28,-43,-45,-22,-51,4,-39,32,-20,49,12,55,39,39,59,14,57,-18,39,-45,10,-59,-24,-61,-53,-39,-65,-4,-59,28,0,0,0,65,34,53,55,30,57,-4,45,-34,20,-49,-10,-49,-32,-36,-47,-12,-45,14,-28,34,-6,41,18,34,34,20,39,0,34,-22,16,-32,-4,-36,-20,-28,-32,-14,-32,4,-24,18,-10,24,4,28,16,20,24,10,24,-4,20,-12,0,0,0,0,0,0]"
CSI_DATA,59252,98:4a:6b:31:4a:10,-61,11,-99,-35,58,11,619527926,83,0,256,0,"[0,0,0,0,0,0,0,0,-23,1,-21,-1,-17,-9,-21,-15,-13,-23,-5,-25,3,-25,11,-29,19,-21,29,-19,33,-11,35,-3,33,11,31,17,29,27,21,31,11,39,0,39,-5,45,-15,39,-27,31,-31,25,-39,13,-47,0,-51,-7,-39,-15,-41,-29,-29,-39,0,0,-7,-43,5,-45,21,-41,29,-33,31,-31,35,-21,37,-13,37,-5,33,7,31,17,25,23,23,27,13,29,9,35,-1,29,-7,31,-13,25,-17,19,-21,11,-25,5,-29,1,-27,-5,-21,-9,-21,-17,-11,-21,-7,-21,0,-23,5,-23,0,0,0,0,0,0,0,0,0,0,0,0,0,0,35,0,33,-17,23,-33,0,-39,-17,-37,-35,-25,-45,-3,-45,13,-31,37,-9,45,15,43,37,31,49,11,49,-15,37,-39,9,-57,-19,-53,-45,-37,-53,-1,-47,23,-35,47,0,59,27,57,53,35,61,5,65,-27,37,-55,5,-67,0,0,-57,-33,-63,-1,-51,29,-27,51,-1,57,23,43,43,21,47,-5,41,-29,21,-41,-5,-45,-25,-35,-41,-17,-39,7,-29,23,-13,39,11,37,25,29,35,11,37,-5,25,-19,11,-29,-1,-27,-17,-25,-23,-13,-27,1,-21,13,-13,21,0,0,0,0,0,0]"
CSI_DATA,59253,98:4a:6b:31:4a:10,-55,11,-99,22,37,11,619538098,83,0,256,0,"[0,0,0,0,0,0,0,0,13,-30,21,-39,34,-30,47,-8,60,-4,56,13,56,26,47,34,43,47,17,60,4,69,-8,73,-30,65,-39,65,-56,43,-65,43,-73,21,-82,4,-69,-21,-73,-34,-65,-47,-47,-60,-34,-78,-21,-86,4,-104,21,-86,39,-86,65,-73,0,0,91,-56,95,-26,91,4,95,13,78,34,52,39,52,56,39,65,26,78,13,78,-8,73,-26,65,-21,52,-39,43,-47,39,-56,26,-65,0,-56,-4,-52,-8,-43,-26,-52,-43,-30,-52,-26,-47,4,-52,4,-56,17,-47,21,-47,30,-26,0,0,0,0,0,0,0,0,0,0,0,0,0,0,-30,65,0,73,43,56,69,34,78,-8,73,-47,39,-78,0,-78,-52,-78,-82,-47,-99,4,-78,60,-34,95,26,99,65,86,95,21,95,-34,69,-82,4,-104,-52,-104,-91,-65,-125,-4,-95,60,-52,108,8,134,73,95,125,52,134,-26,0,0,43,-121,-34,-121,-73,-78,-112,0,-99,56,-56,86,-8,99,47,82,86,47,91,-8,73,-60,26,-78,-21,-82,-56,-60,-78,-13,-73,34,-47,60,-8,69,30,65,47,34,69,13,47,-26,30,-47,-13,-52,-17,-47,-47,-26,-47,0,-30,21,0,0,0,0,0,0]"
CSI_DATA,59254,98:4a:6b:31:4a:10,-55,11,-99,25,37,11,619547788,83,0,256,0,"[0,0,0,0,0,0,0,0,3,39,-7,43,-23,35,-27,39,-39,23,-55,11,-59,-7,-63,-23,-55,-43,-39,-59,-27,-71,-11,-71,7,-67,27,-67,47,-63,63,-47,75,-31,79,-11,91,3,75,39,67,43,51,63,43,83,15,91,0,103,-23,91,-43,79,-67,79,0,0,-95,39,-95,11,-95,-19,-87,-47,-67,-55,-51,-59,-35,-67,-15,-79,3,-71,15,-79,35,-59,47,-51,51,-39,63,-23,63,-11,67,3,55,11,59,39,47,39,31,47,23,55,3,51,-3,51,-19,51,-35,35,-43,27,-51,15,-51,7,0,0,0,0,0,0,0,0,0,0,0,0,0,0,0,-67,-35,-63,-59,-35,-79,0,-63,35,-47,71,-3,83,35,79,71,55,91,15,87,-35,55,-79,11,-103,-31,-87,-83,-55,-103,-7,-95,43,-55,99,-3,115,51,95,103,55,111,-11,103,-59,51,-111,-7,-123,-83,-107,-111,-63,-131,11,0,0,-39,115,19,111,75,87,107,35,107,-19,79,-63,27,-99,-31,-95,-71,-59,-91,-19,-87,35,-51,63,-7,83,31,71,67,39,83,7,71,-35,43,-55,3,-75,-31,-55,-47,-39,-63,3,-55,27,-35,39,0,59,19,47,31,27,47,7,0,0,0,0,0,0]"
CSI_DATA,59255,98:4a:6b:31:4a:10,-55,11,-99,24,37,11,619557929,83,0,256,0,"[0,0,0,0,0,0,0,0,45,-12,53,8,40,24,28,36,20,49,12,49,-12,61,-24,53,-53,45,-65,32,-69,4,-69,0,-73,-24,-53,-49,-49,-65,-24,-73,-8,-73,16,-73,45,-69,65,-65,73,-40,86,-28,86,-4,86,32,77,49,65,73,36,81,16,90,0,0,-32,81,-61,86,-69,61,-77,40,-81,20,-86,0,-77,-32,-49,-45,-49,-57,-28,-65,-4,-65,-4,-65,20,-65,28,-53,49,-45,61,-24,61,-20,53,-4,53,20,57,32,36,45,32,45,12,53,-8,45,-24,40,-24,36,-45,32,-45,16,0,0,0,0,0,0,0,0,0,0,0,0,0,0,-73,0,-65,28,-40,61,-12,73,28,77,73,57,86,20,86,-20,73,-53,32,-81,-8,-90,-57,-73,-94,-36,-102,12,-86,65,-45,94,8,98,61,90,98,45,114,-12,94,-57,49,-102,-12,-122,-65,-102,-110,-57,-131,12,-98,61,-69,114,0,0,57,110,110,61,122,-4,110,-49,57,-90,4,-102,-53,-81,-77,-53,-102,-8,-86,45,-45,81,-4,94,40,69,73,40,73,0,65,-32,49,-61,0,-69,-24,-61,-49,-53,-53,-4,-57,32,-49,49,-8,57,8,57,32,28,57,12,49,-8,0,0,0,0,0,0]"
CSI_DATA,59256,98:4a:6b:31:4a:10,-55,11,-99,25,37,11,619567761,83,0,256,0,"[0,0,0,0,0,0,0,0,0,-47,11,-47,27,-39,43,-35,47,-23,67,-7,59,11,59,31,51,43,35,59,27,71,11,71,-11,79,-31,67,-51,63,-63,47,-83,31,-91,3,-87,-7,-87,-31,-75,-47,-59,-59,-35,-83,-7,-95,-3,-99,23,-99,59,-87,75,-75,0,0,91,-31,95,-11,95,19,75,39,71,51,55,55,47,67,27,79,3,71,-3,79,-27,75,-31,51,-43,51,-59,31,-67,11,-59,3,-67,-11,-63,-27,-51,-35,-35,-43,-27,-59,-11,-55,0,-51,11,-55,27,-47,39,-31,43,-31,43,-19,0,0,0,0,0,0,0,0,0,0,0,0,0,0,-7,71,31,71,59,47,79,11,71,-31,51,-59,15,-79,-31,-83,-67,-59,-91,-19,-79,35,-59,75,-11,95,35,91,75,59,99,7,103,-47,59,-95,0,-111,-59,-95,-103,-51,-115,11,-99,71,-55,111,7,131,71,95,119,59,135,-19,0,0,47,-115,-15,-111,-79,-79,-95,-27,-107,35,-67,75,-15,103,31,91,83,63,99,11,87,-43,51,-71,0,-83,-39,-75,-67,-31,-83,0,-63,43,-35,67,7,71,31,55,63,23,67,-3,51,-35,23,-47,0,-59,-23,-51,-35,-23,-43,0,0,0,0,0,0,0]"
CSI_DATA,59257,98:4a:6b:31:4a:10,-54,11,-99,23,37,11,619577649,83,0,256,0,"[0,0,0,0,0,0,0,0,42,-16,54,-4,42,4,42,16,37,42,25,54,8,63,-16,67,-37,59,-50,42,-54,25,-75,16,-80,-4,-71,-21,-59,-50,-46,-63,-29,-71,-8,-92,12,-75,37,-88,54,-80,88,-59,84,-29,105,-12,101,12,96,46,80,67,63,88,0,0,0,92,-8,113,-37,92,-67,80,-59,50,-84,33,-80,8,-88,-4,-75,-33,-67,-42,-50,-63,-37,-59,-21,-63,-4,-67,12,-59,37,-54,37,-46,54,-37,54,-16,59,-4,54,16,50,21,46,42,25,50,12,46,-4,54,-12,46,-33,37,0,0,0,0,0,0,0,0,0,0,0,0,0,0,-67,25,-59,54,-25,84,16,84,54,63,80,33,92,4,75,-37,50,-71,4,-101,-42,-84,-84,-54,-101,-8,-88,50,-59,84,0,105,50,92,88,71,113,16,92,-46,59,-92,16,-126,-54,-101,-101,-84,-130,8,-113,63,-71,118,4,134,0,0,105,84,130,16,122,-46,71,-88,16,-109,-46,-105,-92,-67,-101,-12,-92,42,-42,80,-4,88,50,75,71,46,88,8,63,-37,42,-67,8,-84,-33,-67,-63,-42,-71,0,-63,29,-37,59,-4,63,21,54,42,33,46,16,54,-16,37,-29,0,0,0,0,0,0]"
CSI_DATA,59258,98:4a:6b:31:4a:10,-55,11,-99,25,37,11,619588190,83,0,256,0,"[0,0,0,0,0,0,0,0,-31,27,-43,23,-51,7,-51,-7,-51,-15,-43,-31,-35,-51,-19,-63,-7,-71,7,-67,27,-67,47,-55,59,-39,71,-31,75,-7,79,11,79,31,71,47,47,63,43,75,19,83,11,99,-19,87,-47,75,-63,79,-83,63,-95,43,-99,19,0,0,-99,-35,-75,-59,-59,-71,-47,-75,-27,-91,-3,-83,11,-79,27,-75,39,-63,43,-47,55,-39,63,-19,67,-11,67,3,63,15,51,31,47,43,35,39,27,47,15,55,-11,59,-11,51,-31,43,-39,35,-35,35,-43,23,-47,-3,-47,-15,0,0,0,0,0,0,0,0,0,0,0,0,0,0,55,-47,27,-71,-11,-75,-47,-59,-75,-27,-87,15,-79,51,-35,87,7,95,55,75,87,43,95,-3,79,-71,31,-95,-11,-99,-59,-79,-107,-35,-99,27,-75,87,-19,111,43,103,91,75,127,15,111,-51,63,-107,11,-127,-63,-111,-123,-51,0,0,-119,79,-63,111,7,123,75,95,103,43,103,-7,79,-63,31,-95,-23,-95,-71,-67,-95,-7,-75,31,-43,67,-3,75,31,71,71,35,75,0,67,-39,31,-63,11,-67,-27,-59,-51,-27,-63,0,-43,35,-23,39,0,51,19,35,39,23,0,0,0,0,0,0]"
CSI_DATA,59259,98:4a:6b:31:4a:10,-61,11,-99,-36,58,11,619598102,83,0,256,0,"[0,0,0,0,0,0,0,0,22,0,22,6,20,14,14,22,8,24,0,28,-12,28,-18,24,-26,18,-28,10,-34,0,-32,-8,-30,-16,-26,-24,-18,-32,-10,-36,2,-39,10,-41,22,-34,30,-30,34,-22,41,-8,47,2,47,12,41,22,36,32,26,41,14,45,0,0,-12,49,-22,41,-30,30,-39,22,-41,14,-39,4,-36,-8,-32,-16,-28,-24,-22,-26,-14,-28,-10,-30,-2,-32,10,-32,14,-26,20,-22,24,-16,24,-8,28,0,28,4,24,10,20,18,16,20,10,22,4,22,-4,24,-12,22,-16,18,0,0,0,0,0,0,0,0,0,0,0,0,0,0,-34,-8,-34,8,-26,28,-12,39,8,39,28,34,41,18,49,-4,41,-24,24,-43,-2,-51,-24,-45,-45,-24,-53,2,-47,28,-24,47,4,57,30,47,53,26,59,-4,51,-34,28,-53,-2,-61,-34,-55,-59,-30,-65,6,-55,39,-28,59,0,0,36,59,57,28,63,-6,49,-34,26,-55,-4,-55,-28,-47,-47,-22,-51,2,-39,28,-18,45,6,45,28,32,41,12,39,-8,30,-26,12,-34,-8,-36,-22,-26,-32,-14,-34,2,-26,22,-12,26,4,28,18,22,24,14,24,0,22,-12,0,0,0,0,0,0]"
CSI_DATA,59260,98:4a:6b:31:4a:10,-55,11,-99,21,37,11,619607669,83,0,256,0,"[0,0,0,0,0,0,0,0,44,-22,44,-8,53,-8,53,8,49,26,35,44,31,58,4,71,0,75,-17,71,-35,53,-53,49,-67,35,-75,22,-80,0,-80,-17,-71,-49,-75,-53,-49,-71,-31,-84,-13,-93,8,-93,31,-98,49,-80,71,-71,80,-49,84,-31,98,-13,0,0,98,35,84,71,67,71,44,75,31,84,13,84,0,84,-22,80,-44,75,-44,58,-53,40,-62,26,-62,17,-62,0,-62,-17,-53,-22,-44,-40,-35,-44,-31,-58,-13,-53,-4,-67,17,-58,22,-44,26,-40,44,-35,44,-17,49,-4,44,4,0,0,0,0,0,0,0,0,0,0,0,0,0,0,-53,31,-40,53,-4,71,40,67,58,44,84,4,71,-40,53,-75,8,-93,-49,-84,-84,-49,-98,-4,-84,49,-40,93,0,102,53,84,93,40,107,-17,80,-75,31,-107,-31,-111,-80,-84,-111,-17,-116,40,-80,102,-8,129,62,116,111,62,0,0,98,-62,62,-116,4,-120,-71,-98,-89,-40,-107,22,-80,71,-22,98,26,93,75,67,89,13,75,-35,49,-75,0,-84,-44,-71,-71,-35,-75,4,-67,40,-22,67,8,67,44,53,58,22,62,-13,49,-35,17,-58,-4,-49,-22,-35,-40,-22,0,0,0,0,0,0]"
CSI_DATA,59261,98:4a:6b:31:4a:10,-55,11,-99,24,37,11,619617589,83,0,256,0,"[0,0,0,0,0,0,0,0,28,-36,40,-32,49,-8,53,0,49,16,53,32,32,53,24,61,4,65,-12,69,-32,65,-40,57,-61,40,-73,28,-69,4,-81,-20,-69,-45,-65,-57,-49,-77,-28,-86,0,-90,16,-90,40,-90,73,-77,77,-57,86,-36,98,-8,98,16,0,0,73,65,61,86,24,94,16,94,-8,94,-24,86,-45,65,-53,49,-57,49,-69,20,-73,8,-69,-8,-65,-24,-45,-36,-40,-49,-32,-57,-20,-61,0,-57,16,-61,28,-49,45,-40,49,-24,45,-16,53,-4,53,8,49,12,36,36,28,45,0,0,0,0,0,0,0,0,0,0,0,0,0,0,-53,45,-28,73,4,73,45,57,73,28,86,0,77,-53,45,-73,-4,-94,-49,-73,-98,-40,-98,4,-86,61,-53,90,-4,102,57,90,94,45,106,-16,94,-61,40,-106,-8,-110,-69,-94,-98,-40,-131,16,-98,81,-45,114,20,127,90,98,0,0,131,-24,90,-86,36,-118,-20,-122,-81,-86,-102,-28,-102,28,-69,81,-20,90,28,98,77,61,94,12,81,-28,49,-65,0,-81,-32,-69,-61,-49,-81,-4,-69,32,-36,53,-16,73,20,65,49,40,53,4,53,-20,40,-36,12,-45,-8,-45,0,0,0,0,0,0]"
CSI_DATA,59262,98:4a:6b:31:4a:10,-55,11,-99,23,37,11,619627487,83,0,256,0,"[0,0,0,0,0,0,0,0,46,0,46,8,46,21,37,42,21,46,12,59,0,67,-21,59,-33,50,-50,54,-54,37,-71,21,-75,0,-71,-16,-67,-25,-59,-54,-46,-63,-29,-75,-12,-84,0,-84,25,-84,46,-75,67,-75,84,-46,88,-37,88,-25,101,4,88,21,0,0,84,71,50,88,33,92,16,88,-4,84,-25,84,-33,75,-50,63,-59,59,-63,25,-71,16,-67,0,-63,-12,-67,-16,-59,-33,-42,-37,-29,-54,-25,-50,-8,-50,4,-54,16,-54,29,-42,37,-46,46,-29,46,-21,50,-12,54,0,54,21,0,0,0,0,0,0,0,0,0,0,0,0,0,0,-67,-8,-67,25,-50,54,-8,71,33,75,63,50,80,8,80,-37,50,-80,4,-96,-46,-88,-84,-46,-101,8,-88,59,-33,92,12,105,71,80,105,25,105,-29,71,-88,16,-113,-50,-105,-96,-63,-122,-8,-109,63,-71,113,4,126,67,105,0,0,130,-21,101,-80,42,-113,-33,-118,-80,-80,-101,-16,-101,37,-59,88,0,96,50,84,75,42,101,-12,67,-54,29,-75,-21,-75,-54,-59,-71,-16,-67,21,-42,54,-8,63,21,63,50,37,63,8,54,-16,29,-46,4,-54,-16,-46,-37,-29,0,0,0,0,0,0]"
CSI_DATA,59263,98:4a:6b:31:4a:10,-61,11,-99,-36,58,11,619627873,83,0,256,0,"[0,0,0,0,0,0,0,0,18,8,16,16,10,22,4,24,-6,26,-16,24,-22,20,-30,12,-32,2,-32,-8,-30,-18,-24,-26,-16,-34,-6,-36,4,-36,16,-36,26,-32,36,-24,43,-14,45,-2,43,10,41,22,32,30,22,43,10,47,-2,51,-16,47,-28,43,0,0,-45,22,-47,6,-45,-6,-41,-16,-34,-28,-24,-32,-14,-39,-6,-36,6,-39,14,-34,20,-28,26,-20,28,-14,32,-6,30,2,30,10,24,16,18,22,12,26,4,28,-2,28,-10,26,-16,20,-20,14,-24,8,-24,2,-24,-4,-20,-10,0,0,0,0,0,0,0,0,0,0,0,0,0,0,-28,-20,-36,-6,-36,12,-30,30,-12,39,8,43,26,36,43,20,47,-2,43,-24,24,-43,2,-49,-24,-47,-45,-30,-53,-4,-49,22,-32,43,-6,57,24,53,47,34,59,8,57,-22,41,-49,12,-65,-22,-63,-49,-43,-65,-12,-65,20,0,0,-20,65,14,61,41,49,57,20,57,-10,41,-34,18,-51,-8,-49,-32,-39,-47,-16,-47,8,-32,28,-14,41,6,43,24,32,39,16,39,-4,30,-22,16,-32,-2,-36,-18,-30,-28,-16,-30,-2,-26,12,-18,22,-6,26,6,24,14,18,0,0,0,0,0,0]"
CSI_DATA,59264,98:4a:6b:31:4a:10,-55,11,-99,22,37,11,619647407,83,0,256,0,"[0,0,0,0,0,0,0,0,13,43,4,52,-13,56,-26,47,-39,39,-52,39,-52,17,-65,8,-65,-21,-60,-30,-56,-47,-47,-69,-30,-65,-8,-82,4,-78,26,-78,39,-73,65,-56,73,-47,86,-21,91,-13,104,0,91,30,99,60,69,73,56,91,43,91,21,112,0,0,-34,99,-52,95,-73,69,-82,56,-91,34,-86,30,-86,4,-78,-13,-73,-30,-60,-43,-52,-52,-34,-60,-30,-65,-13,-65,4,-60,21,-65,26,-60,26,-47,39,-34,47,-30,60,-17,56,0,52,4,52,26,43,30,34,39,21,47,13,47,0,0,0,0,0,0,0,0,0,0,0,0,0,0,-17,-60,-56,-52,-69,-21,-65,17,-52,56,-26,86,17,86,56,60,82,21,86,-30,60,-73,21,-86,-39,-91,-82,-56,-108,-8,-91,47,-47,91,8,104,65,82,99,30,99,-26,82,-73,26,-117,-39,-121,-91,-69,-121,-8,-112,60,-60,108,0,0,78,99,112,47,117,-17,78,-69,26,-104,-26,-91,-82,-65,-99,-8,-86,43,-43,78,4,91,47,78,78,30,78,-13,60,-52,17,-69,-13,-69,-60,-47,-60,-8,-60,21,-39,47,4,65,34,60,47,39,56,0,39,-26,26,-43,-4,-43,0,0,0,0,0,0]"
CSI_DATA,59265,98:4a:6b:31:4a:10,-55,11,-99,23,37,11,619659012,83,0,256,0,"[0,0,0,0,0,0,0,0,8,37,0,42,-25,42,-37,42,-37,29,-63,12,-59,-4,-54,-21,-54,-29,-37,-54,-33,-67,-12,-71,8,-75,21,-71,37,-63,59,-50,84,-33,80,-16,88,0,84,21,75,46,67,59,54,80,25,96,8,101,-25,96,-42,101,-63,71,0,0,-105,37,-96,8,-101,-16,-84,-29,-80,-50,-54,-54,-46,-75,-25,-71,-8,-80,12,-71,25,-63,42,-46,50,-42,54,-33,67,-16,67,-4,63,12,54,37,46,37,37,50,25,54,8,50,-4,59,-25,46,-25,42,-37,33,-37,25,-42,8,0,0,0,0,0,0,0,0,0,0,0,0,0,0,0,-71,-33,-67,-67,-42,-80,-8,-71,42,-50,71,-4,80,29,84,71,54,92,12,84,-42,54,-75,4,-101,-42,-92,-84,-59,-105,-4,-92,50,-50,96,8,118,59,92,101,50,109,-8,92,-67,46,-113,-16,-122,-71,-101,-122,-42,-130,21,0,0,-37,134,16,122,84,84,122,29,109,-33,75,-71,29,-109,-33,-92,-88,-63,-92,-8,-80,37,-54,71,-8,75,37,71,75,33,80,-4,67,-46,29,-67,0,-71,-42,-54,-54,-33,-59,8,-54,29,-25,46,0,54,21,50,37,25,46,4,0,0,0,0,0,0]"
CSI_DATA,59266,98:4a:6b:31:4a:10,-61,11,-99,-37,58,11,619669002,83,0,256,0,"[0,0,0,0,0,0,0,0,-21,-4,-21,-12,-14,-21,-8,-25,0,-29,8,-29,19,-27,27,-21,33,-12,35,-2,38,8,33,19,27,29,16,35,6,40,-2,42,-14,40,-25,35,-35,27,-42,21,-46,6,-48,-4,-44,-19,-42,-29,-29,-42,-19,-48,-6,-52,10,-54,0,0,35,-40,42,-27,48,-14,50,-2,46,8,40,19,31,27,23,33,14,35,4,40,-6,35,-12,33,-21,29,-25,21,-29,14,-33,6,-31,-2,-29,-10,-25,-16,-19,-23,-12,-27,-6,-27,2,-27,8,-27,16,-23,19,-16,23,-10,25,-2,0,0,0,0,0,0,0,0,0,0,0,0,0,0,33,16,40,-2,33,-19,21,-35,2,-42,-16,-40,-38,-27,-48,-10,-46,16,-33,35,-12,50,14,52,35,38,52,16,52,-12,40,-35,16,-54,-10,-57,-40,-44,-59,-16,-59,12,-46,44,-16,59,12,63,46,50,63,23,69,-12,54,-44,0,0,-8,-67,-40,-52,-61,-23,-61,8,-46,35,-19,52,10,52,33,42,48,19,50,-6,38,-29,16,-42,-6,-42,-27,-31,-40,-14,-40,6,-31,23,-14,35,4,38,21,31,31,16,33,-2,27,-16,16,-27,4,-29,-10,-25,-21,-16,-25,-4,0,0,0,0,0,0]"
CSI_DATA,59267,98:4a:6b:31:4a:10,-55,11,-99,19,37,11,619678781,83,0,256,0,"[0,0,0,0,0,0,0,0,-37,-9,-37,-23,-33,-33,-14,-52,-4,-52,14,-66,33,-56,47,-42,61,-28,70,-18,70,9,70,23,66,37,52,52,42,70,28,80,4,89,-18,85,-37,75,-56,66,-75,47,-89,42,-99,14,-108,-4,-85,-37,-80,-56,-70,-85,-52,-94,0,0,0,-113,23,-99,42,-89,52,-85,75,-56,85,-42,89,-28,85,0,70,18,70,37,66,42,47,56,33,61,18,70,4,70,-18,66,-23,56,-37,52,-52,37,-56,28,-56,4,-61,0,-52,-14,-47,-28,-37,-37,-28,-42,-14,-47,-4,-52,0,0,0,0,0,0,0,0,0,0,0,0,0,0,66,28,70,-4,66,-42,47,-70,4,-85,-42,-80,-66,-47,-99,-4,-89,47,-47,85,0,94,47,89,94,56,99,4,85,-52,52,-89,-14,-108,-66,-89,-108,-47,-113,9,-89,80,-37,104,28,123,89,89,123,37,127,-28,94,-104,33,-123,0,0,-104,-89,-137,-9,-113,52,-66,99,-9,113,52,94,94,56,104,0,80,-56,42,-80,-14,-94,-56,-66,-80,-28,-89,14,-52,61,-18,80,18,80,56,52,75,4,61,-18,42,-52,9,-66,-23,-56,-47,-47,-52,-14,-52,9,-37,37,-14,47,0,0,0,0,0,0]"
CSI_DATA,59268,98:4a:6b:31:4a:10,-55,11,-99,20,37,11,619688747,83,0,256,0,"[0,0,0,0,0,0,0,0,-45,4,-50,-13,-45,-27,-45,-36,-32,-45,-32,-50,4,-59,9,-59,18,-64,32,-64,55,-41,59,-41,78,-18,82,4,78,18,68,41,68,50,68,64,45,78,32,82,13,96,0,101,-27,91,-55,73,-78,82,-87,68,-96,36,-91,9,0,0,-105,-22,-87,-55,-68,-64,-64,-73,-27,-82,-32,-87,-4,-82,9,-82,18,-78,36,-64,50,-59,64,-41,59,-27,59,-18,64,-9,64,-4,59,22,45,22,50,41,36,36,27,55,9,55,-4,50,-9,55,-27,50,-27,45,-41,27,-45,18,0,0,0,0,0,0,0,0,0,0,0,0,0,0,73,4,64,-32,27,-64,-4,-78,-36,-73,-68,-36,-96,9,-73,50,-32,91,13,96,68,68,91,32,105,-22,68,-82,18,-101,-36,-96,-82,-50,-114,-4,-87,68,-50,101,13,105,73,87,114,32,110,-32,64,-101,9,-119,-50,-114,-119,-50,0,0,-105,73,-45,114,18,105,78,96,105,32,105,-36,64,-87,0,-101,-41,-87,-91,-36,-96,18,-64,64,-27,78,18,73,64,45,73,9,78,-32,41,-73,-4,-68,-36,-59,-59,-22,-68,4,-45,36,-18,55,13,55,27,36,55,13,45,-9,0,0,0,0,0,0]"
CSI_DATA,59269,98:4a:6b:31:4a:10,-55,11,-99,22,37,11,619698638,83,0,256,0,"[0,0,0,0,0,0,0,0,39,13,34,26,34,39,30,47,4,56,-4,56,-26,47,-34,47,-52,34,-69,26,-69,0,-69,-13,-69,-26,-56,-39,-43,-65,-43,-73,-8,-78,8,-86,30,-82,39,-78,56,-65,69,-47,86,-39,108,-13,91,17,95,43,82,60,65,78,0,0,21,91,13,95,-17,91,-39,78,-52,82,-56,56,-86,43,-69,17,-78,-4,-73,-17,-65,-21,-60,-39,-43,-47,-34,-60,-21,-69,0,-69,4,-60,21,-65,30,-43,43,-39,52,-21,52,-21,60,0,52,8,47,17,34,21,34,34,13,43,0,0,0,0,0,0,0,0,0,0,0,0,0,0,-69,-30,-73,4,-60,39,-30,78,8,86,52,78,78,39,95,0,73,-52,43,-82,0,-86,-56,-78,-95,-43,-99,21,-73,65,-30,95,26,104,78,86,108,26,95,-34,78,-86,17,-117,-52,-112,-117,-73,-121,-8,-108,65,-56,112,4,125,0,0,121,47,125,-21,86,-73,39,-104,-21,-108,-65,-78,-91,-13,-99,26,-60,73,-17,95,34,82,73,47,86,0,60,-43,39,-73,-8,-82,-47,-60,-69,-30,-73,8,-43,39,-30,65,13,65,39,47,56,26,60,-8,47,-39,21,-52,-8,-47,0,0,0,0,0,0]"
CSI_DATA,59270,98:4a:6b:31:4a:10,-55,11,-99,21,37,11,619709464,83,0,256,0,"[0,0,0,0,0,0,0,0,-22,40,-31,40,-40,13,-49,17,-58,-4,-53,-13,-35,-40,-35,-58,-13,-67,-4,-75,22,-62,35,-67,58,-53,67,-35,80,-13,80,8,75,31,71,49,62,62,35,84,4,89,0,93,-31,98,-58,75,-62,71,-84,49,-98,22,-125,-4,0,0,-80,-58,-58,-71,-44,-84,-17,-93,8,-98,26,-80,40,-71,49,-62,62,-44,75,-31,67,-4,75,13,62,26,53,40,49,49,31,58,13,67,0,58,-8,58,-26,49,-44,40,-53,26,-53,13,-44,4,-44,-13,-44,-22,-35,-40,-17,-44,0,0,0,0,0,0,0,0,0,0,0,0,0,0,40,-62,4,-71,-35,-62,-58,-44,-80,-13,-80,26,-58,62,-22,84,22,93,67,71,89,26,93,-22,75,-71,26,-93,-17,-98,-67,-71,-98,-26,-102,26,-75,84,-26,107,35,107,84,80,111,31,120,-35,89,-93,26,-120,-40,-120,-93,-80,0,0,-120,40,-89,84,-22,116,40,125,80,71,107,17,102,-35,58,-75,13,-93,-35,-89,-80,-53,-80,-8,-80,35,-40,71,4,80,40,71,67,44,80,-4,67,-35,40,-62,8,-67,-22,-53,-49,-35,-62,-8,-53,22,-31,40,-13,49,4,49,0,0,0,0,0,0]"
CSI_DATA,59271,98:4a:6b:31:4a:10,-61,11,-99,-37,58,11,619719376,83,0,256,0,"[0,0,0,0,0,0,0,0,-23,0,-23,-8,-19,-16,-12,-21,-6,-27,4,-29,14,-29,23,-23,29,-14,33,-6,35,4,33,14,29,25,21,33,10,35,0,40,-12,40,-23,35,-33,29,-42,19,-44,6,-46,-4,-44,-16,-35,-31,-29,-42,-14,-48,-4,-50,12,-50,0,0,38,-35,44,-23,48,-8,46,4,42,14,33,25,27,33,16,35,6,38,-4,38,-14,35,-19,29,-25,23,-29,14,-33,6,-31,-2,-29,-8,-25,-16,-19,-21,-10,-25,-4,-29,4,-27,10,-27,16,-21,23,-12,25,-6,25,0,23,6,0,0,0,0,0,0,0,0,0,0,0,0,0,0,35,8,35,-8,31,-25,16,-38,-4,-42,-23,-38,-40,-23,-46,-4,-46,19,-29,38,-8,50,16,50,38,35,52,14,52,-12,40,-38,16,-52,-12,-54,-38,-42,-57,-19,-57,10,-46,40,-21,57,10,63,40,52,61,27,69,-6,59,-38,0,0,0,-65,-33,-57,-54,-33,-59,-2,-50,25,-29,46,-2,54,23,48,42,29,48,6,44,-19,27,-38,4,-44,-16,-40,-33,-27,-40,-6,-38,14,-25,29,-6,38,10,35,23,25,31,10,31,-4,25,-16,12,-27,0,-27,-12,-23,-19,-14,0,0,0,0,0,0]"
CSI_DATA,59272,98:4a:6b:31:4a:10,-61,11,-99,-36,58,11,619729074,83,0,256,0,"[0,0,0,0,0,0,0,0,20,10,18,16,10,22,4,24,-6,28,-14,26,-24,22,-28,14,-36,8,-34,-2,-36,-12,-28,-22,-20,-28,-16,-34,-6,-41,6,-41,16,-39,22,-36,32,-28,45,-20,43,-10,43,0,45,12,45,26,36,30,26,43,8,43,2,45,0,0,-24,45,-34,41,-43,22,-45,14,-47,4,-43,-4,-39,-12,-32,-24,-26,-30,-20,-36,-6,-39,-2,-34,6,-34,16,-30,18,-26,24,-22,26,-10,28,-4,30,4,30,6,22,18,22,20,10,24,4,24,-2,26,-6,22,-14,20,-18,14,0,0,0,0,0,0,0,0,0,0,0,0,0,0,-28,-22,-36,-6,-39,12,-28,28,-12,41,10,41,30,32,45,14,45,-8,36,-30,16,-45,-6,-53,-28,-39,-49,-16,-49,10,-36,34,-12,51,8,55,39,41,59,16,55,-18,36,-45,12,-59,-16,-59,-49,-49,-65,-12,-67,20,-43,45,0,0,26,61,49,39,59,6,55,-24,32,-43,4,-53,-22,-43,-43,-28,-51,-2,-47,22,-20,39,2,45,24,34,41,16,41,-6,32,-26,14,-34,-4,-36,-22,-30,-32,-18,-36,4,-22,18,-16,28,-2,30,12,24,22,12,22,-2,20,-14,0,0,0,0,0,0]"
CSI_DATA,59273,98:4a:6b:31:4a:10,-55,11,-99,21,37,11,619738789,83,0,256,0,"[0,0,0,0,0,0,0,0,-40,22,-49,0,-44,-8,-40,-26,-31,-53,-22,-58,4,-62,22,-62,49,-53,53,-35,62,-17,75,-8,67,13,62,26,53,44,40,67,17,75,-8,89,-26,80,-53,71,-71,53,-89,40,-89,8,-84,-13,-89,-26,-84,-71,-49,-80,-31,-89,0,0,17,-107,49,-89,62,-67,75,-49,84,-22,80,-4,75,22,67,31,49,53,44,58,17,67,0,67,-8,71,-22,62,-40,53,-49,35,-58,22,-58,4,-58,-17,-49,-22,-49,-40,-35,-49,-17,-53,-4,-53,13,-44,22,-49,40,-44,44,-26,0,0,0,0,0,0,0,0,0,0,0,0,0,0,67,-17,62,-49,35,-67,4,-71,-35,-67,-71,-44,-84,-13,-84,31,-58,71,-17,98,26,84,71,62,98,26,93,-26,71,-71,35,-98,-22,-102,-67,-80,-107,-31,-102,22,-89,71,-40,116,22,111,80,93,111,40,120,-17,93,-80,58,-111,0,0,-71,-107,-107,-49,-111,8,-93,71,-44,107,4,107,62,89,89,49,89,-8,80,-53,44,-80,-8,-89,-53,-71,-80,-35,-80,0,-67,35,-44,62,0,75,31,58,58,31,67,4,58,-26,31,-53,17,-62,-13,-53,-40,-35,-49,-17,-53,4,0,0,0,0,0,0]"
CSI_DATA,59274,98:4a:6b:31:4a:10,-61,11,-99,-39,58,11,619748802,83,0,256,0,"[0,0,0,0,0,0,0,0,17,-13,22,-8,24,-2,26,4,24,15,22,22,13,29,6,33,-2,35,-13,33,-22,29,-29,24,-33,15,-38,4,-40,-6,-38,-15,-33,-24,-26,-31,-17,-40,-8,-44,0,-47,13,-47,24,-42,38,-35,42,-26,51,-15,53,-2,51,8,0,0,40,35,31,42,17,47,6,47,-4,47,-13,42,-22,38,-29,29,-33,22,-35,11,-38,4,-35,-4,-33,-13,-29,-17,-22,-24,-17,-29,-8,-31,-2,-31,4,-29,11,-26,17,-24,22,-17,26,-11,26,-4,26,0,24,8,20,15,15,20,0,0,0,0,0,0,0,0,0,0,0,0,0,0,-33,17,-20,33,-2,38,17,38,33,24,44,4,42,-17,29,-38,6,-49,-17,-44,-40,-31,-51,-6,-47,20,-31,42,-4,53,22,49,44,33,55,2,49,-29,29,-51,-2,-60,-35,-51,-55,-26,-62,6,-51,38,-26,60,8,69,42,53,0,0,64,-11,49,-42,22,-60,-11,-58,-38,-42,-53,-15,-51,15,-33,38,-8,49,17,44,38,29,44,6,40,-17,24,-35,0,-40,-20,-35,-33,-20,-38,0,-31,20,-17,31,0,33,15,29,26,17,31,2,24,-13,15,-22,4,-26,-8,-24,0,0,0,0,0,0]"
CSI_DATA,59275,98:4a:6b:31:4a:10,-55,11,-99,24,37,11,619761333,83,0,256,0,"[0,0,0,0,0,0,0,0,-32,-24,-24,-40,-20,-45,-8,-49,8,-61,20,-61,49,-49,53,-36,61,-24,65,-4,69,12,73,32,61,49,49,61,36,73,20,86,0,86,-20,90,-36,81,-57,69,-73,49,-90,36,-102,20,-106,-8,-94,-16,-94,-49,-86,-65,-57,-90,0,0,-12,-102,8,-106,24,-94,36,-81,53,-77,69,-53,81,-32,77,-20,81,4,77,16,65,28,61,32,45,45,32,57,16,57,4,69,0,65,-16,61,-24,53,-36,49,-49,36,-53,16,-61,20,-57,0,-49,-16,-40,-20,-45,-28,-24,-40,0,0,0,0,0,0,0,0,0,0,0,0,0,0,49,57,69,16,69,-20,53,-49,24,-77,-16,-90,-61,-57,-86,-16,-90,24,-57,69,-12,90,32,90,73,61,98,12,90,-40,53,-86,-4,-98,-57,-86,-102,-40,-106,16,-81,61,-32,110,28,114,94,77,122,20,110,-45,73,-98,8,-122,0,0,-118,-61,-118,8,-90,61,-40,102,16,122,69,77,106,28,98,-28,57,-73,8,-90,-36,-77,-69,-45,-81,8,-65,49,-24,69,16,77,49,61,73,20,65,-12,49,-49,16,-65,-16,-65,-45,-40,-57,-12,-53,16,-36,28,-4,53,16,45,0,0,0,0,0,0]"
CSI_DATA,59276,98:4a:6b:31:4a:10,-55,11,-99,21,37,11,619771510,83,0,256,0,"[0,0,0,0,0,0,0,0,0,44,-4,49,-17,40,-35,40,-49,31,-62,13,-67,4,-58,-26,-49,-40,-40,-53,-31,-75,-8,-75,8,-80,26,-67,44,-58,67,-53,80,-26,89,-13,93,13,93,31,84,44,62,67,44,84,22,98,-4,93,-26,93,-49,93,-75,84,0,0,-107,40,-98,4,-98,-13,-89,-40,-80,-58,-53,-71,-35,-71,-17,-80,0,-80,26,-67,35,-62,44,-49,58,-40,62,-26,67,-13,67,0,58,22,53,35,35,44,31,58,17,58,4,53,-4,53,-22,53,-22,44,-35,26,-53,17,-44,8,0,0,0,0,0,0,0,0,0,0,0,0,0,0,0,-75,-35,-67,-67,-49,-80,-4,-75,35,-53,75,-13,89,31,89,71,53,89,17,84,-35,62,-80,13,-102,-40,-98,-80,-62,-107,-8,-98,49,-62,93,0,116,44,89,102,53,111,-4,102,-67,58,-116,-17,-125,-80,-98,-116,-53,-129,4,0,0,-53,111,26,120,80,89,102,44,111,-22,71,-75,22,-98,-31,-98,-75,-62,-98,-13,-93,31,-49,75,-4,84,35,75,71,35,84,-4,71,-35,40,-67,8,-80,-35,-62,-58,-35,-62,0,-53,26,-31,49,0,58,17,58,35,22,40,0,0,0,0,0,0,0]"
CSI_DATA,59277,98:4a:6b:31:4a:10,-54,11,-99,22,37,11,619781359,83,0,256,0,"[0,0,0,0,0,0,0,0,-39,26,-47,13,-56,-4,-52,-17,-52,-47,-34,-56,-8,-65,4,-69,26,-65,56,-52,65,-39,78,-26,82,-4,82,21,78,39,60,52,39,78,21,91,-8,86,-30,91,-52,78,-60,69,-86,47,-108,13,-104,-13,-108,-39,-82,-60,-65,-86,0,0,-8,-104,13,-112,43,-95,69,-73,82,-60,91,-30,95,-17,86,4,82,30,60,43,47,60,39,69,13,73,4,65,-21,60,-34,60,-47,52,-56,39,-60,13,-65,-4,-56,-17,-56,-34,-34,-47,-30,-47,-17,-56,8,-47,17,-52,39,-39,0,0,0,0,0,0,0,0,0,0,0,0,0,0,65,-34,52,-56,17,-86,-17,-82,-56,-65,-82,-26,-86,13,-69,56,-34,82,4,95,52,86,91,43,99,-4,86,-52,52,-95,0,-104,-56,-91,-95,-56,-117,8,-99,56,-69,99,0,117,60,104,104,60,121,4,112,-60,56,-104,17,-134,0,0,-108,-82,-121,4,-108,60,-65,104,0,117,43,104,82,69,99,13,86,-47,56,-91,8,-91,-39,-78,-69,-47,-86,8,-65,39,-39,69,-4,82,39,69,65,39,65,8,65,-26,47,-56,13,-65,-13,-56,-39,-43,-52,-17,-47,13,-39,30,0,0,0,0,0,0]"
CSI_DATA,59278,98:4a:6b:31:4a:10,-55,11,-99,21,37,11,619791493,83,0,256,0,"[0,0,0,0,0,0,0,0,17,-31,31,-31,40,-22,58,0,58,8,58,13,44,40,31,58,17,67,-4,75,-22,71,-35,62,-49,49,-71,53,-75,26,-80,4,-89,-8,-80,-40,-75,-49,-62,-71,-35,-84,-13,-75,8,-93,22,-80,49,-84,62,-84,93,-62,125,-26,0,0,107,8,93,35,75,49,67,67,49,80,17,80,0,93,-26,75,-35,75,-53,62,-62,53,-67,35,-67,13,-67,-8,-62,-17,-67,-26,-58,-31,-44,-62,-31,-62,-13,-62,8,-67,26,-49,35,-44,35,-44,44,-31,49,-17,53,-8,49,17,0,0,0,0,0,0,0,0,0,0,0,0,0,0,-49,53,-8,75,40,71,62,53,75,22,89,-26,62,-62,22,-89,-17,-89,-62,-71,-84,-22,-93,26,-71,75,-8,98,40,102,89,62,93,13,93,-40,62,-102,17,-116,-53,-107,-102,-53,-120,-4,-102,62,-62,107,22,129,84,107,111,40,0,0,107,-80,31,-102,-31,-125,-84,-80,-107,-31,-98,22,-67,80,-13,107,44,84,80,58,93,0,84,-44,35,-71,4,-84,-40,-67,-75,-40,-80,0,-62,53,-26,80,4,71,40,58,53,22,62,-13,53,-35,26,-58,-8,-53,-26,-44,-49,-22,0,0,0,0,0,0]"
CSI_DATA,59279,98:4a:6b:31:4a:10,-55,11,-99,21,37,11,619801481,83,0,256,0,"[0,0,0,0,0,0,0,0,-17,40,-26,40,-44,35,-53,13,-58,-4,-62,-22,-49,-40,-35,-58,-17,-62,-4,-80,22,-67,40,-67,62,-53,71,-31,75,-8,84,17,84,31,75,53,58,58,40,89,8,89,-13,98,-31,93,-67,71,-75,58,-98,35,-116,13,-125,4,0,0,-89,-71,-67,-89,-44,-84,-22,-93,17,-98,35,-84,53,-71,67,-53,75,-35,80,-17,71,4,62,22,67,40,49,53,35,62,17,67,4,67,-8,62,-31,58,-40,44,-49,31,-62,8,-58,0,-58,-13,-49,-22,-40,-31,-17,-49,-8,-49,0,0,0,0,0,0,0,0,0,0,0,0,0,0,35,-58,0,-75,-35,-75,-58,-40,-80,-13,-80,31,-71,62,-22,84,26,80,62,67,84,31,89,-17,71,-67,26,-98,-13,-107,-62,-89,-98,-31,-102,22,-80,80,-31,111,22,111,75,84,111,31,120,-31,89,-80,35,-120,-26,-120,-80,-89,0,0,-125,35,-98,80,-40,111,22,111,75,84,93,31,102,-17,75,-67,22,-102,-22,-93,-67,-62,-80,-26,-89,26,-62,62,-22,75,17,80,53,58,71,13,67,-22,44,-58,22,-62,-13,-58,-35,-44,-58,-26,-53,4,-44,35,-26,49,-4,44,0,0,0,0,0,0]"
CSI_DATA,59280,98:4a:6b:31:4a:10,-55,11,-99,21,37,11,619812053,83,0,256,0,"[0,0,0,0,0,0,0,0,35,26,35,35,13,49,4,49,-17,49,-31,58,-40,49,-53,31,-71,17,-71,0,-71,-31,-67,-35,-53,-58,-44,-75,-26,-75,0,-84,8,-84,40,-89,53,-62,80,-58,93,-40,98,-13,107,8,98,26,89,58,75,71,58,93,44,98,0,0,-17,107,-44,98,-67,75,-80,58,-89,49,-93,22,-93,0,-75,-8,-67,-44,-62,-58,-44,-58,-26,-62,-17,-71,0,-71,8,-67,22,-58,35,-62,44,-44,58,-31,58,-13,67,-4,53,8,58,22,44,26,26,44,22,44,8,44,-8,49,0,0,0,0,0,0,0,0,0,0,0,0,0,0,-49,-44,-67,-17,-71,17,-58,44,-22,75,13,84,62,67,84,26,89,-17,67,-62,26,-89,-31,-84,-71,-71,-98,-22,-98,31,-62,80,-17,107,31,89,80,62,107,8,93,-53,53,-93,0,-116,-67,-107,-107,-49,-116,17,-102,75,-40,111,0,0,84,98,111,26,125,-35,75,-89,22,-107,-35,-98,-80,-62,-98,-8,-80,49,-49,75,0,84,44,67,80,35,75,-13,58,-49,35,-75,-8,-75,-58,-58,-67,-26,-62,17,-49,40,-13,62,17,67,40,40,58,26,44,-8,40,-35,17,-44,0,0,0,0,0,0]"
CSI_DATA,59281,98:4a:6b:31:4a:10,-55,11,-99,22,37,11,619822439,83,0,256,0,"[0,0,0,0,0,0,0,0,39,34,26,47,-4,52,-13,56,-21,47,-43,39,-60,34,-60,8,-73,-17,-65,-34,-60,-47,-43,-60,-26,-65,0,-78,17,-78,30,-73,56,-60,69,-47,82,-21,82,-8,86,17,82,34,78,65,60,82,34,104,21,104,-8,99,-43,91,0,0,-91,56,-86,34,-95,0,-91,-21,-78,-34,-69,-56,-47,-69,-34,-73,-4,-78,8,-86,30,-78,34,-56,47,-52,56,-30,65,-17,65,4,60,17,60,34,43,43,34,52,21,56,4,52,-8,52,-21,39,-39,39,-39,30,-43,17,-52,4,0,0,0,0,0,0,0,0,0,0,0,0,0,0,-39,-52,-65,-30,-73,0,-65,39,-43,69,-8,82,43,78,69,52,86,4,82,-34,52,-73,17,-91,-30,-91,-78,-69,-95,-26,-99,34,-56,78,-13,104,47,99,86,65,112,13,95,-39,60,-95,8,-112,-56,-117,-104,-69,-130,0,-117,56,0,0,-8,130,47,99,99,56,112,0,95,-47,56,-78,-8,-104,-43,-82,-82,-52,-86,-8,-86,43,-39,73,4,86,52,65,78,30,86,-8,60,-39,34,-60,0,-73,-30,-56,-60,-34,-65,-4,-47,26,-34,47,-4,60,13,52,34,34,43,13,0,0,0,0,0,0]"
CSI_DATA,59282,98:4a:6b:31:4a:10,-54,11,-99,22,37,11,619832207,83,0,256,0,"[0,0,0,0,0,0,0,0,13,-43,26,-43,39,-34,52,-26,47,-8,65,4,56,21,47,47,43,56,26,73,21,73,-4,78,-30,78,-39,73,-60,56,-69,39,-86,21,-91,0,-95,-17,-91,-39,-69,-52,-60,-73,-43,-99,-17,-104,8,-104,30,-108,60,-99,78,-78,0,0,99,-43,108,-17,95,13,99,30,91,56,73,60,56,73,34,82,13,78,4,82,-26,78,-34,69,-43,60,-47,52,-60,30,-73,17,-69,8,-65,-13,-56,-26,-47,-34,-34,-52,-30,-56,-17,-56,4,-56,8,-56,21,-52,39,-39,43,-30,0,0,0,0,0,0,0,0,0,0,0,0,0,0,-21,69,13,69,47,65,69,34,78,-13,73,-47,34,-82,-8,-95,-56,-78,-91,-39,-91,21,-73,65,-39,99,21,99,78,73,104,26,99,-43,69,-78,13,-112,-47,-104,-99,-60,-117,0,-104,65,-52,112,13,121,73,108,125,47,130,-8,0,0,34,-121,-21,-117,-91,-86,-117,-21,-108,43,-65,78,-4,108,47,91,91,47,95,4,82,-56,34,-82,-8,-86,-56,-56,-86,-21,-78,17,-56,56,-17,69,17,69,56,43,73,17,65,-26,39,-43,13,-65,-30,-52,-43,-34,-56,-13,-43,13,0,0,0,0,0,0]"
CSI_DATA,59283,98:4a:6b:31:4a:10,-60,11,-99,-39,58,11,619844910,83,0,256,0,"[0,0,0,0,0,0,0,0,-11,22,-17,17,-22,13,-26,4,-29,-4,-29,-13,-24,-24,-17,-29,-8,-35,2,-35,13,-35,22,-31,31,-24,38,-15,42,-4,42,6,40,17,35,26,26,35,17,44,4,49,-6,51,-17,49,-33,40,-42,33,-51,20,-53,6,-53,-6,0,0,-42,-33,-31,-44,-20,-49,-6,-49,4,-47,17,-44,26,-35,33,-26,38,-20,40,-11,40,0,35,8,33,17,26,22,20,29,13,31,2,33,-4,31,-13,29,-17,24,-24,20,-26,13,-26,4,-26,-4,-24,-8,-20,-15,-15,-22,-8,-24,0,0,0,0,0,0,0,0,0,0,0,0,0,0,22,-31,4,-38,-15,-35,-31,-26,-40,-11,-42,11,-33,31,-15,44,8,47,31,38,49,17,51,-6,40,-31,20,-49,-4,-53,-33,-42,-51,-22,-55,8,-44,38,-20,55,8,58,40,47,58,20,62,-11,49,-44,20,-62,-13,-69,-44,-51,0,0,-64,13,-49,42,-20,58,13,58,40,44,53,17,53,-11,38,-35,13,-49,-13,-47,-35,-31,-44,-8,-42,15,-29,31,-6,40,13,38,31,26,35,6,35,-13,22,-26,8,-33,-8,-33,-22,-24,-29,-11,-26,6,-20,17,-11,22,0,24,0,0,0,0,0,0]"
CSI_DATA,59284,98:4a:6b:31:4a:10,-55,11,-99,22,37,11,619854688,83,0,256,0,"[0,0,0,0,0,0,0,0,34,21,39,34,34,47,13,43,4,60,-17,52,-26,60,-43,43,-56,39,-65,17,-65,0,-65,-21,-65,-39,-56,-47,-39,-60,-21,-73,-13,-86,13,-86,30,-78,52,-78,69,-65,73,-47,99,-30,95,-4,99,4,91,39,82,56,69,60,0,0,8,104,0,121,-26,99,-43,78,-56,78,-60,43,-86,34,-82,21,-82,4,-78,-13,-65,-30,-56,-34,-43,-56,-39,-56,-13,-65,-4,-69,8,-65,13,-56,30,-47,39,-39,52,-26,52,-17,60,-4,52,8,47,17,39,34,34,39,21,43,0,0,0,0,0,0,0,0,0,0,0,0,0,0,-60,-34,-73,0,-69,30,-47,65,-4,86,34,86,73,52,95,0,73,-39,52,-78,4,-91,-47,-86,-82,-56,-99,8,-78,56,-43,91,13,104,78,82,99,34,108,-26,78,-78,21,-112,-43,-112,-95,-86,-121,-21,-108,56,-60,108,4,117,0,0,117,65,130,-13,99,-78,39,-104,-21,-112,-73,-78,-95,-26,-99,26,-60,78,-8,99,30,86,73,47,82,4,60,-43,34,-73,0,-82,-43,-65,-69,-21,-69,8,-60,43,-26,60,17,65,47,47,56,21,56,-8,39,-26,21,-47,0,-47,0,0,0,0,0,0]"
CSI_DATA,59285,98:4a:6b:31:4a:10,-55,11,-99,24,37,11,619864666,83,0,256,0,"[0,0,0,0,0,0,0,0,32,-16,53,-16,49,4,57,16,45,36,40,53,28,61,0,61,-20,61,-45,57,-61,53,-77,40,-77,20,-77,8,-73,-28,-69,-45,-65,-61,-40,-77,-16,-90,-4,-90,20,-86,40,-73,61,-69,98,-57,94,-20,110,-4,106,24,86,49,0,0,61,81,28,102,8,110,-16,94,-32,86,-57,73,-65,69,-77,36,-81,20,-86,0,-69,-20,-61,-45,-57,-45,-45,-61,-12,-61,-12,-69,4,-73,24,-53,32,-49,45,-32,57,-28,49,-12,57,8,49,8,45,24,32,32,28,40,4,53,0,0,0,0,0,0,0,0,0,0,0,0,0,0,-61,28,-45,53,-4,73,28,73,65,49,77,20,77,-16,69,-53,28,-81,-20,-86,-57,-65,-86,-20,-94,24,-73,61,-40,98,16,94,69,73,110,28,102,-32,69,-81,16,-110,-40,-114,-77,-81,-114,-20,-106,36,-65,106,-16,110,45,122,0,0,114,12,102,-49,65,-94,0,-106,-45,-102,-94,-53,-90,0,-86,45,-40,90,-4,94,40,77,81,49,77,-8,65,-49,20,-65,-12,-73,-40,-57,-65,-32,-69,8,-57,36,-32,57,4,61,32,45,49,32,53,0,45,-24,32,-45,4,-49,0,0,0,0,0,0]"
CSI_DATA,59286,98:4a:6b:31:4a:10,-61,11,-99,-40,58,11,619877000,83,0,256,0,"[0,0,0,0,0,0,0,0,-23,4,-25,-2,-25,-11,-23,-16,-16,-23,-9,-27,0,-32,6,-32,16,-29,23,-27,29,-20,36,-11,39,-4,39,4,36,16,32,25,27,34,18,39,11,43,0,46,-11,43,-23,43,-32,39,-43,29,-48,18,-52,9,-55,-2,-50,-16,0,0,-39,-36,-27,-41,-16,-48,-4,-46,4,-46,13,-43,23,-39,29,-29,32,-20,36,-16,34,-6,36,2,36,9,32,16,27,20,23,25,16,27,9,27,4,27,-4,27,-11,27,-20,25,-20,18,-25,11,-25,6,-25,0,-25,-6,-23,-13,0,0,0,0,0,0,0,0,0,0,0,0,0,0,36,2,34,-18,23,-32,2,-41,-18,-36,-36,-25,-46,-4,-43,23,-25,41,-2,50,25,46,43,25,52,-2,46,-29,25,-48,-4,-55,-34,-46,-55,-16,-57,13,-41,41,-13,57,20,59,48,41,66,6,59,-27,39,-55,0,-69,-34,-59,0,0,-69,4,-52,39,-25,62,9,57,39,46,52,16,55,-11,36,-39,9,-50,-16,-46,-39,-25,-46,-4,-39,20,-20,39,4,41,25,34,39,16,39,-6,27,-23,9,-34,-6,-34,-23,-25,-29,-11,-29,6,-20,20,-9,27,4,25,16,20,0,0,0,0,0,0]"
CSI_DATA,59287,98:4a:6b:31:4a:10,-61,11,-99,-37,58,11,619889322,83,0,256,0,"[0,0,0,0,0,0,0,0,21,10,19,16,12,25,6,27,-2,27,-10,29,-21,25,-27,19,-33,8,-33,0,-33,-14,-31,-19,-27,-25,-19,-33,-10,-38,0,-40,12,-40,25,-38,35,-29,40,-21,46,-10,48,4,48,12,42,27,38,38,27,46,16,52,0,57,0,0,-29,46,-38,35,-42,23,-46,14,-46,0,-42,-10,-40,-21,-31,-27,-23,-35,-14,-35,-6,-38,2,-35,10,-35,19,-29,25,-23,29,-16,31,-8,29,-2,31,6,29,12,21,19,16,25,10,25,4,27,-2,27,-10,25,-16,19,-21,14,0,0,0,0,0,0,0,0,0,0,0,0,0,0,-29,-21,-35,-4,-35,14,-27,31,-8,38,12,42,31,31,46,14,46,-10,40,-29,16,-50,-8,-48,-35,-38,-52,-14,-54,12,-42,38,-16,54,14,54,42,44,54,16,57,-16,42,-42,16,-59,-19,-61,-44,-46,-61,-12,-61,23,-42,52,0,0,19,67,48,38,63,10,57,-19,38,-44,10,-54,-19,-50,-40,-33,-50,-6,-46,19,-29,40,-2,42,21,38,38,23,42,2,38,-21,21,-33,0,-38,-16,-31,-29,-21,-35,-2,-31,14,-16,25,0,29,12,27,21,19,23,4,25,-6,0,0,0,0,0,0]"
CSI_DATA,59288,98:4a:6b:31:4a:10,-55,11,-99,23,37,11,619911582,83,0,256,0,"[0,0,0,0,0,0,0,0,-8,33,-21,42,-42,29,-50,29,-46,8,-50,0,-46,-16,-46,-42,-29,-50,-12,-67,4,-63,16,-67,29,-63,59,-50,63,-33,75,-21,75,-4,84,21,80,50,71,59,42,67,29,92,4,96,-25,96,-42,84,-67,80,-80,59,-84,37,0,0,-88,-21,-84,-37,-75,-63,-54,-67,-37,-88,-12,-80,8,-84,25,-75,42,-71,50,-54,59,-33,71,-21,63,-8,67,4,63,21,50,37,37,42,33,50,16,54,0,59,-12,59,-29,54,-33,42,-37,29,-42,16,-46,-4,-46,-12,-42,-25,0,0,0,0,0,0,0,0,0,0,0,0,0,0,21,-67,-4,-67,-46,-54,-67,-29,-75,8,-63,42,-37,67,4,92,42,80,84,46,88,-4,75,-33,46,-88,4,-101,-42,-88,-88,-50,-105,0,-84,63,-37,96,12,101,63,84,105,46,113,-8,92,-71,46,-105,-16,-122,-75,-84,-109,-42,0,0,-88,92,-37,118,21,118,71,75,109,33,88,-21,63,-71,16,-88,-29,-88,-71,-59,-88,-12,-80,29,-46,59,-12,80,42,67,63,37,80,0,63,-37,37,-63,4,-67,-25,-63,-54,-33,-59,-8,-54,16,-33,37,-8,54,12,42,33,33,0,0,0,0,0,0]"
CSI_DATA,59289,98:4a:6b:31:4a:10,-55,11,-99,21,37,11,619939034,83,0,256,0,"[0,0,0,0,0,0,0,0,26,35,22,44,13,44,0,58,-17,53,-31,58,-44,35,-62,26,-67,17,-71,-4,-67,-13,-62,-40,-62,-53,-44,-62,-31,-71,-13,-80,4,-84,22,-84,40,-75,58,-71,67,-58,80,-44,98,-35,93,-8,107,13,93,31,98,58,58,75,0,0,44,98,22,107,-8,102,-17,89,-31,84,-49,71,-67,67,-75,44,-71,22,-75,13,-75,0,-71,-8,-58,-22,-62,-31,-49,-40,-35,-53,-31,-58,-13,-62,-4,-58,8,-58,22,-53,40,-44,44,-40,44,-26,40,-17,49,-8,53,8,49,22,0,0,0,0,0,0,0,0,0,0,0,0,0,0,-31,-58,-67,-35,-71,4,-67,35,-35,71,4,84,44,75,84,40,84,-17,71,-62,31,-84,-22,-93,-71,-58,-93,-22,-93,40,-49,84,0,107,58,84,98,44,98,-22,75,-71,26,-102,-44,-107,-102,-71,-120,-4,-107,71,-53,120,8,120,0,0,107,40,125,-22,80,-89,13,-111,-49,-107,-93,-58,-102,4,-84,58,-31,80,22,84,62,62,89,13,67,-31,40,-71,-4,-80,-44,-58,-75,-26,-75,8,-53,44,-17,71,13,67,53,44,62,13,53,-22,40,-44,8,-53,-13,-49,-35,-22,0,0,0,0,0,0]"
CSI_DATA,59290,98:4a:6b:31:4a:10,-61,11,-99,-37,58,11,619949620,83,0,256,0,"[0,0,0,0,0,0,0,0,8,23,0,25,-10,25,-14,21,-23,16,-27,10,-33,4,-33,-6,-33,-14,-27,-21,-21,-31,-16,-35,-6,-35,0,-35,10,-38,19,-33,29,-29,40,-21,40,-12,46,0,42,4,46,19,44,25,31,35,27,46,16,50,4,52,-8,54,0,0,-31,42,-40,31,-46,19,-46,12,-48,2,-42,-8,-40,-16,-35,-23,-25,-31,-21,-33,-10,-38,-2,-35,4,-33,8,-31,21,-29,23,-23,29,-19,29,-8,31,-6,29,4,29,6,25,16,23,19,16,21,10,23,4,25,-4,27,-10,25,0,0,0,0,0,0,0,0,0,0,0,0,0,0,-2,-35,-21,-29,-35,-16,-42,2,-35,21,-19,38,2,46,27,40,42,21,50,2,44,-31,19,-46,-6,-50,-33,-40,-50,-14,-54,14,-42,40,-10,57,19,52,46,38,54,8,52,-25,35,-52,-2,-65,-31,-57,-57,-27,-65,8,-50,42,0,0,12,67,42,46,59,14,59,-12,35,-42,10,-52,-21,-48,-42,-27,-50,-2,-44,23,-21,40,4,46,27,35,38,14,42,-8,29,-27,10,-38,-10,-33,-25,-27,-35,-6,-33,8,-23,27,-4,29,10,27,23,16,27,4,23,-8,14,-19,0,0,0,0,0,0]"
CSI_DATA,59291,98:4a:6b:31:4a:10,-55,11,-99,22,37,11,619959211,83,0,256,0,"[0,0,0,0,0,0,0,0,43,8,43,17,39,34,30,43,21,56,-4,60,-21,56,-34,52,-52,43,-60,34,-69,4,-78,-8,-73,-21,-56,-47,-56,-56,-26,-73,-17,-78,4,-82,26,-82,56,-78,65,-65,82,-47,86,-26,104,4,91,26,91,56,82,78,60,99,0,0,0,99,-17,99,-52,86,-56,65,-73,65,-78,34,-86,17,-82,-4,-73,-21,-69,-39,-56,-60,-47,-65,-30,-65,-8,-65,4,-65,21,-60,34,-60,43,-43,56,-30,56,-17,60,4,56,13,52,17,39,43,30,43,17,43,4,52,-8,43,0,0,0,0,0,0,0,0,0,0,0,0,0,0,-65,-21,-73,21,-52,56,-21,69,13,78,56,60,78,30,95,-8,69,-56,39,-78,-8,-95,-56,-78,-86,-30,-91,17,-82,65,-30,91,17,104,69,78,99,34,104,-21,78,-73,26,-112,-34,-112,-91,-86,-112,-30,-117,34,-86,99,-13,130,0,0,104,73,121,17,104,-47,65,-99,8,-104,-52,-91,-91,-52,-91,-4,-86,52,-39,86,4,86,52,73,73,30,78,0,52,-52,21,-73,-17,-78,-43,-56,-65,-26,-69,13,-56,34,-21,65,13,65,34,52,47,17,43,-4,43,-30,26,-43,0,0,0,0,0,0]"
CSI_DATA,59292,98:4a:6b:31:4a:10,-61,11,-99,-38,58,11,619970374,83,0,256,0,"[0,0,0,0,0,0,0,0,17,-17,21,-13,26,-6,28,2,23,15,21,23,13,28,4,32,-4,34,-17,32,-23,28,-32,19,-36,8,-39,0,-39,-13,-36,-23,-28,-32,-17,-39,-6,-45,6,-45,17,-45,30,-41,39,-30,50,-17,52,-6,52,8,50,23,41,36,0,0,15,52,4,54,-13,52,-23,41,-34,34,-39,23,-43,13,-43,2,-39,-10,-34,-19,-28,-23,-21,-30,-13,-34,-6,-36,6,-32,13,-30,19,-23,23,-21,28,-10,30,-2,28,4,28,13,23,17,17,26,8,23,-4,26,-8,26,-15,21,0,0,0,0,0,0,0,0,0,0,0,0,0,0,-30,23,-15,36,0,39,19,36,34,21,45,4,45,-17,30,-34,8,-47,-13,-47,-36,-34,-50,-17,-52,13,-39,32,-17,50,10,52,36,43,52,19,58,-10,43,-39,21,-56,-8,-60,-39,-47,-60,-23,-63,10,-52,43,-26,65,6,67,0,0,63,28,67,-6,54,-39,26,-54,-4,-56,-30,-47,-47,-26,-52,4,-41,28,-21,41,2,45,26,39,39,19,45,-2,34,-23,17,-36,-4,-41,-19,-34,-30,-17,-36,0,-30,13,-21,30,-2,32,10,28,23,19,26,6,26,-6,19,-17,0,0,0,0,0,0]"
CSI_DATA,59293,98:4a:6b:31:4a:10,-55,11,-99,22,37,11,619980137,83,0,256,0,"[0,0,0,0,0,0,0,0,43,-13,52,0,52,13,43,30,30,43,21,52,8,69,-8,65,-26,60,-52,56,-65,47,-78,26,-78,8,-86,-13,-82,-30,-73,-56,-56,-69,-30,-73,-17,-95,4,-95,34,-86,47,-78,65,-78,91,-52,104,-30,95,-8,104,17,91,47,0,0,60,86,43,95,13,104,4,99,-30,86,-47,69,-65,65,-69,47,-69,39,-73,21,-82,-4,-65,-17,-60,-34,-52,-43,-39,-47,-21,-65,-17,-73,4,-69,17,-56,34,-52,52,-47,52,-30,56,-13,56,0,56,17,47,26,39,39,34,43,0,0,0,0,0,0,0,0,0,0,0,0,0,0,-73,8,-60,47,-26,69,13,73,52,73,82,34,91,0,73,-47,39,-82,-4,-95,-47,-82,-86,-47,-99,17,-78,65,-47,91,13,104,65,78,99,39,108,-21,73,-78,21,-112,-26,-108,-82,-78,-117,-17,-108,52,-73,95,-17,134,60,112,0,0,143,-13,108,-56,65,-99,4,-117,-60,-95,-95,-47,-99,0,-86,52,-39,95,17,91,65,60,82,30,82,-26,52,-60,21,-86,-34,-73,-60,-52,-73,-21,-65,26,-39,47,-4,69,21,60,43,39,56,13,52,-17,39,-39,8,-47,-8,-43,0,0,0,0,0,0]"
CSI_DATA,59294,98:4a:6b:31:4a:10,-55,11,-99,21,37,11,619990104,83,0,256,0,"[0,0,0,0,0,0,0,0,-26,-40,-17,-49,4,-58,8,-53,31,-53,40,-53,53,-35,67,-17,67,-8,75,17,67,26,67,44,58,62,35,71,22,80,4,89,-13,84,-35,80,-53,75,-75,58,-80,49,-89,35,-102,8,-116,-4,-102,-35,-98,-49,-75,-75,-58,-93,0,0,-4,-116,8,-102,17,-107,35,-89,49,-80,62,-67,71,-40,84,-26,80,-4,75,4,84,22,71,26,58,40,49,53,35,58,22,67,13,62,-4,62,-17,58,-22,58,-40,49,-49,40,-53,35,-53,17,-58,4,-49,-4,-58,-22,-44,-40,0,0,0,0,0,0,0,0,0,0,0,0,0,0,31,58,67,40,84,4,71,-26,44,-67,4,-89,-35,-80,-80,-49,-93,-4,-84,49,-35,93,13,98,67,80,93,26,102,-26,67,-80,4,-111,-40,-102,-93,-53,-107,4,-93,62,-44,107,26,120,89,84,120,31,129,-44,71,-98,8,-129,0,0,-120,-49,-125,17,-89,75,-31,107,26,111,80,71,107,17,98,-40,49,-80,-4,-98,-53,-80,-75,-35,-84,26,-58,67,-13,80,26,75,62,49,71,4,67,-40,40,-62,4,-67,-35,-53,-62,-31,-62,4,-49,31,-22,53,8,58,31,40,0,0,0,0,0,0]"
CSI_DATA,59295,98:4a:6b:31:4a:10,-61,11,-99,-38,58,11,620001448,83,0,256,0,"[0,0,0,0,0,0,0,0,-13,17,-19,15,-26,8,-30,4,-34,4,-32,-13,-17,-23,-17,-28,-10,-34,0,-36,10,-36,17,-34,28,-30,34,-23,39,-13,43,-2,43,6,43,15,39,26,32,36,21,41,13,50,2,50,-13,50,-21,45,-32,43,-45,32,-50,21,0,0,-54,-4,-52,-17,-43,-26,-36,-34,-26,-41,-15,-43,-4,-43,4,-43,13,-41,21,-36,26,-30,28,-21,32,-15,34,-8,34,0,34,8,28,17,26,15,23,26,15,30,10,32,-2,30,-8,28,-15,26,-19,19,-23,13,-28,8,-26,0,0,0,0,0,0,0,0,0,0,0,0,0,0,0,23,-28,13,-39,-13,-39,-32,-26,-45,0,-45,6,-36,32,-10,43,15,47,34,34,47,10,47,-15,36,-39,10,-54,-19,-47,-43,-34,-54,-8,-52,26,-30,50,0,60,28,50,52,28,63,-4,52,-36,23,-63,-10,-65,-43,-50,-65,-21,0,0,-47,47,-15,65,19,60,47,39,56,10,52,-23,32,-45,4,-50,-26,-43,-43,-21,-47,4,-36,28,-15,41,6,43,28,30,39,13,41,-13,23,-23,10,-41,-10,-30,-23,-23,-34,-8,-30,10,-21,21,-6,30,8,26,19,17,23,8,0,0,0,0,0,0]"
CSI_DATA,59296,98:4a:6b:31:4a:10,-55,11,-99,24,37,11,620011709,83,0,256,0,"[0,0,0,0,0,0,0,0,-20,32,-32,36,-53,20,-49,8,-53,-4,-57,-24,-53,-28,-53,-49,-28,-61,-12,-69,-4,-69,16,-69,28,-73,53,-69,65,-53,81,-49,86,-24,86,-12,90,16,90,32,77,45,69,65,53,77,40,102,16,106,4,106,-24,110,-49,98,0,0,-69,69,-90,57,-102,32,-98,8,-86,-4,-81,-32,-69,-45,-69,-53,-45,-65,-36,-69,-20,-77,-12,-69,8,-73,12,-73,24,-65,45,-57,49,-40,57,-28,57,-20,57,-8,65,4,61,20,49,24,36,36,28,49,20,49,16,61,8,49,0,0,0,0,0,0,0,0,0,0,0,0,0,0,45,-53,16,-73,-20,-69,-57,-53,-81,-4,-77,28,-53,69,-12,94,40,81,77,53,94,0,86,-53,40,-90,-16,-110,-61,-77,-102,-28,-98,32,-69,73,-8,114,49,90,98,40,110,-12,90,-81,28,-118,-40,-122,-90,-69,-122,-16,-118,45,0,0,8,118,73,102,106,36,114,-28,77,-81,20,-94,-32,-90,-77,-57,-98,-4,-77,53,-28,86,20,86,57,57,77,12,77,-36,45,-69,4,-73,-32,-61,-61,-32,-73,4,-57,40,-20,57,12,57,45,45,53,20,53,-8,36,-32,4,-40,0,0,0,0,0,0]"
CSI_DATA,59297,98:4a:6b:31:4a:10,-61,11,-99,-35,58,11,620022218,83,0,256,0,"[0,0,0,0,0,0,0,0,-15,-19,-9,-23,-1,-23,5,-25,13,-25,21,-23,29,-17,33,-7,37,1,35,7,31,17,29,21,21,33,15,33,7,39,-3,41,-13,37,-21,35,-33,27,-39,15,-43,15,-45,1,-45,-5,-43,-17,-41,-31,-37,-39,-25,-45,-17,-53,0,0,9,-49,23,-47,31,-37,39,-29,43,-23,43,-15,43,-5,39,1,35,13,27,21,27,29,19,31,11,31,3,35,-3,29,-9,31,-17,25,-21,23,-27,15,-29,9,-31,3,-29,-1,-27,-7,-23,-13,-19,-17,-13,-19,-7,-25,-3,-25,0,0,0,0,0,0,0,0,0,0,0,0,0,0,19,29,33,17,39,1,35,-19,21,-33,1,-45,-19,-39,-37,-23,-41,0,-37,23,-23,43,3,49,29,43,51,17,55,-7,39,-35,17,-53,-11,-53,-41,-41,-55,-15,-53,23,-33,45,-1,59,33,57,55,31,63,-3,57,-35,25,-61,0,0,-41,-51,-59,-19,-59,13,-41,41,-9,55,19,47,41,29,49,0,41,-23,21,-43,1,-43,-25,-35,-39,-19,-43,7,-31,23,-11,39,7,35,25,27,33,7,31,-11,21,-27,5,-33,-11,-29,-21,-19,-27,-3,-25,9,-15,19,-5,23,0,0,0,0,0,0]"
CSI_DATA,59298,98:4a:6b:31:4a:10,-55,11,-99,23,37,11,620032264,83,0,256,0,"[0,0,0,0,0,0,0,0,0,37,-12,37,-29,37,-33,29,-54,16,-59,8,-54,-16,-54,-16,-50,-37,-37,-63,-21,-67,-8,-71,21,-67,29,-63,59,-54,71,-46,75,-33,80,0,80,21,75,42,67,63,59,71,42,92,12,101,-12,101,-50,92,-63,92,-88,80,0,0,-122,8,-96,-4,-92,-25,-71,-54,-54,-63,-33,-75,-25,-84,0,-71,25,-71,37,-75,42,-54,54,-42,59,-25,67,-12,67,8,59,16,54,33,46,33,29,50,16,59,8,63,-4,59,-12,54,-29,46,-46,37,-50,21,-50,4,-42,-4,0,0,0,0,0,0,0,0,0,0,0,0,0,0,4,-63,-25,-67,-54,-37,-80,-8,-67,33,-50,63,-12,80,25,75,50,59,96,16,84,-29,75,-59,21,-92,-25,-92,-63,-67,-101,-16,-96,37,-63,80,0,109,42,92,75,67,105,12,92,-42,67,-96,4,-118,-54,-101,-118,-59,-122,0,0,0,-75,109,8,118,67,88,92,54,92,-8,84,-54,42,-92,-8,-84,-63,-59,-80,-29,-88,16,-59,59,-21,71,25,80,50,54,80,16,71,-25,50,-50,12,-59,-16,-59,-50,-46,-59,-21,-67,12,-42,33,-12,59,8,50,29,37,37,16,0,0,0,0,0,0]"
CSI_DATA,59299,98:4a:6b:31:4a:10,-55,11,-99,25,37,11,620042214,83,0,256,0,"[0,0,0,0,0,0,0,0,-47,-11,-47,-15,-39,-31,-35,-51,-27,-59,-7,-55,15,-63,19,-59,39,-43,55,-39,71,-23,71,-11,71,0,67,15,63,31,63,47,51,71,27,87,15,91,-3,87,-23,75,-47,79,-67,63,-79,55,-99,31,-107,19,-111,-7,-107,-23,0,0,-83,-79,-51,-75,-31,-87,-19,-91,0,-91,23,-87,43,-79,51,-67,59,-55,71,-31,67,-15,71,-3,67,15,63,19,59,39,47,47,35,51,23,55,15,51,0,55,-15,55,-27,51,-31,43,-43,35,-47,31,-51,19,-47,-7,-51,-7,0,0,0,0,0,0,0,0,0,0,0,0,0,0,67,11,71,-23,43,-55,11,-71,-23,-71,-59,-55,-91,-11,-83,23,-55,67,-19,91,35,83,79,59,99,-3,91,-55,47,-79,-3,-91,-59,-79,-99,-35,-107,27,-75,83,-23,119,39,111,83,71,119,11,107,-51,59,-95,3,-123,-59,-103,0,0,-119,23,-83,75,-39,107,35,119,83,67,103,11,87,-35,51,-79,0,-91,-51,-83,-75,-35,-79,7,-59,59,-11,83,23,75,59,47,71,0,67,-31,43,-55,15,-63,-19,-63,-51,-39,-55,0,-51,35,-27,43,3,47,23,43,43,19,0,0,0,0,0,0]"
CSI_DATA,59300,98:4a:6b:31:4a:10,-54,11,-99,23,37,11,620094063,83,0,256,0,"[0,0,0,0,0,0,0,0,-29,25,-37,25,-46,12,-59,0,-50,-29,-46,-46,-29,-50,-16,-67,4,-75,12,-71,29,-59,63,-63,67,-42,80,-25,88,-8,80,12,88,33,67,59,63,67,46,84,16,96,12,92,-25,101,-46,92,-59,71,-80,59,-92,42,-118,8,0,0,-105,-29,-92,-46,-80,-63,-50,-71,-46,-96,-8,-101,8,-88,25,-75,46,-80,50,-54,63,-37,67,-29,71,-21,75,4,71,16,63,21,50,33,50,50,29,54,29,50,0,59,-12,54,-29,54,-29,54,-42,29,-54,21,-46,21,-50,-4,0,0,0,0,0,0,0,0,0,0,0,0,0,0,54,-29,33,-59,-4,-88,-37,-75,-67,-46,-92,-8,-84,37,-50,88,0,96,50,84,84,42,92,0,80,-54,37,-92,-8,-101,-63,-75,-109,-42,-101,29,-88,92,-29,105,21,101,88,71,109,12,109,-46,67,-92,0,-130,-63,-113,-113,-67,0,0,-118,92,-59,113,12,122,63,75,113,37,96,-29,71,-67,16,-105,-42,-88,-80,-59,-80,4,-75,42,-37,80,4,92,50,67,80,46,80,0,54,-50,16,-71,-16,-67,-46,-42,-54,-21,-67,8,-46,29,-4,59,8,54,29,33,50,12,0,0,0,0,0,0]"
CSI_DATA,59301,98:4a:6b:31:4a:10,-61,11,-99,-36,58,11,620135594,83,0,256,0,"[0,0,0,0,0,0,0,0,-20,-8,-18,-16,-12,-22,-4,-26,2,-28,12,-26,20,-22,28,-16,34,-6,34,2,34,12,30,20,24,30,16,34,6,39,-6,39,-16,36,-28,32,-36,24,-43,18,-47,6,-47,-8,-43,-18,-39,-32,-30,-41,-18,-47,-6,-51,10,-53,0,0,34,-41,41,-28,45,-16,47,-4,43,8,39,16,32,24,24,30,16,36,6,36,-2,36,-10,32,-16,30,-22,24,-28,16,-32,10,-30,0,-30,-6,-26,-14,-22,-20,-16,-24,-8,-28,-2,-26,6,-26,12,-24,18,-18,22,-12,24,-6,0,0,0,0,0,0,0,0,0,0,0,0,0,0,30,20,36,4,36,-14,26,-32,8,-41,-12,-43,-32,-30,-45,-14,-47,8,-39,30,-18,47,6,51,32,41,49,20,53,-6,43,-32,20,-49,-6,-55,-36,-45,-55,-22,-59,8,-49,36,-24,55,8,63,39,55,61,24,65,-10,55,-43,0,0,-6,-65,-39,-51,-57,-26,-59,6,-45,32,-22,49,6,53,30,41,47,18,49,-6,36,-28,16,-41,-8,-41,-26,-30,-39,-12,-39,8,-28,24,-12,34,6,34,22,26,32,14,32,-4,24,-16,12,-26,0,-28,-12,-24,-22,-12,-22,-2,0,0,0,0,0,0]"
CSI_DATA,59302,98:4a:6b:31:4a:10,-61,11,-99,-37,58,11,620145870,83,0,256,0,"[0,0,0,0,0,0,0,0,-12,16,-19,14,-23,8,-25,2,-27,-6,-25,-12,-23,-21,-16,-29,-8,-31,0,-35,10,-33,16,-31,27,-27,31,-21,38,-12,40,-4,40,6,38,16,33,25,27,33,19,38,10,46,0,46,-12,48,-21,46,-31,38,-40,31,-48,21,0,0,-52,-4,-48,-14,-42,-25,-33,-31,-25,-38,-14,-40,-4,-42,4,-40,12,-38,19,-33,25,-27,29,-21,31,-14,33,-6,31,0,33,8,29,14,25,19,19,23,12,27,6,29,-2,29,-8,27,-12,25,-19,21,-23,14,-23,8,-25,2,0,0,0,0,0,0,0,0,0,0,0,0,0,0,25,-25,10,-35,-10,-38,-29,-29,-40,-10,-42,10,-33,31,-12,46,10,46,33,35,48,12,48,-12,35,-38,10,-50,-16,-50,-42,-33,-54,-8,-50,25,-31,48,0,59,29,52,52,27,61,-4,50,-35,23,-61,-10,-65,-42,-50,-65,-23,0,0,-48,48,-14,61,16,59,44,38,57,8,50,-19,31,-42,4,-50,-25,-42,-42,-21,-46,4,-33,25,-16,38,4,42,27,29,38,10,35,-8,25,-27,6,-35,-10,-33,-25,-21,-31,-6,-27,8,-19,21,-4,29,8,25,16,16,23,6,0,0,0,0,0,0]"
CSI_DATA,59303,98:4a:6b:31:4a:10,-61,11,-99,-36,58,11,620156090,83,0,256,0,"[0,0,0,0,0,0,0,0,2,-22,8,-20,18,-16,24,-14,28,-4,26,4,24,12,24,22,18,26,14,32,2,34,-8,32,-16,32,-28,28,-34,20,-36,10,-41,0,-39,-14,-41,-20,-34,-30,-18,-36,-12,-39,-4,-47,10,-47,18,-47,30,-36,43,-28,45,-16,0,0,49,8,45,22,34,32,26,36,18,39,8,41,0,41,-8,36,-20,34,-26,28,-30,18,-32,16,-32,4,-34,-4,-30,-12,-28,-18,-20,-22,-12,-24,-4,-28,0,-28,6,-30,14,-24,18,-20,22,-12,26,-6,26,0,24,6,20,16,0,0,0,0,0,0,0,0,0,0,0,0,0,0,-12,34,4,36,26,32,39,14,43,-4,34,-24,18,-41,0,-47,-24,-41,-39,-24,-49,0,-43,20,-24,45,-4,53,24,47,47,26,57,0,49,-32,22,-51,-6,-57,-28,-49,-51,-22,-61,6,-53,36,-26,59,6,65,41,55,59,28,0,0,53,-41,22,-59,-10,-59,-43,-45,-51,-22,-49,6,-39,34,-16,47,12,49,32,34,43,8,43,-8,30,-32,8,-43,-12,-39,-32,-24,-36,-6,-32,12,-18,30,-6,36,10,28,22,20,26,8,26,-6,22,-18,8,-26,-6,-24,-14,-16,0,0,0,0,0,0]"
CSI_DATA,59304,98:4a:6b:31:4a:10,-61,11,-99,-37,58,11,620165913,83,0,256,0,"[0,0,0,0,0,0,0,0,21,-10,25,-4,25,6,23,12,23,21,14,29,4,31,-6,33,-14,29,-25,23,-31,14,-38,6,-35,-2,-33,-12,-29,-21,-23,-29,-14,-40,-4,-42,6,-46,21,-38,31,-33,38,-23,48,-12,48,-2,46,16,46,27,35,40,23,46,0,0,-8,52,-10,48,-29,42,-33,27,-44,21,-42,8,-44,-4,-38,-14,-31,-23,-23,-29,-14,-33,-8,-35,2,-33,10,-33,19,-29,25,-25,27,-12,29,-4,31,0,27,10,23,16,19,23,12,25,6,27,0,27,-10,25,-16,19,-23,14,0,0,0,0,0,0,0,0,0,0,0,0,0,0,-35,14,-27,29,-10,35,8,40,25,33,40,16,46,-2,44,-27,23,-42,2,-48,-23,-44,-42,-27,-52,-4,-50,21,-33,42,-8,50,21,52,44,35,59,10,52,-21,40,-48,10,-63,-23,-59,-46,-40,-63,-14,-61,21,-44,48,-14,65,0,0,48,46,57,19,61,-16,42,-38,21,-59,-12,-52,-35,-40,-48,-14,-48,8,-35,29,-16,44,8,42,27,29,40,12,38,-4,31,-23,12,-38,-4,-40,-23,-27,-29,-14,-33,2,-27,16,-12,27,-2,31,10,23,21,14,23,6,23,-6,0,0,0,0,0,0]"
CSI_DATA,59305,98:4a:6b:31:4a:10,-61,11,-99,-35,58,11,620178666,83,0,256,0,"[0,0,0,0,0,0,0,0,-11,19,-19,17,-21,11,-25,7,-23,-3,-25,-9,-21,-21,-17,-25,-7,-31,0,-31,9,-33,15,-29,23,-29,27,-17,35,-9,35,0,37,7,35,17,33,29,21,27,19,43,1,47,-7,41,-25,39,-33,37,-37,27,-45,21,-51,9,0,0,-47,-13,-33,-29,-31,-35,-25,-39,-7,-47,1,-41,11,-41,17,-33,23,-27,29,-17,33,-17,35,-3,31,1,31,9,25,15,25,21,13,25,11,27,1,29,-7,27,-11,27,-19,21,-17,17,-25,13,-23,5,-25,0,-21,-11,-17,-15,0,0,0,0,0,0,0,0,0,0,0,0,0,0,19,-27,3,-35,-13,-35,-31,-25,-33,-7,-41,13,-31,29,-11,47,11,43,33,37,47,11,45,-7,35,-37,11,-49,-15,-49,-37,-37,-51,-15,-51,13,-33,43,-11,47,25,55,45,39,61,5,53,-23,35,-51,9,-63,-23,-55,-55,-33,0,0,-61,31,-31,51,-7,61,21,51,47,25,51,1,45,-25,23,-41,-3,-45,-27,-35,-41,-19,-41,7,-33,25,-13,35,5,35,27,29,31,11,37,-7,25,-23,7,-33,-7,-31,-19,-23,-23,-7,-27,5,-17,19,-9,25,1,21,11,19,0,0,0,0,0,0]"
CSI_DATA,59306,98:4a:6b:31:4a:10,-54,11,-99,21,37,11,620189180,83,0,256,0,"[0,0,0,0,0,0,0,0,40,31,31,40,26,44,13,49,-4,53,-17,58,-31,58,-44,44,-62,35,-71,13,-75,0,-75,-22,-71,-31,-58,-44,-44,-62,-31,-75,-22,-84,8,-84,22,-84,40,-80,67,-62,80,-53,93,-35,102,-13,102,4,107,26,98,58,93,67,0,0,31,98,22,93,-8,98,-17,93,-40,84,-53,75,-67,53,-80,35,-75,26,-71,13,-75,-4,-71,-22,-62,-35,-49,-44,-35,-58,-26,-58,-22,-67,4,-71,8,-62,26,-58,35,-44,49,-31,53,-31,58,-8,53,0,49,8,49,22,44,31,0,0,0,0,0,0,0,0,0,0,0,0,0,0,-58,-40,-71,-4,-67,26,-49,62,-8,80,40,75,75,44,98,8,84,-49,53,-75,-8,-93,-49,-84,-93,-40,-102,4,-89,58,-49,102,17,107,75,71,107,26,102,-35,71,-93,4,-120,-53,-102,-111,-62,-116,4,-111,75,-49,116,13,120,0,0,129,40,111,-31,84,-93,17,-107,-44,-98,-89,-62,-111,-4,-89,53,-31,89,13,93,62,67,84,22,80,-22,58,-67,8,-75,-31,-67,-62,-40,-80,4,-62,40,-26,62,4,67,31,53,53,26,62,0,44,-31,17,-44,-8,-53,-26,-40,0,0,0,0,0,0]"
CSI_DATA,59307,98:4a:6b:31:4a:10,-61,11,-99,-39,58,11,620199520,83,0,256,0,"[0,0,0,0,0,0,0,0,20,-11,22,-4,26,2,26,8,22,15,17,22,8,26,2,31,-8,31,-15,31,-26,26,-31,20,-35,13,-38,2,-35,-6,-35,-15,-31,-26,-24,-33,-15,-40,-6,-44,2,-44,15,-42,26,-38,35,-31,42,-22,49,-13,51,0,51,11,0,0,35,33,29,40,15,42,4,44,-4,44,-15,42,-22,35,-29,29,-31,20,-35,13,-35,4,-35,-4,-33,-11,-31,-17,-24,-22,-20,-26,-11,-29,-4,-29,2,-29,11,-26,17,-24,22,-17,24,-13,26,-6,26,0,24,6,20,13,15,17,0,0,0,0,0,0,0,0,0,0,0,0,0,0,-35,13,-24,29,-4,38,13,40,31,26,44,8,44,-11,35,-33,13,-47,-11,-47,-35,-35,-49,-13,-49,15,-35,40,-11,53,17,53,42,38,55,8,53,-24,31,-47,4,-62,-29,-55,-53,-33,-64,-2,-55,33,-31,58,4,67,40,55,0,0,67,-6,51,-38,26,-60,-8,-58,-35,-47,-51,-17,-51,11,-35,35,-11,49,15,44,35,31,44,6,40,-17,24,-33,0,-40,-20,-35,-33,-20,-38,0,-31,17,-17,29,0,33,15,29,26,15,29,0,24,-13,13,-22,2,-24,-8,-22,0,0,0,0,0,0]"
CSI_DATA,59308,98:4a:6b:31:4a:10,-55,11,-99,23,37,11,620209060,83,0,256,0,"[0,0,0,0,0,0,0,0,-46,-12,-33,-29,-21,-42,-12,-50,0,-54,25,-63,37,-46,50,-33,59,-12,63,0,71,21,59,37,54,59,33,67,16,71,-8,75,-25,75,-46,71,-67,59,-84,33,-92,21,-109,-4,-88,-25,-80,-50,-67,-67,-37,-88,-25,-96,12,-109,0,0,63,-84,80,-63,88,-42,92,-12,96,8,84,33,75,37,59,59,42,63,21,71,0,80,-16,67,-25,71,-50,54,-59,33,-67,25,-71,8,-63,4,-54,-21,-50,-33,-42,-46,-25,-54,-12,-50,0,-50,16,-37,37,-46,50,-33,50,-16,0,0,0,0,0,0,0,0,0,0,0,0,0,0,67,37,71,-8,63,-37,33,-63,16,-80,-29,-84,-71,-54,-88,-25,-84,29,-59,63,-29,92,25,92,75,67,92,25,101,-25,84,-67,29,-105,-25,-96,-80,-67,-105,-25,-105,29,-75,84,-33,113,33,109,88,88,109,29,126,-25,84,-75,0,0,-46,-122,-71,-84,-118,-29,-109,29,-80,75,-12,92,25,105,67,63,96,25,80,-25,54,-59,12,-84,-33,-75,-59,-42,-71,-12,-80,25,-33,54,-16,67,16,71,50,46,71,8,59,-25,42,-50,25,-50,-4,-54,-29,-37,-50,-12,-54,0,0,0,0,0,0,0]"
CSI_DATA,59309,98:4a:6b:31:4a:10,-55,11,-99,24,37,11,620220308,83,0,256,0,"[0,0,0,0,0,0,0,0,32,32,28,45,16,49,-8,49,-28,53,-28,49,-45,32,-57,20,-65,8,-61,-12,-57,-32,-61,-45,-49,-53,-32,-73,-20,-73,4,-73,36,-65,49,-77,61,-53,73,-36,90,-20,86,0,98,20,94,40,73,57,69,69,40,98,8,98,0,0,-16,110,-49,98,-69,69,-73,49,-81,36,-86,20,-86,-12,-77,-20,-69,-32,-57,-57,-45,-61,-24,-61,-8,-65,-4,-65,16,-61,32,-49,40,-53,53,-40,61,-24,57,-12,65,-4,57,16,49,28,40,32,36,45,12,53,4,61,-4,49,0,0,0,0,0,0,0,0,0,0,0,0,0,0,-40,-53,-69,-32,-77,-4,-69,45,-36,73,12,90,45,69,81,45,94,-4,81,-45,49,-86,0,-94,-53,-77,-94,-36,-102,16,-77,61,-28,98,24,98,81,77,94,28,106,-36,69,-94,20,-114,-57,-114,-98,-61,-122,0,-106,61,-61,118,0,0,77,98,106,53,127,-20,90,-65,32,-98,-24,-106,-69,-77,-102,-28,-94,28,-57,73,-12,86,28,81,69,45,77,0,73,-40,36,-61,-8,-65,-32,-69,-61,-28,-69,0,-53,32,-24,65,4,57,36,49,53,24,61,0,36,-20,20,-40,0,0,0,0,0,0]"
CSI_DATA,59310,98:4a:6b:31:4a:10,-61,11,-99,-36,58,11,620230247,83,0,256,0,"[0,0,0,0,0,0,0,0,-16,-14,-12,-18,-4,-24,2,-26,10,-24,20,-22,26,-16,32,-8,32,2,32,12,28,22,22,26,16,34,6,39,-4,39,-12,36,-24,32,-32,26,-39,18,-43,6,-43,-4,-43,-14,-41,-24,-30,-36,-22,-45,-10,-49,2,-51,16,-49,0,0,39,-34,43,-24,49,-12,47,0,43,12,36,20,30,28,22,32,14,36,2,36,-6,36,-12,32,-20,28,-22,24,-30,14,-32,8,-30,2,-32,-8,-26,-14,-20,-20,-14,-26,-10,-26,-2,-28,4,-24,12,-22,16,-18,22,-14,24,-6,0,0,0,0,0,0,0,0,0,0,0,0,0,0,24,28,34,14,36,-2,34,-22,18,-36,0,-43,-22,-39,-41,-26,-49,-2,-43,20,-28,41,-6,51,22,49,43,30,55,6,49,-22,30,-47,0,-57,-26,-51,-51,-30,-57,-2,-53,30,-30,51,0,63,32,57,59,34,65,-2,59,-32,0,0,0,-67,-32,-55,-55,-28,-59,2,-49,28,-24,47,4,51,28,41,45,20,47,-6,36,-28,16,-41,-6,-41,-26,-30,-39,-14,-39,8,-26,24,-12,34,6,36,22,26,30,12,30,-4,22,-18,12,-26,-2,-26,-14,-22,-22,-10,-22,2,0,0,0,0,0,0]"
CSI_DATA,59311,98:4a:6b:31:4a:10,-61,11,-99,-39,58,11,620239906,83,0,256,0,"[0,0,0,0,0,0,0,0,15,15,8,22,2,24,-6,26,-15,22,-22,17,-29,11,-33,2,-31,-8,-29,-17,-22,-26,-13,-33,-2,-38,6,-38,17,-35,26,-29,35,-22,40,-11,42,0,42,11,35,24,31,33,20,42,8,49,-4,49,-17,47,-31,38,-42,29,0,0,-51,4,-49,-8,-44,-22,-33,-31,-24,-35,-11,-40,-2,-42,8,-38,17,-35,26,-29,31,-22,33,-11,35,-2,33,6,31,13,24,20,17,29,11,31,2,31,-4,29,-13,26,-20,20,-24,13,-26,4,-26,0,-24,-8,-20,-15,-15,-20,0,0,0,0,0,0,0,0,0,0,0,0,0,0,-20,-31,-33,-20,-40,0,-40,15,-26,33,-8,44,13,44,33,35,47,15,49,-8,40,-31,22,-47,-4,-53,-29,-44,-47,-24,-53,0,-47,29,-26,51,0,60,31,51,51,31,60,2,55,-26,35,-53,4,-64,-29,-60,-53,-40,-67,-8,0,0,-42,53,-11,64,20,58,47,40,55,13,53,-15,38,-38,13,-49,-15,-47,-35,-33,-44,-8,-42,13,-29,31,-11,42,11,40,26,26,38,13,35,-8,24,-24,11,-33,-6,-33,-17,-29,-26,-13,-29,-2,-24,13,-13,22,-4,24,6,22,0,0,0,0,0,0]"
CSI_DATA,59312,98:4a:6b:31:4a:10,-61,11,-99,-36,58,11,620289289,83,0,256,0,"[0,0,0,0,0,0,0,0,-14,16,-20,14,-22,6,-26,0,-24,-8,-24,-16,-20,-24,-12,-28,-6,-36,2,-32,12,-36,20,-30,30,-22,32,-16,39,-8,39,-2,41,6,34,18,32,26,26,34,18,39,8,47,2,45,-14,45,-20,45,-30,39,-41,28,-47,20,0,0,-51,-2,-45,-14,-43,-26,-36,-30,-26,-39,-18,-41,-8,-43,-2,-39,8,-39,16,-34,24,-30,26,-22,28,-14,32,-8,32,-2,32,6,28,14,24,18,22,22,14,26,10,28,0,30,-4,26,-12,24,-16,22,-20,16,-24,12,-26,4,0,0,0,0,0,0,0,0,0,0,0,0,0,0,28,-22,14,-34,-6,-41,-24,-32,-39,-16,-45,6,-34,28,-16,43,8,45,30,39,49,14,51,-10,39,-32,14,-49,-14,-49,-41,-36,-53,-12,-55,22,-34,47,-6,59,26,51,49,32,65,-2,51,-36,28,-59,-8,-63,-41,-53,-63,-22,0,0,-47,47,-16,61,16,59,45,39,55,6,49,-20,28,-43,0,-49,-26,-41,-43,-20,-45,4,-34,26,-16,41,6,41,28,30,36,10,34,-8,22,-26,6,-34,-14,-30,-26,-20,-32,-4,-26,10,-16,20,-4,26,10,22,18,16,20,4,0,0,0,0,0,0]"
CSI_DATA,59313,98:4a:6b:31:4a:10,-55,11,-99,24,37,11,620319569,83,0,256,0,"[0,0,0,0,0,0,0,0,40,12,36,16,28,28,24,36,16,53,-4,53,-24,57,-36,45,-45,32,-57,20,-65,8,-65,-8,-61,-16,-57,-36,-45,-53,-32,-69,-16,-81,0,-77,24,-65,45,-69,61,-61,73,-49,90,-28,98,-8,98,12,81,32,81,53,65,73,0,0,24,86,0,94,-20,86,-36,77,-49,69,-65,40,-73,32,-73,20,-69,-4,-73,-20,-57,-32,-45,-45,-40,-53,-28,-61,-8,-61,0,-65,20,-65,36,-61,36,-45,49,-24,61,-12,53,-12,61,0,49,16,53,20,40,28,36,36,20,53,0,0,0,0,0,0,0,0,0,0,0,0,0,0,-65,-20,-61,4,-57,40,-32,65,8,81,49,73,77,36,90,-4,73,-49,36,-81,-8,-90,-53,-69,-81,-40,-86,12,-69,65,-32,98,20,102,73,77,106,24,102,-32,73,-77,16,-106,-40,-110,-94,-73,-122,-12,-110,61,-69,110,-16,118,0,0,106,40,114,-4,106,-65,53,-102,-12,-110,-61,-77,-90,-40,-98,16,-69,61,-16,81,28,77,65,57,73,12,69,-28,32,-65,12,-73,-40,-65,-65,-36,-57,-8,-69,32,-36,57,0,65,28,57,57,24,40,0,40,-16,32,-36,-16,-32,0,0,0,0,0,0]"
CSI_DATA,59314,98:4a:6b:31:4a:10,-55,11,-99,23,37,11,620331771,83,0,256,0,"[0,0,0,0,0,0,0,0,21,29,12,54,0,50,-16,42,-33,50,-46,37,-54,25,-67,12,-63,-4,-63,-21,-54,-33,-50,-50,-42,-54,-21,-67,-4,-88,4,-80,25,-75,37,-75,54,-67,75,-50,80,-42,92,-21,92,0,88,12,92,42,75,59,71,80,50,96,0,0,-4,84,-12,96,-42,92,-50,75,-63,67,-71,42,-88,42,-92,21,-71,0,-75,-16,-71,-21,-67,-42,-50,-50,-37,-59,-25,-59,-8,-59,0,-71,8,-63,21,-50,29,-50,46,-37,54,-25,59,-16,59,0,50,8,50,21,46,29,29,42,0,0,0,0,0,0,0,0,0,0,0,0,0,0,-21,-59,-54,-50,-71,-12,-67,33,-46,63,-4,84,37,75,71,50,88,0,75,-50,42,-80,-4,-92,-59,-71,-84,-33,-105,12,-71,67,-29,101,33,101,84,63,109,4,92,-54,54,-96,-16,-109,-71,-92,-105,-33,-113,29,-84,71,-25,122,0,0,105,63,113,4,101,-59,46,-92,-12,-109,-71,-84,-96,-37,-96,25,-59,75,-12,88,37,80,71,42,80,4,63,-46,21,-67,-12,-71,-50,-50,-67,-21,-59,21,-42,50,-8,59,21,59,50,33,59,4,54,-21,25,-37,4,-54,-25,-42,0,0,0,0,0,0]"
CSI_DATA,59315,98:4a:6b:31:4a:10,-55,11,-99,23,37,11,620341746,83,0,256,0,"[0,0,0,0,0,0,0,0,-33,-25,-25,-37,-8,-46,8,-46,21,-46,33,-42,46,-25,54,-21,63,0,67,16,63,33,54,46,46,67,37,71,12,80,0,80,-25,71,-42,67,-63,59,-80,46,-88,21,-92,12,-105,-16,-84,-37,-71,-54,-63,-80,-50,-84,-21,-92,0,0,25,-92,50,-88,71,-75,71,-54,80,-42,80,-16,84,0,80,12,71,29,63,42,50,50,29,67,12,71,0,67,-12,63,-29,59,-37,54,-42,33,-50,29,-54,12,-59,8,-54,-12,-54,-25,-46,-29,-29,-46,-16,-42,-8,-50,8,-50,0,0,0,0,0,0,0,0,0,0,0,0,0,0,37,50,59,25,75,-4,67,-37,33,-75,-4,-84,-50,-67,-75,-33,-84,4,-80,46,-37,80,4,96,54,75,88,33,101,-16,75,-59,29,-96,-25,-96,-80,-71,-105,-21,-109,46,-63,96,-8,109,50,101,105,67,130,8,96,-67,59,-109,0,0,-75,-88,-122,-50,-113,21,-75,71,-21,101,21,92,88,67,96,16,84,-42,50,-75,0,-88,-46,-75,-80,-37,-75,8,-63,42,-37,67,8,67,54,59,63,21,67,-12,42,-42,16,-63,-8,-59,-42,-42,-50,-12,-46,4,-37,37,-16,50,0,0,0,0,0,0]"
CSI_DATA,59316,98:4a:6b:31:4a:10,-61,11,-99,-36,58,11,620351667,83,0,256,0,"[0,0,0,0,0,0,0,0,-16,-14,-12,-20,-6,-24,2,-24,10,-26,18,-22,26,-18,30,-10,32,-2,32,8,28,18,24,26,18,32,8,36,-2,36,-12,39,-20,34,-30,30,-36,18,-43,12,-43,0,-45,-12,-41,-22,-36,-34,-26,-41,-14,-47,-2,-53,10,-51,0,0,34,-36,41,-30,45,-16,47,-6,45,6,39,16,32,22,26,32,18,36,8,39,-2,36,-8,34,-14,30,-20,26,-26,18,-30,12,-32,4,-30,-2,-28,-10,-24,-16,-20,-20,-14,-24,-6,-26,0,-26,6,-24,14,-22,18,-18,22,-12,0,0,0,0,0,0,0,0,0,0,0,0,0,0,24,26,34,12,39,-4,32,-22,16,-36,-4,-43,-24,-39,-41,-22,-47,0,-43,22,-26,43,0,51,24,45,45,26,51,0,45,-26,26,-47,-2,-57,-32,-49,-53,-24,-59,4,-49,32,-22,53,8,61,36,51,59,24,65,-10,55,-39,0,0,-8,-63,-41,-49,-57,-20,-57,10,-41,36,-16,51,10,51,34,36,47,14,47,-12,30,-32,8,-43,-14,-39,-32,-24,-41,-6,-36,14,-22,30,-4,36,14,32,28,20,32,6,30,-12,18,-24,4,-28,-8,-26,-18,-18,-24,-6,-22,6,0,0,0,0,0,0]"
CSI_DATA,59317,98:4a:6b:31:4a:10,-55,11,-99,21,37,11,620361635,83,0,256,0,"[0,0,0,0,0,0,0,0,40,-13,49,8,49,22,49,26,40,35,31,49,0,53,-4,58,-22,67,-35,49,-53,40,-62,31,-75,26,-75,8,-71,-17,-67,-40,-53,-53,-53,-67,-35,-93,-17,-89,0,-93,13,-80,44,-93,53,-71,75,-67,93,-49,102,-22,98,0,0,0,102,44,75,62,62,75,40,84,17,93,4,84,-22,89,-31,80,-40,71,-58,49,-67,35,-71,26,-71,13,-67,0,-71,-13,-62,-26,-40,-44,-35,-44,-26,-58,-17,-58,0,-62,13,-53,17,-49,35,-40,35,-26,44,-26,58,-4,53,8,0,0,0,0,0,0,0,0,0,0,0,0,0,0,-71,4,-58,40,-31,67,4,80,44,62,75,35,89,-4,71,-49,31,-93,-13,-84,-62,-71,-93,-26,-93,31,-67,75,-26,111,31,107,71,67,111,8,98,-49,53,-93,0,-102,-71,-93,-102,-40,-120,17,-84,80,-35,102,40,116,102,71,0,0,116,-49,67,-98,4,-120,-53,-111,-93,-53,-98,8,-80,58,-35,89,26,84,67,62,84,8,75,-26,49,-62,4,-75,-35,-62,-71,-31,-71,8,-62,49,-22,62,13,67,44,44,62,22,62,-17,40,-44,13,-53,-13,-49,-31,-40,-49,-22,0,0,0,0,0,0]"
CSI_DATA,59318,98:4a:6b:31:4a:10,-55,11,-99,23,37,11,620371518,83,0,256,0,"[0,0,0,0,0,0,0,0,-12,33,-33,33,-46,29,-50,21,-63,4,-63,-16,-50,-33,-42,-46,-25,-63,-12,-67,4,-75,33,-67,46,-59,54,-50,75,-33,75,-12,80,4,84,25,75,42,63,63,50,75,29,80,4,96,-16,92,-42,88,-63,92,-84,63,-96,37,0,0,-109,-4,-84,-29,-75,-59,-67,-63,-46,-75,-16,-80,-4,-88,12,-84,21,-71,46,-71,59,-46,67,-37,67,-21,67,0,67,16,63,29,50,37,42,50,29,50,12,54,0,59,-16,59,-16,42,-37,42,-46,29,-46,16,-50,4,-50,-12,0,0,0,0,0,0,0,0,0,0,0,0,0,0,33,-63,0,-71,-46,-63,-67,-42,-75,-8,-75,33,-50,71,0,84,33,84,71,54,92,8,88,-37,50,-92,8,-101,-46,-88,-80,-54,-101,4,-88,50,-46,101,12,109,59,84,109,46,105,-16,96,-75,37,-113,-21,-126,-84,-88,-118,-33,0,0,-92,88,-37,118,29,118,80,63,109,25,92,-42,63,-75,8,-88,-46,-84,-71,-50,-96,8,-67,37,-33,67,8,75,46,54,67,33,75,-12,63,-50,16,-67,-12,-71,-42,-46,-54,-25,-59,12,-37,25,-16,59,8,54,29,37,37,16,0,0,0,0,0,0]"
CSI_DATA,59319,98:4a:6b:31:4a:10,-55,11,-99,23,37,11,620384135,83,0,256,0,"[0,0,0,0,0,0,0,0,-29,25,-54,16,-50,8,-42,-12,-50,-21,-42,-37,-21,-59,-4,-54,12,-63,29,-63,46,-46,63,-33,80,-8,71,12,84,29,71,46,46,59,37,80,12,84,-4,88,-42,75,-54,75,-84,63,-92,33,-92,8,-101,-25,-96,-46,-71,-63,0,0,-25,-96,0,-92,29,-92,42,-84,59,-75,75,-50,80,-21,84,-4,84,21,67,33,59,42,33,59,25,71,12,67,-4,63,-25,54,-33,50,-42,33,-54,21,-54,12,-54,-4,-50,-29,-42,-46,-33,-46,-12,-50,-4,-46,12,-50,25,-46,0,0,0,0,0,0,0,0,0,0,0,0,0,0,63,-46,29,-75,-4,-67,-37,-59,-80,-46,-80,-4,-88,33,-59,67,-29,88,25,88,67,67,96,25,96,-29,71,-75,37,-92,-25,-109,-59,-80,-109,-25,-96,21,-88,80,-29,105,21,113,75,88,109,29,122,-21,101,-80,46,-109,-21,-126,0,0,-118,-63,-122,16,-96,71,-42,101,8,109,75,80,101,37,92,-8,75,-63,29,-92,-12,-92,-50,-63,-75,-25,-75,16,-59,46,-21,67,16,80,42,54,67,25,67,-12,54,-37,29,-54,4,-63,-29,-54,-42,-21,-37,0,-54,21,-29,33,0,0,0,0,0,0]"
CSI_DATA,59320,98:4a:6b:31:4a:10,-57,11,-99,31,37,11,620395782,83,0,256,0,"[0,0,0,0,0,0,0,0,0,23,-16,36,-20,30,-30,13,-40,3,-46,-13,-46,-20,-36,-23,-30,-33,-13,-46,-3,-53,10,-60,33,-56,36,-43,46,-36,60,-26,70,-13,70,3,63,23,53,43,50,43,33,60,20,63,3,73,-3,77,-36,60,-46,56,-40,40,0,0,-70,-3,-70,-26,-66,-20,-56,-33,-53,-43,-20,-60,-20,-63,-6,-60,6,-56,20,-60,30,-46,43,-43,43,-30,46,-16,53,0,46,13,46,20,36,13,23,30,16,40,16,43,3,43,-3,40,-20,43,-26,33,-30,13,-40,13,-33,-3,0,0,0,0,0,0,0,0,0,0,0,0,0,0,16,-43,-16,-53,-36,-43,-56,-26,-60,6,-56,36,-26,70,10,60,36,53,63,23,70,-3,73,-36,23,-80,-3,-80,-43,-60,-66,-23,-77,16,-70,56,-16,80,30,80,60,60,77,23,83,-23,60,-70,10,-103,-40,-77,-80,-53,-103,-10,0,0,-63,93,3,103,43,83,77,46,83,0,63,-40,36,-60,6,-80,-40,-63,-66,-23,-66,16,-50,43,-23,53,16,56,43,43,63,6,60,-20,36,-33,6,-56,-16,-46,-43,-40,-50,-16,-50,13,-26,33,-6,43,6,40,26,30,36,3,0,0,0,0,0,0]"
CSI_DATA,59321,98:4a:6b:31:4a:10,-55,11,-99,24,37,11,620405533,83,0,256,0,"[0,0,0,0,0,0,0,0,-40,-12,-40,-24,-32,-40,-8,-53,0,-53,20,-53,32,-45,65,-36,65,-20,61,0,57,24,53,36,49,45,40,65,16,77,-8,81,-24,73,-49,57,-61,49,-86,36,-86,12,-102,0,-81,-32,-73,-61,-61,-65,-57,-86,-20,-98,8,-102,0,0,53,-90,69,-53,94,-36,77,-12,86,0,77,24,69,40,45,61,36,81,20,69,0,65,-16,57,-20,57,-40,49,-57,32,-61,20,-69,12,-61,-16,-53,-40,-57,-32,-28,-36,-16,-53,-8,-49,8,-49,20,-45,40,-36,40,-28,45,-16,0,0,0,0,0,0,0,0,0,0,0,0,0,0,65,28,73,-8,65,-32,53,-61,8,-77,-36,-77,-61,-61,-102,-24,-81,32,-69,57,-28,86,24,98,61,81,81,32,94,-28,77,-69,36,-102,-20,-94,-73,-86,-106,-28,-102,36,-73,77,-28,110,32,127,90,73,131,32,139,-36,102,-90,0,0,-8,-122,-86,-102,-122,-40,-102,16,-86,77,-24,98,24,94,77,65,98,24,94,-8,53,-65,12,-81,-36,-77,-69,-61,-77,-16,-73,28,-53,53,-20,65,28,73,45,49,65,8,49,-12,40,-45,16,-49,-4,-57,-32,-40,-49,-24,-49,4,0,0,0,0,0,0]"
CSI_DATA,59322,98:4a:6b:31:4a:10,-61,11,-99,-37,58,11,620416565,83,0,256,0,"[0,0,0,0,0,0,0,0,-8,-19,-4,-23,4,-25,10,-23,19,-21,25,-14,29,-8,31,2,31,10,27,19,23,25,16,31,10,35,0,38,-8,35,-19,35,-27,31,-33,23,-40,16,-44,6,-44,-6,-42,-16,-38,-25,-31,-35,-23,-42,-14,-48,-2,-52,10,-52,0,0,33,-38,40,-29,42,-16,46,-8,42,2,42,12,35,19,29,25,23,31,14,33,6,33,2,33,-6,33,-12,29,-21,25,-23,21,-25,14,-29,6,-29,0,-27,-6,-25,-12,-23,-16,-16,-21,-10,-25,-4,-25,2,-25,6,-23,12,-19,0,0,0,0,0,0,0,0,0,0,0,0,0,0,8,35,25,27,38,12,40,-6,31,-27,14,-42,-6,-46,-29,-38,-44,-19,-48,6,-38,31,-16,48,10,50,35,40,50,14,52,-14,38,-40,10,-54,-21,-54,-48,-33,-59,-4,-52,27,-33,50,-2,63,33,57,59,29,67,-6,57,-40,0,0,-8,-65,-40,-50,-61,-21,-57,12,-40,40,-14,52,16,48,38,33,48,8,44,-19,25,-38,0,-44,-21,-35,-35,-19,-40,4,-33,23,-12,35,6,38,23,29,33,12,33,-6,25,-21,8,-29,-6,-27,-19,-21,-25,-10,-25,4,-19,16,0,0,0,0,0,0]"
CSI_DATA,59323,98:4a:6b:31:4a:10,-55,11,-99,21,37,11,620426258,83,0,256,0,"[0,0,0,0,0,0,0,0,49,17,49,22,26,40,13,44,4,71,-17,58,-40,53,-53,31,-58,22,-71,0,-67,-13,-75,-31,-53,-44,-44,-58,-22,-67,-13,-80,17,-80,40,-75,53,-62,80,-49,84,-26,89,-4,93,17,93,53,67,67,62,62,40,84,22,102,0,0,-49,89,-53,84,-80,67,-75,44,-93,22,-80,-17,-84,-22,-62,-35,-53,-58,-35,-67,-26,-75,-8,-71,8,-75,26,-67,44,-49,49,-44,58,-26,58,-13,58,8,49,22,49,40,44,44,22,53,13,53,-4,58,-17,49,-22,44,-35,31,0,0,0,0,0,0,0,0,0,0,0,0,0,0,-62,-26,-71,4,-62,44,-44,62,-4,80,44,75,75,58,93,4,80,-31,62,-62,13,-84,-31,-89,-75,-71,-98,-17,-93,35,-58,80,-13,102,40,93,93,67,107,4,102,-44,67,-98,8,-120,-58,-120,-89,-71,-120,8,-116,62,-67,107,0,0,62,116,98,58,120,-4,102,-58,53,-107,0,-98,-44,-89,-89,-44,-93,0,-75,44,-31,80,8,80,49,67,71,26,75,-8,62,-49,22,-67,-8,-80,-49,-53,-58,-31,-75,0,-49,40,-22,58,8,49,35,53,49,26,44,4,44,-22,0,0,0,0,0,0]"
CSI_DATA,59324,98:4a:6b:31:4a:10,-55,11,-99,25,37,11,620436947,83,0,256,0,"[0,0,0,0,0,0,0,0,-31,23,-35,23,-47,3,-51,-3,-55,-19,-39,-47,-35,-51,-19,-59,-3,-75,11,-71,39,-59,43,-59,55,-39,75,-27,71,-7,75,11,71,27,71,47,51,55,47,79,23,83,7,87,-15,91,-35,95,-55,71,-71,67,-79,55,-87,27,0,0,-103,-19,-91,-39,-63,-59,-59,-67,-43,-71,-19,-83,-11,-91,3,-75,27,-71,35,-67,47,-55,55,-35,63,-23,63,-7,63,7,71,19,51,31,43,35,35,47,19,51,19,55,-11,55,-15,55,-27,43,-35,35,-35,27,-55,11,-47,3,0,0,0,0,0,0,0,0,0,0,0,0,0,0,59,-35,39,-63,0,-79,-35,-67,-75,-47,-87,-7,-79,39,-47,79,0,99,43,79,79,43,99,0,83,-59,43,-95,-11,-103,-63,-79,-99,-39,-103,31,-67,87,-19,103,31,103,91,79,119,19,107,-51,71,-103,0,-119,-67,-111,-111,-63,0,0,-103,79,-47,111,11,115,79,83,107,27,103,-31,67,-79,23,-99,-39,-87,-83,-47,-95,3,-71,43,-35,79,11,79,55,63,79,27,75,-15,43,-55,19,-63,-15,-71,-51,-47,-63,-11,-59,23,-35,39,-11,59,23,51,35,31,51,11,0,0,0,0,0,0]"
CSI_DATA,59325,98:4a:6b:31:4a:10,-61,11,-99,-36,58,11,620447510,83,0,256,0,"[0,0,0,0,0,0,0,0,20,-12,20,-6,20,2,24,8,20,16,14,24,4,28,0,30,-10,26,-18,28,-26,22,-30,14,-36,4,-36,-8,-39,-12,-32,-20,-26,-32,-14,-34,-12,-41,2,-39,10,-41,16,-32,30,-28,43,-18,49,-16,45,2,47,10,43,26,0,0,24,36,12,43,2,49,-8,41,-16,43,-24,34,-30,28,-32,20,-34,8,-34,-4,-32,-8,-32,-14,-22,-20,-20,-26,-10,-26,-4,-30,2,-28,8,-26,14,-18,20,-16,26,-14,28,-8,28,-4,22,8,22,12,18,16,10,20,4,24,0,0,0,0,0,0,0,0,0,0,0,0,0,0,-34,10,-26,28,-12,39,12,36,28,28,43,14,43,-10,36,-30,16,-45,-6,-45,-30,-36,-47,-20,-51,6,-41,28,-20,51,10,55,34,43,57,16,49,-14,39,-36,14,-57,-22,-55,-47,-39,-61,-14,-59,16,-47,53,-14,63,22,63,0,0,63,10,55,-24,39,-47,8,-59,-22,-49,-43,-30,-51,-2,-43,24,-24,43,-2,45,24,39,39,22,45,-2,32,-26,16,-34,-6,-39,-24,-28,-32,-14,-36,8,-28,20,-12,26,4,30,18,22,26,16,26,0,22,-14,10,-22,0,-24,0,0,0,0,0,0]"
CSI_DATA,59326,98:4a:6b:31:4a:10,-55,11,-99,22,37,11,620458980,83,0,256,0,"[0,0,0,0,0,0,0,0,-4,39,-13,43,-21,34,-34,39,-52,30,-52,8,-65,0,-60,-30,-47,-47,-43,-52,-21,-60,-4,-73,17,-73,21,-73,47,-65,60,-60,65,-34,82,-30,91,0,86,13,91,26,73,60,60,73,39,82,30,91,-8,95,-26,104,-52,86,0,0,-73,56,-73,43,-82,21,-91,8,-82,-13,-78,-47,-60,-47,-56,-56,-34,-56,-26,-69,-13,-78,0,-60,13,-60,26,-60,47,-52,47,-43,56,-34,60,-8,60,0,60,13,52,17,39,34,30,43,17,52,13,43,-8,47,-4,43,-26,52,0,0,0,0,0,0,0,0,0,0,0,0,0,0,13,-65,-21,-69,-47,-60,-78,-17,-78,26,-56,60,-30,82,17,82,65,69,82,8,82,-30,65,-73,13,-99,-34,-86,-78,-52,-99,0,-86,43,-43,86,13,108,65,82,99,34,112,-21,78,-73,30,-112,-39,-104,-82,-78,-134,-17,-121,60,0,0,-8,112,56,91,95,56,99,0,86,-52,39,-78,-30,-91,-73,-73,-86,-17,-82,34,-47,65,0,82,43,69,69,39,78,-13,56,-52,26,-60,-13,-73,-43,-56,-65,-26,-65,21,-43,39,-13,60,17,47,43,39,52,17,34,-8,39,-34,0,0,0,0,0,0]"
CSI_DATA,59327,98:4a:6b:31:4a:10,-61,11,-99,-36,58,11,620468789,83,0,256,0,"[0,0,0,0,0,0,0,0,-22,-2,-22,-8,-18,-14,-16,-20,-10,-26,-2,-28,6,-28,14,-26,22,-20,28,-16,32,-8,36,0,34,10,30,18,26,26,20,34,10,39,0,41,-10,43,-20,41,-28,32,-34,26,-43,16,-45,4,-47,-6,-47,-18,-41,-30,-32,-36,0,0,-8,-47,0,-49,14,-45,24,-36,30,-32,34,-22,36,-14,39,-4,36,4,32,12,28,20,24,26,18,28,8,32,2,32,-4,30,-10,28,-16,24,-20,18,-24,14,-26,6,-26,0,-26,-4,-22,-10,-18,-16,-12,-20,-8,-22,0,-22,0,0,0,0,0,0,0,0,0,0,0,0,0,0,36,6,36,-12,26,-28,10,-39,-10,-41,-30,-32,-45,-12,-45,10,-34,32,-16,45,10,49,36,39,49,14,51,-12,39,-36,12,-53,-16,-53,-41,-36,-55,-10,-55,20,-36,47,-6,61,24,57,51,39,63,6,57,-30,34,-55,4,-65,0,0,-55,-34,-65,0,-53,32,-26,53,4,57,30,45,49,22,49,-6,39,-30,18,-45,-10,-45,-30,-30,-43,-10,-39,12,-26,30,-8,39,14,36,28,22,34,6,32,-10,22,-24,6,-32,-12,-30,-24,-18,-26,-4,-24,8,-18,18,-6,22,0,0,0,0,0,0]"
CSI_DATA,59328,98:4a:6b:31:4a:10,-61,11,-99,-35,58,11,620478880,83,0,256,0,"[0,0,0,0,0,0,0,0,19,0,23,5,17,15,13,21,3,27,0,27,-9,27,-19,17,-27,15,-29,7,-35,-1,-35,-11,-23,-15,-25,-23,-15,-27,-5,-39,7,-35,17,-33,27,-31,37,-19,31,-15,35,-3,37,3,39,21,33,23,31,35,11,47,13,45,0,0,-15,43,-31,35,-35,21,-39,13,-39,1,-37,-3,-35,-9,-33,-21,-25,-29,-15,-31,-1,-33,3,-31,11,-29,21,-31,25,-19,25,-11,29,-3,23,1,21,7,19,11,17,19,9,23,5,29,0,21,-7,23,-13,17,-19,11,-21,7,0,0,0,0,0,0,0,0,0,0,0,0,0,0,-33,-9,-35,7,-27,25,-13,37,9,39,25,33,41,19,45,1,37,-19,27,-35,1,-47,-17,-43,-39,-31,-49,-3,-51,19,-33,47,-7,55,25,47,45,33,59,5,49,-21,35,-47,9,-61,-21,-59,-45,-47,-63,-7,-57,19,-43,47,0,0,25,63,49,37,59,3,53,-25,33,-35,3,-49,-17,-47,-33,-29,-49,-5,-45,15,-27,35,-9,43,19,39,33,25,39,3,33,-15,21,-29,5,-37,-9,-31,-21,-23,-29,-9,-29,7,-17,21,-9,29,5,27,17,23,23,11,23,-3,0,0,0,0,0,0]"
CSI_DATA,59329,98:4a:6b:31:4a:10,-55,11,-99,21,37,11,620488344,83,0,256,0,"[0,0,0,0,0,0,0,0,-44,4,-53,-4,-44,-22,-35,-35,-31,-53,-17,-58,13,-62,31,-58,40,-53,58,-40,67,-31,71,-8,80,8,75,26,67,44,53,62,35,80,22,80,0,89,-17,89,-40,89,-53,75,-80,58,-102,31,-102,17,-93,-13,-93,-31,-102,-62,0,0,-31,-93,-26,-107,-13,-102,17,-93,44,-89,53,-71,67,-53,80,-35,71,-26,84,-4,75,13,67,26,62,40,44,40,35,53,17,67,4,71,-8,58,-17,58,-35,53,-44,35,-53,22,-53,8,-58,-4,-49,-4,-49,-26,-35,-35,-26,-35,0,0,0,0,0,0,0,0,0,0,0,0,0,0,67,0,67,-31,53,-67,4,-71,-31,-75,-71,-58,-80,-13,-80,35,-58,71,-8,98,35,89,75,62,98,8,98,-40,58,-80,-4,-93,-58,-89,-89,-44,-107,13,-84,62,-40,111,22,107,80,93,116,35,120,-26,84,-93,26,-116,-44,-125,0,0,-116,-17,-116,49,-71,98,-4,111,49,102,93,53,102,-4,84,-49,44,-80,-13,-89,-62,-67,-80,-31,-80,22,-53,62,-22,80,26,75,53,44,62,17,62,-22,40,-49,13,-67,-17,-62,-44,-35,-58,-8,-53,13,-35,31,-13,53,8,44,0,0,0,0,0,0]"
CSI_DATA,59330,98:4a:6b:31:4a:10,-55,11,-99,21,37,11,620498727,83,0,256,0,"[0,0,0,0,0,0,0,0,22,-26,35,-31,44,-17,44,0,49,8,49,22,40,53,26,58,4,62,-4,62,-31,67,-49,53,-67,40,-80,26,-71,0,-71,-8,-71,-31,-49,-62,-44,-71,-22,-80,4,-93,22,-93,40,-80,71,-75,80,-40,102,-31,102,-4,89,22,0,0,71,67,49,84,22,89,8,89,-13,89,-40,84,-53,53,-71,53,-71,31,-75,13,-80,-8,-71,-13,-53,-40,-40,-44,-26,-44,-26,-62,0,-62,17,-62,26,-49,40,-49,40,-31,58,-17,53,-4,62,13,35,22,44,26,22,40,8,44,0,0,0,0,0,0,0,0,0,0,0,0,0,0,-49,49,-22,67,17,75,49,58,67,26,84,-13,67,-44,40,-84,-8,-93,-44,-71,-89,-35,-98,4,-93,58,-58,89,0,102,58,89,93,58,107,-4,89,-62,49,-102,-4,-116,-62,-98,-107,-58,-125,17,-93,67,-44,116,13,129,84,98,0,0,120,-17,102,-75,44,-120,-13,-111,-67,-93,-98,-35,-98,13,-84,62,-31,93,17,89,62,62,75,31,80,-17,58,-58,22,-75,-13,-80,-49,-58,-75,-26,-67,8,-44,44,-22,62,8,62,44,53,53,26,58,4,44,-35,26,-44,-4,-44,0,0,0,0,0,0]"
CSI_DATA,59331,98:4a:6b:31:4a:10,-55,11,-99,22,37,11,620508550,83,0,256,0,"[0,0,0,0,0,0,0,0,21,39,17,47,0,47,-4,52,-26,52,-43,43,-52,30,-60,17,-69,-4,-69,-21,-56,-43,-52,-52,-39,-65,-21,-73,0,-78,17,-82,43,-82,60,-65,73,-56,78,-34,95,-17,99,-4,95,30,86,47,73,69,65,82,43,95,26,95,0,0,-26,99,-43,86,-73,69,-73,52,-86,43,-86,17,-86,4,-78,-21,-65,-39,-56,-47,-43,-56,-34,-65,-21,-73,4,-73,8,-65,26,-56,30,-52,39,-39,52,-26,60,-17,65,0,56,13,56,21,52,30,34,39,13,47,8,47,-4,47,0,0,0,0,0,0,0,0,0,0,0,0,0,0,-39,-56,-65,-34,-78,-4,-69,34,-43,69,-4,82,39,82,73,56,95,8,82,-43,47,-82,4,-91,-52,-78,-99,-43,-104,8,-86,60,-30,99,17,99,82,78,108,34,108,-34,73,-86,21,-112,-60,-121,-91,-73,-125,-4,-112,69,-60,108,0,0,69,108,108,34,112,-8,86,-69,39,-108,-26,-104,-73,-73,-95,-17,-86,30,-52,73,0,91,39,78,69,39,82,0,69,-47,26,-73,-8,-78,-52,-60,-65,-21,-60,17,-47,43,-13,65,13,60,43,43,52,21,47,-4,43,-39,13,-43,0,0,0,0,0,0]"
CSI_DATA,59332,98:4a:6b:31:4a:10,-61,11,-99,-38,58,11,620519113,83,0,256,0,"[0,0,0,0,0,0,0,0,-19,10,-23,4,-23,-2,-23,-8,-19,-19,-13,-26,-6,-30,4,-32,13,-30,19,-26,28,-19,34,-13,36,-4,34,4,34,17,28,23,23,34,13,39,4,43,-6,43,-17,41,-28,34,-36,28,-43,17,-45,8,-50,-4,-47,-17,-43,-28,0,0,-21,-45,-8,-47,2,-47,10,-41,21,-39,30,-30,34,-21,39,-13,36,-2,36,4,32,13,28,19,23,26,17,30,8,32,2,32,-6,32,-13,26,-19,21,-23,17,-26,10,-28,2,-28,-2,-23,-10,-21,-15,-15,-19,-6,-21,-2,-23,0,0,0,0,0,0,0,0,0,0,0,0,0,0,36,-8,28,-26,13,-36,-6,-41,-26,-32,-41,-17,-45,4,-39,28,-19,43,0,50,28,41,45,23,52,-2,45,-30,26,-47,-4,-54,-30,-47,-52,-21,-56,8,-45,36,-21,56,8,60,36,47,60,23,63,-10,50,-45,19,-65,-13,-65,0,0,-63,-19,-63,15,-45,43,-17,56,13,56,39,39,52,10,50,-15,32,-39,8,-45,-17,-41,-34,-26,-43,-4,-39,19,-21,34,-2,39,17,36,32,19,36,2,30,-15,19,-28,4,-32,-13,-30,-26,-17,-28,-2,-26,8,-17,19,-6,26,0,0,0,0,0,0]"
CSI_DATA,59333,98:4a:6b:31:4a:10,-61,11,-99,-37,58,11,620528733,83,0,256,0,"[0,0,0,0,0,0,0,0,-10,23,-16,16,-21,12,-25,4,-25,-4,-25,-19,-19,-23,-16,-29,-2,-35,6,-33,16,-27,25,-29,29,-21,35,-8,40,0,38,10,31,25,25,31,16,38,10,44,-4,42,-14,38,-27,38,-40,29,-48,16,-57,2,-50,-6,-42,-25,0,0,-29,-38,-14,-46,-2,-48,10,-44,21,-38,29,-29,29,-19,38,-10,40,4,38,14,33,14,27,23,19,27,8,29,2,29,-6,38,-14,25,-23,25,-21,14,-23,8,-31,2,-27,-8,-25,-8,-21,-19,-10,-25,-10,-25,0,-25,8,-23,0,0,0,0,0,0,0,0,0,0,0,0,0,0,19,-27,4,-38,-14,-38,-31,-27,-38,-10,-44,6,-33,29,-19,40,4,48,27,40,42,25,48,-2,42,-29,29,-44,0,-57,-27,-48,-50,-29,-57,0,-52,27,-31,48,-4,59,27,54,54,33,63,14,57,-25,42,-52,8,-63,-23,-63,0,0,-63,-8,-61,21,-42,46,-8,59,16,59,35,40,48,10,46,-14,35,-33,6,-40,-14,-42,-29,-29,-44,-10,-38,12,-29,25,-10,38,12,35,23,25,35,8,35,-10,25,-23,12,-31,-2,-33,-21,-23,-25,-16,-27,2,-27,12,-14,19,0,0,0,0,0,0]"
CSI_DATA,59334,98:4a:6b:31:4a:10,-61,11,-99,-39,58,11,620538813,83,0,256,0,"[0,0,0,0,0,0,0,0,-20,-4,-20,-13,-17,-17,-13,-22,-4,-29,4,-29,13,-26,22,-22,26,-17,33,-8,35,0,35,8,33,15,29,24,20,33,11,38,2,40,-8,40,-17,40,-26,33,-33,29,-42,17,-44,6,-47,-6,-44,-15,-42,-26,-35,-38,-24,-44,0,0,-2,-49,11,-47,22,-42,29,-31,35,-26,40,-15,40,-8,40,2,38,11,31,20,24,24,20,29,13,33,6,33,-2,33,-8,31,-15,26,-20,22,-24,15,-29,8,-29,2,-26,-4,-24,-8,-20,-15,-15,-20,-8,-22,-4,-24,2,-24,0,0,0,0,0,0,0,0,0,0,0,0,0,0,33,15,38,-2,33,-22,17,-35,-2,-42,-24,-38,-40,-24,-49,-2,-42,22,-26,42,0,49,24,44,44,24,53,-2,44,-29,24,-49,-4,-58,-31,-44,-53,-22,-60,6,-47,38,-20,58,11,62,44,49,60,20,67,-15,47,-47,17,-67,0,0,-49,-47,-62,-11,-60,20,-38,44,-8,58,20,51,42,31,53,4,44,-22,26,-40,0,-47,-24,-38,-40,-20,-42,4,-31,24,-15,38,6,40,24,29,33,13,35,-6,26,-20,11,-31,-4,-31,-20,-24,-24,-11,-26,2,-22,13,-11,22,0,0,0,0,0,0]"
CSI_DATA,59335,98:4a:6b:31:4a:10,-55,11,-99,22,37,11,620548828,83,0,256,0,"[0,0,0,0,0,0,0,0,21,39,13,47,-8,47,-21,47,-39,43,-47,30,-56,13,-60,0,-60,-26,-52,-39,-43,-56,-26,-69,0,-73,13,-69,34,-69,52,-56,69,-39,82,-21,91,4,86,17,78,43,60,65,43,78,17,91,-4,99,-34,99,-43,78,-86,69,0,0,-99,21,-99,0,-86,-26,-78,-52,-60,-60,-34,-69,-26,-73,0,-73,26,-69,34,-65,52,-60,56,-43,56,-21,69,-4,60,8,60,30,47,34,34,43,17,47,8,60,-13,56,-21,43,-30,43,-47,30,-43,21,-47,4,-52,-8,-39,-30,0,0,0,0,0,0,0,0,0,0,0,0,0,0,-30,-65,-56,-47,-78,-17,-73,17,-56,52,-26,86,17,82,52,69,82,39,99,-8,78,-52,39,-91,-13,-99,-60,-91,-95,-47,-104,8,-82,56,-52,99,13,117,56,91,104,52,121,0,91,-56,43,-104,-8,-121,-78,-99,-99,-52,-134,13,0,0,-65,125,4,121,65,99,108,60,112,-8,86,-56,52,-91,4,-95,-56,-86,-78,-43,-99,8,-69,47,-26,69,13,73,52,60,73,34,78,-8,60,-43,26,-69,-13,-73,-39,-60,-56,-39,-56,0,-47,26,-26,47,-13,52,13,47,30,34,0,0,0,0,0,0]"
CSI_DATA,59336,98:4a:6b:31:4a:10,-55,11,-99,22,37,11,620560798,83,0,256,0,"[0,0,0,0,0,0,0,0,-39,-17,-39,-26,-34,-39,-21,-52,-8,-56,8,-56,30,-47,43,-47,52,-34,65,-17,65,-4,69,13,65,30,52,56,43,65,30,82,13,82,-21,82,-34,78,-52,60,-69,60,-82,39,-91,26,-95,-4,-91,-21,-86,-56,-78,-65,-39,-78,0,0,-13,-95,17,-104,34,-91,52,-69,73,-65,86,-39,78,-26,78,-4,73,13,69,34,56,43,43,52,34,65,21,69,0,60,-13,65,-21,56,-34,47,-47,30,-56,26,-56,13,-56,-4,-60,-13,-47,-26,-43,-30,-21,-30,-13,-47,4,-47,0,0,0,0,0,0,0,0,0,0,0,0,0,0,69,26,73,-8,60,-47,30,-73,-4,-78,-47,-73,-73,-43,-86,0,-73,56,-39,73,4,95,47,78,86,39,91,-13,78,-60,39,-95,-13,-108,-60,-78,-104,-34,-112,21,-82,82,-26,108,30,117,91,82,112,30,117,-47,82,-99,21,-130,0,0,-104,-56,-125,-13,-108,52,-56,95,0,121,43,95,91,43,91,-8,82,-65,34,-82,-17,-82,-56,-60,-82,-17,-78,21,-47,47,-8,78,30,73,52,47,69,13,60,-26,47,-43,13,-69,-17,-52,-52,-43,-52,-13,-47,17,-39,39,-8,39,0,0,0,0,0,0]"
CSI_DATA,59337,98:4a:6b:31:4a:10,-55,11,-99,26,37,11,620571449,83,0,256,0,"[0,0,0,0,0,0,0,0,-38,23,-42,15,-42,11,-54,0,-50,-27,-34,-42,-30,-58,-11,-58,15,-61,27,-61,46,-50,58,-38,77,-23,69,-7,69,19,65,38,54,61,42,73,23,81,0,85,-23,85,-38,85,-61,61,-88,46,-92,23,-96,-3,-92,-27,-77,-61,0,0,-42,-92,-19,-92,7,-88,23,-85,50,-73,61,-58,69,-34,85,-19,69,3,69,19,65,38,50,42,38,54,27,65,11,65,-3,65,-23,58,-30,50,-38,27,-54,23,-58,7,-58,-7,-46,-19,-38,-38,-27,-34,-19,-30,0,-54,7,-50,0,0,0,0,0,0,0,0,0,0,0,0,0,0,54,-42,23,-65,-11,-69,-42,-65,-69,-38,-81,-3,-81,42,-54,69,-15,88,30,77,65,54,92,23,96,-30,65,-81,19,-100,-30,-92,-77,-73,-96,-19,-100,34,-73,77,-23,116,34,112,88,73,112,27,112,-34,85,-88,27,-116,-38,-108,0,0,-119,-23,-119,38,-81,77,-23,112,34,108,77,65,100,27,92,-27,61,-73,19,-88,-34,-81,-65,-54,-81,-11,-73,30,-50,65,-3,77,27,69,58,46,69,11,58,-27,34,-50,11,-65,-7,-54,-42,-42,-50,-19,-50,7,-46,30,-19,38,0,0,0,0,0,0]"
CSI_DATA,59338,98:4a:6b:31:4a:10,-60,11,-99,-37,58,11,620582890,83,0,256,0,"[0,0,0,0,0,0,0,0,-8,21,-14,19,-21,16,-25,10,-29,2,-29,-6,-27,-14,-23,-23,-16,-29,-8,-35,2,-35,12,-35,19,-33,27,-27,35,-21,40,-10,42,0,44,8,42,19,35,27,27,38,19,44,8,48,-4,50,-16,50,-27,42,-38,38,-48,27,0,0,-52,2,-50,-10,-44,-21,-38,-29,-29,-35,-19,-40,-8,-44,2,-40,10,-40,16,-35,23,-31,27,-23,31,-16,33,-8,33,0,33,6,29,14,27,19,19,23,12,27,6,29,-2,29,-6,27,-12,23,-16,19,-23,14,-25,8,-25,0,0,0,0,0,0,0,0,0,0,0,0,0,0,0,16,-33,-2,-38,-21,-33,-38,-21,-42,0,-38,23,-23,40,0,48,25,44,44,25,50,0,46,-25,25,-48,-2,-54,-29,-46,-50,-23,-57,6,-44,35,-21,57,10,59,38,46,59,19,61,-14,46,-46,14,-65,-21,-63,-50,-44,-69,-10,0,0,-42,57,-6,63,27,59,52,33,59,2,50,-27,27,-46,0,-52,-29,-40,-46,-19,-48,8,-33,29,-12,42,10,42,31,27,42,8,35,-12,25,-31,4,-38,-14,-33,-29,-23,-33,-6,-29,10,-21,23,-4,29,8,27,19,19,23,6,0,0,0,0,0,0]"
CSI_DATA,59339,98:4a:6b:31:4a:10,-55,11,-99,19,37,11,620592454,83,0,256,0,"[0,0,0,0,0,0,0,0,37,28,33,33,28,47,4,56,-4,52,-18,61,-37,52,-37,42,-52,28,-66,9,-85,-4,-70,-18,-66,-42,-56,-42,-42,-61,-33,-75,-18,-85,-9,-89,28,-85,42,-85,47,-80,66,-61,80,-56,99,-33,108,4,94,28,104,37,94,66,0,0,52,99,52,94,28,94,-4,94,-23,94,-33,85,-52,75,-61,61,-66,52,-75,23,-80,18,-75,-4,-66,-14,-61,-28,-66,-42,-47,-47,-28,-52,-23,-52,-18,-47,4,-66,9,-66,28,-56,33,-52,42,-37,47,-28,47,-9,52,-4,47,9,0,0,0,0,0,0,0,0,0,0,0,0,0,0,-61,-52,-80,-14,-70,18,-42,61,-14,80,28,80,80,56,85,14,85,-47,47,-75,0,-94,-56,-89,-99,-33,-113,14,-89,66,-33,94,37,99,80,70,104,9,99,-66,61,-104,-4,-132,-70,-89,-108,-47,-137,14,-80,89,-28,123,56,104,0,0,132,-4,113,-61,52,-113,-9,-113,-66,-89,-99,-23,-99,28,-61,70,-9,89,37,94,80,47,80,0,61,-56,18,-80,-18,-75,-56,-42,-85,-9,-75,28,-37,56,-4,70,33,56,61,42,61,0,56,-28,23,-52,-4,-56,-33,-47,-42,-18,0,0,0,0,0,0]"
CSI_DATA,59340,98:4a:6b:31:4a:10,-55,11,-99,20,37,11,620602981,83,0,256,0,"[0,0,0,0,0,0,0,0,45,18,45,13,41,27,32,41,32,45,0,59,-13,64,-32,55,-45,50,-55,41,-78,27,-73,0,-73,-13,-64,-32,-59,-59,-55,-68,-32,-64,-18,-87,4,-87,32,-91,41,-78,59,-78,87,-59,101,-36,110,-9,110,18,110,41,96,64,0,0,59,96,32,96,0,91,-9,105,-36,87,-55,78,-68,59,-73,45,-73,22,-73,0,-68,-13,-68,-41,-73,-36,-45,-45,-41,-55,-22,-59,-9,-68,0,-59,18,-59,32,-55,41,-45,45,-36,64,-22,55,-4,36,4,36,13,41,27,22,41,0,0,0,0,0,0,0,0,0,0,0,0,0,0,-73,-13,-68,22,-55,50,-18,73,32,82,68,59,96,27,87,-27,64,-68,18,-91,-36,-91,-78,-68,-101,-13,-87,36,-68,87,-22,96,45,96,91,50,101,0,91,-64,36,-96,-22,-128,-73,-91,-114,-41,-128,32,-91,91,-22,124,45,119,0,0,124,18,124,-55,68,-105,22,-119,-55,-105,-96,-55,-105,9,-78,64,-32,91,27,96,64,68,82,18,73,-18,50,-55,9,-87,-32,-68,-73,-50,-87,-4,-64,36,-41,59,-4,68,32,55,59,32,68,0,45,-22,22,-41,4,-59,-27,-45,0,0,0,0,0,0]"
CSI_DATA,59341,98:4a:6b:31:4a:10,-61,11,-99,-37,58,11,620613384,83,0,256,0,"[0,0,0,0,0,0,0,0,16,-14,21,-8,25,0,29,6,23,16,21,25,10,27,4,31,-8,31,-14,29,-25,29,-31,16,-38,10,-38,0,-38,-10,-35,-23,-31,-29,-25,-35,-12,-44,-4,-42,8,-50,19,-42,31,-38,46,-27,46,-16,48,-4,54,10,48,21,0,0,29,42,16,44,4,50,-10,46,-19,42,-25,35,-31,29,-35,19,-38,10,-38,-2,-38,-8,-33,-12,-29,-23,-23,-27,-14,-27,-8,-31,0,-29,10,-29,16,-21,21,-21,25,-12,29,-4,27,0,27,6,21,12,21,16,14,23,6,21,0,0,0,0,0,0,0,0,0,0,0,0,0,0,-31,19,-21,31,0,35,19,38,33,21,46,4,42,-19,31,-38,6,-46,-16,-48,-35,-31,-46,-12,-48,14,-35,35,-12,50,16,50,42,33,57,10,57,-25,31,-46,6,-61,-23,-54,-50,-31,-65,-2,-61,27,-38,57,-6,65,31,61,0,0,69,4,59,-27,38,-57,2,-57,-27,-52,-48,-25,-52,-2,-44,27,-23,44,4,48,29,40,40,19,42,-4,33,-29,14,-35,-8,-42,-23,-29,-40,-14,-35,2,-25,23,-14,33,6,31,19,27,27,14,29,-4,21,-14,10,-25,2,-23,0,0,0,0,0,0]"
CSI_DATA,59342,98:4a:6b:31:4a:10,-61,11,-99,-36,58,11,620622901,83,0,256,0,"[0,0,0,0,0,0,0,0,-18,6,-22,0,-22,-8,-22,-16,-14,-22,-8,-28,0,-28,10,-28,20,-24,28,-18,32,-10,36,-2,36,8,30,18,26,26,16,32,6,41,-4,39,-14,39,-26,34,-34,26,-39,16,-45,6,-45,-10,-41,-18,-36,-30,-26,-43,-14,-49,0,0,12,-47,24,-41,36,-32,39,-20,43,-8,43,0,41,10,34,20,26,26,18,32,8,32,2,32,-8,32,-14,30,-20,22,-26,16,-28,10,-28,0,-26,-6,-24,-14,-18,-20,-14,-24,-8,-24,0,-26,8,-22,14,-18,18,-16,20,-8,0,0,0,0,0,0,0,0,0,0,0,0,0,0,32,-8,28,-22,14,-34,0,-36,-24,-32,-39,-20,-45,-2,-41,18,-28,36,-10,45,18,45,34,32,47,12,49,-14,36,-34,14,-51,-10,-51,-39,-36,-53,-14,-55,12,-45,41,-18,55,12,59,41,49,57,22,61,-12,51,-41,26,-57,0,0,-39,-51,-59,-26,-63,4,-45,32,-24,49,2,53,28,43,45,20,47,-2,39,-24,20,-39,-2,-41,-24,-34,-36,-18,-39,4,-32,22,-18,32,-2,36,18,30,28,20,32,4,30,-12,20,-24,6,-28,-8,-26,-18,-20,-22,-8,-22,2,0,0,0,0,0,0]"
CSI_DATA,59343,98:4a:6b:31:4a:10,-55,11,-99,23,37,11,620632726,83,0,256,0,"[0,0,0,0,0,0,0,0,-8,-42,-12,-42,16,-50,29,-42,37,-33,54,-25,63,-12,63,8,63,42,50,46,46,67,21,67,0,84,-16,84,-21,75,-42,67,-67,50,-84,21,-96,8,-92,-4,-80,-29,-84,-42,-63,-75,-42,-88,-21,-101,-4,-105,25,-101,46,-88,0,0,84,-46,92,-42,96,4,101,8,80,29,75,54,59,54,46,71,16,71,8,75,-8,75,-25,67,-42,59,-54,46,-54,33,-63,21,-63,4,-63,-16,-46,-25,-46,-33,-37,-46,-21,-59,-8,-50,12,-50,21,-42,21,-42,42,-29,46,-16,0,0,0,0,0,0,0,0,0,0,0,0,0,0,12,71,50,46,67,16,80,-12,59,-54,33,-80,-12,-84,-50,-67,-84,-46,-84,8,-80,46,-37,84,16,96,59,75,105,37,105,-25,75,-67,37,-105,-29,-109,-80,-75,-113,-25,-118,37,-75,92,-21,122,50,113,101,67,130,4,122,-59,0,0,4,-130,-50,-113,-101,-63,-118,-4,-92,59,-46,80,-4,96,50,75,88,46,96,-12,80,-63,29,-80,-21,-80,-59,-54,-84,-29,-80,16,-50,59,-8,75,25,71,50,46,63,25,63,-21,46,-42,12,-54,-8,-54,-37,-46,-46,-12,-54,16,0,0,0,0,0,0]"
CSI_DATA,59344,98:4a:6b:31:4a:10,-61,11,-99,-37,58,11,620642710,83,0,256,0,"[0,0,0,0,0,0,0,0,16,-14,23,-8,25,-2,25,6,25,16,19,23,12,29,2,31,-8,31,-16,29,-25,23,-33,16,-38,6,-38,-4,-35,-14,-31,-23,-25,-35,-16,-38,-6,-44,8,-44,16,-42,27,-38,38,-27,48,-16,48,-4,50,8,46,21,40,33,0,0,14,48,4,52,-12,50,-21,42,-29,35,-35,25,-42,14,-40,4,-38,-6,-33,-14,-29,-23,-23,-27,-14,-31,-6,-33,4,-31,10,-29,19,-27,21,-21,25,-14,27,-6,29,2,27,8,25,16,16,21,10,23,4,23,-2,25,-10,23,0,0,0,0,0,0,0,0,0,0,0,0,0,0,-31,21,-19,33,0,40,19,35,35,25,44,6,44,-16,31,-33,12,-46,-12,-46,-33,-35,-50,-14,-50,10,-40,35,-16,52,10,52,38,42,54,19,57,-12,46,-38,19,-57,-12,-61,-40,-48,-61,-21,-63,10,-50,44,-21,65,10,67,0,0,61,25,65,-10,50,-40,23,-54,-8,-57,-33,-44,-50,-21,-52,8,-38,33,-19,46,8,46,31,33,42,14,42,-8,29,-27,12,-38,-6,-40,-23,-27,-33,-14,-35,4,-27,21,-14,31,2,33,16,27,23,14,25,2,25,-10,16,-19,0,0,0,0,0,0]"
CSI_DATA,59345,98:4a:6b:31:4a:10,-61,11,-99,-36,58,11,620652340,83,0,256,0,"[0,0,0,0,0,0,0,0,14,16,12,20,6,26,0,26,-10,26,-16,24,-24,18,-30,12,-32,4,-36,-8,-32,-12,-28,-22,-24,-30,-12,-34,-10,-41,2,-41,8,-39,22,-41,32,-28,41,-18,47,-10,45,-2,49,10,47,20,36,30,30,41,20,43,10,55,0,0,-16,45,-26,39,-36,36,-41,24,-43,16,-45,6,-39,-6,-36,-14,-32,-24,-26,-32,-20,-28,-12,-26,-6,-32,0,-32,10,-26,20,-30,24,-20,30,-18,32,-12,28,-6,28,4,30,4,26,18,18,14,16,18,6,22,4,28,-4,24,0,0,0,0,0,0,0,0,0,0,0,0,0,0,-24,-26,-39,-10,-39,8,-34,24,-14,41,8,45,26,39,43,20,45,-4,39,-28,18,-45,-6,-55,-30,-43,-53,-20,-53,10,-36,34,-14,51,18,55,43,43,61,12,59,-24,36,-51,6,-63,-30,-57,-53,-36,-67,0,-61,34,-34,59,0,0,36,59,57,28,61,-8,47,-34,20,-53,-6,-51,-39,-39,-49,-12,-49,16,-34,34,-8,45,14,39,39,28,43,2,41,-18,20,-30,-2,-41,-18,-34,-28,-20,-32,2,-30,22,-14,32,2,28,14,28,24,12,26,4,20,-14,14,-24,0,0,0,0,0,0]"
CSI_DATA,59346,98:4a:6b:31:4a:10,-61,11,-99,-36,58,11,620664810,83,0,256,0,"[0,0,0,0,0,0,0,0,-12,-18,-6,-22,2,-24,8,-24,18,-20,24,-14,28,-6,28,4,30,16,26,18,16,26,12,32,2,34,-8,41,-16,32,-26,26,-30,22,-39,14,-43,-4,-43,-12,-32,-26,-34,-30,-22,-39,-10,-51,0,-49,18,-51,26,-43,32,-41,0,0,47,-12,49,2,45,16,41,22,32,30,26,36,10,36,4,41,-12,36,-16,39,-26,28,-28,24,-30,18,-32,6,-30,-6,-32,-18,-24,-12,-16,-18,-16,-26,-8,-30,4,-26,10,-26,16,-22,18,-16,24,-12,24,-2,18,2,22,10,0,0,0,0,0,0,0,0,0,0,0,0,0,0,14,32,28,24,39,8,39,-12,30,-28,14,-43,-8,-45,-30,-39,-49,-16,-49,4,-41,30,-20,43,2,57,30,45,45,26,55,-2,47,-30,30,-55,-4,-59,-34,-49,-55,-28,-59,4,-51,32,-28,55,4,65,32,57,61,30,71,-6,0,0,30,-63,-4,-67,-30,-55,-55,-28,-61,0,-47,28,-28,45,2,53,32,36,43,18,47,-6,32,-26,14,-39,-4,-43,-26,-34,-43,-18,-39,4,-34,20,-14,32,2,34,22,30,26,14,30,-2,28,-14,14,-26,6,-24,-10,-22,-18,-18,0,0,0,0,0,0]"
CSI_DATA,59347,98:4a:6b:31:4a:10,-55,11,-99,21,37,11,620674323,83,0,256,0,"[0,0,0,0,0,0,0,0,-4,44,-22,40,-31,31,-44,26,-49,13,-62,8,-53,-13,-49,-31,-44,-53,-26,-62,-17,-71,-4,-67,13,-67,35,-58,53,-53,58,-35,75,-22,80,-4,80,17,80,31,71,49,67,67,49,75,22,98,-4,93,-17,93,-49,84,-67,71,0,0,-84,44,-93,13,-93,-8,-80,-22,-80,-49,-67,-53,-44,-71,-31,-75,-13,-67,4,-80,22,-71,31,-53,44,-53,53,-40,58,-22,62,-8,58,0,62,22,49,22,44,35,31,53,22,53,8,49,0,53,-13,49,-26,40,-35,35,-35,22,0,0,0,0,0,0,0,0,0,0,0,0,0,0,17,-67,-13,-71,-49,-58,-75,-22,-80,17,-58,58,-26,80,13,98,58,71,89,35,98,-22,71,-67,35,-98,-26,-98,-71,-75,-107,-17,-93,35,-71,80,-17,111,49,107,98,62,111,0,102,-62,58,-116,4,-129,-71,-102,-116,-44,-116,26,0,0,-49,120,31,116,84,89,111,26,111,-35,67,-80,17,-107,-35,-84,-84,-62,-98,-4,-75,44,-40,75,8,80,44,67,71,26,84,-4,58,-58,26,-71,-17,-62,-44,-49,-62,-17,-67,17,-44,49,-13,49,13,58,31,49,49,13,49,-8,0,0,0,0,0,0]"
CSI_DATA,59348,98:4a:6b:31:4a:10,-55,11,-99,24,37,11,620684568,83,0,256,0,"[0,0,0,0,0,0,0,0,0,40,-4,45,-28,40,-40,36,-40,24,-53,8,-61,-12,-53,-36,-49,-45,-24,-57,-8,-73,0,-73,20,-73,36,-69,57,-49,73,-40,86,-20,94,12,94,32,69,53,57,65,32,73,20,94,0,102,-24,90,-49,90,-69,69,-81,49,0,0,-110,-8,-94,-28,-81,-53,-77,-57,-45,-69,-20,-94,8,-81,16,-77,45,-69,45,-57,61,-53,61,-28,73,-8,65,-8,45,12,49,40,45,57,36,65,20,53,0,53,-8,61,-28,57,-32,45,-36,36,-36,24,-57,4,-61,0,-49,-36,0,0,0,0,0,0,0,0,0,0,0,0,0,0,4,-61,-32,-69,-53,-49,-77,-12,-73,24,-57,65,-20,90,40,90,65,61,90,28,90,-20,69,-69,36,-94,-32,-94,-65,-65,-106,-36,-102,24,-69,73,-28,118,32,102,81,73,110,45,102,-28,86,-86,28,-122,-36,-118,-98,-81,-127,-20,0,0,-94,106,-20,127,40,110,94,81,110,24,90,-36,61,-77,16,-98,-49,-81,-81,-49,-98,4,-81,45,-49,73,-12,86,49,73,73,53,81,0,61,-40,40,-61,0,-77,-32,-61,-49,-36,-57,-8,-53,32,-20,49,-4,61,12,53,36,28,0,0,0,0,0,0]"
CSI_DATA,59349,98:4a:6b:31:4a:10,-61,11,-99,-38,58,11,620694865,83,0,256,0,"[0,0,0,0,0,0,0,0,15,17,10,23,2,26,-4,28,-15,23,-23,19,-28,10,-32,0,-32,-8,-30,-19,-23,-28,-15,-34,-4,-39,6,-39,17,-32,28,-28,36,-21,41,-8,47,2,43,15,39,26,30,34,19,43,6,50,-6,50,-21,45,-32,39,-43,30,0,0,-52,4,-50,-10,-41,-23,-32,-34,-23,-41,-10,-41,0,-41,10,-39,17,-34,26,-28,32,-19,34,-8,34,2,34,4,26,21,23,23,21,34,17,23,4,28,-6,32,-15,26,-21,19,-26,13,-26,6,-26,-2,-23,-8,-21,-15,-13,-19,0,0,0,0,0,0,0,0,0,0,0,0,0,0,-21,-30,-34,-17,-41,-2,-39,19,-26,34,-8,45,13,45,34,34,47,15,50,-6,43,-32,21,-47,-4,-54,-30,-45,-50,-26,-56,2,-52,30,-30,52,0,60,30,52,52,32,65,4,56,-28,36,-56,6,-67,-26,-60,-54,-41,-71,-10,0,0,-45,54,-15,67,19,60,45,43,56,15,54,-13,39,-36,15,-50,-13,-50,-36,-36,-47,-13,-45,10,-32,30,-17,41,10,45,23,23,36,8,30,-8,34,-21,13,-34,-2,-36,-17,-28,-26,-15,-28,-2,-26,13,-17,21,-6,26,6,23,0,0,0,0,0,0]"
CSI_DATA,59350,98:4a:6b:31:4a:10,-55,11,-99,21,37,11,620705393,83,0,256,0,"[0,0,0,0,0,0,0,0,49,-4,44,13,40,26,31,31,17,49,4,58,-4,53,-31,49,-40,49,-58,35,-67,13,-75,4,-71,-17,-58,-40,-53,-53,-40,-71,-17,-80,4,-80,22,-80,40,-75,58,-67,71,-44,93,-35,98,-8,89,22,89,40,80,75,62,80,0,0,13,98,-13,102,-31,93,-53,67,-67,58,-67,44,-84,22,-80,-4,-71,-17,-71,-40,-58,-44,-49,-53,-31,-58,-22,-71,4,-62,22,-67,26,-62,44,-44,53,-31,49,-22,53,-4,58,8,53,22,40,35,31,40,22,49,8,49,-8,44,0,0,0,0,0,0,0,0,0,0,0,0,0,0,-62,-4,-71,26,-40,53,-13,80,31,80,71,58,93,22,84,-13,62,-62,22,-98,-26,-89,-71,-71,-98,-31,-98,31,-71,80,-26,107,35,102,75,75,111,17,102,-35,71,-89,17,-120,-44,-98,-93,-67,-125,-8,-111,62,-80,111,-8,129,0,0,107,71,134,8,107,-58,58,-102,4,-111,-58,-93,-89,-49,-93,8,-75,53,-35,84,13,84,58,71,80,26,80,-22,53,-53,22,-80,-17,-75,-53,-62,-71,-22,-62,17,-49,44,-22,67,13,62,35,44,53,22,53,-8,44,-31,22,-35,0,0,0,0,0,0]"
CSI_DATA,59351,98:4a:6b:31:4a:10,-55,11,-99,21,37,11,620716491,83,0,256,0,"[0,0,0,0,0,0,0,0,-26,-35,-13,-44,4,-44,13,-49,31,-49,44,-40,62,-31,62,-13,71,4,62,26,49,35,49,49,35,58,22,71,8,71,-13,75,-40,75,-49,67,-67,53,-80,49,-89,22,-93,4,-93,-17,-89,-44,-71,-58,-80,-80,-49,-89,-31,-89,0,0,26,-111,35,-89,62,-75,75,-62,75,-53,84,-22,84,-4,75,8,71,26,62,35,58,49,44,53,22,67,17,62,-4,62,-13,67,-17,58,-31,49,-44,40,-53,26,-53,13,-53,4,-58,-8,-49,-17,-44,-31,-31,-35,-26,-53,-13,-49,0,0,0,0,0,0,0,0,0,0,0,0,0,0,31,67,58,49,80,8,75,-31,53,-62,13,-89,-31,-80,-75,-53,-93,-4,-84,49,-49,80,4,102,49,93,93,44,107,-4,98,-58,40,-98,-17,-107,-75,-80,-116,-26,-107,40,-75,89,-13,120,62,111,98,62,125,-4,116,-62,53,-129,0,0,-80,-111,-111,-44,-116,31,-80,80,-26,116,40,98,84,62,98,8,84,-40,40,-80,-4,-93,-53,-67,-75,-31,-84,22,-62,58,-26,71,17,80,58,53,67,13,71,-26,40,-53,8,-62,-31,-49,-49,-35,-53,-8,-49,17,-26,49,-4,49,0,0,0,0,0,0]"
CSI_DATA,59352,98:4a:6b:31:4a:10,-55,11,-99,22,37,11,620726413,83,0,256,0,"[0,0,0,0,0,0,0,0,17,43,13,47,-4,52,-21,43,-39,43,-52,17,-65,13,-69,-4,-65,-21,-60,-39,-43,-60,-26,-69,-13,-73,4,-78,26,-69,43,-69,69,-52,69,-39,82,-17,95,0,86,17,82,43,65,65,56,86,34,95,8,95,-13,104,-47,95,0,0,-73,65,-99,52,-104,17,-95,-8,-91,-21,-69,-39,-65,-47,-43,-73,-21,-73,-17,-82,4,-78,17,-65,34,-56,43,-52,60,-34,60,-17,60,-4,65,13,52,17,52,34,39,43,30,47,13,47,-4,52,-17,56,-26,43,-34,39,-43,21,0,0,0,0,0,0,0,0,0,0,0,0,0,0,-26,-69,-56,-52,-73,-26,-82,17,-56,56,-30,82,17,91,56,73,86,30,86,-8,73,-60,30,-95,-17,-108,-69,-82,-95,-34,-104,26,-73,73,-26,104,34,112,78,65,117,26,112,-39,69,-91,17,-130,-52,-117,-104,-69,-130,-4,-112,65,0,0,-8,130,69,104,108,65,125,0,99,-60,56,-99,-13,-95,-56,-82,-86,-34,-95,13,-65,56,-17,78,30,86,60,52,86,17,73,-26,43,-60,17,-78,-30,-69,-56,-52,-69,-13,-69,17,-39,47,-17,56,17,52,34,43,56,13,52,-17,0,0,0,0,0,0]"
CSI_DATA,59353,98:4a:6b:31:4a:10,-55,11,-99,21,37,11,620736497,83,0,256,0,"[0,0,0,0,0,0,0,0,22,35,17,44,-4,49,-17,44,-35,40,-53,31,-53,22,-58,-8,-62,-22,-53,-40,-40,-58,-26,-67,-8,-75,8,-67,31,-67,49,-58,67,-40,80,-22,89,4,84,26,80,40,62,53,53,80,26,93,0,102,-22,89,-58,84,-75,62,0,0,-102,22,-98,-8,-89,-26,-75,-53,-67,-62,-44,-75,-22,-75,-4,-80,13,-80,26,-62,49,-53,53,-40,62,-22,67,-4,62,8,58,17,49,35,44,49,22,62,8,62,-8,58,-26,49,-26,44,-44,35,-44,22,-49,4,-49,-13,-49,-26,0,0,0,0,0,0,0,0,0,0,0,0,0,0,-31,-62,-49,-40,-71,-8,-84,22,-62,58,-22,84,17,84,58,71,93,35,102,-8,80,-58,44,-89,-8,-107,-53,-80,-89,-44,-107,4,-89,58,-49,102,8,116,62,89,98,49,116,-4,93,-62,58,-102,-8,-125,-67,-102,-120,-53,-134,8,0,0,-58,107,13,125,62,102,102,49,116,0,89,-49,49,-93,0,-102,-58,-80,-89,-44,-93,8,-71,44,-35,71,4,80,53,62,75,31,71,-8,67,-40,26,-67,0,-75,-26,-58,-58,-35,-53,-8,-49,31,-35,44,-17,62,8,53,35,31,0,0,0,0,0,0]"
CSI_DATA,59354,98:4a:6b:31:4a:10,-55,11,-99,23,37,11,620746447,83,0,256,0,"[0,0,0,0,0,0,0,0,-12,42,-25,42,-33,33,-46,25,-59,8,-59,-8,-54,-25,-46,-42,-37,-50,-25,-59,-4,-71,12,-67,33,-71,50,-59,71,-42,71,-25,71,-8,88,12,75,29,80,46,59,63,46,71,29,96,0,96,-21,101,-37,88,-59,92,-84,59,0,0,-105,21,-105,-4,-88,-37,-84,-46,-71,-59,-37,-67,-29,-75,-8,-75,4,-80,33,-71,33,-63,46,-59,59,-33,63,-25,63,-16,67,0,63,16,59,33,46,46,37,54,21,46,8,54,-4,54,-25,54,-33,42,-37,42,-54,29,-54,8,0,0,0,0,0,0,0,0,0,0,0,0,0,0,33,-67,-8,-80,-42,-67,-71,-25,-84,0,-71,54,-42,84,8,92,54,80,92,46,96,-4,88,-59,42,-96,-8,-101,-54,-84,-101,-46,-113,16,-84,71,-29,105,25,113,80,80,113,16,113,-37,80,-92,25,-126,-50,-118,-105,-75,-134,-12,0,0,-59,109,-4,126,59,96,109,50,113,-8,75,-67,42,-92,-16,-101,-67,-67,-88,-21,-88,33,-54,67,-12,80,33,80,63,46,80,8,71,-37,33,-63,0,-75,-33,-63,-63,-42,-71,0,-46,29,-37,42,-4,54,21,46,33,29,42,8,0,0,0,0,0,0]"
CSI_DATA,59355,98:4a:6b:31:4a:10,-55,11,-99,23,37,11,620756453,83,0,256,0,"[0,0,0,0,0,0,0,0,-29,29,-37,21,-50,0,-50,-12,-50,-16,-42,-29,-29,-46,-16,-67,0,-59,16,-67,46,-50,46,-37,59,-25,67,-8,67,8,67,29,59,46,50,59,37,80,12,75,-21,88,-33,80,-50,80,-63,54,-88,37,-92,16,-92,-4,-84,-37,0,0,-75,-84,-29,-71,-12,-92,0,-80,33,-75,46,-75,50,-46,71,-37,80,-21,67,0,63,12,59,33,46,42,42,50,37,59,12,63,-4,54,-16,54,-29,54,-42,37,-46,25,-50,16,-54,0,-50,-12,-46,-29,-33,-42,-16,-42,0,-50,0,0,0,0,0,0,0,0,0,0,0,0,0,0,63,-42,29,-63,-8,-71,-46,-63,-75,-42,-84,0,-75,42,-50,80,-4,96,46,84,84,46,92,12,88,-33,67,-88,16,-109,-29,-101,-80,-67,-118,-4,-96,54,-63,101,-8,113,63,105,101,67,109,-4,109,-63,75,-96,12,-118,-46,-109,0,0,-126,-4,-109,63,-63,96,0,122,50,113,88,46,105,-4,88,-54,42,-84,0,-101,-46,-80,-75,-50,-80,4,-67,42,-33,75,4,84,46,59,71,25,71,-4,59,-42,33,-59,0,-63,-33,-50,-50,-33,-59,-4,-46,21,-25,37,-8,50,0,0,0,0,0,0]"
CSI_DATA,59356,98:4a:6b:31:4a:10,-55,11,-99,24,37,11,620768572,83,0,256,0,"[0,0,0,0,0,0,0,0,-45,-4,-45,-8,-40,-24,-49,-36,-24,-49,-4,-61,4,-61,24,-53,36,-53,49,-36,53,-24,81,-8,81,-4,65,12,65,45,57,57,40,73,20,86,0,86,-8,94,-36,81,-49,77,-69,61,-94,36,-102,20,-110,-12,-106,-20,-86,-40,0,0,-61,-81,-32,-86,-12,-98,12,-90,24,-86,40,-81,65,-57,69,-49,73,-28,81,-4,69,4,69,16,61,28,45,53,36,45,28,57,12,65,0,61,-20,57,-20,57,-28,53,-49,28,-49,12,-53,0,-40,0,-45,-20,-53,-36,-36,-45,0,0,0,0,0,0,0,0,0,0,0,0,0,0,69,8,65,-36,49,-61,8,-73,-32,-73,-69,-53,-90,-8,-77,28,-57,77,-16,86,40,90,86,61,106,4,90,-45,57,-90,-4,-102,-53,-86,-94,-49,-110,8,-86,73,-40,102,24,110,77,94,118,45,114,-36,90,-90,28,-127,-40,-135,0,0,-122,-12,-114,49,-73,106,0,114,61,90,98,53,102,-8,86,-61,40,-94,-16,-86,-65,-73,-77,-20,-73,20,-49,61,-16,77,20,69,57,53,65,8,61,-28,32,-53,-4,-65,-28,-61,-53,-28,-65,-4,-49,20,-28,49,-8,49,20,40,0,0,0,0,0,0]"
CSI_DATA,59357,98:4a:6b:31:4a:10,-55,11,-99,23,37,11,620779992,83,0,256,0,"[0,0,0,0,0,0,0,0,-25,-33,-21,-37,-8,-50,8,-46,25,-50,42,-46,54,-21,59,-8,63,12,54,25,54,46,37,54,16,63,0,80,-16,75,-29,67,-59,63,-75,42,-84,25,-84,0,-88,-21,-67,-37,-63,-54,-42,-84,-37,-88,-4,-92,25,-96,46,-84,0,0,88,-54,92,-25,96,-4,92,21,71,37,63,54,46,63,29,75,12,75,-12,67,-25,63,-37,50,-50,42,-59,33,-67,12,-63,4,-63,-12,-50,-33,-37,-33,-29,-50,-21,-50,4,-63,12,-59,21,-50,33,-33,33,-25,46,-12,46,0,0,0,0,0,0,0,0,0,0,0,0,0,0,0,37,59,63,33,75,0,71,-42,37,-67,8,-88,-29,-84,-75,-59,-96,-12,-84,25,-59,71,-21,96,25,92,75,75,96,25,101,-25,71,-71,29,-105,-33,-109,-80,-71,-109,-25,-105,29,-80,88,-25,122,42,113,92,71,109,25,113,-37,0,0,21,-126,-50,-105,-88,-71,-105,-21,-96,29,-63,80,-12,96,33,88,80,59,92,16,80,-42,42,-67,8,-84,-37,-71,-67,-46,-80,0,-59,37,-42,63,-8,71,29,59,50,37,59,12,50,-21,42,-42,12,-50,-12,-46,-33,-33,-42,-12,0,0,0,0,0,0]"
CSI_DATA,59358,98:4a:6b:31:4a:10,-57,11,-99,30,37,11,620794373,83,0,256,0,"[0,0,0,0,0,0,0,0,17,34,6,37,-10,41,-20,37,-34,27,-44,13,-41,6,-51,-6,-62,-20,-51,-27,-34,-44,-17,-62,13,-65,-6,-55,20,-58,37,-51,58,-58,65,-31,62,-20,75,-17,65,10,65,34,51,62,24,65,20,72,27,79,-17,72,-34,99,0,0,-48,48,-68,41,-72,6,-65,10,-51,-17,-62,-27,-65,-20,-41,-58,-37,-51,-24,-55,3,-62,17,-44,31,-51,27,-48,37,-27,41,-27,48,-17,51,0,48,-6,37,27,37,31,20,24,17,41,0,44,3,31,0,48,-27,34,-41,20,0,0,0,0,0,0,0,0,0,0,0,0,0,0,-17,-55,-37,-37,-62,-17,-62,13,-44,44,-20,68,10,72,41,48,79,24,86,-6,75,-44,34,-79,-17,-79,-51,-65,-58,-34,-86,17,-75,68,-10,82,27,82,68,58,86,10,89,-13,48,-75,0,-93,-31,-99,-86,-48,-106,0,-106,51,0,0,3,113,55,75,79,55,96,-6,75,-51,31,-65,-13,-82,-55,-75,-79,-24,-72,17,-51,51,-17,62,24,68,44,24,58,10,51,-20,24,-31,17,-62,-20,-48,-44,-41,-58,0,-34,13,-37,37,0,48,13,41,34,20,51,10,41,6,0,0,0,0,0,0]"
CSI_DATA,59359,98:4a:6b:31:4a:10,-61,11,-99,-39,58,11,620804883,83,0,256,0,"[0,0,0,0,0,0,0,0,-6,22,-13,20,-20,15,-24,8,-29,0,-26,-8,-24,-17,-20,-24,-11,-31,-2,-35,8,-35,17,-33,26,-29,33,-20,40,-8,40,0,40,11,35,22,31,31,20,42,8,44,-2,47,-13,47,-26,42,-35,33,-44,22,-49,11,-51,0,0,0,-42,-29,-33,-38,-20,-44,-8,-44,2,-44,13,-42,22,-35,29,-29,33,-20,35,-11,35,-2,33,6,31,15,24,24,22,29,11,31,4,29,0,31,-4,29,-15,26,-22,20,-26,11,-26,4,-24,-2,-24,-8,-17,-15,-15,-22,-6,-24,0,0,0,0,0,0,0,0,0,0,0,0,0,0,15,-31,-2,-40,-20,-33,-35,-20,-42,-2,-40,20,-29,38,-6,47,17,47,38,33,49,11,49,-15,38,-38,11,-53,-13,-51,-38,-40,-53,-15,-53,15,-40,42,-15,58,13,58,44,42,60,17,62,-17,44,-47,15,-64,-17,-64,-47,-47,0,0,-64,17,-47,47,-17,60,17,58,40,42,53,15,51,-13,35,-35,13,-49,-13,-44,-33,-29,-42,-8,-42,13,-26,33,-6,38,13,35,26,22,40,4,38,-6,29,-24,8,-31,-6,-33,-20,-22,-29,-8,-29,4,-20,15,-11,22,0,24,0,0,0,0,0,0]"
CSI_DATA,59360,98:4a:6b:31:4a:10,-55,11,-99,22,37,11,620814915,83,0,256,0,"[0,0,0,0,0,0,0,0,34,-30,43,-21,52,-8,43,13,47,21,43,39,30,56,17,60,-4,65,-17,60,-34,60,-52,52,-65,47,-69,30,-82,0,-78,-21,-78,-39,-73,-47,-60,-73,-43,-82,-13,-91,13,-91,30,-95,56,-86,69,-69,86,-60,95,-30,95,-13,0,0,86,34,86,47,65,73,47,78,21,82,4,86,-13,78,-21,73,-39,73,-52,52,-60,39,-60,17,-69,8,-69,0,-65,-26,-47,-34,-47,-34,-39,-39,-26,-56,-8,-56,0,-60,17,-56,30,-43,34,-30,39,-21,47,-13,47,4,47,13,0,0,0,0,0,0,0,0,0,0,0,0,0,0,-60,39,-39,65,0,73,43,69,60,43,91,0,78,-39,43,-78,0,-99,-43,-82,-78,-47,-95,0,-86,52,-47,91,4,99,65,86,108,43,112,-17,86,-78,30,-104,-21,-112,-82,-82,-121,-30,-117,43,-78,104,-13,125,52,130,112,78,0,0,121,-56,69,-104,4,-125,-60,-95,-95,-43,-99,13,-86,69,-30,91,21,99,73,69,91,26,82,-30,52,-69,4,-78,-34,-73,-73,-43,-82,-8,-65,30,-34,56,4,69,39,60,56,34,65,-4,43,-39,30,-43,4,-43,-21,-43,-34,-17,0,0,0,0,0,0]"
CSI_DATA,59361,98:4a:6b:31:4a:10,-55,11,-99,22,37,11,620825595,83,0,256,0,"[0,0,0,0,0,0,0,0,-43,-13,-47,-26,-34,-34,-13,-47,-4,-60,8,-56,30,-52,52,-43,60,-30,69,-8,65,8,78,21,56,47,43,60,30,65,13,78,-13,73,-30,73,-52,73,-69,56,-82,34,-86,17,-95,-8,-91,-30,-86,-60,-69,-73,-43,-99,-17,-104,0,0,43,-99,52,-91,73,-65,82,-34,95,-26,91,8,86,13,69,34,60,52,39,65,21,65,13,78,-8,69,-26,65,-43,56,-47,43,-65,34,-60,8,-65,-8,-56,-13,-47,-34,-39,-43,-26,-52,-13,-60,0,-52,13,-47,30,-52,39,-26,0,0,0,0,0,0,0,0,0,0,0,0,0,0,65,26,69,-13,56,-43,26,-69,-13,-78,-39,-78,-78,-43,-91,-8,-82,34,-52,78,-8,95,43,86,86,60,108,8,95,-39,56,-86,13,-104,-47,-91,-95,-56,-112,-4,-99,52,-60,99,0,117,60,108,112,65,117,-13,99,-69,60,-104,0,0,-60,-121,-108,-52,-125,0,-104,56,-52,99,4,108,52,91,91,34,91,-4,69,-47,39,-78,-13,-82,-56,-65,-78,-26,-78,13,-56,47,-26,69,13,78,47,60,60,21,60,0,56,-39,21,-60,-4,-56,-26,-39,-39,-30,-43,4,-47,17,0,0,0,0,0,0]"
CSI_DATA,59362,98:4a:6b:31:4a:10,-55,11,-99,24,37,11,620836448,83,0,256,0,"[0,0,0,0,0,0,0,0,32,-20,49,-4,40,0,49,20,36,20,40,40,24,61,16,53,-8,57,-24,57,-36,61,-57,49,-69,36,-73,20,-69,0,-73,-24,-57,-36,-61,-61,-36,-81,-28,-81,-4,-86,4,-90,32,-86,61,-77,69,-69,86,-49,98,-36,94,-28,0,0,106,53,73,61,49,57,61,86,16,73,4,81,-12,73,-32,81,-40,65,-49,53,-57,32,-69,28,-69,8,-65,-12,-65,-24,-61,-32,-40,-45,-32,-53,-16,-61,-12,-57,4,-49,12,-53,24,-45,28,-45,45,-28,45,-24,53,0,49,8,0,0,0,0,0,0,0,0,0,0,0,0,0,0,-57,28,-45,49,-12,73,24,73,65,57,81,20,77,-28,61,-61,16,-94,-36,-86,-81,-73,-98,-20,-90,40,-57,86,-12,102,49,98,81,57,110,-16,86,-61,45,-102,-24,-118,-77,-94,-110,-28,-122,20,-94,98,-20,131,49,122,114,86,0,0,106,-65,65,-110,12,-110,-73,-98,-90,-45,-106,12,-90,61,-32,90,16,98,61,65,81,24,94,-28,53,-69,4,-73,-32,-65,-61,-45,-81,4,-61,40,-32,61,0,73,36,65,57,28,53,-4,49,-28,20,-49,0,-45,-28,-45,-36,-20,0,0,0,0,0,0]"
CSI_DATA,59363,98:4a:6b:31:4a:10,-55,11,-99,23,37,11,620847016,83,0,256,0,"[0,0,0,0,0,0,0,0,12,-42,16,-42,29,-33,42,-21,46,-4,59,4,54,21,54,46,33,54,21,71,-4,67,-12,67,-50,63,-54,50,-63,33,-80,8,-75,-4,-88,-25,-71,-42,-63,-67,-46,-71,-21,-84,0,-88,25,-88,37,-88,67,-75,88,-50,105,-29,0,0,96,29,88,37,67,67,50,75,33,88,12,75,-4,84,-29,71,-37,67,-54,50,-63,42,-67,16,-67,4,-63,-12,-63,-21,-59,-42,-37,-37,-33,-59,-8,-59,0,-54,16,-59,37,-46,33,-37,46,-25,46,-16,54,4,37,16,46,29,0,0,0,0,0,0,0,0,0,0,0,0,0,0,-25,67,16,75,42,67,80,29,80,-8,71,-50,37,-75,-4,-92,-54,-84,-75,-50,-101,0,-84,50,-54,88,-8,105,59,92,88,59,105,0,88,-59,46,-96,-4,-109,-63,-84,-109,-46,-122,12,-105,67,-50,122,16,130,63,101,122,46,0,0,105,-80,54,-118,-21,-130,-67,-88,-109,-50,-101,16,-75,75,-29,96,29,92,71,63,92,25,80,-25,54,-54,12,-80,-25,-67,-67,-50,-71,-16,-71,29,-37,54,-12,63,21,67,46,42,59,8,54,-16,37,-37,16,-54,-8,-50,-29,-33,0,0,0,0,0,0]"
CSI_DATA,59364,98:4a:6b:31:4a:10,-55,11,-99,22,37,11,620856920,83,0,256,0,"[0,0,0,0,0,0,0,0,-4,-43,0,-43,17,-52,30,-39,47,-30,56,-8,65,4,56,26,47,47,34,65,13,65,-4,73,-26,69,-47,56,-60,39,-69,21,-82,0,-73,-17,-73,-34,-60,-56,-39,-69,-30,-82,8,-95,26,-82,52,-78,73,-69,86,-52,108,-13,0,0,82,26,73,56,56,69,43,73,13,82,-13,91,-26,69,-47,60,-60,56,-73,30,-69,8,-56,-8,-60,-21,-56,-43,-43,-47,-26,-60,-8,-60,13,-52,17,-47,34,-52,52,-39,47,-13,52,-8,52,0,43,17,39,30,21,43,8,47,0,0,0,0,0,0,0,0,0,0,0,0,0,0,0,69,30,65,65,43,82,8,82,-30,56,-69,17,-91,-21,-86,-65,-69,-82,-34,-95,21,-78,60,-34,95,13,108,56,86,99,52,108,-4,95,-65,43,-108,-13,-112,-60,-104,-104,-56,-117,0,-104,65,-60,117,0,130,56,117,108,69,0,0,112,-65,78,-108,17,-117,-56,-108,-91,-60,-108,-8,-95,47,-65,78,-13,99,30,95,69,52,82,17,78,-30,52,-65,8,-78,-30,-78,-56,-52,-78,-8,-69,21,-47,47,-17,60,13,65,39,39,52,17,60,-8,39,-30,26,-34,8,-43,0,0,0,0,0,0]"
CSI_DATA,59365,98:4a:6b:31:4a:10,-61,11,-99,-37,58,11,620868231,83,0,256,0,"[0,0,0,0,0,0,0,0,8,-21,12,-19,19,-14,25,-8,29,2,27,8,25,19,21,25,10,27,4,33,-6,33,-14,31,-25,29,-27,23,-35,12,-38,4,-35,-6,-38,-12,-29,-27,-27,-35,-16,-40,-2,-44,2,-44,19,-46,29,-42,35,-31,46,-25,48,-12,0,0,46,12,42,25,33,33,27,35,12,40,4,35,-8,38,-16,38,-23,35,-27,25,-29,14,-31,8,-35,0,-31,-6,-27,-14,-27,-19,-19,-23,-14,-23,-4,-27,0,-31,8,-29,14,-21,21,-21,21,-14,23,-4,25,-2,23,8,16,10,0,0,0,0,0,0,0,0,0,0,0,0,0,0,-16,31,-2,38,16,35,33,23,44,6,42,-16,29,-38,8,-46,-16,-48,-40,-31,-52,-10,-46,16,-33,38,-10,50,16,52,46,33,57,6,52,-27,33,-48,8,-63,-23,-54,-50,-38,-63,-6,-59,31,-33,61,2,69,33,57,63,33,0,0,54,-35,27,-59,-8,-63,-33,-52,-52,-23,-59,2,-44,35,-16,48,10,52,33,35,42,12,40,-10,29,-29,8,-40,-10,-40,-27,-27,-35,-8,-38,14,-23,35,-6,35,8,31,21,25,29,8,27,-4,16,-19,8,-19,-6,-27,-14,-16,0,0,0,0,0,0]"
CSI_DATA,59366,98:4a:6b:31:4a:10,-55,11,-99,22,37,11,620877767,83,0,256,0,"[0,0,0,0,0,0,0,0,47,4,47,17,39,26,47,39,30,47,17,60,0,69,-21,60,-39,56,-43,43,-65,30,-73,17,-78,4,-73,-21,-69,-34,-73,-43,-43,-60,-30,-69,-17,-86,-4,-86,21,-86,39,-78,52,-73,78,-69,86,-39,95,-26,104,0,99,21,0,0,86,60,65,69,43,91,39,91,8,78,-21,86,-34,82,-47,69,-60,56,-56,47,-65,26,-65,17,-69,-4,-69,-8,-65,-17,-52,-30,-43,-52,-26,-47,-26,-52,-13,-56,8,-60,21,-60,30,-47,43,-34,34,-26,43,-21,43,-4,47,8,0,0,0,0,0,0,0,0,0,0,0,0,0,0,-69,-8,-65,17,-47,56,-8,78,26,73,69,52,86,13,82,-39,52,-78,4,-95,-43,-82,-82,-52,-104,4,-86,52,-34,86,13,99,69,78,104,26,99,-26,65,-86,17,-112,-39,-104,-91,-73,-117,4,-99,60,-65,112,13,134,82,91,0,0,121,-17,91,-82,21,-125,-39,-112,-82,-73,-104,-8,-91,43,-56,78,0,95,56,78,86,34,82,-13,69,-60,17,-82,-26,-69,-60,-52,-78,-13,-60,30,-30,56,0,65,34,52,56,26,65,4,47,-34,21,-47,0,-56,-26,-34,-39,-30,0,0,0,0,0,0]"
CSI_DATA,59367,98:4a:6b:31:4a:10,-55,11,-99,21,37,11,620888945,83,0,256,0,"[0,0,0,0,0,0,0,0,40,-13,40,-4,58,4,49,8,40,26,35,49,26,71,-4,67,-26,67,-31,49,-49,44,-62,35,-71,17,-75,-4,-75,-26,-67,-40,-58,-58,-35,-62,-22,-75,-4,-84,22,-84,35,-84,58,-67,75,-53,98,-35,93,-4,102,13,98,35,0,0,49,75,40,84,13,102,0,80,-17,93,-35,71,-62,67,-67,44,-75,35,-75,13,-75,-4,-67,-22,-58,-31,-44,-40,-35,-44,-26,-58,-4,-67,4,-62,17,-58,22,-49,44,-40,49,-31,53,-17,58,4,49,4,44,17,35,35,22,40,0,0,0,0,0,0,0,0,0,0,0,0,0,0,-75,17,-49,53,-22,80,13,80,67,62,80,31,89,-17,75,-62,26,-89,-17,-93,-62,-71,-89,-35,-93,26,-71,71,-31,102,26,107,80,75,107,22,107,-35,71,-84,17,-111,-44,-107,-102,-71,-129,-8,-116,62,-71,102,-4,138,62,107,0,0,138,13,111,-67,44,-102,-4,-116,-58,-111,-102,-49,-111,22,-80,58,-26,98,17,107,67,58,80,26,80,-26,58,-67,17,-75,-26,-75,-67,-49,-75,-13,-62,22,-44,53,-17,67,26,62,40,44,58,8,58,-17,35,-44,17,-49,-13,-44,0,0,0,0,0,0]"
CSI_DATA,59368,98:4a:6b:31:4a:10,-61,11,-99,-41,59,11,620899847,83,0,256,0,"[0,0,0,0,0,0,0,0,12,-16,16,-12,23,-6,23,0,25,10,21,19,16,23,6,29,4,21,-10,29,-23,25,-27,19,-29,16,-35,6,-40,-12,-33,-21,-29,-21,-16,-31,-16,-35,2,-38,8,-40,19,-38,31,-29,35,-25,42,-16,48,0,46,8,40,23,0,0,23,38,10,46,-2,46,-10,42,-21,35,-29,29,-33,19,-35,12,-35,0,-35,-8,-29,-16,-23,-23,-21,-27,-14,-31,0,-29,4,-31,14,-29,16,-21,25,-14,29,-14,27,-4,27,4,25,6,27,14,19,14,8,19,0,23,-6,21,0,0,0,0,0,0,0,0,0,0,0,0,0,0,-27,25,-10,35,6,38,23,31,40,16,44,-2,40,-23,23,-35,8,-57,-19,-42,-44,-33,-52,-6,-44,25,-33,44,-12,48,21,46,42,42,63,10,50,-19,44,-42,10,-57,-19,-54,-46,-38,-65,-10,-61,19,-42,50,-14,63,19,61,0,0,63,16,63,-16,44,-46,14,-57,-14,-54,-40,-40,-50,-16,-48,14,-33,33,-12,46,12,42,33,29,40,8,42,-12,29,-27,10,-42,-12,-40,-29,-27,-33,-6,-29,0,-23,23,-12,31,6,29,23,21,25,6,23,0,23,-14,14,-21,0,0,0,0,0,0]"
CSI_DATA,59369,98:4a:6b:31:4a:10,-61,11,-99,-39,58,11,620910977,83,0,256,0,"[0,0,0,0,0,0,0,0,17,-13,24,-11,24,-4,24,4,22,13,22,22,13,26,8,31,-2,35,-11,33,-17,29,-26,24,-33,20,-35,8,-35,-2,-38,-15,-35,-20,-31,-26,-20,-33,-13,-40,-4,-47,8,-44,20,-40,31,-38,40,-29,49,-22,51,-8,51,0,0,0,38,29,33,35,26,42,15,42,4,49,-6,44,-15,38,-22,29,-26,22,-31,15,-35,11,-35,0,-33,-6,-31,-11,-29,-15,-20,-24,-13,-26,-8,-29,-2,-31,6,-29,13,-26,15,-22,20,-17,26,-11,24,-6,22,2,24,8,20,13,0,0,0,0,0,0,0,0,0,0,0,0,0,0,-31,22,-17,33,0,38,17,38,35,22,47,2,42,-20,29,-38,2,-47,-22,-44,-40,-29,-51,-2,-47,26,-26,47,2,55,26,44,49,31,55,0,51,-31,24,-51,-8,-62,-38,-47,-58,-17,-62,13,-47,47,-17,62,15,67,49,44,0,0,60,-17,42,-49,15,-64,-20,-55,-42,-35,-55,-4,-47,20,-26,42,0,44,24,40,42,24,44,-2,35,-24,17,-35,-6,-38,-24,-29,-33,-13,-38,8,-26,22,-6,33,8,33,20,24,26,8,31,-4,20,-20,6,-24,-2,-26,-15,-20,0,0,0,0,0,0]"
CSI_DATA,59370,98:4a:6b:31:4a:10,-55,11,-99,20,37,11,620921292,83,0,256,0,"[0,0,0,0,0,0,0,0,-36,13,-50,9,-45,-13,-45,-18,-41,-45,-27,-50,-9,-55,13,-64,27,-55,50,-45,55,-32,73,-13,78,9,68,22,64,45,50,55,27,78,13,73,-4,82,-32,82,-45,78,-59,59,-82,36,-91,13,-96,-9,-91,-36,-78,-59,-55,-87,0,0,-13,-96,9,-82,36,-82,45,-68,73,-59,87,-32,82,-18,82,0,73,18,64,41,45,50,36,68,22,68,0,68,-18,59,-27,55,-45,50,-50,36,-55,18,-55,0,-59,-4,-41,-22,-36,-41,-27,-45,-18,-45,-4,-45,13,-59,18,-45,0,0,0,0,0,0,0,0,0,0,0,0,0,0,64,-27,55,-59,18,-78,-9,-73,-50,-59,-78,-45,-82,9,-78,50,-45,78,0,91,45,78,82,45,96,4,82,-45,50,-78,9,-105,-55,-91,-78,-64,-105,-4,-101,45,-59,96,0,114,64,105,101,59,114,9,114,-55,64,-101,18,-128,0,0,-101,-64,-114,-9,-105,41,-64,82,-4,110,41,91,87,55,101,4,82,-45,45,-78,4,-91,-45,-68,-73,-45,-78,4,-64,41,-36,64,0,78,32,59,59,36,64,0,55,-27,32,-50,9,-50,-22,-55,-36,-36,-41,-9,-50,13,-36,32,0,0,0,0,0,0]"
CSI_DATA,59371,98:4a:6b:31:4a:10,-61,11,-99,-35,58,11,620931604,83,0,256,0,"[0,0,0,0,0,0,0,0,0,-19,3,-19,9,-19,19,-15,25,-9,19,-1,23,3,23,9,21,21,17,27,9,33,3,33,-3,37,-11,33,-19,29,-27,23,-33,15,-43,7,-45,-3,-39,-11,-37,-21,-31,-31,-23,-41,-13,-45,-3,-51,7,-51,15,-51,29,-43,0,0,47,-23,47,-5,43,3,45,11,37,19,29,27,23,33,15,35,7,37,0,37,-7,35,-13,31,-21,27,-25,21,-29,15,-31,9,-29,0,-27,-3,-27,-13,-23,-13,-13,-17,-13,-23,-5,-25,0,-25,5,-25,11,-21,15,-15,19,-11,0,0,0,0,0,0,0,0,0,0,0,0,0,0,-3,33,15,31,33,21,41,7,35,-13,37,-35,13,-41,-11,-43,-33,-33,-47,-11,-49,15,-31,37,-5,49,21,49,41,31,53,5,49,-23,29,-47,0,-57,-31,-47,-53,-25,-57,3,-49,35,-23,59,7,65,39,45,61,19,65,-15,0,0,19,-63,-19,-59,-47,-41,-55,-9,-51,19,-33,39,-5,51,19,45,41,25,47,0,39,-25,17,-39,-5,-39,-25,-31,-37,-11,-39,9,-25,25,-7,35,9,35,25,19,31,5,33,-9,19,-19,3,-27,-9,-27,-19,-19,-21,-3,-21,5,0,0,0,0,0,0]"
CSI_DATA,59372,98:4a:6b:31:4a:10,-55,11,-99,23,37,11,620941699,83,0,256,0,"[0,0,0,0,0,0,0,0,16,33,8,46,-4,46,-25,42,-33,33,-54,25,-54,0,-59,-4,-50,-29,-46,-42,-29,-63,-16,-67,4,-80,25,-75,42,-67,59,-59,59,-42,84,-12,80,16,84,25,67,54,63,71,42,75,8,101,4,101,-29,88,-54,80,-67,71,0,0,-88,16,-96,-4,-84,-37,-88,-46,-54,-59,-37,-80,-25,-75,-8,-80,16,-71,33,-63,37,-54,46,-46,54,-33,59,-16,63,0,59,21,59,42,50,37,33,50,21,59,4,59,-12,54,-21,42,-33,37,-42,33,-50,16,-46,0,-42,-21,0,0,0,0,0,0,0,0,0,0,0,0,0,0,-16,-67,-54,-54,-71,-25,-80,12,-63,50,-33,75,4,75,46,71,75,50,101,0,80,-50,59,-80,0,-96,-59,-80,-84,-46,-105,4,-84,54,-50,92,0,101,54,96,88,50,109,-4,96,-50,50,-109,-8,-122,-59,-101,-113,-59,-126,16,0,0,-50,101,0,130,67,96,105,50,105,-12,84,-54,42,-92,-8,-96,-59,-71,-84,-37,-80,16,-59,54,-16,75,16,75,59,50,80,25,71,-12,46,-46,21,-63,-12,-67,-46,-46,-67,-25,-59,4,-42,37,-16,54,4,46,21,46,37,21,0,0,0,0,0,0]"
CSI_DATA,59373,98:4a:6b:31:4a:10,-61,11,-99,-39,59,11,620952901,83,0,256,0,"[0,0,0,0,0,0,0,0,-19,-5,-23,-11,-17,-15,-9,-19,-3,-23,1,-27,9,-27,17,-25,27,-21,31,-13,31,-5,37,0,35,11,31,15,21,27,17,33,9,37,3,39,-7,39,-15,37,-25,37,-35,29,-37,15,-45,5,-47,-7,-51,-13,-47,-23,-41,-31,0,0,-15,-43,-5,-43,3,-47,11,-43,23,-41,29,-33,29,-25,31,-15,31,-3,33,1,33,9,31,17,25,21,19,23,13,25,5,29,-1,29,-3,29,-11,25,-19,21,-21,15,-23,11,-27,5,-25,0,-21,-5,-19,-9,-17,-15,-13,-17,0,0,0,0,0,0,0,0,0,0,0,0,0,0,37,11,33,-7,25,-23,15,-35,-5,-41,-27,-33,-41,-15,-45,5,-31,27,-13,45,7,47,33,35,51,13,51,-17,33,-37,11,-51,-17,-53,-39,-37,-53,-9,-47,23,-31,53,-1,59,35,49,57,27,63,-7,51,-35,23,-59,-13,-63,0,0,-59,-17,-61,15,-47,41,-15,55,17,51,39,29,47,5,41,-21,21,-39,-1,-45,-23,-39,-37,-19,-41,5,-31,23,-11,33,5,37,25,27,35,11,31,-7,21,-23,7,-31,-7,-31,-21,-17,-27,-5,-25,7,-17,19,-7,23,5,23,0,0,0,0,0,0]"
CSI_DATA,59374,98:4a:6b:31:4a:10,-55,11,-99,24,37,11,620962442,83,0,256,0,"[0,0,0,0,0,0,0,0,-20,-36,-8,-40,8,-57,20,-45,32,-36,53,-24,61,-12,61,0,57,24,57,40,45,53,32,61,8,77,-4,69,-24,73,-40,65,-65,40,-73,32,-86,8,-81,-8,-81,-32,-73,-45,-61,-69,-32,-86,-16,-102,4,-90,28,-102,53,-77,0,0,98,-45,86,-20,86,8,94,16,86,40,57,49,53,69,28,73,4,73,-8,69,-28,65,-36,53,-49,49,-57,28,-61,20,-53,0,-57,-16,-45,-28,-40,-36,-36,-45,-24,-57,0,-57,8,-53,28,-49,40,-32,36,-28,53,-20,49,-4,0,0,0,0,0,0,0,0,0,0,0,0,0,0,20,69,57,49,77,20,77,-16,53,-61,24,-77,-16,-90,-61,-65,-90,-32,-90,16,-73,65,-36,94,16,98,61,81,94,36,98,-20,77,-73,40,-98,-28,-106,-77,-86,-110,-28,-114,32,-81,81,-24,106,36,110,98,86,114,32,118,-45,0,0,20,-127,-45,-110,-86,-73,-110,-16,-102,32,-65,81,-12,94,32,81,73,57,90,8,77,-36,40,-65,4,-77,-45,-69,-69,-40,-73,8,-57,40,-36,69,4,73,36,57,61,40,57,4,53,-24,28,-49,12,-57,-8,-49,-40,-28,-40,-8,0,0,0,0,0,0]"
CSI_DATA,59375,98:4a:6b:31:4a:10,-61,11,-99,-38,58,11,620973203,83,0,256,0,"[0,0,0,0,0,0,0,0,2,21,-4,23,-13,21,-19,17,-23,10,-28,2,-28,-8,-26,-17,-19,-26,-10,-30,-2,-36,6,-32,15,-32,23,-26,32,-17,36,-8,39,6,39,15,34,28,30,32,17,41,4,43,-8,45,-23,41,-32,36,-43,28,-47,17,-52,2,0,0,-43,-26,-30,-34,-19,-43,-8,-45,4,-45,15,-39,23,-32,30,-23,34,-17,36,-6,34,2,32,10,30,19,21,26,15,28,8,30,-2,28,-8,28,-17,23,-21,19,-26,13,-28,2,-26,-2,-23,-8,-21,-13,-15,-17,-6,-21,0,-23,0,0,0,0,0,0,0,0,0,0,0,0,0,0,0,-34,-15,-32,-32,-21,-41,-6,-39,13,-30,32,-13,43,8,47,28,36,43,19,50,-4,41,-26,21,-47,-2,-52,-28,-45,-45,-28,-56,-4,-47,28,-30,50,0,56,26,54,47,34,60,8,56,-23,39,-47,10,-60,-23,-58,-52,-41,0,0,-65,21,-43,45,-15,60,17,54,41,41,50,17,50,-13,36,-32,13,-47,-10,-45,-30,-32,-43,-15,-41,10,-30,28,-10,36,8,39,23,28,36,13,34,-4,28,-19,15,-30,0,-32,-13,-26,-23,-15,-28,0,-26,10,-17,17,-6,23,0,0,0,0,0,0]"
CSI_DATA,59376,98:4a:6b:31:4a:10,-55,11,-99,25,37,11,620983534,83,0,256,0,"[0,0,0,0,0,0,0,0,-27,-27,-19,-39,-3,-55,15,-51,23,-43,43,-39,51,-27,63,-7,59,11,59,23,51,47,35,55,27,67,7,79,-11,79,-27,79,-51,63,-63,47,-75,27,-83,15,-91,-15,-79,-35,-75,-51,-59,-71,-47,-91,-31,-91,3,-103,35,-91,0,0,75,-75,79,-51,91,-23,99,-11,87,11,75,39,63,51,51,63,31,75,19,75,0,67,-19,67,-31,63,-43,51,-55,35,-63,23,-59,7,-63,-7,-59,-27,-47,-35,-35,-47,-27,-51,-11,-51,7,-51,15,-43,27,-39,39,-39,47,-23,0,0,0,0,0,0,0,0,0,0,0,0,0,0,39,51,59,31,71,3,67,-35,43,-63,11,-79,-35,-75,-71,-51,-91,-11,-83,31,-63,71,-11,95,35,95,83,63,99,15,87,-43,51,-91,3,-103,-43,-95,-95,-59,-111,3,-99,59,-55,103,7,115,59,103,107,43,127,-15,107,-67,0,0,-35,-123,-71,-87,-111,-47,-115,19,-75,71,-35,91,23,91,63,67,87,27,83,-19,59,-67,15,-83,-31,-75,-67,-47,-87,-15,-71,27,-43,59,-7,67,31,67,47,43,67,11,59,-19,35,-43,15,-55,-11,-55,-35,-35,-43,-15,-43,19,0,0,0,0,0,0]"
CSI_DATA,59377,98:4a:6b:31:4a:10,-55,11,-99,25,37,11,620994134,83,0,256,0,"[0,0,0,0,0,0,0,0,27,23,27,35,23,51,15,55,-3,63,-23,55,-39,51,-47,35,-63,27,-67,7,-67,0,-63,-23,-59,-43,-47,-63,-39,-67,-23,-75,-3,-79,23,-79,35,-75,55,-83,67,-55,79,-43,91,-19,91,3,107,15,91,51,91,59,79,83,0,0,19,103,11,99,-19,99,-35,87,-47,79,-63,55,-67,39,-67,19,-71,7,-75,-3,-67,-19,-63,-39,-51,-39,-51,-47,-35,-59,-15,-59,-3,-59,15,-59,23,-51,23,-43,47,-47,55,-27,51,-15,51,-3,43,0,39,11,43,23,31,43,0,0,0,0,0,0,0,0,0,0,0,0,0,0,-55,-39,-71,-15,-63,23,-55,59,-11,79,19,75,63,63,87,15,87,-35,59,-71,7,-95,-35,-91,-79,-55,-95,0,-95,51,-43,91,7,103,59,79,103,31,103,-23,75,-79,27,-115,-39,-107,-91,-75,-115,-15,-115,51,-67,103,3,127,0,0,115,51,127,-23,99,-71,39,-115,-27,-107,-63,-79,-87,-23,-95,39,-51,83,-7,91,51,79,71,35,95,-11,63,-47,23,-87,-23,-75,-59,-55,-71,-15,-55,19,-35,47,-7,51,27,67,43,39,55,11,51,-19,31,-43,7,-43,-15,-43,0,0,0,0,0,0]"
CSI_DATA,59378,98:4a:6b:31:4a:10,-55,11,-99,22,37,11,621007693,83,0,256,0,"[0,0,0,0,0,0,0,0,21,39,21,39,-4,47,-17,52,-34,47,-47,26,-60,17,-56,-4,-52,-26,-52,-30,-52,-56,-34,-60,-17,-69,0,-78,21,-69,39,-69,60,-52,78,-39,82,-17,86,4,82,13,78,43,69,60,34,82,26,99,8,86,-17,99,-47,91,0,0,-73,43,-95,34,-86,4,-82,-17,-82,-34,-69,-52,-56,-69,-34,-73,-17,-69,4,-78,26,-65,34,-60,43,-47,43,-47,56,-21,60,-4,56,0,52,17,47,30,39,43,34,52,13,56,0,56,-17,47,-26,47,-34,30,-39,30,-56,17,0,0,0,0,0,0,0,0,0,0,0,0,0,0,-34,-65,-47,-52,-73,-8,-73,17,-52,60,-21,78,21,82,56,65,86,30,95,-21,69,-56,30,-91,-17,-95,-69,-78,-95,-34,-99,17,-73,69,-21,104,30,91,73,73,108,26,117,-34,82,-91,17,-117,-39,-112,-95,-73,-121,-8,-125,52,0,0,-8,125,56,108,99,73,117,8,99,-47,56,-82,0,-99,-52,-91,-82,-43,-95,0,-82,47,-39,78,8,82,47,60,73,30,73,-17,60,-39,30,-69,-8,-73,-39,-56,-52,-26,-60,4,-47,34,-17,52,8,52,26,43,39,26,52,4,0,0,0,0,0,0]"
CSI_DATA,59379,98:4a:6b:31:4a:10,-61,11,-99,-36,58,11,621017530,83,0,256,0,"[0,0,0,0,0,0,0,0,20,4,18,12,14,20,8,24,2,26,-6,26,-16,22,-24,18,-30,8,-32,0,-32,-10,-30,-18,-24,-24,-16,-30,-6,-34,4,-36,14,-34,24,-32,34,-24,41,-16,43,-6,41,6,39,18,32,30,24,41,14,45,4,49,-10,49,0,0,-36,34,-41,24,-43,12,-45,-2,-41,-10,-34,-22,-26,-28,-18,-32,-8,-36,0,-36,8,-34,16,-28,22,-24,26,-18,30,-10,30,-2,28,4,26,12,20,20,14,24,8,26,0,28,-6,26,-12,24,-16,18,-20,10,-22,6,-24,-2,0,0,0,0,0,0,0,0,0,0,0,0,0,0,-32,-14,-36,4,-32,20,-22,32,-2,41,18,41,34,28,47,10,45,-12,34,-32,14,-47,-10,-47,-34,-39,-49,-16,-53,8,-41,34,-20,49,8,53,34,47,53,22,57,-6,47,-36,26,-55,-6,-65,-36,-53,-57,-28,-65,4,-55,34,0,0,0,67,32,53,53,32,59,2,51,-26,28,-45,2,-51,-22,-43,-43,-26,-47,-2,-41,20,-22,36,0,41,20,34,32,20,39,2,32,-16,22,-30,4,-34,-12,-32,-24,-22,-30,-6,-26,10,-18,20,-8,26,4,24,14,20,20,10,0,0,0,0,0,0]"
CSI_DATA,59380,98:4a:6b:31:4a:10,-61,11,-99,-37,58,11,621028030,83,0,256,0,"[0,0,0,0,0,0,0,0,-19,-12,-16,-19,-10,-23,-2,-25,6,-27,14,-27,23,-23,29,-14,33,-6,35,2,35,12,31,21,25,29,16,35,8,40,-2,40,-12,40,-23,38,-31,31,-40,23,-46,14,-48,4,-46,-10,-44,-21,-38,-33,-31,-42,-21,-48,-6,-52,0,0,19,-48,29,-42,38,-33,44,-23,46,-10,46,0,42,8,38,16,31,25,23,31,16,35,8,35,0,35,-6,33,-14,29,-23,25,-25,19,-27,12,-31,4,-31,-2,-29,-10,-25,-16,-21,-19,-14,-25,-6,-25,0,-25,6,-25,14,-23,0,0,0,0,0,0,0,0,0,0,0,0,0,0,27,25,38,8,38,-10,29,-29,12,-42,-8,-44,-31,-35,-44,-16,-50,8,-38,31,-16,48,10,52,35,40,50,16,54,-12,40,-38,14,-52,-14,-54,-42,-38,-57,-12,-59,21,-40,48,-8,61,25,59,52,42,67,6,61,-29,40,-57,0,0,-29,-61,-57,-33,-65,-2,-54,29,-29,50,2,54,29,46,46,21,50,-6,40,-29,16,-42,-10,-44,-29,-31,-40,-10,-40,10,-27,29,-8,38,10,35,27,25,33,8,33,-10,23,-25,6,-29,-8,-29,-19,-21,-25,-8,-25,6,-16,16,0,0,0,0,0,0]"
CSI_DATA,59381,98:4a:6b:31:4a:10,-55,11,-99,21,37,11,621038636,83,0,256,0,"[0,0,0,0,0,0,0,0,8,40,0,35,-17,44,-31,44,-44,26,-58,8,-58,-13,-67,-22,-49,-40,-40,-58,-17,-62,4,-75,17,-71,35,-62,58,-49,75,-35,80,-8,80,13,84,35,67,49,53,71,26,84,8,89,-13,89,-31,89,-67,75,-80,53,-93,35,0,0,-102,-26,-84,-53,-71,-71,-49,-84,-31,-84,-4,-84,13,-84,40,-67,53,-58,58,-49,67,-26,67,-8,67,0,67,26,53,40,44,53,22,58,17,58,-4,62,-17,53,-35,58,-40,35,-44,26,-53,13,-53,-4,-49,-22,-40,-31,-31,-40,0,0,0,0,0,0,0,0,0,0,0,0,0,0,-4,-75,-44,-62,-67,-40,-80,-13,-80,31,-58,75,-17,93,26,89,67,67,98,22,93,-26,71,-58,31,-93,-17,-102,-67,-80,-102,-40,-107,17,-84,75,-31,111,17,116,71,93,111,40,120,-13,98,-75,44,-116,-13,-134,-75,-98,-125,-35,0,0,-111,84,-53,111,13,120,67,93,102,58,102,-8,89,-58,44,-84,-17,-98,-53,-75,-84,-35,-84,13,-62,44,-35,80,8,80,44,62,71,35,75,-8,67,-40,31,-58,-4,-67,-31,-58,-44,-26,-62,-4,-49,26,-26,44,-13,49,8,53,0,0,0,0,0,0]"
CSI_DATA,59382,98:4a:6b:31:4a:10,-55,11,-99,22,37,11,621048668,83,0,256,0,"[0,0,0,0,0,0,0,0,39,-17,39,-4,47,4,47,21,43,30,26,43,17,52,4,65,-13,65,-39,65,-52,39,-60,39,-82,21,-78,0,-78,-17,-69,-34,-52,-52,-47,-65,-30,-78,-13,-82,8,-82,30,-78,52,-73,78,-56,86,-34,91,-21,104,4,91,21,0,0,78,60,47,91,34,99,8,86,-17,78,-26,91,-47,69,-52,47,-60,43,-56,21,-78,21,-69,0,-65,-21,-56,-34,-47,-39,-34,-56,-21,-56,-8,-56,4,-60,13,-52,34,-52,39,-34,43,-30,56,-8,47,-4,52,13,47,34,39,34,0,0,0,0,0,0,0,0,0,0,0,0,0,0,-69,17,-52,52,-21,69,21,78,65,56,82,21,86,-17,69,-65,26,-95,-17,-91,-60,-73,-95,-26,-104,34,-69,78,-26,104,34,108,86,69,112,17,108,-47,60,-86,8,-112,-60,-112,-99,-69,-130,4,-104,65,-60,104,0,125,73,108,0,0,125,-13,104,-73,47,-112,-13,-104,-69,-82,-99,-30,-99,30,-69,78,-17,104,30,82,73,52,86,13,78,-39,39,-65,-8,-78,-47,-69,-65,-43,-69,-4,-60,39,-30,65,8,69,30,52,52,26,60,0,43,-34,30,-39,0,-52,-21,-43,0,0,0,0,0,0]"
CSI_DATA,59383,98:4a:6b:31:4a:10,-55,11,-99,23,37,11,621058597,83,0,256,0,"[0,0,0,0,0,0,0,0,25,25,21,37,4,46,-8,50,-16,54,-33,42,-50,29,-63,12,-59,-4,-63,-25,-54,-50,-42,-54,-21,-59,-12,-67,12,-63,29,-63,59,-63,67,-50,80,-33,84,-4,80,12,75,33,63,59,50,80,16,88,4,101,-25,96,-50,96,0,0,-92,50,-75,33,-96,0,-84,-8,-84,-37,-67,-50,-46,-67,-29,-63,-12,-75,4,-67,21,-63,37,-54,50,-46,59,-29,63,-12,59,0,59,8,50,29,33,46,29,50,16,59,4,54,-16,50,-21,50,-33,37,-46,25,-50,12,-46,4,0,0,0,0,0,0,0,0,0,0,0,0,0,0,-37,-59,-54,-37,-63,0,-59,46,-46,59,0,88,42,75,75,63,96,16,84,-25,59,-75,12,-92,-42,-105,-80,-75,-101,-21,-101,37,-71,80,-8,101,46,113,84,63,122,16,113,-42,80,-88,16,-126,-33,-113,-101,-75,-122,-29,-113,46,0,0,-25,134,37,101,101,75,122,29,113,-37,67,-80,8,-101,-46,-92,-75,-59,-96,-16,-84,37,-46,71,-12,88,50,84,67,46,84,4,67,-33,46,-63,0,-75,-21,-63,-54,-50,-67,-16,-50,21,-42,42,-12,54,12,54,25,33,42,16,0,0,0,0,0,0]"
CSI_DATA,59384,98:4a:6b:31:4a:10,-61,11,-99,-38,58,11,621069027,83,0,256,0,"[0,0,0,0,0,0,0,0,17,13,15,19,8,21,2,26,-6,28,-15,28,-21,21,-28,15,-32,8,-34,-2,-32,-8,-30,-19,-26,-28,-17,-34,-10,-39,-2,-41,8,-43,15,-36,23,-32,34,-28,41,-19,45,-10,43,0,47,10,41,23,36,32,28,41,15,47,0,0,-6,50,-15,47,-26,41,-32,32,-39,23,-41,15,-43,4,-41,-4,-34,-13,-32,-21,-26,-26,-19,-28,-13,-30,-6,-32,4,-30,8,-32,13,-28,19,-23,23,-17,28,-10,28,-2,28,2,26,6,21,15,17,19,10,21,8,23,0,26,0,0,0,0,0,0,0,0,0,0,0,0,0,0,-26,-26,-36,-10,-39,6,-28,26,-13,39,8,43,30,32,45,15,47,-10,36,-34,13,-45,-10,-50,-34,-39,-50,-15,-47,13,-34,39,-8,54,19,52,45,34,58,4,54,-28,30,-52,-4,-60,-34,-52,-58,-28,-67,6,-54,39,-26,60,0,0,41,47,60,17,60,-15,43,-43,10,-56,-19,-52,-41,-32,-50,-4,-41,21,-23,39,0,45,23,36,36,19,41,-4,30,-23,13,-36,-6,-36,-23,-28,-34,-8,-32,8,-23,23,-6,30,8,30,19,19,23,8,23,-4,19,-17,8,-23,0,0,0,0,0,0]"
CSI_DATA,59385,98:4a:6b:31:4a:10,-55,11,-99,23,37,11,621078641,83,0,256,0,"[0,0,0,0,0,0,0,0,25,37,16,46,0,46,-12,54,-29,50,-42,33,-54,16,-59,0,-59,-21,-59,-29,-46,-46,-29,-54,-25,-71,0,-63,21,-71,37,-71,63,-54,71,-46,84,-16,84,-4,88,21,75,37,71,59,50,84,25,92,8,92,-12,105,-42,96,0,0,-88,54,-80,25,-88,-4,-84,-8,-71,-29,-71,-54,-50,-67,-37,-71,-21,-75,0,-67,12,-59,33,-59,46,-54,59,-42,59,-29,67,-4,59,4,50,21,46,29,33,42,29,50,12,54,-4,54,-8,50,-21,42,-33,29,-46,21,-50,12,0,0,0,0,0,0,0,0,0,0,0,0,0,0,-25,-59,-54,-42,-75,-4,-71,33,-50,63,-21,88,29,92,71,67,92,33,92,-16,71,-71,29,-96,-25,-96,-84,-75,-101,-21,-105,29,-75,80,-25,109,33,109,84,80,122,21,109,-42,80,-92,33,-122,-42,-113,-101,-80,-130,-16,-122,54,0,0,-16,130,59,118,92,75,113,21,101,-42,67,-88,21,-101,-46,-84,-84,-54,-96,0,-84,46,-42,80,-4,84,50,71,67,42,75,0,63,-37,37,-67,8,-75,-37,-50,-59,-37,-63,8,-50,29,-21,50,-4,54,29,42,37,33,42,8,0,0,0,0,0,0]"
CSI_DATA,59386,98:4a:6b:31:4a:10,-55,11,-99,24,37,11,621088904,83,0,256,0,"[0,0,0,0,0,0,0,0,-40,-16,-36,-20,-24,-45,-12,-49,16,-49,24,-53,49,-45,53,-20,65,-12,61,16,65,32,45,57,36,69,16,77,0,73,-32,73,-45,61,-73,53,-77,32,-86,4,-86,-12,-90,-28,-65,-53,-45,-86,-28,-90,4,-94,28,-94,53,-77,0,0,94,-40,90,-16,98,4,86,32,69,53,57,69,28,73,8,77,-8,73,-28,65,-40,53,-49,36,-65,32,-65,12,-65,-4,-57,-20,-49,-32,-40,-49,-24,-49,-4,-57,8,-49,24,-49,36,-45,45,-32,49,-16,49,0,40,16,40,16,0,0,0,0,0,0,0,0,0,0,0,0,0,0,65,32,73,0,65,-32,49,-53,12,-86,-20,-86,-53,-69,-86,-36,-98,4,-90,53,-45,81,-4,98,49,90,86,61,102,4,98,-40,65,-90,8,-114,-40,-102,-86,-65,-114,-12,-106,45,-73,86,-24,118,36,118,94,81,131,32,131,-28,0,0,45,-118,-28,-122,-77,-98,-106,-36,-106,20,-73,65,-36,90,12,90,61,77,90,36,90,-8,69,-49,28,-73,-16,-77,-57,-61,-65,-28,-73,8,-57,32,-32,73,-4,69,36,61,57,36,57,4,57,-24,32,-40,20,-49,-8,-49,-32,-36,0,0,0,0,0,0]"
CSI_DATA,59387,98:4a:6b:31:4a:10,-55,11,-99,19,37,11,621107008,83,0,256,0,"[0,0,0,0,0,0,0,0,23,23,33,37,18,56,4,56,-14,56,-33,66,-42,47,-52,28,-61,28,-70,4,-70,-9,-66,-37,-61,-47,-42,-56,-42,-75,-23,-80,0,-85,14,-80,33,-80,47,-75,70,-66,85,-52,99,-33,104,-4,113,14,99,23,94,56,75,75,0,0,42,104,18,108,-14,104,-23,89,-42,80,-66,66,-70,52,-75,42,-80,18,-80,9,-75,-9,-75,-28,-56,-33,-52,-47,-37,-61,-18,-61,-14,-70,4,-66,14,-56,28,-56,33,-52,47,-42,56,-28,56,-14,56,-4,52,0,52,23,42,33,0,0,0,0,0,0,0,0,0,0,0,0,0,0,-47,-52,-70,-23,-70,18,-61,52,-23,80,23,85,70,66,94,18,89,-23,61,-66,9,-89,-33,-94,-80,-56,-104,4,-89,47,-42,99,4,104,70,89,108,37,113,-23,80,-85,28,-118,-33,-118,-104,-75,-127,-9,-113,70,-70,123,14,132,0,0,118,56,123,-28,89,-85,37,-113,-37,-108,-85,-66,-104,-9,-94,37,-42,85,4,94,56,70,80,23,75,-18,56,-56,9,-75,-28,-70,-61,-47,-70,0,-66,42,-37,56,0,66,28,56,56,23,61,-4,47,-33,23,-42,0,-47,-23,-42,0,0,0,0,0,0]"
CSI_DATA,59388,98:4a:6b:31:4a:10,-55,11,-99,20,37,11,621122907,83,0,256,0,"[0,0,0,0,0,0,0,0,27,41,22,50,0,50,-18,50,-22,45,-41,45,-59,32,-59,4,-68,-13,-64,-32,-50,-45,-45,-59,-22,-78,0,-78,13,-73,32,-78,50,-59,68,-50,87,-27,96,-13,101,0,87,36,73,55,64,73,41,96,27,101,-13,101,-32,101,0,0,-78,78,-82,55,-105,13,-101,0,-87,-18,-82,-41,-68,-50,-59,-59,-36,-73,-22,-73,9,-68,22,-64,36,-64,41,-55,64,-41,68,-22,68,-9,59,9,55,22,50,36,41,55,22,59,9,55,0,59,-9,50,-27,36,-41,36,-45,22,0,0,0,0,0,0,0,0,0,0,0,0,0,0,-36,-59,-64,-36,-73,0,-73,32,-50,73,-13,82,36,87,73,64,91,13,91,-32,64,-73,18,-101,-36,-96,-78,-64,-101,-13,-96,45,-64,87,-9,101,45,101,87,59,124,4,101,-55,64,-91,0,-124,-59,-105,-110,-55,-133,0,-101,73,0,0,9,124,73,96,110,41,119,-9,91,-68,41,-96,-13,-91,-55,-73,-91,-27,-87,22,-64,68,-18,87,32,78,59,55,73,13,73,-32,45,-59,13,-78,-27,-64,-50,-45,-68,-18,-55,18,-41,45,-9,64,13,59,36,41,45,13,45,-9,0,0,0,0,0,0]"
CSI_DATA,59389,98:4a:6b:31:4a:10,-55,11,-99,21,37,11,621137111,83,0,256,0,"[0,0,0,0,0,0,0,0,-35,-22,-31,-35,-22,-49,-13,-44,0,-53,22,-58,35,-53,53,-35,58,-22,71,-8,58,8,62,26,53,49,40,62,40,75,22,75,4,80,-22,80,-44,71,-53,62,-75,49,-89,35,-93,17,-98,0,-93,-13,-89,-49,-71,-67,-49,-80,0,0,-8,-98,17,-93,35,-98,44,-80,62,-71,75,-44,80,-40,80,-13,80,8,75,8,62,35,53,44,44,49,31,58,13,67,0,67,-8,67,-26,53,-35,49,-40,49,-53,31,-58,22,-58,4,-58,-8,-49,-22,-40,-31,-40,-44,-17,-49,0,0,0,0,0,0,0,0,0,0,0,0,0,0,53,53,67,8,71,-31,58,-53,26,-75,-22,-80,-67,-67,-84,-17,-89,31,-62,67,-17,84,35,93,80,62,98,13,89,-49,49,-84,-4,-111,-53,-89,-107,-49,-102,13,-93,71,-40,116,22,116,89,89,129,26,120,-40,80,-107,17,-125,0,0,-107,-67,-116,0,-98,58,-58,98,4,116,62,89,89,31,93,-13,62,-62,22,-80,-31,-84,-67,-53,-80,-8,-71,35,-44,67,0,71,40,71,71,31,71,0,58,-35,31,-62,-4,-67,-35,-58,-53,-22,-49,4,-35,22,-26,44,0,49,0,0,0,0,0,0]"
CSI_DATA,59390,98:4a:6b:31:4a:10,-61,11,-99,-37,58,11,621166297,83,0,256,0,"[0,0,0,0,0,0,0,0,21,0,21,10,19,16,12,21,6,25,-4,31,-10,29,-19,25,-23,19,-29,14,-33,4,-33,-2,-35,-14,-31,-21,-25,-29,-19,-38,-14,-40,0,-44,10,-40,19,-35,35,-31,40,-25,46,-16,50,0,48,6,48,12,42,27,31,38,0,0,10,50,-4,48,-10,52,-19,42,-27,31,-31,25,-35,16,-38,10,-38,0,-35,-10,-35,-14,-27,-21,-25,-27,-16,-29,-8,-31,0,-31,6,-31,12,-29,16,-23,23,-21,25,-12,27,-4,27,0,27,8,23,12,16,19,12,23,6,25,0,0,0,0,0,0,0,0,0,0,0,0,0,0,-38,-12,-40,8,-29,27,-16,38,6,40,27,35,42,19,46,-6,40,-29,21,-44,-6,-50,-27,-42,-48,-21,-52,8,-42,35,-16,52,10,54,42,35,57,12,54,-14,42,-44,8,-61,-19,-54,-54,-31,-67,-2,-59,29,-35,59,-4,67,0,0,57,33,61,-6,52,-33,23,-52,-8,-59,-33,-46,-50,-21,-48,10,-33,33,-8,44,12,42,38,27,44,4,40,-16,21,-33,0,-38,-19,-33,-29,-19,-33,0,-27,19,-14,29,0,33,14,25,25,14,27,-2,23,-10,10,-21,0,-23,0,0,0,0,0,0]"
CSI_DATA,59391,98:4a:6b:31:4a:10,-61,11,-99,-35,58,11,621181073,83,0,256,0,"[0,0,0,0,0,0,0,0,17,1,19,7,19,13,13,19,3,27,-7,27,-11,23,-25,23,-27,13,-31,3,-31,-1,-27,-17,-29,-21,-21,-27,-11,-33,0,-39,11,-41,17,-33,27,-33,37,-19,41,-11,47,1,45,15,45,23,31,27,23,43,15,45,3,47,0,0,-27,37,-35,33,-45,17,-41,7,-45,0,-37,-15,-33,-19,-23,-31,-13,-35,-11,-35,-1,-33,1,-33,13,-33,19,-27,25,-17,29,-11,29,-3,33,5,27,13,23,19,17,21,7,23,1,23,-1,25,-9,21,-17,17,-17,15,-25,7,0,0,0,0,0,0,0,0,0,0,0,0,0,0,-33,-7,-37,5,-29,23,-17,39,1,37,23,39,37,23,51,3,45,-17,29,-39,5,-45,-15,-47,-35,-31,-49,-9,-43,17,-29,39,-7,59,13,45,41,41,55,9,51,-19,37,-41,9,-53,-13,-59,-45,-37,-61,-11,-65,21,-47,43,0,0,19,61,35,43,63,15,49,-11,45,-39,13,-45,-11,-47,-31,-35,-47,-13,-41,7,-29,33,-7,41,13,37,33,29,35,5,37,-11,25,-23,7,-39,-7,-33,-21,-23,-31,-13,-31,5,-21,17,-9,21,1,29,13,21,19,13,23,1,0,0,0,0,0,0]"
CSI_DATA,59392,98:4a:6b:31:4a:10,-55,11,-99,20,37,11,621191434,83,0,256,0,"[0,0,0,0,0,0,0,0,27,-36,36,-22,50,-13,55,4,50,18,50,32,32,55,18,59,9,68,-13,68,-27,68,-45,55,-64,45,-73,36,-78,9,-78,-9,-82,-27,-78,-45,-64,-68,-45,-78,-22,-91,0,-96,22,-96,41,-96,64,-78,73,-68,96,-36,101,-18,0,0,105,41,91,55,68,64,50,73,27,91,18,87,-4,87,-32,82,-41,68,-55,64,-59,45,-73,27,-68,9,-64,-13,-59,-18,-68,-45,-45,-45,-36,-45,-18,-64,-9,-59,9,-55,22,-55,32,-50,36,-36,41,-22,50,-13,55,0,55,13,0,0,0,0,0,0,0,0,0,0,0,0,0,0,-59,41,-27,64,13,73,50,59,68,27,91,-4,73,-55,36,-87,-9,-91,-59,-73,-82,-41,-96,13,-78,64,-27,91,18,96,68,82,101,27,110,-27,73,-91,22,-101,-41,-110,-87,-68,-119,-18,-105,50,-59,105,4,128,64,110,119,64,0,0,96,-55,50,-119,-4,-119,-78,-87,-101,-45,-110,22,-73,64,-32,96,32,91,68,55,87,18,87,-32,50,-64,4,-78,-32,-68,-59,-41,-73,-4,-64,41,-36,59,0,68,45,64,50,27,55,0,50,-32,22,-45,4,-55,-22,-45,-36,-22,0,0,0,0,0,0]"
CSI_DATA,59393,98:4a:6b:31:4a:10,-61,11,-99,-37,58,11,621204049,83,0,256,0,"[0,0,0,0,0,0,0,0,4,21,-2,23,-8,23,-14,21,-25,14,-29,6,-31,-2,-29,-12,-27,-21,-19,-31,-12,-33,0,-38,10,-38,21,-33,29,-27,35,-19,42,-8,40,0,42,10,40,25,31,33,25,40,12,44,-2,48,-16,46,-27,42,-38,35,-46,25,0,0,-50,-4,-48,-16,-44,-29,-31,-35,-23,-42,-8,-44,-2,-44,8,-42,16,-33,23,-29,31,-23,35,-10,33,-4,35,4,31,12,27,21,21,25,12,29,6,31,-2,31,-10,27,-16,25,-21,16,-27,8,-27,2,-25,-4,-25,-10,-21,-16,0,0,0,0,0,0,0,0,0,0,0,0,0,0,-4,-35,-21,-31,-35,-19,-40,0,-38,19,-25,35,-6,46,16,44,38,31,48,8,46,-14,35,-38,14,-50,-12,-50,-35,-35,-52,-12,-52,14,-40,38,-14,54,16,57,40,40,59,12,57,-21,44,-46,12,-65,-19,-63,-46,-46,-65,-16,0,0,-44,48,-16,61,14,59,44,42,52,12,50,-14,35,-38,10,-48,-16,-48,-35,-29,-42,-8,-42,14,-29,31,-8,40,14,38,29,25,40,8,35,-12,23,-29,6,-35,-10,-31,-21,-23,-31,-8,-29,2,-21,16,-8,25,2,27,10,19,0,0,0,0,0,0]"
CSI_DATA,59394,98:4a:6b:31:4a:10,-55,11,-99,22,37,11,621213933,83,0,256,0,"[0,0,0,0,0,0,0,0,47,8,43,21,30,34,30,43,8,47,-4,73,-21,56,-43,56,-47,47,-65,30,-73,8,-78,-4,-69,-17,-65,-30,-56,-56,-43,-65,-26,-78,-8,-91,13,-86,34,-86,52,-82,69,-69,86,-52,95,-26,108,4,104,21,104,34,82,60,0,0,47,95,13,104,-8,104,-26,91,-47,78,-65,69,-78,52,-78,30,-86,17,-82,4,-73,-13,-69,-30,-56,-43,-43,-52,-30,-60,-17,-69,-8,-65,13,-60,21,-56,34,-47,47,-43,56,-26,60,-17,60,-4,47,13,47,21,39,39,30,52,0,0,0,0,0,0,0,0,0,0,0,0,0,0,-73,-26,-73,17,-52,56,-30,69,17,78,52,69,86,34,86,-17,73,-56,30,-86,-21,-86,-69,-73,-104,-26,-95,34,-69,73,-26,104,39,108,91,60,108,4,95,-52,65,-91,-4,-125,-65,-99,-117,-56,-117,17,-99,78,-43,121,26,130,0,0,121,34,125,-39,78,-91,8,-112,-39,-104,-82,-65,-108,-17,-91,47,-56,91,0,86,52,73,86,39,86,-13,65,-60,26,-78,-21,-78,-60,-52,-73,-17,-69,21,-52,52,-8,65,26,73,43,39,60,13,60,-17,34,-39,8,-52,-13,-47,0,0,0,0,0,0]"
CSI_DATA,59395,98:4a:6b:31:4a:10,-55,11,-99,25,37,11,621224765,83,0,256,0,"[0,0,0,0,0,0,0,0,-35,-15,-43,-35,-27,-39,-11,-51,-3,-51,19,-55,39,-47,47,-31,55,-23,71,-3,63,11,67,31,55,51,43,71,15,67,3,79,-23,75,-35,71,-55,63,-75,47,-87,31,-91,0,-95,-19,-83,-43,-79,-67,-63,-87,-43,-87,0,-103,0,0,43,-103,67,-83,79,-59,87,-31,87,-7,95,11,83,23,63,55,55,63,31,59,19,67,0,71,-3,71,-27,55,-39,59,-55,43,-51,27,-63,11,-59,-7,-51,-23,-47,-35,-39,-39,-27,-47,-15,-55,0,-51,15,-55,27,-43,43,-35,0,0,0,0,0,0,0,0,0,0,0,0,0,0,59,35,71,3,63,-27,43,-67,7,-75,-27,-79,-63,-59,-95,-15,-87,23,-67,71,-19,95,31,91,79,67,103,27,99,-27,71,-71,23,-99,-31,-103,-79,-63,-107,-11,-99,43,-71,87,-19,119,51,111,95,67,119,7,115,-39,67,-103,0,0,-51,-111,-95,-67,-123,-7,-95,43,-59,95,3,111,47,87,79,47,103,3,79,-43,43,-75,-7,-87,-51,-67,-67,-31,-79,11,-63,51,-31,67,7,71,31,55,71,31,63,0,47,-31,31,-59,0,-63,-35,-47,-43,-31,-51,-3,-47,11,0,0,0,0,0,0]"
CSI_DATA,59396,98:4a:6b:31:4a:10,-61,11,-99,-38,58,11,621234864,83,0,256,0,"[0,0,0,0,0,0,0,0,19,-6,26,0,28,4,19,8,21,19,8,23,0,28,-10,28,-17,21,-21,21,-30,13,-36,2,-32,-2,-26,-21,-26,-30,-19,-36,-15,-39,6,-47,13,-41,26,-39,32,-26,39,-19,50,-8,43,13,45,17,36,30,28,41,15,47,0,0,-15,52,-28,39,-39,36,-45,17,-43,15,-45,2,-41,-13,-34,-23,-26,-26,-19,-32,-6,-32,2,-36,8,-39,13,-32,23,-26,23,-15,28,-13,23,-2,26,4,23,15,21,17,19,26,4,30,-2,30,-8,26,-13,17,-17,17,-23,6,0,0,0,0,0,0,0,0,0,0,0,0,0,0,-36,8,-30,26,-13,34,0,36,26,32,36,19,50,2,43,-15,26,-43,15,-47,-15,-45,-43,-34,-41,-10,-54,10,-39,32,-19,50,4,54,39,36,50,17,58,-13,41,-36,19,-60,-4,-60,-41,-50,-60,-28,-67,6,-56,39,-28,63,0,0,32,63,52,23,58,6,47,-32,28,-41,-2,-54,-28,-50,-43,-28,-50,0,-43,23,-26,41,2,45,21,36,34,21,39,0,30,-17,21,-36,4,-39,-13,-32,-30,-23,-32,-10,-28,10,-23,26,-6,30,4,28,17,19,26,13,23,0,0,0,0,0,0,0]"
CSI_DATA,59397,98:4a:6b:31:4a:10,-61,11,-99,-42,59,11,621244677,83,0,256,0,"[0,0,0,0,0,0,0,0,19,-8,23,-2,23,4,23,13,19,19,15,26,4,32,-2,30,-13,30,-19,26,-28,21,-32,13,-36,4,-36,-4,-36,-15,-32,-23,-26,-32,-17,-39,-6,-41,2,-41,13,-43,23,-39,32,-34,43,-23,50,-13,50,-2,50,10,45,23,0,0,30,43,15,47,4,50,-4,47,-17,43,-26,36,-32,30,-34,19,-36,10,-36,2,-34,-6,-34,-13,-28,-21,-23,-26,-15,-28,-10,-32,0,-30,6,-30,13,-26,19,-23,23,-17,28,-10,28,-4,28,2,26,8,21,15,17,21,8,23,0,0,0,0,0,0,0,0,0,0,0,0,0,0,-36,8,-30,26,-13,36,6,39,26,32,41,17,45,-6,39,-26,19,-43,-4,-47,-30,-41,-47,-21,-52,6,-41,32,-19,50,8,54,34,43,54,17,56,-13,41,-39,17,-58,-17,-60,-45,-43,-63,-13,-60,19,-43,52,-8,67,26,60,0,0,67,10,58,-26,36,-50,6,-58,-23,-52,-45,-30,-54,-2,-43,26,-23,43,2,47,26,39,41,17,43,-6,34,-26,13,-36,-8,-39,-26,-28,-34,-10,-34,8,-26,23,-10,32,6,34,21,23,28,10,28,-4,21,-15,10,-23,-2,-23,0,0,0,0,0,0]"
CSI_DATA,59398,98:4a:6b:31:4a:10,-55,11,-99,23,37,11,621255164,83,0,256,0,"[0,0,0,0,0,0,0,0,-37,16,-50,8,-50,-8,-42,-29,-42,-33,-29,-46,-12,-54,-8,-63,16,-67,29,-54,42,-46,59,-42,71,-29,67,-16,71,0,67,21,71,42,54,54,50,71,29,75,4,84,-8,96,-21,88,-46,84,-59,71,-80,59,-88,54,-92,21,0,0,-105,-25,-88,-46,-75,-63,-63,-67,-46,-80,-29,-84,-8,-80,8,-80,21,-75,42,-67,50,-59,54,-42,67,-29,67,-29,67,-8,67,12,54,21,50,33,50,42,37,46,25,54,8,54,0,54,-12,54,-21,50,-33,29,-42,25,-46,12,0,0,0,0,0,0,0,0,0,0,0,0,0,0,71,-12,59,-46,21,-75,-12,-75,-54,-67,-80,-29,-88,21,-63,71,-16,88,25,92,71,59,92,16,96,-37,63,-84,12,-96,-46,-92,-92,-54,-109,4,-88,75,-37,101,25,109,84,80,109,29,109,-42,80,-101,8,-126,-54,-113,-113,-54,0,0,-113,75,-50,109,21,118,80,80,109,25,101,-29,63,-80,12,-96,-42,-84,-80,-46,-92,4,-67,50,-29,75,21,84,59,54,80,16,75,-16,46,-67,0,-67,-29,-63,-59,-37,-63,0,-46,25,-33,50,0,54,33,50,42,21,50,0,0,0,0,0,0,0]"
CSI_DATA,59399,98:4a:6b:31:4a:10,-55,11,-99,22,37,11,621265052,83,0,256,0,"[0,0,0,0,0,0,0,0,-17,-47,-8,-47,8,-52,21,-43,39,-39,56,-34,56,-17,56,4,65,13,56,34,47,47,43,60,26,73,0,82,-17,78,-34,69,-56,60,-69,47,-86,21,-82,13,-86,-8,-82,-26,-82,-47,-65,-73,-43,-91,-26,-86,4,-104,13,-125,0,0,78,-78,78,-52,91,-34,95,-13,82,4,86,26,73,34,56,56,52,65,30,73,13,73,-4,69,-26,73,-30,60,-43,52,-56,34,-56,21,-65,8,-60,-4,-56,-21,-56,-30,-34,-47,-30,-43,-13,-56,0,-47,13,-43,21,-39,30,-39,0,0,0,0,0,0,0,0,0,0,0,0,0,0,30,73,60,52,73,21,73,-13,60,-56,30,-78,-21,-86,-56,-69,-86,-30,-91,21,-69,65,-26,99,26,95,69,73,99,21,108,-34,69,-82,17,-99,-47,-99,-91,-69,-104,-4,-99,52,-65,104,0,121,65,104,112,60,125,-4,99,-65,0,0,-26,-112,-78,-99,-112,-34,-108,26,-82,78,-26,104,26,95,82,65,99,8,91,-30,60,-73,4,-86,-34,-69,-65,-39,-78,4,-69,39,-30,60,0,78,34,60,60,26,69,0,52,-30,26,-52,-4,-60,-26,-52,-52,-21,-56,4,-43,21,0,0,0,0,0,0]"
CSI_DATA,59400,98:4a:6b:31:4a:10,-55,11,-99,23,37,11,621277491,83,0,256,0,"[0,0,0,0,0,0,0,0,-42,-8,-50,-16,-29,-33,-21,-33,-8,-50,4,-50,25,-59,42,-37,59,-21,63,-4,67,12,59,21,59,46,37,54,33,67,12,67,-8,71,-37,71,-54,63,-67,50,-84,33,-96,12,-96,-4,-75,-42,-71,-50,-54,-80,-29,-92,0,-96,0,0,59,-71,50,-71,80,-50,84,-21,88,-4,84,16,71,37,54,46,46,59,25,71,12,80,-4,67,-21,59,-46,50,-46,46,-50,29,-63,12,-59,0,-54,-21,-46,-29,-37,-37,-29,-46,-12,-46,8,-46,16,-42,25,-42,42,-29,46,-16,0,0,0,0,0,0,0,0,0,0,0,0,0,0,63,21,71,-12,54,-42,25,-75,0,-88,-46,-71,-75,-59,-84,-8,-84,37,-54,67,-12,96,46,88,75,59,109,16,88,-46,54,-80,16,-101,-37,-96,-88,-67,-105,-16,-92,46,-59,88,-16,113,46,118,101,75,130,21,126,-54,67,-105,0,0,-46,-126,-105,-75,-118,-25,-105,29,-75,92,-21,96,37,84,84,63,84,16,80,-33,59,-75,4,-84,-37,-75,-67,-42,-80,-12,-80,33,-50,54,0,71,16,63,46,37,63,12,59,-16,42,-46,16,-54,-8,-46,-37,-46,-46,-25,-50,8,0,0,0,0,0,0]"
CSI_DATA,59401,98:4a:6b:31:4a:10,-55,11,-99,22,37,11,621288206,83,0,256,0,"[0,0,0,0,0,0,0,0,17,43,0,52,-13,52,-30,39,-39,43,-65,21,-56,8,-65,-8,-60,-26,-56,-43,-39,-60,-30,-65,-4,-78,8,-82,30,-69,39,-65,73,-47,73,-34,82,-13,86,4,86,21,82,47,78,56,52,82,34,95,17,95,-4,99,-30,95,0,0,-78,69,-91,43,-99,21,-104,-4,-78,-17,-78,-39,-65,-52,-56,-60,-34,-73,-17,-73,0,-73,13,-69,30,-69,34,-65,56,-39,60,-34,60,-17,65,-4,65,8,56,21,52,30,39,47,26,52,13,52,-4,56,-13,47,-26,47,-34,34,0,0,0,0,0,0,0,0,0,0,0,0,0,0,-8,-73,-39,-56,-69,-39,-78,0,-65,52,-39,73,0,86,43,78,82,43,95,0,82,-47,39,-86,-13,-99,-65,-82,-91,-34,-99,21,-73,73,-34,104,30,112,78,78,108,26,112,-47,73,-91,26,-121,-52,-112,-99,-73,-125,-8,-112,52,0,0,4,130,65,99,95,52,117,-8,82,-60,39,-99,-21,-95,-60,-78,-95,-26,-86,30,-60,73,-17,86,34,86,65,43,86,8,73,-34,47,-60,4,-78,-34,-56,-60,-30,-69,-4,-52,34,-30,56,0,56,30,43,43,26,43,0,43,-17,0,0,0,0,0,0]"
CSI_DATA,59402,98:4a:6b:31:4a:10,-55,11,-99,22,37,11,621298067,83,0,256,0,"[0,0,0,0,0,0,0,0,21,-34,43,-26,39,-17,39,-8,47,17,47,30,34,47,21,56,-4,60,-8,65,-30,56,-43,52,-60,39,-73,8,-73,8,-82,-21,-73,-43,-43,-56,-34,-69,-21,-82,13,-104,17,-99,39,-73,69,-73,82,-43,86,-17,95,-8,91,26,0,0,65,73,43,82,34,99,-4,91,-17,78,-52,78,-56,65,-60,43,-78,30,-73,8,-69,0,-60,-13,-52,-30,-43,-43,-30,-60,-17,-60,-4,-56,13,-69,21,-52,30,-47,39,-34,52,-21,56,-4,56,17,43,26,39,30,21,47,8,47,0,0,0,0,0,0,0,0,0,0,0,0,0,0,-52,52,-21,69,13,78,52,65,78,30,91,0,78,-34,43,-73,-4,-95,-47,-86,-82,-43,-99,-4,-86,39,-56,82,-8,91,47,95,91,65,104,0,99,-56,56,-95,-8,-104,-52,-86,-95,-56,-130,8,-99,73,-56,104,8,130,73,104,0,0,134,4,112,-69,56,-104,0,-117,-60,-91,-86,-43,-99,4,-86,65,-34,91,0,95,47,65,82,26,91,-13,69,-65,17,-78,-17,-73,-47,-65,-69,-17,-65,21,-47,52,-13,69,4,65,26,47,47,30,56,-4,43,-30,26,-43,8,-43,0,0,0,0,0,0]"
CSI_DATA,59403,98:4a:6b:31:4a:10,-55,11,-99,22,37,11,621308052,83,0,256,0,"[0,0,0,0,0,0,0,0,-30,-34,-13,-47,-4,-47,17,-52,30,-56,47,-47,52,-30,56,-17,65,0,65,13,60,30,52,56,39,56,21,73,13,82,-8,78,-26,73,-56,65,-65,52,-82,47,-91,17,-104,8,-99,-17,-86,-43,-78,-60,-60,-82,-39,-104,-26,-95,0,0,30,-104,47,-86,69,-78,82,-56,82,-34,86,-17,95,0,78,17,73,43,56,47,52,56,39,65,17,78,0,69,-21,69,-26,65,-34,47,-47,52,-56,30,-56,17,-60,13,-60,-8,-56,-17,-47,-30,-30,-39,-26,-52,-13,-60,-4,-56,0,0,0,0,0,0,0,0,0,0,0,0,0,0,30,60,65,39,73,4,69,-34,47,-73,4,-86,-43,-86,-78,-52,-82,0,-78,47,-56,86,-4,95,56,86,91,39,95,-4,86,-60,30,-99,-21,-104,-78,-78,-108,-34,-112,30,-73,86,-21,121,60,121,99,73,121,8,121,-60,60,-95,0,0,-69,-108,-99,-52,-121,13,-91,69,-30,117,34,104,78,73,95,21,104,-34,56,-78,8,-95,-47,-78,-82,-39,-86,8,-69,52,-34,69,4,78,47,60,65,26,60,-4,52,-47,17,-65,-17,-56,-43,-43,-52,-17,-52,13,-39,39,-13,52,0,0,0,0,0,0]"
CSI_DATA,59404,98:4a:6b:31:4a:10,-55,11,-99,21,37,11,621317957,83,0,256,0,"[0,0,0,0,0,0,0,0,35,-22,44,-8,53,0,49,8,44,35,26,53,13,67,-8,62,-17,62,-35,49,-58,44,-67,22,-71,17,-75,0,-75,-26,-62,-44,-53,-62,-35,-71,-17,-89,0,-84,22,-89,53,-71,75,-67,89,-53,93,-22,107,0,98,22,80,40,0,0,53,98,26,98,13,93,-13,89,-31,75,-53,75,-62,58,-75,31,-75,17,-75,0,-75,-17,-62,-31,-53,-49,-40,-53,-22,-67,-8,-58,4,-67,13,-58,26,-58,44,-44,44,-31,53,-8,53,4,53,13,44,26,44,31,26,49,13,49,0,0,0,0,0,0,0,0,0,0,0,0,0,0,-67,17,-53,58,-17,75,22,75,53,58,75,22,89,-8,71,-58,31,-89,-13,-89,-62,-75,-93,-44,-93,8,-75,67,-40,93,17,107,62,80,102,31,102,-26,80,-71,26,-107,-35,-111,-80,-84,-116,-22,-116,40,-84,107,-17,125,44,120,0,0,116,31,116,-53,62,-93,22,-111,-40,-98,-75,-71,-102,-8,-89,40,-44,80,0,93,49,75,67,40,84,-4,62,-44,35,-80,-8,-80,-44,-71,-62,-31,-71,8,-53,44,-22,62,8,67,31,49,62,22,49,0,44,-22,26,-35,4,-49,0,0,0,0,0,0]"
CSI_DATA,59405,98:4a:6b:31:4a:10,-55,11,-99,22,37,11,621328136,83,0,256,0,"[0,0,0,0,0,0,0,0,-39,30,-30,26,-47,8,-52,0,-60,-17,-52,-30,-39,-39,-26,-65,-13,-65,13,-65,21,-65,39,-60,52,-56,65,-39,78,-26,78,-8,91,13,78,34,78,47,65,73,47,78,34,86,4,95,-13,104,-30,95,-56,78,-69,69,-99,47,0,0,-99,8,-104,-4,-86,-26,-78,-56,-65,-69,-47,-73,-30,-78,-8,-78,4,-78,17,-69,30,-65,39,-56,47,-56,56,-30,69,-17,65,-13,60,8,60,21,52,34,39,43,26,52,17,56,8,56,-8,52,-26,47,-21,52,-34,34,-47,21,0,0,0,0,0,0,0,0,0,0,0,0,0,0,56,-43,39,-60,-8,-82,-47,-65,-69,-26,-86,8,-69,56,-34,91,17,91,56,73,91,30,95,-26,65,-73,26,-91,-30,-95,-82,-65,-108,-8,-104,47,-60,99,4,117,65,99,108,43,121,-13,95,-73,30,-108,-30,-117,-86,-82,-121,-17,0,0,-73,108,-13,121,60,95,95,47,121,-4,78,-60,39,-86,-13,-95,-73,-69,-82,-17,-82,34,-47,69,-8,78,39,60,69,34,86,-4,65,-43,26,-69,-13,-69,-43,-56,-65,-17,-60,13,-43,39,-21,47,13,56,39,34,39,13,43,-13,0,0,0,0,0,0]"
CSI_DATA,59406,98:4a:6b:31:4a:10,-61,11,-99,-37,58,11,621338423,83,0,256,0,"[0,0,0,0,0,0,0,0,6,21,0,25,-8,25,-14,23,-21,19,-25,10,-29,2,-31,-6,-27,-16,-25,-23,-16,-31,-10,-33,-2,-38,8,-35,16,-33,25,-27,33,-21,40,-12,44,-4,44,8,40,16,35,27,29,35,19,44,8,48,-4,50,-14,48,-27,44,0,0,-42,27,-46,12,-48,0,-46,-10,-40,-19,-33,-25,-25,-31,-16,-35,-8,-38,0,-38,10,-35,16,-31,21,-25,25,-21,29,-14,31,-6,31,0,29,8,27,12,23,21,14,25,8,27,4,27,-4,25,-10,25,-14,21,-21,16,-23,8,0,0,0,0,0,0,0,0,0,0,0,0,0,0,-2,-35,-21,-31,-35,-19,-42,2,-35,21,-21,40,-2,46,23,44,40,27,48,4,46,-25,27,-44,0,-52,-27,-46,-46,-27,-54,0,-48,29,-23,50,6,59,35,48,54,23,63,-8,48,-40,21,-61,-12,-63,-44,-48,-63,-16,-67,16,0,0,-16,65,19,61,46,44,59,12,54,-19,33,-42,6,-52,-21,-46,-42,-29,-50,-2,-42,23,-21,38,4,42,23,33,38,14,42,-4,31,-23,14,-35,-6,-35,-21,-27,-31,-14,-31,2,-23,19,-10,27,2,29,16,21,21,12,23,0,0,0,0,0,0,0]"
CSI_DATA,59407,98:4a:6b:31:4a:10,-55,11,-99,22,37,11,621349776,83,0,256,0,"[0,0,0,0,0,0,0,0,-30,26,-47,17,-47,0,-47,-8,-43,-30,-39,-52,-21,-56,-4,-60,26,-65,34,-60,56,-34,60,-30,65,-8,69,8,73,30,56,52,39,65,30,86,4,86,-8,86,-39,82,-56,60,-69,39,-95,17,-95,-8,-91,-26,-86,-47,-69,-69,0,0,-26,-104,8,-104,26,-78,47,-73,60,-65,69,-34,78,-26,82,0,65,17,69,34,47,52,30,56,13,56,4,69,-8,60,-26,56,-43,47,-43,39,-52,21,-56,4,-60,-13,-52,-26,-47,-43,-26,-47,-26,-43,-4,-43,13,-52,21,-39,0,0,0,0,0,0,0,0,0,0,0,0,0,0,65,-30,39,-65,13,-73,-26,-73,-60,-56,-82,-21,-86,26,-65,65,-26,86,17,95,60,78,91,34,104,-17,82,-65,43,-99,-8,-99,-60,-95,-95,-47,-108,13,-91,60,-43,112,13,112,69,95,112,39,125,-8,108,-73,60,-112,-13,-134,0,0,-117,-78,-125,4,-91,65,-52,112,8,117,47,91,95,52,99,4,65,-52,43,-78,-8,-95,-39,-73,-73,-34,-78,8,-65,43,-30,69,0,78,39,56,60,34,65,4,65,-26,34,-60,4,-60,-26,-56,-43,-39,-47,-4,-47,13,-43,34,0,0,0,0,0,0]"
CSI_DATA,59408,98:4a:6b:31:4a:10,-61,11,-99,-37,58,11,621360481,83,0,256,0,"[0,0,0,0,0,0,0,0,21,6,21,12,16,16,12,23,4,27,-4,29,-12,27,-21,23,-27,16,-31,8,-33,2,-35,-6,-31,-16,-27,-25,-21,-31,-14,-35,-4,-40,6,-42,16,-38,25,-33,31,-29,40,-21,44,-12,46,2,46,12,44,23,38,33,27,40,0,0,4,48,-6,48,-19,44,-25,35,-33,29,-35,21,-40,12,-40,0,-35,-4,-35,-12,-27,-21,-21,-23,-16,-29,-8,-31,-2,-31,6,-31,12,-29,19,-23,23,-19,25,-12,27,-6,29,2,27,6,23,12,19,16,12,21,8,25,0,25,0,0,0,0,0,0,0,0,0,0,0,0,0,0,-33,-14,-38,4,-31,21,-19,35,0,42,25,38,40,21,46,0,42,-23,25,-40,0,-48,-25,-44,-44,-25,-50,2,-44,29,-23,48,6,52,33,44,52,21,54,-10,44,-38,14,-57,-14,-57,-44,-46,-61,-14,-61,21,-42,52,-12,63,0,0,50,40,63,8,54,-25,33,-48,2,-54,-23,-46,-46,-25,-48,-2,-42,25,-10,48,2,46,29,33,40,14,40,-8,29,-27,10,-38,-10,-38,-25,-25,-33,-8,-31,8,-23,23,-6,31,10,29,21,21,25,6,25,-6,19,-16,8,-23,0,0,0,0,0,0]"
CSI_DATA,59409,98:4a:6b:31:4a:10,-55,11,-99,25,37,11,621370751,83,0,256,0,"[0,0,0,0,0,0,0,0,47,-11,43,3,43,15,39,31,31,39,15,51,-3,63,-19,55,-39,43,-59,31,-63,23,-75,0,-71,-15,-63,-39,-59,-47,-43,-71,-15,-75,3,-79,23,-87,47,-75,67,-59,79,-43,91,-27,91,11,91,31,83,47,71,63,39,87,0,0,-7,91,-23,91,-51,87,-55,59,-79,51,-79,15,-79,0,-75,-19,-59,-43,-47,-55,-35,-63,-19,-67,-7,-71,11,-67,27,-59,43,-47,43,-43,55,-23,51,-3,55,3,51,23,43,31,35,39,15,51,11,55,-3,43,-11,47,-39,35,0,0,0,0,0,0,0,0,0,0,0,0,0,0,-71,11,-63,35,-27,67,3,79,39,75,79,43,83,15,95,-35,67,-63,15,-99,-31,-87,-71,-63,-99,-23,-91,27,-71,71,-27,107,27,99,79,75,103,23,103,-31,75,-79,27,-115,-43,-103,-87,-79,-119,-27,-119,43,-79,103,-23,135,0,0,87,71,123,35,115,-31,79,-71,23,-115,-27,-99,-71,-67,-99,-19,-87,27,-63,59,-11,87,31,87,63,47,83,11,71,-27,43,-67,7,-79,-27,-75,-55,-43,-67,-19,-63,11,-51,43,-15,63,11,59,31,43,51,15,55,-3,35,-27,0,0,0,0,0,0]"
CSI_DATA,59410,98:4a:6b:31:4a:10,-61,11,-99,-40,59,11,621381749,83,0,256,0,"[0,0,0,0,0,0,0,0,4,20,-2,22,-10,22,-16,20,-22,14,-26,8,-30,0,-30,-10,-26,-18,-22,-24,-16,-30,-8,-34,0,-36,10,-36,18,-32,26,-28,34,-20,36,-12,43,-4,43,6,41,16,34,26,30,34,20,43,10,47,0,49,-12,49,-24,45,0,0,-43,28,-47,18,-49,6,-45,-6,-41,-14,-34,-24,-28,-28,-20,-32,-12,-36,-4,-36,4,-36,12,-32,16,-28,22,-24,26,-18,30,-12,30,-4,30,4,28,8,24,16,20,20,14,24,8,24,2,26,-4,24,-10,22,-14,20,-20,14,0,0,0,0,0,0,0,0,0,0,0,0,0,0,-2,-36,-20,-30,-34,-20,-41,-2,-34,20,-22,36,0,45,20,43,39,24,47,4,43,-24,26,-43,0,-51,-26,-45,-45,-24,-55,2,-45,28,-20,53,8,57,34,45,55,18,57,-14,41,-41,14,-61,-18,-59,-47,-41,-63,-8,-61,24,0,0,-10,65,26,55,51,32,59,2,49,-28,24,-45,-2,-51,-28,-41,-47,-18,-47,6,-34,28,-12,41,12,41,30,28,39,8,36,-14,22,-28,4,-36,-14,-32,-28,-20,-32,-4,-28,12,-16,24,-2,28,10,24,20,16,24,2,22,-8,0,0,0,0,0,0]"
CSI_DATA,59411,98:4a:6b:31:4a:10,-61,11,-99,-35,58,11,621391874,83,0,256,0,"[0,0,0,0,0,0,0,0,-7,-17,-5,-21,1,-23,9,-23,19,-19,25,-13,29,-5,31,3,29,11,25,21,17,27,11,33,3,37,-5,35,-15,33,-25,27,-33,21,-39,11,-43,1,-41,-7,-39,-19,-31,-29,-25,-37,-13,-45,-1,-47,9,-49,21,-45,33,-39,0,0,47,-15,47,-1,47,9,41,19,33,29,23,33,15,37,5,37,-3,37,-11,35,-19,29,-25,21,-29,17,-33,9,-31,0,-33,-5,-27,-13,-23,-19,-15,-23,-9,-25,-1,-29,3,-27,9,-23,15,-19,19,-15,23,-7,23,-1,23,5,0,0,0,0,0,0,0,0,0,0,0,0,0,0,13,33,27,21,37,7,39,-11,29,-29,11,-39,-7,-43,-29,-37,-43,-17,-47,3,-37,29,-19,45,3,51,29,41,47,21,51,-3,43,-31,19,-49,-5,-55,-35,-45,-51,-21,-59,7,-45,35,-23,57,9,61,39,51,59,21,63,-9,0,0,23,-59,-9,-61,-37,-47,-51,-19,-55,7,-39,31,-15,47,9,47,33,35,45,15,43,-9,29,-29,9,-39,-9,-39,-31,-27,-39,-7,-35,11,-27,27,-7,35,11,31,23,23,29,9,29,-7,21,-17,9,-25,-3,-25,-13,-19,-17,-9,0,0,0,0,0,0]"
CSI_DATA,59412,98:4a:6b:31:4a:10,-55,11,-99,22,37,11,621401529,83,0,256,0,"[0,0,0,0,0,0,0,0,-39,30,-47,13,-52,0,-56,-13,-43,-30,-43,-43,-30,-56,-21,-65,0,-69,17,-69,39,-56,60,-56,60,-39,73,-26,78,0,82,8,78,39,69,52,52,56,47,82,17,86,0,95,-21,99,-34,86,-60,78,-86,65,-104,52,-121,13,0,0,-95,-39,-86,-56,-73,-73,-60,-86,-30,-91,-13,-86,8,-82,26,-82,39,-69,52,-60,60,-47,69,-30,69,-13,73,-4,65,13,60,26,52,39,39,43,30,60,21,60,0,60,-4,56,-17,56,-30,43,-39,34,-47,30,-52,8,-60,-8,0,0,0,0,0,0,0,0,0,0,0,0,0,0,56,-30,39,-60,0,-73,-34,-69,-69,-39,-82,0,-78,34,-39,73,4,91,47,82,91,39,95,0,86,-56,39,-91,-8,-99,-60,-78,-104,-34,-95,21,-73,73,-26,104,30,108,82,73,112,26,112,-43,65,-104,8,-125,-65,-104,-112,-69,0,0,-99,78,-52,108,8,117,73,86,104,43,104,-34,73,-78,26,-95,-34,-86,-82,-56,-91,-8,-65,39,-43,69,0,82,47,60,73,30,82,-4,60,-52,17,-69,-13,-73,-47,-52,-60,-17,-52,8,-34,39,-17,56,13,47,30,30,47,21,0,0,0,0,0,0]"
CSI_DATA,59413,98:4a:6b:31:4a:10,-55,11,-99,22,37,11,621411636,83,0,256,0,"[0,0,0,0,0,0,0,0,43,-13,47,-4,52,13,43,21,34,43,26,56,4,60,-8,69,-30,52,-47,47,-56,30,-69,17,-78,0,-69,-17,-73,-34,-56,-47,-43,-65,-21,-73,0,-86,21,-91,39,-82,69,-60,82,-52,91,-34,91,-17,104,21,99,43,73,60,0,0,43,104,13,99,-17,104,-30,86,-47,78,-65,65,-73,39,-82,21,-82,0,-73,-26,-65,-30,-56,-43,-47,-56,-34,-69,-4,-69,4,-65,8,-65,26,-52,39,-47,52,-21,60,-21,60,0,56,13,52,26,47,26,30,39,8,52,0,56,0,0,0,0,0,0,0,0,0,0,0,0,0,0,-73,13,-56,52,-21,73,21,73,52,65,82,30,91,-13,82,-52,39,-82,-8,-95,-47,-78,-82,-47,-99,4,-86,56,-52,99,4,112,60,95,99,43,112,-17,86,-69,39,-112,-17,-117,-73,-95,-121,-47,-112,26,-99,91,-34,130,39,121,0,0,112,39,112,-26,86,-91,26,-117,-26,-121,-78,-73,-104,-21,-95,30,-56,69,-17,91,39,82,73,47,86,4,73,-39,47,-69,0,-78,-34,-73,-65,-39,-69,-4,-60,34,-39,56,0,69,26,56,52,26,60,8,47,-26,34,-43,13,-52,0,0,0,0,0,0]"
CSI_DATA,59414,98:4a:6b:31:4a:10,-55,11,-99,23,37,11,621421560,83,0,256,0,"[0,0,0,0,0,0,0,0,-46,-12,-42,-21,-29,-37,-16,-46,0,-50,16,-50,46,-46,54,-42,67,-16,71,0,67,25,63,42,46,67,25,75,8,75,-8,80,-29,75,-59,67,-75,37,-84,29,-92,0,-92,-21,-80,-50,-67,-67,-46,-92,-21,-101,0,-113,37,-118,0,0,92,-59,96,-37,92,-12,101,8,80,37,71,50,50,75,33,75,12,84,-8,75,-33,63,-42,54,-54,46,-59,33,-67,16,-67,-8,-54,-21,-46,-33,-42,-42,-21,-59,-4,-67,8,-63,12,-46,37,-42,46,-29,46,-12,50,0,50,8,0,0,0,0,0,0,0,0,0,0,0,0,0,0,71,25,75,-8,71,-33,46,-59,4,-84,-25,-80,-59,-54,-88,-25,-96,21,-75,63,-33,88,12,96,59,80,101,37,105,-16,80,-63,37,-92,-12,-118,-63,-88,-109,-50,-109,12,-92,63,-50,101,8,122,67,105,118,50,126,-21,118,-63,0,0,-8,-118,-59,-122,-101,-67,-113,-4,-92,50,-59,88,0,101,42,92,84,50,96,8,80,-42,46,-84,-4,-80,-33,-67,-67,-50,-80,0,-63,33,-42,59,-16,71,29,63,54,50,63,21,54,-16,42,-37,21,-50,-8,-59,-29,-37,-46,-21,0,0,0,0,0,0]"
CSI_DATA,59415,98:4a:6b:31:4a:10,-61,11,-99,-38,58,11,621431751,83,0,256,0,"[0,0,0,0,0,0,0,0,-23,0,-23,-6,-19,-15,-15,-19,-8,-26,-2,-30,8,-30,15,-28,23,-21,30,-15,32,-6,36,2,36,10,32,19,26,28,19,34,10,39,0,43,-8,43,-21,39,-30,32,-36,28,-43,17,-50,4,-47,-6,-47,-19,-41,-30,-32,-39,0,0,-10,-50,0,-50,15,-47,23,-39,30,-32,36,-26,39,-15,41,-6,39,4,36,13,32,19,26,23,19,30,13,32,4,32,-4,32,-10,30,-17,26,-23,17,-26,13,-28,8,-28,0,-28,-6,-23,-13,-19,-19,-13,-19,-8,-26,0,-26,0,0,0,0,0,0,0,0,0,0,0,0,0,0,36,4,36,-13,26,-30,8,-39,-13,-41,-32,-30,-45,-10,-45,10,-34,32,-15,47,10,50,34,36,50,13,52,-15,36,-36,13,-54,-17,-52,-43,-36,-56,-10,-54,21,-34,47,-6,60,26,56,52,34,65,4,58,-32,32,-56,2,-67,0,0,-56,-30,-65,2,-52,34,-26,54,6,58,30,43,47,19,50,-8,36,-32,15,-45,-10,-43,-32,-30,-41,-8,-41,15,-26,30,-6,39,15,36,30,21,36,6,32,-10,21,-26,4,-34,-10,-28,-23,-19,-28,-4,-23,8,-17,19,-6,21,0,0,0,0,0,0]"
CSI_DATA,59416,98:4a:6b:31:4a:10,-55,11,-99,22,37,11,621442236,83,0,256,0,"[0,0,0,0,0,0,0,0,-26,-21,-30,-39,-13,-47,-4,-52,17,-56,34,-43,47,-34,65,-13,60,-4,65,21,56,43,43,52,34,65,4,73,-13,69,-30,69,-47,56,-73,39,-86,30,-86,0,-86,-21,-86,-43,-69,-65,-47,-86,-21,-91,4,-99,34,-91,65,-86,0,0,82,-39,95,-21,95,8,82,21,69,47,56,52,39,69,17,78,0,78,-26,78,-34,65,-52,52,-60,43,-56,21,-65,0,-60,-17,-56,-17,-56,-39,-34,-52,-26,-52,-4,-60,8,-52,21,-52,39,-43,43,-26,39,-8,47,-4,39,13,0,0,0,0,0,0,0,0,0,0,0,0,0,0,52,56,65,21,78,-13,60,-47,43,-73,-13,-82,-39,-78,-73,-47,-86,-4,-82,34,-52,82,-13,95,30,86,82,65,104,17,95,-34,65,-86,17,-104,-43,-104,-91,-60,-108,-17,-99,43,-69,91,-26,121,39,117,91,82,125,13,117,-47,0,0,30,-121,-43,-121,-91,-78,-108,-17,-104,26,-65,78,-13,95,26,91,73,69,99,21,86,-26,56,-65,13,-78,-26,-73,-65,-52,-73,-8,-73,26,-56,47,-13,73,13,78,47,47,60,17,60,-4,39,-34,26,-56,0,-47,-26,-43,-39,-17,0,0,0,0,0,0]"
CSI_DATA,59417,98:4a:6b:31:4a:10,-55,11,-99,22,37,11,621453061,83,0,256,0,"[0,0,0,0,0,0,0,0,-26,30,-43,26,-47,17,-52,-4,-52,-13,-52,-30,-34,-52,-26,-60,-4,-69,13,-69,26,-60,43,-60,56,-47,60,-30,73,-13,78,8,73,26,65,47,60,60,47,73,26,86,0,91,-17,91,-43,73,-65,73,-78,60,-91,34,-104,21,0,0,-95,-39,-78,-56,-65,-73,-43,-69,-26,-86,-4,-91,13,-82,34,-78,47,-65,52,-52,65,-30,78,-13,65,0,69,13,60,21,52,39,43,47,34,52,17,56,4,65,-13,60,-26,47,-30,43,-43,34,-56,26,-47,13,-52,-13,-43,-26,0,0,0,0,0,0,0,0,0,0,0,0,0,0,47,-52,26,-65,-17,-73,-52,-69,-78,-26,-82,17,-69,47,-34,82,8,91,56,78,86,34,99,-4,78,-65,30,-95,-13,-99,-56,-73,-99,-34,-99,30,-73,82,-26,104,34,104,86,73,112,21,104,-43,73,-95,4,-117,-52,-108,-99,-52,0,0,-112,60,-65,104,0,117,65,91,99,52,104,-13,82,-69,34,-91,-17,-91,-65,-69,-91,-21,-86,21,-52,60,-13,82,34,73,65,47,78,8,69,-39,34,-60,4,-69,-30,-60,-52,-30,-65,-4,-43,21,-34,43,-13,52,13,43,26,26,0,0,0,0,0,0]"
CSI_DATA,59418,98:4a:6b:31:4a:10,-55,11,-99,23,37,11,621463103,83,0,256,0,"[0,0,0,0,0,0,0,0,46,4,37,12,42,25,33,33,12,54,4,63,-12,50,-16,54,-33,50,-50,42,-63,25,-63,21,-80,0,-75,-21,-63,-25,-71,-46,-46,-59,-37,-71,-16,-80,-12,-84,16,-88,33,-84,50,-88,67,-67,84,-54,96,-29,101,-12,101,4,0,0,88,50,84,75,54,75,37,88,16,84,0,88,-16,88,-29,71,-42,67,-46,54,-54,46,-63,29,-71,12,-67,-4,-63,-12,-59,-29,-50,-37,-46,-46,-29,-54,-16,-50,-8,-54,4,-54,8,-54,29,-42,37,-33,37,-33,50,-21,50,-4,0,0,0,0,0,0,0,0,0,0,0,0,0,0,-75,-16,-67,16,-46,59,-12,75,25,71,63,50,75,12,75,-37,50,-71,4,-92,-46,-80,-88,-50,-96,4,-80,50,-33,92,16,96,71,71,109,25,96,-42,67,-75,12,-101,-46,-92,-96,-46,-118,16,-80,84,-46,113,29,130,101,84,0,0,113,-42,71,-101,4,-122,-46,-96,-101,-46,-101,4,-71,63,-33,92,25,84,71,63,92,8,67,-42,42,-67,-4,-80,-46,-59,-71,-21,-75,12,-50,54,-16,63,21,63,46,42,63,16,63,-16,37,-42,4,-54,-21,-42,-37,-33,-46,-12,0,0,0,0,0,0]"
CSI_DATA,59419,98:4a:6b:31:4a:10,-55,11,-99,20,37,11,621473262,83,0,256,0,"[0,0,0,0,0,0,0,0,41,-13,41,-9,50,4,41,22,41,27,36,50,13,64,4,68,-9,64,-27,59,-50,55,-64,41,-73,18,-82,13,-78,-18,-73,-32,-68,-55,-45,-64,-32,-87,-18,-82,0,-91,18,-87,45,-78,73,-73,73,-68,96,-36,105,-9,114,9,0,0,96,64,59,78,36,73,32,91,9,82,-18,73,-22,78,-36,73,-50,64,-73,41,-68,27,-68,9,-68,-9,-64,-22,-59,-32,-50,-50,-36,-64,-36,-50,-4,-64,-4,-55,18,-59,32,-45,36,-41,50,-18,55,-18,55,0,55,13,45,36,0,0,0,0,0,0,0,0,0,0,0,0,0,0,-68,22,-50,59,-9,82,27,59,59,50,91,22,87,-32,59,-59,18,-87,-32,-91,-78,-68,-101,-22,-87,41,-59,73,-13,96,41,96,78,64,110,9,96,-50,55,-91,4,-114,-50,-96,-96,-50,-114,13,-87,87,-45,119,9,124,82,96,0,0,124,-36,73,-91,22,-105,-41,-110,-87,-64,-105,-9,-96,45,-64,87,-13,91,55,73,82,32,87,-4,59,-55,27,-68,-18,-78,-50,-55,-73,-13,-73,13,-36,45,-18,68,18,64,45,50,64,13,50,-18,41,-41,9,-41,-9,-50,-27,-32,0,0,0,0,0,0]"
CSI_DATA,59420,98:4a:6b:31:4a:10,-55,11,-99,24,37,11,621484085,83,0,256,0,"[0,0,0,0,0,0,0,0,-12,40,-32,40,-36,36,-49,20,-61,0,-61,-20,-53,-32,-40,-49,-32,-53,-4,-65,16,-69,24,-69,45,-57,61,-49,65,-24,81,0,77,12,77,40,69,57,61,73,36,81,12,102,-8,90,-40,90,-57,81,-86,57,-94,36,-102,28,0,0,-90,-40,-77,-65,-61,-81,-32,-73,-12,-90,16,-90,32,-73,45,-73,57,-53,65,-40,69,-28,73,4,69,16,65,28,53,45,40,57,28,61,8,61,-8,61,-20,57,-36,53,-49,32,-53,24,-49,16,-53,-4,-53,-20,-36,-36,-28,-45,0,0,0,0,0,0,0,0,0,0,0,0,0,0,28,-69,-4,-61,-45,-61,-69,-32,-77,4,-69,45,-49,73,-8,90,36,81,73,57,94,12,86,-32,61,-77,4,-110,-40,-102,-77,-61,-94,-12,-90,40,-57,90,-12,94,45,106,94,65,122,16,114,-53,73,-98,8,-118,-45,-114,-114,-65,0,0,-118,61,-69,110,-8,131,40,102,94,61,106,0,90,-45,49,-94,-4,-98,-49,-77,-73,-45,-81,4,-69,53,-40,73,8,77,49,61,61,36,69,-8,61,-36,32,-57,0,-61,-32,-53,-49,-32,-69,-4,-49,32,-32,40,-12,40,16,45,0,0,0,0,0,0]"
CSI_DATA,59421,98:4a:6b:31:4a:10,-61,11,-99,-35,58,11,621494442,83,0,256,0,"[0,0,0,0,0,0,0,0,15,-11,21,-9,25,-1,27,3,17,9,23,17,11,27,3,29,-1,35,-9,31,-19,31,-19,25,-29,19,-31,11,-35,3,-35,-5,-31,-15,-33,-23,-25,-33,-15,-33,-11,-41,1,-43,9,-41,23,-37,29,-33,35,-29,41,-21,49,-13,0,0,47,11,35,25,33,29,27,35,13,45,7,45,0,41,-7,37,-13,31,-21,21,-25,23,-31,15,-31,7,-33,1,-27,-3,-31,-11,-21,-17,-19,-19,-13,-27,-7,-29,0,-27,7,-29,7,-23,13,-21,17,-17,21,-11,23,-1,23,1,0,0,0,0,0,0,0,0,0,0,0,0,0,0,-31,15,-19,29,-1,39,19,35,29,19,47,1,37,-17,25,-39,1,-43,-21,-43,-43,-25,-45,-1,-43,25,-21,47,1,53,29,45,51,23,53,-5,43,-39,19,-47,-17,-57,-41,-41,-61,-11,-59,21,-39,51,-11,63,23,57,57,31,0,0,59,-33,27,-53,1,-63,-29,-47,-53,-19,-51,9,-37,33,-11,47,13,45,35,27,45,9,39,-15,27,-31,1,-41,-15,-31,-35,-17,-33,0,-31,21,-15,29,3,31,19,27,29,11,25,-1,21,-17,7,-25,-3,-27,-13,-17,-21,-9,0,0,0,0,0,0]"
CSI_DATA,59422,98:4a:6b:31:4a:10,-61,11,-99,-39,58,11,621509824,83,0,256,0,"[0,0,0,0,0,0,0,0,-8,20,-17,17,-22,11,-24,4,-26,-4,-26,-13,-20,-22,-15,-29,-4,-33,2,-33,13,-33,22,-29,31,-22,35,-13,38,-2,38,8,35,17,31,29,22,38,13,42,0,44,-11,44,-22,42,-33,33,-42,26,-47,15,-51,2,-51,-11,0,0,-35,-33,-24,-42,-13,-44,0,-47,11,-44,22,-38,26,-31,33,-22,38,-13,35,-2,35,4,33,11,29,20,22,26,15,29,6,31,-2,31,-6,31,-15,26,-20,20,-24,15,-29,6,-29,0,-26,-6,-22,-13,-17,-17,-11,-24,-4,-24,0,0,0,0,0,0,0,0,0,0,0,0,0,0,22,-31,6,-38,-13,-38,-31,-26,-40,-11,-44,11,-33,31,-17,44,8,49,29,40,47,20,51,-4,42,-31,22,-49,-4,-53,-29,-47,-51,-24,-55,4,-49,33,-24,53,4,62,35,49,55,29,64,-4,53,-35,29,-60,-4,-67,-38,-55,0,0,-67,4,-53,35,-29,55,2,60,29,51,49,26,53,-2,44,-26,22,-44,-4,-47,-29,-38,-40,-17,-44,4,-33,24,-15,38,4,40,22,31,33,15,35,-4,29,-20,15,-29,0,-33,-13,-29,-24,-17,-26,0,-22,11,-15,20,-4,24,0,0,0,0,0,0]"
CSI_DATA,59423,98:4a:6b:31:4a:10,-55,11,-99,21,37,11,621520231,83,0,256,0,"[0,0,0,0,0,0,0,0,40,26,31,40,13,44,0,58,-17,53,-22,49,-44,49,-58,26,-71,13,-71,-8,-62,-26,-62,-40,-44,-53,-35,-75,-17,-80,0,-80,22,-80,40,-71,58,-67,75,-53,89,-35,84,-17,98,13,93,40,84,44,67,75,49,84,49,93,0,0,-17,93,-44,98,-58,75,-67,53,-84,53,-89,17,-84,-4,-80,-13,-71,-35,-58,-44,-49,-58,-35,-71,-26,-67,-4,-75,13,-62,22,-67,35,-62,49,-40,58,-40,49,-13,62,0,62,8,58,26,49,35,31,44,22,53,8,49,-13,53,0,0,0,0,0,0,0,0,0,0,0,0,0,0,-49,-58,-67,-22,-84,8,-67,53,-26,80,17,98,53,75,84,40,98,-17,80,-58,40,-93,-13,-98,-67,-75,-102,-35,-102,22,-75,71,-26,111,35,98,89,71,111,13,102,-40,71,-98,4,-120,-62,-116,-111,-58,-129,8,-107,75,-58,120,0,0,80,98,116,53,129,-26,89,-75,31,-102,-17,-107,-75,-71,-93,-17,-93,35,-58,75,-8,93,35,80,75,40,84,-4,67,-40,35,-67,-4,-84,-40,-62,-62,-31,-75,0,-53,40,-17,67,13,62,35,49,53,26,53,-4,44,-31,22,-40,0,0,0,0,0,0]"
CSI_DATA,59424,98:4a:6b:31:4a:10,-55,11,-99,22,37,11,621531688,83,0,256,0,"[0,0,0,0,0,0,0,0,39,8,47,17,26,30,26,43,13,52,0,60,-26,52,-43,47,-60,26,-65,17,-60,-13,-73,-26,-65,-43,-56,-56,-39,-69,-13,-78,17,-86,30,-69,52,-78,73,-56,82,-21,99,-8,86,8,91,34,69,56,60,78,43,95,21,95,0,0,-43,91,-43,78,-82,60,-78,39,-86,26,-91,-8,-69,-30,-60,-43,-56,-60,-34,-60,-21,-69,-17,-78,8,-69,26,-65,52,-39,56,-34,65,-34,60,-4,65,13,65,30,43,30,30,47,8,47,13,60,-4,56,-21,47,-34,34,-47,30,0,0,0,0,0,0,0,0,0,0,0,0,0,0,-69,-17,-69,17,-56,43,-30,73,8,78,39,73,73,52,95,4,86,-43,47,-78,8,-91,-39,-91,-78,-60,-95,-17,-86,47,-56,86,-8,108,43,95,95,60,108,8,99,-56,52,-91,13,-112,-60,-117,-99,-60,-130,0,-121,60,-73,95,0,0,65,130,108,69,125,-4,99,-47,52,-99,-4,-95,-43,-86,-86,-47,-91,4,-69,43,-34,78,26,82,60,69,82,39,73,-8,69,-52,34,-56,-13,-73,-34,-60,-65,-39,-60,8,-47,39,-30,56,-4,60,21,52,43,30,47,13,47,-13,0,0,0,0,0,0]"
CSI_DATA,59425,98:4a:6b:31:4a:10,-55,11,-99,25,37,11,621541511,83,0,256,0,"[0,0,0,0,0,0,0,0,15,-31,39,-35,35,-23,51,-11,63,0,67,7,59,27,47,51,27,59,15,71,-7,71,-19,75,-35,67,-47,59,-63,47,-75,27,-83,11,-79,-11,-87,-31,-71,-47,-59,-59,-35,-63,-23,-87,-3,-99,15,-91,47,-91,67,-83,87,-67,0,0,111,-23,95,-7,91,19,79,31,75,59,47,59,35,75,27,83,-3,75,-3,79,-31,71,-47,59,-51,47,-59,35,-67,19,-71,7,-63,-7,-55,-31,-51,-31,-39,-51,-23,-47,-7,-59,-3,-55,7,-47,15,-47,35,-43,43,-35,43,-19,0,0,0,0,0,0,0,0,0,0,0,0,0,0,-31,55,0,71,39,63,75,39,83,0,75,-39,39,-67,3,-99,-43,-83,-79,-47,-95,0,-71,47,-55,87,11,95,55,83,99,43,103,-23,79,-75,39,-99,-27,-111,-87,-67,-111,-23,-107,47,-87,91,-7,115,47,111,115,63,131,3,0,0,39,-115,0,-123,-67,-91,-111,-31,-107,15,-79,71,-27,99,31,91,83,55,91,11,75,-39,55,-75,7,-91,-43,-71,-75,-31,-79,7,-63,43,-31,71,7,75,39,59,59,27,51,-7,39,-39,31,-55,-11,-55,-31,-43,-39,-19,-47,15,0,0,0,0,0,0]"
CSI_DATA,59426,98:4a:6b:31:4a:10,-55,11,-99,21,37,11,621551336,83,0,256,0,"[0,0,0,0,0,0,0,0,-4,-49,8,-44,26,-40,40,-35,49,-22,62,-8,67,13,58,22,53,44,31,53,22,62,4,75,-22,71,-40,80,-53,58,-71,40,-71,31,-89,4,-89,-26,-71,-40,-71,-62,-58,-75,-35,-84,-13,-93,13,-102,44,-93,67,-75,80,-67,0,0,116,-13,89,17,84,35,89,49,44,67,35,75,31,75,8,80,-8,71,-40,75,-40,53,-62,40,-58,22,-62,4,-67,4,-62,-17,-53,-35,-49,-44,-22,-49,-17,-58,-8,-62,13,-49,17,-49,40,-35,49,-26,49,-13,53,-4,44,17,0,0,0,0,0,0,0,0,0,0,0,0,0,0,0,75,31,62,62,40,80,0,75,-35,58,-71,4,-84,-26,-75,-71,-58,-89,-17,-93,31,-71,67,-13,98,26,89,67,67,107,17,98,-35,75,-89,17,-107,-44,-102,-89,-67,-116,-8,-111,49,-53,93,-4,129,62,107,107,62,125,22,0,0,62,-107,0,-125,-53,-98,-93,-49,-102,-4,-75,58,-53,89,4,98,49,80,80,31,84,-8,67,-53,26,-71,-17,-71,-58,-62,-75,-22,-75,13,-58,44,-22,62,13,67,44,53,62,22,62,-4,40,-31,26,-49,4,-49,-22,-44,-31,-22,0,0,0,0,0,0]"
CSI_DATA,59427,98:4a:6b:31:4a:10,-55,11,-99,23,37,11,621561632,83,0,256,0,"[0,0,0,0,0,0,0,0,33,25,25,29,25,42,21,46,0,50,-16,50,-21,50,-46,42,-59,29,-63,8,-67,-8,-67,-21,-67,-37,-54,-54,-33,-67,-29,-71,-4,-84,12,-84,29,-80,42,-71,54,-63,71,-46,92,-25,101,-12,92,16,96,33,88,59,63,88,0,0,29,88,8,96,-8,96,-37,75,-54,75,-63,63,-71,42,-75,33,-71,12,-67,0,-67,-16,-67,-25,-54,-42,-46,-50,-25,-59,-16,-63,-8,-59,8,-59,16,-54,33,-50,42,-42,50,-29,59,-16,59,0,46,4,42,25,37,33,29,46,0,0,0,0,0,0,0,0,0,0,0,0,0,0,-54,-37,-71,-4,-59,33,-46,67,-4,84,33,80,71,59,88,8,80,-42,50,-80,8,-88,-46,-88,-80,-46,-96,4,-80,54,-33,101,16,105,67,84,105,29,105,-33,71,-84,16,-122,-50,-105,-96,-67,-118,-8,-109,63,-63,118,0,118,0,0,113,46,122,-21,84,-80,25,-105,-33,-109,-75,-71,-101,-8,-92,42,-50,88,0,88,46,75,84,37,80,-8,63,-54,21,-71,-21,-71,-63,-46,-75,-16,-63,21,-42,54,-16,63,25,63,54,33,54,4,42,-25,29,-42,8,-46,-21,-42,0,0,0,0,0,0]"
CSI_DATA,59428,98:4a:6b:31:4a:10,-55,11,-99,21,37,11,621571509,83,0,256,0,"[0,0,0,0,0,0,0,0,31,26,26,44,13,53,0,58,-22,49,-31,44,-58,31,-62,17,-67,0,-67,-17,-62,-40,-44,-53,-40,-62,-13,-75,4,-71,17,-75,44,-71,58,-62,71,-49,84,-22,89,-4,89,13,89,40,71,62,53,84,49,98,17,102,-22,107,0,0,-53,80,-75,58,-93,40,-102,8,-93,-4,-84,-26,-71,-40,-58,-53,-40,-62,-26,-80,-8,-75,8,-75,22,-67,35,-58,49,-53,62,-31,58,-26,62,-8,58,13,58,22,49,35,40,49,26,53,4,58,-4,53,-17,40,-35,49,-40,31,0,0,0,0,0,0,0,0,0,0,0,0,0,0,-44,-62,-67,-26,-75,8,-67,40,-31,71,4,89,49,75,80,49,89,4,75,-44,44,-80,4,-89,-49,-93,-84,-53,-107,0,-93,53,-49,98,4,107,62,89,98,49,102,-17,89,-80,44,-111,-22,-120,-80,-89,-120,-35,-120,22,-89,89,0,0,31,125,93,89,116,22,107,-26,67,-93,17,-98,-40,-93,-75,-62,-102,-13,-80,35,-44,75,-4,84,49,75,71,35,71,-4,62,-40,31,-71,-8,-71,-40,-58,-62,-31,-71,0,-49,35,-22,58,4,58,26,49,44,22,53,8,40,-17,0,0,0,0,0,0]"
CSI_DATA,59429,98:4a:6b:31:4a:10,-55,11,-99,24,37,11,621581414,83,0,256,0,"[0,0,0,0,0,0,0,0,-24,-40,-12,-49,-4,-53,8,-45,20,-57,36,-45,49,-40,61,-12,65,0,61,12,65,32,57,53,45,61,24,69,12,77,-4,81,-20,81,-49,77,-57,65,-81,57,-77,28,-86,28,-110,0,-94,-32,-86,-45,-73,-65,-61,-73,-32,-86,0,0,4,-114,24,-102,40,-94,61,-73,61,-57,77,-40,86,-20,77,0,81,8,73,28,65,36,57,53,53,57,36,61,28,65,4,69,-4,65,-20,57,-32,53,-40,40,-45,32,-57,20,-57,4,-57,-4,-49,-20,-49,-28,-40,-36,-20,-45,0,0,0,0,0,0,0,0,0,0,0,0,0,0,32,65,61,40,73,0,73,-24,36,-69,4,-77,-45,-86,-77,-40,-94,0,-77,45,-32,81,16,102,61,81,86,32,90,-20,73,-65,28,-90,-40,-98,-86,-65,-110,-8,-94,49,-53,114,-4,118,81,94,114,49,127,-20,98,-81,40,-118,0,0,-98,-86,-122,-16,-102,53,-61,98,4,110,57,90,106,45,98,-8,73,-57,28,-94,-32,-81,-69,-45,-77,0,-65,40,-36,73,8,73,53,65,73,24,69,-4,61,-45,32,-61,-12,-57,-40,-49,-65,-16,-57,12,-40,32,-12,57,16,49,0,0,0,0,0,0]"
CSI_DATA,59430,98:4a:6b:31:4a:10,-61,11,-99,-38,58,11,621591267,83,0,256,0,"[0,0,0,0,0,0,0,0,6,-19,13,-17,19,-15,21,-10,28,-2,26,6,28,10,23,23,15,26,8,32,0,34,-6,34,-15,32,-21,28,-30,19,-34,10,-39,4,-41,-6,-41,-15,-34,-26,-26,-32,-21,-39,-10,-43,4,-45,10,-45,23,-43,32,-39,41,-30,0,0,45,-6,50,6,47,21,36,23,30,32,21,39,13,39,4,39,-4,36,-13,34,-21,28,-26,21,-28,15,-30,10,-34,2,-30,-4,-30,-10,-23,-17,-19,-21,-13,-26,-6,-30,0,-28,6,-28,13,-21,17,-19,19,-13,23,-8,26,0,0,0,0,0,0,0,0,0,0,0,0,0,0,0,-13,32,4,39,21,34,36,17,43,-2,36,-23,23,-41,0,-47,-28,-41,-41,-21,-52,2,-41,28,-23,47,6,52,32,43,52,19,56,-8,41,-34,15,-54,-13,-58,-41,-43,-63,-13,-58,17,-43,50,-10,63,23,60,50,41,67,6,0,0,34,-58,6,-63,-28,-54,-52,-32,-56,0,-43,28,-21,47,4,50,32,39,47,17,45,-8,32,-30,13,-41,-10,-39,-32,-26,-39,-6,-36,13,-23,28,-4,36,15,32,26,19,32,4,28,-13,19,-21,4,-28,-10,-23,-17,-17,-21,-4,0,0,0,0,0,0]"
CSI_DATA,59431,98:4a:6b:31:4a:10,-55,11,-99,21,37,11,621601254,83,0,256,0,"[0,0,0,0,0,0,0,0,-17,40,-40,35,-49,26,-53,8,-53,-8,-49,-22,-40,-35,-35,-53,-17,-62,4,-67,22,-62,49,-62,58,-49,62,-31,71,-8,75,17,71,35,67,53,49,67,35,84,8,98,-13,93,-35,89,-67,84,-80,71,-98,40,-102,8,-111,-17,0,0,-84,-58,-53,-75,-26,-89,-8,-102,17,-93,35,-84,58,-62,62,-49,67,-31,75,-13,67,0,71,22,67,40,53,49,31,62,17,71,4,62,-8,58,-22,62,-35,44,-53,35,-53,13,-53,4,-58,-17,-44,-22,-40,-44,-22,-49,-4,-53,0,0,0,0,0,0,0,0,0,0,0,0,0,0,44,-58,4,-71,-35,-67,-62,-53,-71,-13,-75,31,-58,62,-31,89,17,89,62,71,84,26,98,-17,71,-67,31,-98,-8,-102,-62,-80,-98,-40,-102,26,-84,71,-35,102,17,111,75,84,111,35,125,-31,89,-80,40,-111,-22,-129,-84,-98,0,0,-129,31,-102,80,-40,116,26,111,71,89,93,26,102,-26,75,-58,26,-98,-22,-89,-67,-62,-80,-22,-84,26,-53,62,-17,84,22,75,49,53,80,13,62,-17,49,-49,26,-58,-8,-62,-40,-44,-53,-17,-53,8,-35,35,-26,49,-4,53,0,0,0,0,0,0]"
CSI_DATA,59432,98:4a:6b:31:4a:10,-55,11,-99,23,37,11,621614601,83,0,256,0,"[0,0,0,0,0,0,0,0,-33,-21,-42,-29,-21,-29,-8,-46,8,-54,21,-54,21,-37,50,-42,59,-25,71,-4,67,12,67,29,59,46,50,59,33,71,12,75,-8,75,-29,80,-50,75,-59,54,-80,42,-84,29,-101,8,-92,-16,-92,-54,-80,-63,-59,-80,-42,-101,0,0,8,-101,29,-96,50,-80,67,-59,88,-50,84,-25,92,-4,80,8,63,29,63,46,54,59,37,59,21,75,8,67,-12,59,-29,67,-42,54,-46,42,-59,25,-67,8,-59,0,-50,-16,-59,-33,-46,-29,-29,-42,-16,-46,-4,-54,12,-50,0,0,0,0,0,0,0,0,0,0,0,0,0,0,71,37,67,8,59,-37,46,-67,12,-84,-33,-88,-67,-63,-96,-16,-88,33,-63,67,-4,92,37,92,75,59,101,12,92,-37,63,-92,4,-109,-46,-88,-96,-50,-113,0,-105,67,-46,101,12,113,67,105,109,50,122,-16,101,-80,37,-118,0,0,-105,-92,-130,-37,-122,25,-92,88,-33,109,29,101,75,59,96,12,84,-42,50,-75,4,-92,-37,-71,-63,-33,-80,4,-54,50,-33,63,21,75,46,63,67,21,67,-4,50,-42,25,-59,-4,-54,-33,-46,-54,-21,-50,-4,-42,29,-21,42,0,0,0,0,0,0]"
CSI_DATA,59433,98:4a:6b:31:4a:10,-61,11,-99,-37,58,11,621624919,83,0,256,0,"[0,0,0,0,0,0,0,0,-14,14,-21,10,-23,6,-25,-2,-25,-12,-21,-21,-12,-27,-6,-31,4,-31,12,-29,21,-27,29,-21,33,-12,35,-2,38,8,35,16,31,27,23,33,12,40,4,44,-10,44,-21,42,-31,33,-40,25,-44,14,-48,2,-50,-12,-44,-23,0,0,-25,-42,-16,-48,0,-48,10,-44,21,-40,29,-31,35,-23,38,-14,40,-2,35,6,33,14,29,21,23,27,16,31,6,31,-2,33,-10,31,-16,27,-21,21,-27,14,-29,6,-29,-2,-27,-8,-23,-14,-16,-19,-10,-23,-4,-27,2,-25,0,0,0,0,0,0,0,0,0,0,0,0,0,0,29,-23,14,-35,-2,-40,-23,-33,-35,-21,-44,-2,-42,21,-27,40,-4,48,19,46,40,29,50,8,50,-19,33,-42,10,-52,-16,-52,-42,-38,-57,-10,-57,21,-38,44,-10,61,21,59,48,40,65,10,63,-21,44,-50,12,-67,-23,-63,0,0,-65,-12,-63,21,-42,46,-12,59,19,54,40,38,52,10,48,-16,31,-38,8,-46,-19,-44,-33,-27,-44,-6,-40,14,-23,31,-4,40,14,38,31,23,35,6,31,-12,23,-25,8,-33,-8,-29,-21,-21,-27,-8,-25,4,-21,16,-10,23,0,0,0,0,0,0]"
CSI_DATA,59434,98:4a:6b:31:4a:10,-61,11,-99,-37,58,11,621635368,83,0,256,0,"[0,0,0,0,0,0,0,0,6,-23,14,-19,19,-12,23,-6,25,2,27,12,21,21,12,27,4,29,-6,31,-16,29,-23,25,-29,16,-33,6,-35,-2,-33,-14,-29,-23,-23,-33,-10,-40,-2,-42,10,-42,21,-35,31,-31,42,-21,46,-8,48,4,46,19,38,29,0,0,14,44,2,48,-12,46,-23,35,-29,29,-33,19,-40,8,-38,0,-35,-12,-29,-21,-23,-27,-14,-31,-4,-31,0,-33,12,-29,19,-27,23,-19,25,-10,27,-4,27,2,25,10,21,19,14,23,6,27,0,27,-6,25,-14,19,-21,14,0,0,0,0,0,0,0,0,0,0,0,0,0,0,-21,33,-2,40,16,35,33,25,42,10,42,-10,35,-31,19,-44,-4,-48,-25,-42,-44,-25,-52,-2,-46,25,-29,46,-6,57,21,52,44,35,57,10,57,-21,40,-44,14,-59,-16,-59,-46,-48,-63,-21,-65,10,-50,42,-25,65,8,67,0,0,61,31,65,-2,54,-31,31,-52,4,-59,-25,-50,-44,-31,-52,-4,-46,21,-31,38,-4,46,16,44,35,27,42,8,38,-14,27,-29,8,-40,-10,-35,-23,-27,-31,-12,-31,4,-29,19,-14,29,2,31,12,25,21,16,25,6,23,-4,0,0,0,0,0,0]"
CSI_DATA,59435,98:4a:6b:31:4a:10,-61,11,-99,-39,59,11,621645719,83,0,256,0,"[0,0,0,0,0,0,0,0,15,13,11,17,5,23,-1,23,-7,25,-17,21,-23,17,-29,9,-31,0,-31,-9,-27,-19,-23,-23,-15,-31,-5,-35,1,-35,9,-35,21,-31,29,-25,37,-17,41,-7,41,0,41,11,37,23,29,33,21,41,11,47,0,49,-13,47,0,0,-35,35,-39,21,-43,11,-43,0,-41,-9,-37,-19,-27,-25,-21,-31,-13,-35,-3,-37,5,-33,11,-31,17,-27,23,-21,27,-15,31,-7,31,0,27,5,25,13,21,21,15,25,7,25,3,27,-5,25,-11,21,-17,17,-21,11,-23,5,0,0,0,0,0,0,0,0,0,0,0,0,0,0,-23,-25,-35,-11,-37,5,-31,25,-15,37,3,43,23,37,39,23,47,0,41,-23,25,-41,1,-49,-23,-45,-45,-27,-53,0,-45,25,-27,47,0,55,29,49,51,29,57,-1,51,-31,29,-53,-1,-63,-31,-55,-57,-29,-63,3,-57,35,0,0,0,65,33,53,55,27,59,-1,47,-29,23,-47,-1,-49,-29,-41,-45,-21,-47,3,-37,27,-17,39,7,39,25,31,37,13,39,-7,27,-21,11,-35,-5,-35,-19,-27,-31,-13,-31,3,-23,15,-13,25,0,27,11,23,21,11,25,0,0,0,0,0,0,0]"
CSI_DATA,59436,98:4a:6b:31:4a:10,-55,11,-99,21,37,11,621655673,83,0,256,0,"[0,0,0,0,0,0,0,0,22,31,8,40,4,44,-13,44,-22,44,-44,26,-58,13,-58,-4,-58,-22,-44,-49,-35,-58,-17,-67,0,-71,26,-62,44,-62,58,-49,67,-31,80,0,80,13,71,40,67,53,49,71,22,80,8,93,-26,98,-58,75,-80,62,-98,49,0,0,-102,-4,-93,-40,-71,-62,-58,-67,-26,-84,-4,-75,13,-89,31,-71,44,-58,58,-44,67,-22,67,-13,67,8,58,31,49,40,35,53,17,58,8,58,-13,62,-26,53,-35,49,-53,31,-49,13,-53,4,-49,-8,-40,-26,-31,-40,-13,-53,0,0,0,0,0,0,0,0,0,0,0,0,0,0,-31,-58,-58,-44,-75,-8,-80,22,-53,62,-26,80,17,84,62,75,80,40,93,-8,80,-53,58,-80,4,-102,-49,-93,-80,-67,-98,-13,-93,44,-67,89,-13,111,44,102,89,80,116,22,116,-31,80,-89,22,-125,-31,-120,-89,-93,-125,-40,0,0,-84,89,-44,107,13,125,75,98,111,49,102,-13,84,-62,40,-89,-4,-93,-58,-75,-84,-40,-89,4,-71,40,-40,71,4,84,40,71,62,40,75,0,71,-26,40,-53,8,-75,-17,-58,-40,-44,-58,-17,-58,17,-40,40,-26,49,4,44,0,0,0,0,0,0]"
CSI_DATA,59437,98:4a:6b:31:4a:10,-55,11,-99,25,37,11,621666324,83,0,256,0,"[0,0,0,0,0,0,0,0,-19,-39,-3,-43,7,-55,19,-47,35,-39,51,-27,55,-7,59,11,51,27,55,47,31,55,23,67,7,67,-7,63,-19,63,-43,59,-63,39,-79,27,-87,7,-87,-11,-79,-31,-59,-55,-51,-71,-23,-83,-11,-95,19,-99,31,-95,59,-95,0,0,79,-39,79,-27,95,3,87,27,83,39,59,63,47,71,27,71,7,75,-15,71,-23,75,-47,55,-47,51,-63,35,-63,7,-67,-3,-59,-7,-55,-19,-39,-43,-35,-47,-27,-55,-3,-59,7,-47,27,-47,39,-39,43,-31,55,-15,47,0,0,0,0,0,0,0,0,0,0,0,0,0,0,0,23,71,55,43,75,15,79,-15,63,-55,27,-79,-11,-83,-51,-71,-87,-39,-95,3,-79,51,-35,79,7,95,63,83,91,43,103,-11,87,-63,35,-99,-15,-107,-67,-83,-103,-35,-107,27,-79,75,-35,119,27,115,79,91,119,31,127,-35,0,0,43,-115,-35,-119,-91,-79,-111,-31,-103,31,-63,79,-15,91,27,91,79,67,91,15,83,-35,51,-63,3,-87,-39,-75,-63,-39,-83,0,-63,35,-39,59,-3,75,27,63,51,39,67,3,47,-23,35,-47,11,-51,-15,-47,-31,-31,-47,-7,0,0,0,0,0,0]"
CSI_DATA,59438,98:4a:6b:31:4a:10,-55,11,-99,20,37,11,621676953,83,0,256,0,"[0,0,0,0,0,0,0,0,4,36,-4,36,-27,41,-32,32,-45,27,-59,22,-55,-9,-55,-13,-55,-32,-45,-55,-32,-64,-13,-64,-4,-68,4,-64,22,-59,50,-59,68,-50,78,-36,78,-18,96,0,82,22,78,36,73,55,55,82,32,82,18,82,0,96,-32,87,0,0,-55,82,-73,55,-82,41,-96,13,-91,-4,-87,-9,-78,-36,-59,-41,-45,-59,-41,-64,-18,-68,-4,-64,13,-73,22,-64,32,-55,45,-45,55,-27,55,-13,59,0,59,4,55,22,45,32,41,32,27,45,22,45,9,50,-9,50,-18,50,0,0,0,0,0,0,0,0,0,0,0,0,0,0,0,-68,-27,-64,-64,-36,-78,0,-68,36,-50,73,-9,87,27,78,78,55,91,9,87,-45,55,-73,-9,-105,-59,-91,-87,-41,-105,9,-87,68,-27,101,27,105,82,78,110,27,110,-50,73,-96,13,-119,-59,-119,-110,-64,-124,9,-110,78,0,0,9,137,73,96,114,41,119,-18,87,-68,18,-96,-32,-101,-78,-59,-101,-9,-96,36,-41,78,4,91,50,73,78,32,82,-9,64,-50,22,-73,-18,-82,-55,-50,-64,-18,-59,13,-45,50,-4,55,22,55,45,45,50,9,41,-9,36,-36,0,0,0,0,0,0]"
CSI_DATA,59439,98:4a:6b:31:4a:10,-55,11,-99,23,37,11,621687570,83,0,256,0,"[0,0,0,0,0,0,0,0,-33,29,-46,16,-50,0,-42,-12,-42,-33,-33,-42,-21,-54,-8,-67,12,-63,29,-63,42,-50,54,-33,67,-21,75,0,67,16,71,29,59,59,46,71,29,80,4,84,-4,80,-29,84,-54,63,-71,59,-96,42,-101,21,-105,0,-96,-29,0,0,-67,-71,-42,-75,-12,-96,-8,-84,21,-80,42,-84,59,-59,63,-46,75,-25,67,-16,71,8,75,25,54,37,46,42,42,59,21,63,8,71,-16,67,-25,46,-33,46,-50,37,-50,21,-63,16,-59,-4,-50,-25,-46,-25,-29,-37,-25,-50,0,0,0,0,0,0,0,0,0,0,0,0,0,0,59,-33,42,-63,8,-71,-33,-75,-63,-50,-80,-12,-88,29,-63,71,-16,96,25,80,71,59,96,21,84,-33,63,-75,25,-105,-29,-101,-84,-67,-96,-16,-96,46,-59,88,-12,118,59,109,105,63,126,12,105,-54,75,-105,4,-126,-71,-109,0,0,-126,8,-105,59,-59,113,8,122,63,88,96,46,96,-8,75,-63,37,-92,-16,-92,-67,-67,-80,-25,-88,21,-54,59,-16,75,21,84,59,50,75,16,71,-21,46,-50,21,-67,-16,-63,-33,-46,-59,-25,-54,12,-33,29,-16,50,4,46,0,0,0,0,0,0]"
CSI_DATA,59440,98:4a:6b:31:4a:10,-55,11,-99,21,37,11,621698426,83,0,256,0,"[0,0,0,0,0,0,0,0,-31,17,-44,4,-49,-8,-49,-22,-31,-35,-31,-49,-4,-58,8,-58,35,-58,53,-44,62,-31,75,-13,67,4,67,22,53,44,44,58,22,71,8,84,-17,84,-44,75,-58,75,-75,49,-84,22,-93,0,-93,-22,-93,-49,-75,-71,-53,-93,0,0,4,-89,22,-89,49,-75,67,-58,75,-40,84,-22,84,-4,80,13,67,49,53,53,26,58,17,71,4,71,-17,58,-31,53,-49,49,-53,26,-58,8,-53,-4,-62,-17,-53,-35,-31,-40,-31,-49,-8,-49,4,-49,22,-40,44,-44,44,-31,0,0,0,0,0,0,0,0,0,0,0,0,0,0,71,-22,53,-58,17,-67,-13,-80,-53,-62,-80,-40,-89,0,-75,44,-49,71,-4,98,31,84,80,53,93,4,89,-40,62,-80,17,-111,-40,-98,-84,-71,-111,-22,-98,44,-75,89,-26,116,35,107,93,84,120,26,111,-44,93,-98,31,-125,0,0,-93,-98,-120,-35,-116,22,-89,84,-35,107,22,102,67,84,102,26,98,-22,75,-58,31,-84,-22,-89,-53,-67,-75,-26,-80,17,-62,53,-35,71,8,75,49,53,67,35,71,0,53,-40,31,-53,8,-58,-31,-49,-40,-26,-53,-13,-58,4,0,0,0,0,0,0]"
CSI_DATA,59441,98:4a:6b:31:4a:10,-61,11,-99,-35,58,11,621709438,83,0,256,0,"[0,0,0,0,0,0,0,0,-23,-5,-19,-13,-17,-17,-13,-17,-5,-25,1,-27,11,-27,17,-21,27,-15,33,-7,35,-1,35,7,35,13,27,23,15,31,9,35,3,43,-9,41,-13,37,-25,33,-33,27,-39,17,-43,5,-45,-11,-41,-23,-39,-29,-35,-35,-23,-49,0,0,5,-41,15,-43,21,-41,29,-31,39,-21,41,-9,41,-1,39,7,29,15,25,21,25,23,13,33,9,33,5,33,-3,31,-11,29,-17,27,-19,19,-25,11,-31,3,-27,-1,-29,-5,-25,-13,-21,-21,-13,-19,-5,-23,0,-25,7,-21,0,0,0,0,0,0,0,0,0,0,0,0,0,0,33,11,37,-7,29,-21,13,-33,-5,-39,-27,-37,-41,-19,-49,1,-41,23,-23,41,0,45,27,41,47,23,53,-3,43,-27,21,-49,0,-53,-31,-43,-49,-23,-53,7,-45,41,-17,59,13,61,45,45,61,17,67,-15,45,-43,17,-65,0,0,-45,-41,-59,-11,-65,17,-41,39,-11,61,19,53,41,35,47,7,41,-19,25,-37,3,-49,-21,-37,-37,-19,-41,-1,-33,21,-17,33,1,39,21,31,33,17,33,0,27,-17,13,-27,-3,-29,-15,-27,-23,-11,-25,0,-23,11,-15,21,0,0,0,0,0,0]"
CSI_DATA,59442,98:4a:6b:31:4a:10,-55,11,-99,22,37,11,621720629,83,0,256,0,"[0,0,0,0,0,0,0,0,13,39,0,43,-13,43,-30,39,-43,43,-47,34,-65,13,-65,-4,-60,-26,-56,-39,-47,-47,-39,-60,-26,-69,0,-78,13,-78,30,-73,43,-65,65,-47,73,-39,91,-17,82,-8,91,8,86,34,78,47,52,69,52,86,34,95,17,99,0,0,-39,99,-56,78,-69,65,-78,52,-78,30,-86,13,-82,-4,-78,-26,-69,-34,-52,-43,-43,-52,-21,-65,-21,-69,0,-69,8,-69,21,-60,30,-52,43,-39,52,-30,52,-21,56,-8,56,0,52,17,47,30,39,43,26,43,17,52,4,43,0,0,0,0,0,0,0,0,0,0,0,0,0,0,-8,-73,-47,-52,-65,-26,-73,8,-60,52,-30,82,17,91,69,69,82,30,91,-13,73,-65,21,-95,-30,-95,-78,-65,-99,-17,-108,39,-65,86,0,108,65,95,95,47,112,-13,82,-73,43,-108,-34,-121,-82,-82,-117,-21,-112,52,-69,91,0,0,52,117,108,60,117,-8,95,-56,47,-99,-13,-104,-73,-78,-99,-21,-95,21,-60,69,-17,91,34,78,82,47,86,4,65,-43,26,-65,-4,-73,-47,-56,-69,-26,-65,17,-52,43,-17,65,21,56,43,39,52,8,52,-21,34,-39,8,-43,0,0,0,0,0,0]"
CSI_DATA,59443,98:4a:6b:31:4a:10,-55,11,-99,23,37,11,621730899,83,0,256,0,"[0,0,0,0,0,0,0,0,37,25,37,37,25,46,12,50,-4,59,-25,63,-37,54,-46,37,-59,29,-67,0,-59,-8,-59,-29,-54,-50,-46,-63,-33,-71,-12,-75,8,-80,29,-80,46,-75,71,-59,80,-37,96,-16,92,-4,96,21,84,50,75,71,50,84,29,96,0,0,-25,101,-42,84,-63,67,-71,59,-80,42,-80,16,-80,0,-75,-25,-67,-37,-54,-46,-46,-59,-25,-63,-12,-63,0,-67,12,-59,33,-54,42,-50,46,-33,54,-21,63,-12,50,4,50,21,54,33,42,42,21,46,4,54,0,59,-21,42,0,0,0,0,0,0,0,0,0,0,0,0,0,0,-59,-37,-67,-4,-67,37,-46,63,-8,80,29,75,67,59,88,12,84,-33,59,-75,21,-101,-37,-88,-80,-59,-105,-12,-96,42,-63,84,-8,118,59,101,96,54,105,-8,92,-59,50,-101,0,-118,-71,-109,-109,-50,-118,8,-101,80,-46,113,0,0,75,101,122,37,118,-25,80,-75,33,-105,-33,-101,-71,-75,-109,-21,-84,29,-54,67,-12,88,33,84,75,46,84,4,67,-37,42,-67,4,-80,-37,-67,-54,-33,-67,4,-59,33,-33,50,0,59,33,50,42,29,50,4,46,-16,25,-37,0,0,0,0,0,0]"
CSI_DATA,59444,98:4a:6b:31:4a:10,-61,11,-99,-35,57,11,621740790,83,0,256,0,"[0,0,0,0,0,0,0,0,4,22,-2,24,-11,24,-17,20,-24,13,-29,4,-31,-4,-29,-15,-24,-20,-17,-31,-8,-33,2,-35,11,-35,20,-31,29,-24,33,-13,40,-4,40,4,40,15,35,26,26,33,17,40,4,47,-8,47,-17,44,-31,38,-40,31,-47,20,0,0,-47,-8,-47,-22,-35,-31,-24,-38,-15,-42,-4,-42,8,-40,17,-33,22,-33,26,-22,29,-15,33,-4,35,2,31,8,29,15,22,22,15,26,8,29,2,31,-6,29,-13,26,-20,20,-24,13,-26,6,-26,0,-24,-6,-20,-13,-15,-20,0,0,0,0,0,0,0,0,0,0,0,0,0,0,-2,-38,-20,-33,-33,-20,-42,-4,-38,15,-26,35,-8,44,13,47,35,33,49,13,49,-13,38,-33,15,-51,-11,-53,-35,-40,-51,-17,-55,8,-44,38,-17,55,11,58,38,47,58,20,60,-11,51,-42,20,-62,-11,-64,-42,-51,-62,-22,0,0,-53,42,-24,58,6,62,35,49,53,24,53,-6,42,-31,20,-44,-2,-58,-29,-44,-42,-20,-44,4,-33,26,-15,40,8,40,24,31,35,15,38,-6,29,-22,15,-31,-2,-35,-15,-29,-26,-15,-29,0,-24,13,-15,24,-4,24,6,22,0,0,0,0,0,0]"
CSI_DATA,59445,98:4a:6b:31:4a:10,-61,11,-99,-36,58,11,621751438,83,0,256,0,"[0,0,0,0,0,0,0,0,-20,-8,-18,-14,-14,-16,-10,-22,2,-24,6,-28,16,-26,20,-20,28,-10,34,-8,34,4,32,6,30,16,24,22,18,28,12,32,2,36,-8,41,-16,39,-26,28,-36,26,-41,18,-45,10,-41,-10,-47,-16,-43,-24,-39,-32,-28,-45,0,0,-2,-47,12,-47,20,-43,26,-36,34,-26,39,-16,43,-12,36,-4,32,8,30,18,28,22,20,26,16,28,10,32,0,26,-4,30,-12,26,-16,24,-20,16,-24,8,-30,6,-28,-2,-28,-4,-22,-12,-18,-14,-14,-18,-6,-24,0,-26,0,0,0,0,0,0,0,0,0,0,0,0,0,0,30,14,39,-2,34,-16,18,-32,2,-39,-22,-39,-39,-24,-49,-2,-41,24,-24,41,0,51,24,41,47,24,51,-4,45,-32,26,-53,-2,-57,-30,-47,-53,-18,-55,6,-47,41,-18,61,16,65,51,41,61,18,61,-18,39,-47,8,-69,0,0,-53,-39,-63,-6,-57,24,-36,49,0,57,28,49,51,24,49,-6,39,-28,18,-43,-4,-47,-30,-34,-41,-14,-39,10,-30,26,-10,39,12,36,28,28,36,8,32,-14,20,-24,6,-32,-10,-28,-22,-20,-26,-4,-24,10,-16,16,-6,22,0,0,0,0,0,0]"
CSI_DATA,59446,98:4a:6b:31:4a:10,-55,11,-99,22,37,11,621761655,83,0,256,0,"[0,0,0,0,0,0,0,0,21,-39,30,-43,39,-30,52,-17,56,0,60,13,56,26,43,39,43,56,21,60,13,69,-8,69,-21,69,-39,69,-52,65,-65,43,-78,30,-82,13,-86,-8,-82,-21,-78,-39,-73,-60,-60,-65,-34,-91,-21,-104,-4,-104,21,-95,26,-91,0,0,78,-65,82,-52,95,-30,99,-8,86,17,86,26,69,47,60,52,52,60,34,65,30,73,8,73,-4,65,-21,65,-30,60,-43,56,-52,47,-56,30,-60,13,-69,8,-60,-4,-47,-21,-52,-30,-39,-47,-21,-47,-8,-47,-13,-56,0,-56,0,0,0,0,0,0,0,0,0,0,0,0,0,0,-34,65,4,69,34,65,65,34,78,4,69,-43,39,-73,-8,-95,-52,-73,-78,-30,-91,13,-73,65,-30,99,21,91,73,56,95,13,86,-47,56,-91,0,-104,-56,-99,-99,-43,-108,17,-86,82,-21,104,39,117,104,82,130,0,117,-52,0,0,-17,-121,-65,-91,-112,-47,-104,21,-78,73,-30,95,34,95,73,60,95,8,78,-39,34,-91,-13,-82,-56,-60,-82,-26,-78,26,-52,65,-8,73,26,60,52,43,65,-4,60,-34,30,-52,0,-65,-30,-47,-47,-26,-47,4,-30,30,-8,52,0,0,0,0,0,0]"
CSI_DATA,59447,98:4a:6b:31:4a:10,-61,11,-99,-34,58,11,621771587,83,0,256,0,"[0,0,0,0,0,0,0,0,-5,21,-7,19,-17,15,-25,15,-25,3,-27,-1,-25,-13,-25,-17,-19,-29,-13,-34,-7,-34,1,-32,11,-34,23,-32,29,-27,34,-21,40,-7,40,-1,48,7,38,15,36,27,25,29,13,38,5,48,0,52,-15,48,-25,42,-36,36,0,0,-44,21,-48,3,-46,-11,-42,-21,-38,-25,-32,-29,-23,-32,-15,-34,-5,-38,5,-40,13,-32,13,-32,21,-23,29,-21,27,-11,32,-7,27,1,32,7,23,11,21,21,21,27,13,27,5,27,-3,25,-9,25,-13,23,-17,15,-23,11,0,0,0,0,0,0,0,0,0,0,0,0,0,0,9,-34,-3,-38,-23,-32,-40,-11,-38,3,-32,29,-13,40,5,50,31,36,46,17,48,-9,38,-29,15,-48,-9,-54,-36,-38,-52,-15,-50,15,-38,42,-1,58,23,50,52,32,58,-5,52,-31,31,-56,0,-65,-36,-56,-62,-27,-69,5,0,0,-19,67,11,62,42,44,60,9,54,-13,32,-36,7,-50,-21,-46,-42,-29,-48,-3,-38,27,-25,38,1,46,25,31,34,17,40,-9,27,-27,15,-38,-9,-38,-27,-25,-31,-7,-31,5,-21,21,-9,27,7,29,19,21,23,5,23,-3,0,0,0,0,0,0]"
CSI_DATA,59448,98:4a:6b:31:4a:10,-55,11,-99,21,37,11,621781650,83,0,256,0,"[0,0,0,0,0,0,0,0,4,40,-13,49,-26,40,-31,35,-44,35,-53,22,-53,4,-58,-17,-58,-31,-53,-40,-40,-53,-31,-71,-13,-71,-4,-75,13,-75,40,-71,53,-67,62,-53,75,-35,80,-26,89,0,89,13,93,26,84,53,71,67,67,84,49,89,22,93,0,0,-31,107,-40,84,-58,75,-71,62,-80,53,-84,35,-80,13,-80,-4,-84,-22,-67,-31,-62,-40,-53,-49,-44,-58,-31,-67,-13,-58,-4,-62,4,-62,22,-53,35,-49,40,-44,44,-31,53,-22,53,-17,53,0,49,17,35,22,44,35,31,40,0,0,0,0,0,0,0,0,0,0,0,0,0,0,4,-67,-26,-67,-62,-40,-71,-8,-67,40,-44,67,-4,89,40,71,80,40,93,-13,67,-53,31,-80,-26,-89,-75,-75,-98,-13,-93,40,-49,84,4,107,58,89,98,35,107,-22,80,-75,22,-116,-40,-111,-93,-71,-120,0,-116,58,-71,116,0,0,80,102,116,40,111,-26,75,-84,8,-102,-49,-102,-84,-44,-102,8,-75,58,-26,84,22,80,62,53,89,8,80,-35,44,-67,0,-80,-44,-62,-71,-26,-71,8,-49,40,-13,62,26,58,44,40,58,8,49,-22,31,-35,8,-44,-13,-44,0,0,0,0,0,0]"
CSI_DATA,59449,98:4a:6b:31:4a:10,-55,11,-99,24,37,11,621791699,83,0,256,0,"[0,0,0,0,0,0,0,0,-4,-40,-4,-49,16,-45,28,-36,40,-32,57,-20,65,-4,65,12,65,32,49,45,36,53,28,73,8,69,-8,77,-20,73,-49,73,-53,53,-65,40,-81,28,-81,12,-90,-8,-86,-28,-73,-49,-57,-73,-40,-90,-28,-94,-4,-106,-4,-102,0,0,57,-86,73,-65,73,-45,90,-28,86,-8,81,20,73,24,65,45,57,61,40,69,24,69,8,73,-4,65,-20,61,-32,53,-49,49,-57,36,-57,24,-61,12,-61,-8,-61,-16,-49,-24,-40,-40,-28,-49,-20,-53,-4,-49,0,-53,16,-40,0,0,0,0,0,0,0,0,0,0,0,0,0,0,12,73,40,61,73,32,77,0,65,-45,36,-73,-12,-81,-45,-77,-77,-32,-94,4,-77,49,-32,86,20,98,65,69,90,28,98,-28,65,-73,24,-106,-49,-94,-90,-61,-110,0,-102,57,-57,102,8,122,73,102,122,49,131,-20,86,-77,0,0,-28,-122,-90,-90,-114,-28,-106,40,-61,90,-8,94,49,90,81,53,102,-4,69,-49,32,-86,-16,-77,-61,-57,-77,-20,-73,24,-53,57,-12,77,28,65,57,53,73,8,65,-24,40,-53,0,-61,-20,-49,-45,-28,-49,0,-45,24,-28,40,0,0,0,0,0,0]"
CSI_DATA,59450,98:4a:6b:31:4a:10,-61,11,-99,-35,58,11,621801661,83,0,256,0,"[0,0,0,0,0,0,0,0,-19,-7,-17,-17,-15,-21,-7,-21,-1,-25,7,-27,17,-25,19,-17,29,-11,35,-3,33,3,33,13,31,21,21,29,11,33,3,39,-3,41,-15,41,-23,33,-31,25,-39,23,-43,9,-45,-5,-47,-17,-41,-29,-35,-39,-27,-41,-13,-51,0,0,15,-45,25,-39,29,-35,37,-27,45,-13,45,-5,41,3,33,13,27,23,21,27,19,31,5,35,3,37,-1,33,-11,31,-19,25,-23,19,-25,13,-29,5,-29,-3,-29,-9,-27,-13,-19,-19,-15,-21,-9,-23,1,-25,5,-25,11,-21,0,0,0,0,0,0,0,0,0,0,0,0,0,0,33,17,37,-1,31,-17,19,-29,1,-39,-21,-39,-35,-25,-51,-3,-43,17,-29,37,-5,47,19,47,43,31,51,5,47,-23,31,-43,5,-55,-23,-45,-45,-31,-55,-3,-49,33,-27,53,1,57,33,49,55,29,65,-5,53,-35,25,-61,0,0,-35,-49,-59,-21,-65,5,-47,33,-19,55,9,55,33,39,45,13,43,-9,33,-33,13,-45,-15,-41,-31,-25,-39,-7,-35,15,-23,29,-3,35,15,35,27,21,33,3,31,-11,19,-23,5,-31,-11,-27,-23,-17,-25,-5,-23,5,-17,17,0,0,0,0,0,0]"
CSI_DATA,59451,98:4a:6b:31:4a:10,-55,11,-99,23,37,11,621811652,83,0,256,0,"[0,0,0,0,0,0,0,0,-21,37,-33,29,-42,21,-50,8,-50,-4,-59,-16,-54,-29,-42,-50,-25,-63,-12,-67,4,-71,21,-67,33,-63,42,-50,63,-46,71,-25,75,-12,84,8,80,33,71,42,63,59,50,71,33,80,8,92,-21,105,-33,105,-50,88,-71,88,0,0,-105,37,-96,8,-88,-12,-92,-33,-75,-37,-71,-63,-46,-67,-37,-75,-16,-67,-4,-75,21,-80,21,-67,29,-59,46,-50,54,-29,59,-21,54,-12,63,8,50,12,54,25,46,46,33,50,21,54,12,54,-4,59,-12,46,-21,50,-33,33,0,0,0,0,0,0,0,0,0,0,0,0,0,0,42,-59,12,-75,-29,-71,-59,-54,-80,-8,-75,29,-54,67,-12,88,29,84,75,59,92,4,84,-42,54,-84,4,-101,-50,-84,-92,-37,-96,21,-80,75,-29,101,33,105,88,71,113,16,101,-50,59,-92,8,-118,-59,-105,-109,-54,-122,8,0,0,-37,122,33,122,75,84,109,21,101,-37,59,-80,0,-96,-59,-84,-88,-50,-92,12,-75,46,-29,80,16,75,59,59,80,12,67,-33,42,-63,8,-75,-33,-67,-54,-37,-71,-4,-59,29,-25,50,4,54,33,50,42,21,54,0,37,-25,0,0,0,0,0,0]"
CSI_DATA,59452,98:4a:6b:31:4a:10,-61,11,-99,-36,58,11,621822639,83,0,256,0,"[0,0,0,0,0,0,0,0,-22,-4,-20,-10,-16,-16,-12,-20,-6,-28,2,-28,10,-28,18,-24,26,-18,30,-12,32,-4,36,4,34,14,28,22,22,30,16,34,6,39,-4,41,-14,39,-24,36,-32,28,-39,22,-45,12,-47,2,-47,-12,-43,-24,-39,-32,-28,-41,0,0,-4,-47,6,-49,20,-43,26,-34,34,-30,36,-20,39,-10,39,-2,36,8,34,16,28,24,22,28,14,30,10,32,-2,32,-8,30,-14,28,-20,24,-24,18,-26,10,-28,4,-28,-2,-26,-8,-22,-16,-16,-18,-10,-22,-6,-24,4,-24,0,0,0,0,0,0,0,0,0,0,0,0,0,0,34,10,36,-8,28,-26,14,-36,-6,-41,-26,-32,-43,-18,-45,6,-39,28,-18,43,6,49,32,41,49,20,51,-8,41,-32,18,-51,-10,-53,-36,-39,-55,-16,-57,14,-41,41,-12,59,20,59,49,41,63,12,61,-24,39,-53,10,-65,0,0,-51,-36,-63,-6,-55,28,-30,49,-2,57,26,45,47,24,51,-2,41,-28,20,-43,-6,-43,-28,-34,-41,-14,-41,10,-28,28,-10,36,12,36,26,26,34,8,34,-10,22,-24,8,-32,-8,-30,-20,-20,-26,-8,-26,6,-20,16,-8,22,0,0,0,0,0,0]"
CSI_DATA,59453,98:4a:6b:31:4a:10,-55,11,-99,23,37,11,621832725,83,0,256,0,"[0,0,0,0,0,0,0,0,-42,-16,-37,-29,-29,-42,-21,-42,4,-50,16,-54,33,-46,46,-37,63,-21,54,-4,59,21,63,33,54,54,46,67,12,67,-8,75,-25,67,-42,59,-59,50,-75,33,-80,21,-88,-4,-92,-29,-71,-54,-54,-80,-33,-92,-12,-109,4,-92,0,0,54,-80,75,-59,84,-25,88,-21,88,8,75,33,67,50,54,59,33,67,16,75,-8,67,-16,67,-33,63,-50,42,-59,29,-63,12,-59,8,-54,-12,-50,-25,-37,-37,-37,-50,-16,-54,0,-59,8,-46,25,-42,37,-42,46,-29,42,-8,0,0,0,0,0,0,0,0,0,0,0,0,0,0,63,25,63,-4,59,-42,33,-67,0,-80,-37,-75,-71,-46,-88,-12,-84,25,-63,63,-21,88,25,92,63,67,101,25,96,-25,71,-71,29,-92,-25,-101,-80,-71,-109,-33,-96,16,-84,75,-33,113,33,113,80,84,113,37,118,-29,88,-88,0,0,-21,-118,-80,-92,-113,-29,-109,21,-80,71,-21,96,25,92,63,75,84,33,80,-21,67,-54,25,-80,-29,-80,-59,-50,-75,-12,-71,16,-54,50,-25,71,0,71,42,54,63,29,59,-4,50,-37,25,-50,4,-54,-21,-46,-42,-25,-50,0,0,0,0,0,0,0]"
CSI_DATA,59454,98:4a:6b:31:4a:10,-61,11,-99,-36,58,11,621843589,83,0,256,0,"[0,0,0,0,0,0,0,0,-12,18,-16,16,-22,10,-26,4,-26,-4,-26,-12,-22,-20,-18,-26,-10,-30,0,-32,8,-32,16,-30,24,-26,30,-20,36,-12,39,-2,39,6,39,16,32,26,28,32,18,41,8,45,0,45,-14,47,-22,43,-34,36,-43,26,-47,16,0,0,-49,-8,-43,-18,-39,-28,-28,-32,-20,-39,-10,-41,0,-41,8,-39,14,-36,22,-30,26,-24,30,-16,32,-8,34,-2,30,6,30,12,26,18,22,22,16,26,8,28,2,28,-6,28,-12,24,-18,20,-22,16,-24,10,-24,2,-24,-4,0,0,0,0,0,0,0,0,0,0,0,0,0,0,22,-28,6,-36,-14,-36,-30,-24,-41,-8,-43,14,-30,32,-10,47,16,45,36,32,49,10,49,-16,34,-39,10,-51,-18,-51,-41,-34,-55,-6,-51,24,-30,49,-2,57,28,53,53,30,59,-2,53,-32,28,-57,-6,-65,-39,-53,-61,-24,0,0,-51,43,-20,59,14,59,41,41,55,14,51,-14,34,-39,10,-49,-18,-45,-39,-28,-45,-4,-39,20,-20,36,0,43,24,32,36,16,39,-2,28,-22,12,-32,-4,-36,-22,-26,-30,-14,-30,2,-22,16,-12,26,2,26,14,20,20,12,0,0,0,0,0,0]"
CSI_DATA,59455,98:4a:6b:31:4a:10,-61,11,-99,-39,58,11,621854835,83,0,256,0,"[0,0,0,0,0,0,0,0,6,-20,13,-20,17,-15,22,-8,26,0,26,8,24,17,20,24,13,29,4,33,-4,33,-15,31,-24,26,-29,20,-33,8,-38,0,-38,-11,-33,-20,-29,-29,-22,-35,-8,-40,0,-42,11,-42,24,-38,33,-31,42,-24,47,-11,47,2,0,0,40,24,33,33,22,40,8,40,-2,42,-11,38,-20,33,-26,26,-31,20,-33,11,-33,4,-33,-4,-31,-11,-29,-17,-20,-24,-13,-26,-6,-29,2,-29,8,-26,15,-22,20,-17,26,-11,26,-4,26,2,24,8,22,13,13,20,8,24,0,0,0,0,0,0,0,0,0,0,0,0,0,0,-15,33,2,38,20,33,35,20,40,2,40,-17,29,-35,6,-47,-15,-44,-35,-31,-47,-11,-47,13,-35,38,-11,51,13,51,38,35,53,15,53,-15,40,-40,13,-55,-15,-58,-44,-42,-58,-13,-62,15,-42,44,-15,62,17,64,47,44,0,0,60,-13,47,-44,20,-58,-11,-53,-38,-42,-51,-15,-51,11,-35,35,-13,47,11,44,33,29,42,11,42,-11,29,-29,6,-38,-11,-38,-29,-26,-33,-8,-33,11,-24,22,-8,33,6,31,20,22,26,11,26,-4,20,-13,13,-20,0,-24,0,0,0,0,0,0]"
CSI_DATA,59456,98:4a:6b:31:4a:10,-55,11,-99,25,37,11,621874592,83,0,256,0,"[0,0,0,0,0,0,0,0,43,3,39,19,35,35,19,47,11,51,-11,55,-19,59,-35,51,-59,35,-67,19,-59,0,-67,-11,-67,-31,-47,-55,-39,-63,-15,-75,3,-79,27,-75,43,-63,59,-55,71,-43,95,-23,91,0,83,23,87,43,79,71,43,79,23,95,0,0,-11,103,-43,87,-75,51,-67,55,-75,35,-79,7,-83,-11,-71,-35,-67,-39,-47,-47,-27,-63,-15,-63,-3,-71,15,-59,27,-59,43,-43,51,-35,59,-19,59,-7,59,7,55,23,47,31,35,39,27,55,0,51,-3,43,-23,51,-27,31,0,0,0,0,0,0,0,0,0,0,0,0,0,0,-71,-15,-71,19,-59,55,-31,75,7,83,47,67,75,39,83,0,75,-43,55,-75,0,-99,-43,-87,-87,-51,-99,-11,-95,43,-63,83,0,119,55,91,99,51,107,-3,91,-67,47,-91,-7,-107,-63,-107,-111,-59,-127,15,-103,75,-51,107,0,0,71,111,107,55,111,-15,91,-55,43,-103,-7,-107,-59,-75,-95,-31,-91,23,-75,55,-23,83,23,87,63,67,83,19,79,-15,63,-59,23,-63,-15,-67,-47,-43,-63,-23,-63,11,-47,39,-15,59,11,55,27,47,43,15,51,-7,35,-23,0,0,0,0,0,0]"
CSI_DATA,59457,98:4a:6b:31:4a:10,-55,11,-99,24,37,11,621884954,83,0,256,0,"[0,0,0,0,0,0,0,0,49,-16,49,0,49,16,36,24,36,36,24,45,12,61,-4,69,-28,65,-36,45,-49,40,-65,24,-77,4,-81,0,-77,-24,-65,-28,-53,-49,-40,-65,-28,-86,-8,-81,8,-86,28,-86,49,-81,61,-57,77,-49,94,-28,94,-12,94,16,0,0,81,65,61,69,36,90,32,90,4,90,-20,81,-36,77,-61,61,-53,49,-65,45,-65,28,-69,12,-57,-4,-61,-20,-57,-20,-45,-32,-36,-49,-32,-57,-8,-57,-8,-53,20,-57,28,-45,32,-40,40,-32,53,-20,49,-4,61,4,49,16,0,0,0,0,0,0,0,0,0,0,0,0,0,0,-69,4,-61,40,-32,69,12,81,45,73,77,45,90,-4,69,-53,40,-86,-12,-94,-61,-77,-90,-32,-94,20,-69,65,-20,94,32,90,77,73,110,12,106,-40,61,-98,4,-114,-45,-98,-102,-57,-122,0,-94,77,-49,118,28,135,90,106,0,0,122,-32,90,-86,24,-110,-36,-106,-77,-69,-106,-16,-94,45,-57,86,-8,102,53,81,81,24,81,-16,53,-61,20,-77,-20,-86,-49,-61,-69,-16,-65,28,-53,53,-12,65,24,65,49,36,61,8,53,-20,40,-36,8,-49,-20,-49,-40,-36,0,0,0,0,0,0]"
CSI_DATA,59458,98:4a:6b:31:4a:10,-55,11,-99,24,37,11,621897955,83,0,256,0,"[0,0,0,0,0,0,0,0,36,-20,36,-8,53,-4,40,12,40,28,32,45,16,61,8,61,-12,61,-32,49,-36,40,-53,36,-69,12,-69,-4,-69,-24,-61,-36,-40,-53,-32,-65,-4,-77,8,-81,24,-81,45,-86,65,-57,81,-36,86,-24,102,16,94,24,90,45,0,0,49,81,20,94,-16,90,-12,81,-40,65,-61,61,-65,36,-61,20,-73,4,-69,-8,-61,-24,-57,-40,-36,-57,-36,-53,-16,-57,-4,-61,16,-61,20,-57,28,-45,45,-32,53,-20,53,-4,49,8,53,28,36,32,28,49,8,49,8,53,0,0,0,0,0,0,0,0,0,0,0,0,0,0,-61,32,-36,49,-12,77,28,73,57,53,81,24,90,-16,61,-61,28,-81,-20,-81,-69,-69,-94,-40,-90,24,-81,65,-28,94,12,94,69,77,102,36,102,-28,69,-77,40,-102,-32,-102,-73,-86,-114,-28,-114,28,-90,69,-28,135,24,114,0,0,122,36,110,-36,86,-73,32,-106,-20,-102,-69,-69,-98,-8,-94,36,-61,65,-12,98,32,86,65,53,77,20,73,-32,45,-69,0,-77,-28,-69,-57,-45,-57,-4,-57,28,-40,49,-12,69,24,57,36,28,57,12,49,-20,28,-36,16,-53,0,0,0,0,0,0]"
CSI_DATA,59459,98:4a:6b:31:4a:10,-61,11,-99,-40,59,11,621898710,83,0,256,0,"[0,0,0,0,0,0,0,0,22,2,18,10,14,20,10,22,4,26,-8,24,-14,24,-24,18,-24,14,-30,8,-32,-4,-30,-14,-24,-24,-18,-32,-12,-34,-2,-36,8,-41,20,-39,22,-30,34,-28,34,-12,43,-6,45,4,43,18,41,28,26,34,16,43,0,43,0,0,-20,43,-28,36,-39,26,-41,16,-41,6,-41,-2,-34,-14,-28,-18,-26,-24,-18,-32,-8,-34,-2,-30,6,-30,10,-28,20,-26,22,-18,24,-12,28,-2,28,2,26,4,26,14,18,18,12,24,4,24,-2,24,-8,24,-14,20,-18,16,0,0,0,0,0,0,0,0,0,0,0,0,0,0,-32,-16,-39,0,-34,22,-18,32,-2,43,16,36,39,24,45,2,47,-18,30,-34,8,-49,-16,-49,-36,-32,-51,-10,-51,18,-32,41,-8,49,22,53,41,34,59,6,49,-16,34,-47,8,-61,-22,-59,-51,-41,-65,-10,-59,26,-45,51,0,0,22,61,51,36,55,8,57,-26,34,-43,8,-55,-18,-49,-39,-26,-53,-4,-45,20,-24,39,-2,45,22,36,34,18,43,-2,32,-16,16,-34,0,-32,-20,-30,-30,-22,-32,-2,-26,14,-16,26,-2,28,10,26,18,16,24,4,22,-4,0,0,0,0,0,0]"
CSI_DATA,59460,98:4a:6b:31:4a:10,-55,11,-99,22,37,11,621920753,83,0,256,0,"[0,0,0,0,0,0,0,0,8,30,-8,47,-21,43,-30,43,-47,34,-52,17,-56,8,-56,-13,-52,-39,-43,-47,-30,-65,-13,-69,17,-69,26,-65,43,-56,60,-47,69,-30,86,-8,78,8,82,34,69,52,52,69,43,91,17,86,0,95,-30,86,-52,69,-78,56,0,0,-91,34,-95,-8,-91,-34,-73,-52,-60,-65,-47,-69,-30,-78,0,-73,13,-73,34,-69,52,-52,52,-43,60,-26,65,-13,60,4,69,17,47,39,47,47,21,56,13,52,0,56,-17,56,-26,47,-39,39,-43,21,-52,13,-52,-4,-43,-17,0,0,0,0,0,0,0,0,0,0,0,0,0,0,-13,-65,-47,-60,-65,-39,-82,0,-69,43,-47,78,-8,82,39,86,73,60,95,8,86,-39,56,-82,8,-99,-43,-99,-82,-65,-112,-8,-99,43,-69,91,-8,117,56,95,99,60,121,8,99,-52,69,-108,0,-125,-69,-108,-99,-65,-143,0,0,0,-65,117,-4,134,56,112,95,47,108,4,99,-52,47,-91,-8,-99,-56,-82,-91,-47,-99,8,-69,60,-34,82,13,78,56,69,78,30,69,-21,56,-47,30,-69,-8,-78,-39,-60,-60,-26,-65,8,-52,34,-26,52,0,52,17,43,34,26,0,0,0,0,0,0]"
CSI_DATA,59461,98:4a:6b:31:4a:10,-55,11,-99,20,37,11,621930671,83,0,256,0,"[0,0,0,0,0,0,0,0,-41,13,-50,9,-55,-9,-45,-32,-36,-41,-22,-59,-4,-59,0,-64,27,-68,36,-59,64,-45,73,-32,82,-18,82,4,78,22,73,36,59,59,45,73,32,82,18,96,-9,91,-27,96,-50,82,-73,64,-87,55,-87,32,-96,9,-96,-9,0,0,-87,-55,-68,-82,-50,-91,-22,-82,0,-101,4,-87,22,-87,36,-73,50,-64,68,-36,73,-27,78,-13,73,0,73,13,59,32,55,45,36,45,32,50,13,59,0,64,-13,55,-22,50,-36,41,-41,36,-45,18,-50,9,-50,0,-50,-13,0,0,0,0,0,0,0,0,0,0,0,0,0,0,73,-13,64,-45,22,-78,-4,-78,-50,-59,-82,-32,-87,13,-68,55,-36,82,13,91,64,73,91,36,101,-32,73,-73,27,-105,-32,-101,-91,-68,-110,-13,-96,45,-55,91,0,114,68,110,101,55,133,-13,96,-82,50,-128,-27,-133,-82,-96,0,0,-124,50,-87,91,-32,128,50,110,91,64,96,0,96,-45,50,-91,-9,-101,-59,-78,-91,-27,-87,18,-68,64,-13,91,27,78,64,55,78,9,73,-32,45,-64,0,-73,-32,-64,-59,-41,-59,-9,-50,32,-32,50,0,55,22,41,32,32,0,0,0,0,0,0]"
CSI_DATA,59462,98:4a:6b:31:4a:10,-55,11,-99,21,37,11,621941006,83,0,256,0,"[0,0,0,0,0,0,0,0,-22,-26,-13,-35,-4,-49,13,-44,31,-49,44,-40,58,-22,67,-4,71,13,62,31,49,49,40,75,26,71,8,84,-8,84,-31,67,-49,62,-67,44,-75,31,-93,17,-84,-8,-84,-35,-75,-49,-62,-80,-49,-84,-22,-89,8,-98,49,-80,0,0,62,-75,84,-49,102,-31,89,-8,89,22,75,35,58,53,53,75,31,71,22,71,0,80,-17,67,-22,67,-31,58,-62,26,-67,22,-58,13,-62,-8,-58,-22,-44,-44,-40,-40,-26,-58,-4,-58,0,-44,17,-44,31,-35,40,-35,49,-17,0,0,0,0,0,0,0,0,0,0,0,0,0,0,35,62,71,31,80,0,75,-35,40,-62,4,-80,-35,-84,-67,-62,-98,-17,-89,31,-53,80,-17,93,35,102,67,58,107,8,102,-40,62,-89,13,-98,-49,-111,-93,-71,-125,0,-116,62,-67,107,-8,120,62,102,129,62,134,-22,102,-84,0,0,4,-111,-75,-98,-125,-44,-102,17,-89,71,-35,102,26,93,53,75,89,26,93,-17,71,-71,17,-84,-35,-80,-71,-67,-80,-13,-84,31,-49,53,-13,75,17,75,49,58,71,17,62,-17,35,-44,13,-67,-8,-58,-40,-49,-40,-13,-44,17,0,0,0,0,0,0]"
CSI_DATA,59463,98:4a:6b:31:4a:10,-55,11,-99,23,37,11,621951280,83,0,256,0,"[0,0,0,0,0,0,0,0,-4,-46,4,-42,12,-46,33,-42,42,-29,54,-16,59,0,71,12,63,29,42,42,37,63,16,67,4,80,-8,80,-25,75,-21,71,-46,46,-63,46,-84,25,-84,16,-88,-12,-92,-25,-75,-54,-59,-63,-50,-92,-33,-101,-16,-96,25,-101,0,0,46,-105,67,-75,80,-59,88,-46,80,-16,84,4,75,42,71,46,59,59,42,67,46,71,12,67,4,59,-12,71,-21,63,-21,63,-42,46,-63,37,-50,16,-59,4,-59,-8,-46,-21,-42,-29,-37,-33,-25,-46,-8,-46,-12,-59,0,-54,0,0,0,0,0,0,0,0,0,0,0,0,0,0,8,71,46,59,67,29,75,0,67,-37,46,-67,4,-80,-50,-63,-84,-46,-84,4,-71,50,-37,84,16,92,63,75,96,29,92,-21,59,-71,16,-101,-42,-105,-92,-67,-109,0,-92,54,-54,96,4,109,75,88,126,42,109,-33,84,-92,0,0,-25,-92,-96,-75,-101,-4,-96,50,-59,92,0,109,54,71,88,46,88,-12,71,-59,25,-88,-21,-75,-59,-46,-80,-8,-71,37,-54,67,0,71,33,63,63,29,71,0,59,-37,21,-59,-16,-67,-25,-46,-46,-25,-46,-8,-33,33,-16,50,0,0,0,0,0,0]"
CSI_DATA,59464,98:4a:6b:31:4a:10,-61,11,-99,-36,58,11,621961189,83,0,256,0,"[0,0,0,0,0,0,0,0,-6,20,-14,18,-18,14,-24,10,-26,0,-28,-8,-24,-16,-20,-24,-14,-28,-6,-32,4,-32,12,-32,20,-30,26,-22,34,-16,36,-8,41,2,39,12,36,20,32,30,22,39,12,43,2,47,-10,47,-20,43,-32,36,-41,28,-47,20,0,0,-49,-6,-45,-16,-41,-26,-30,-32,-20,-39,-10,-39,-2,-41,8,-36,14,-34,20,-30,26,-24,30,-14,32,-8,32,-2,30,6,30,14,24,20,20,22,14,26,6,28,0,28,-8,26,-14,22,-18,18,-22,14,-24,8,-24,0,-22,-6,0,0,0,0,0,0,0,0,0,0,0,0,0,0,16,-30,-2,-36,-20,-32,-34,-20,-41,0,-39,20,-24,36,-2,47,20,41,41,26,49,2,45,-22,28,-43,2,-51,-24,-45,-45,-26,-53,-2,-47,30,-24,49,6,57,34,49,55,24,59,-8,49,-41,20,-59,-10,-63,-43,-49,-61,-20,0,0,-47,45,-18,59,16,59,45,41,55,12,51,-18,32,-39,8,-49,-20,-45,-39,-24,-45,0,-39,20,-20,36,2,41,22,32,36,16,39,-2,30,-24,12,-32,-4,-34,-20,-26,-28,-14,-30,2,-24,16,-12,24,2,26,12,22,20,12,0,0,0,0,0,0]"
CSI_DATA,59465,98:4a:6b:31:4a:10,-55,11,-99,21,37,11,621970748,83,0,256,0,"[0,0,0,0,0,0,0,0,-31,-26,-26,-31,-17,-53,0,-49,17,-53,40,-49,49,-35,62,-13,67,4,62,17,62,44,49,53,31,71,13,75,-4,80,-22,75,-49,58,-62,53,-80,35,-93,8,-84,-8,-84,-44,-75,-53,-62,-75,-31,-93,-13,-93,17,-98,58,-89,0,0,84,-49,98,-31,107,-8,93,17,80,31,71,53,53,71,35,75,17,75,-13,67,-31,67,-40,58,-49,40,-58,22,-71,13,-62,0,-62,-17,-49,-31,-35,-44,-26,-53,-17,-53,4,-58,17,-49,26,-44,40,-31,40,-22,58,-8,58,4,0,0,0,0,0,0,0,0,0,0,0,0,0,0,44,53,71,17,84,-8,62,-53,31,-71,-8,-84,-44,-75,-84,-44,-93,0,-89,44,-53,80,-8,98,44,93,89,58,107,13,93,-40,67,-84,8,-107,-49,-102,-93,-67,-116,0,-107,44,-62,93,-13,120,58,116,107,71,125,4,125,-49,0,0,-4,-125,-58,-111,-98,-71,-111,-13,-98,40,-67,84,-8,111,31,89,80,49,98,4,84,-44,53,-71,0,-80,-35,-75,-75,-44,-75,-8,-67,31,-49,62,-8,71,26,71,49,49,62,8,53,-22,40,-40,17,-62,-13,-58,-40,-40,-35,-13,0,0,0,0,0,0]"
CSI_DATA,59466,98:4a:6b:31:4a:10,-55,11,-99,21,37,11,621980769,83,0,256,0,"[0,0,0,0,0,0,0,0,-22,-35,-17,-44,-4,-53,4,-49,22,-49,44,-44,49,-26,62,-13,62,0,67,17,53,35,53,53,35,67,17,75,4,80,-8,71,-40,75,-53,62,-71,49,-84,35,-89,17,-89,-4,-89,-26,-80,-53,-71,-71,-53,-84,-40,-98,-8,-102,0,0,53,-107,62,-75,80,-62,93,-40,84,-17,93,0,84,17,67,35,62,49,49,53,35,67,13,67,8,71,-17,71,-31,71,-44,53,-49,40,-49,31,-58,8,-62,0,-62,-17,-44,-26,-44,-35,-35,-44,-17,-44,-4,-53,8,-53,22,-53,0,0,0,0,0,0,0,0,0,0,0,0,0,0,35,53,67,40,71,0,71,-35,35,-67,4,-84,-44,-75,-80,-53,-89,0,-84,49,-49,80,0,98,49,80,84,44,107,-8,93,-62,44,-98,-8,-107,-71,-89,-107,-35,-102,26,-89,75,-31,107,31,120,93,84,120,17,120,-40,84,-89,0,0,-58,-111,-102,-71,-116,-8,-102,53,-58,98,8,111,58,84,93,44,102,-13,71,-62,31,-98,-22,-84,-67,-58,-80,-17,-67,26,-53,62,-13,75,22,71,62,40,71,13,71,-22,49,-49,8,-62,-26,-49,-44,-26,-44,-8,-44,17,-35,31,0,0,0,0,0,0]"
