timestamp,type,id,mac,rssi,rate,noise_floor,fft_gain,agc_gain,channel,local_timestamp,sig_len,rx_state,len,first_word,data
1773371061.1508682,CSI_DATA,163118,98:4a:6b:31:4a:10,-58,11,-99,29,37,1,1793002067,83,0,256,0,"[0,0,0,0,0,0,0,0,-62,-22,-44,-44,-44,-58,-26,-67,4,-67,13,-71,40,-62,53,-58,62,-44,75,-40,84,-22,80,-8,84,4,80,40,71,53,58,58,53,84,44,75,31,93,8,89,-13,98,-31,93,-40,89,-80,84,-80,75,-107,58,-98,22,-107,4,0,0,-93,-22,-107,-49,-84,-71,-67,-80,-44,-80,-17,-89,-8,-93,17,-84,17,-75,35,-75,53,-67,62,-58,67,-40,67,-26,67,-13,80,-13,62,13,67,13,49,40,44,53,44,53,26,49,8,49,4,53,-4,53,-22,35,-13,40,-31,26,0,0,0,0,0,0,0,0,0,0,0,0,0,0,62,-17,49,-44,13,-62,-35,-67,-53,-40,-75,-8,-62,22,-49,71,-8,84,53,71,75,31,84,-13,58,-67,17,-89,-31,-75,-71,-58,-93,-13,-71,53,-35,84,22,93,71,71,102,8,89,-35,67,-84,-8,-102,-62,-84,-98,-26,-102,26,0,0,-8,120,44,93,84,49,93,-4,71,-49,22,-71,-26,-75,-62,-40,-80,-4,-71,40,-31,62,17,53,35,40,67,0,49,-35,17,-58,-4,-49,-44,-44,-53,-8,-53,31,-26,58,4,58,26,40,49,13,53,-8,35,-40,8,-44,-26,-44,0,0,0,0,0,0]"
1773371061.167519,CSI_DATA,163119,98:4a:6b:31:4a:10,-62,11,-99,-38,58,1,1793015335,83,0,256,0,"[0,0,0,0,0,0,0,0,35,21,27,32,19,38,8,43,-5,46,-16,43,-30,38,-41,30,-46,21,-49,10,-52,-5,-52,-16,-46,-24,-38,-35,-30,-46,-19,-52,-8,-54,5,-57,16,-54,30,-52,41,-43,49,-35,57,-27,62,-10,65,2,65,16,62,32,52,43,0,0,27,62,10,65,-2,65,-19,57,-27,54,-38,43,-46,32,-49,21,-49,10,-49,0,-46,-8,-43,-19,-38,-27,-30,-32,-19,-38,-10,-41,-2,-41,5,-38,13,-35,19,-27,24,-24,30,-16,30,-10,30,-2,27,2,24,8,21,16,16,19,0,0,0,0,0,0,0,0,0,0,0,0,0,0,-41,8,-32,27,-13,43,10,43,30,35,46,16,52,-8,38,-35,13,-52,-13,-52,-41,-38,-54,-10,-54,19,-35,46,-5,57,24,52,52,30,60,-2,52,-35,24,-57,-10,-60,-43,-46,-62,-16,-65,19,-41,54,-8,68,30,60,60,38,0,0,57,-38,27,-60,-8,-62,-38,-46,-54,-16,-52,16,-35,41,-5,52,24,43,41,24,46,-2,35,-27,13,-43,-10,-41,-30,-24,-38,-5,-35,16,-19,32,2,35,19,27,32,10,35,-5,21,-21,10,-30,-8,-30,-21,-19,-27,-5,-27,10,0,0,0,0,0,0]"
1773371061.1741028,CSI_DATA,163120,98:4a:6b:31:4a:10,-62,11,-99,-30,58,1,1793015820,83,0,256,0,"[0,0,0,0,0,0,0,0,-34,21,-39,13,-43,6,-41,-10,-39,-21,-34,-36,-26,-43,-10,-47,2,-47,15,-47,23,-47,36,-45,41,-28,50,-26,50,-8,56,2,54,15,52,30,43,39,32,52,28,47,13,54,-2,60,-21,58,-34,60,-39,52,-58,47,-58,30,0,0,-67,-4,-60,-19,-56,-32,-43,-39,-39,-50,-23,-52,-10,-52,-2,-52,10,-47,21,-43,26,-36,36,-30,39,-23,41,-13,43,-4,41,8,36,15,28,19,19,26,15,32,10,36,2,36,-4,34,-8,23,-15,21,-19,19,-21,10,-23,8,0,0,0,0,0,0,0,0,0,0,0,0,0,0,10,-41,-13,-41,-32,-32,-47,-8,-47,15,-32,41,-8,50,15,50,39,32,52,6,50,-19,30,-41,2,-60,-30,-45,-45,-26,-58,2,-47,34,-21,54,15,58,50,39,58,19,60,-15,43,-47,13,-65,-26,-58,-63,-30,-65,0,-63,39,0,0,8,73,41,52,60,19,54,-19,41,-41,6,-54,-21,-50,-41,-28,-52,0,-39,26,-15,43,8,43,34,30,41,4,34,-17,19,-36,-2,-39,-17,-30,-28,-13,-32,4,-26,21,-8,28,8,28,23,21,30,6,30,-13,17,-21,2,-28,0,0,0,0,0,0]"
1773371061.1908455,CSI_DATA,163121,98:4a:6b:31:4a:10,-61,11,-99,-28,57,1,1793034954,83,0,256,0,"[0,0,0,0,0,0,0,0,-16,39,-27,34,-36,23,-46,18,-48,2,-50,-9,-43,-27,-43,-34,-34,-43,-25,-52,-9,-55,2,-52,18,-55,27,-52,36,-43,41,-34,55,-23,55,-9,66,0,57,13,59,27,50,39,43,48,29,59,20,66,6,71,-13,71,-25,66,0,0,-50,48,-55,36,-69,18,-66,4,-62,-2,-55,-13,-48,-25,-41,-34,-34,-43,-23,-46,-9,-55,-2,-46,9,-46,16,-46,25,-34,34,-32,34,-16,39,-16,41,-4,39,2,36,9,29,16,23,20,16,25,13,27,2,27,0,25,-6,25,0,0,0,0,0,0,0,0,0,0,0,0,0,0,-16,-41,-32,-27,-43,-11,-46,18,-27,36,-4,50,23,43,39,32,48,2,43,-25,23,-48,-4,-52,-27,-46,-52,-23,-57,9,-46,39,-13,57,13,57,52,39,57,4,57,-32,27,-59,-9,-64,-41,-55,-62,-25,-66,13,-52,52,-11,66,0,0,57,41,69,4,52,-34,27,-57,-6,-55,-32,-39,-50,-9,-50,18,-34,41,-6,48,25,36,36,20,46,-6,32,-29,6,-36,-13,-39,-29,-18,-36,-4,-29,18,-13,29,4,32,23,25,32,9,29,-9,23,-23,6,-29,-9,-27,-23,-16,0,0,0,0,0,0]"
1773371061.1977541,CSI_DATA,163122,98:4a:6b:31:4a:10,-62,11,-99,-27,57,1,1793044563,83,0,256,0,"[0,0,0,0,0,0,0,0,-40,-8,-40,-17,-35,-26,-31,-35,-20,-40,-11,-49,2,-49,13,-51,26,-49,35,-44,42,-35,49,-24,53,-15,55,-4,55,6,58,17,55,29,47,35,42,44,33,51,24,58,11,62,-2,62,-15,67,-26,64,-38,58,-51,51,-58,42,0,0,-71,15,-69,2,-67,-13,-62,-22,-55,-33,-47,-38,-38,-44,-26,-47,-17,-51,-6,-51,2,-51,11,-47,17,-44,24,-40,29,-33,35,-26,38,-17,40,-11,40,-4,38,2,35,8,31,15,24,22,20,24,15,26,8,29,4,26,-2,26,0,0,0,0,0,0,0,0,0,0,0,0,0,0,35,-24,20,-40,-4,-44,-29,-35,-47,-13,-51,13,-35,38,-11,51,20,49,44,31,53,0,47,-31,24,-51,-11,-55,-40,-40,-58,-11,-51,24,-31,49,4,62,40,49,62,17,62,-20,40,-53,4,-64,-35,-60,-62,-29,-69,11,-51,49,0,0,26,64,55,40,67,0,49,-38,15,-55,-17,-53,-42,-33,-51,0,-42,29,-17,44,11,44,33,29,44,4,33,-22,13,-38,-11,-40,-31,-24,-38,-4,-33,15,-15,33,4,35,24,22,33,6,29,-8,17,-22,2,-29,-15,-22,-26,-11,0,0,0,0,0,0]"
1773371061.204782,CSI_DATA,163123,98:4a:6b:31:4a:10,-57,11,-99,33,37,1,1793054526,83,0,256,0,"[0,0,0,0,0,0,0,0,-39,43,-55,35,-67,31,-67,0,-67,-27,-59,-35,-47,-55,-39,-63,-27,-75,-11,-75,15,-83,23,-75,51,-71,71,-67,75,-47,75,-23,83,-11,83,3,91,31,91,47,63,59,63,79,59,83,35,107,7,111,-15,107,-43,111,-75,95,0,0,-91,39,-107,47,-95,15,-107,-7,-91,-19,-79,-39,-75,-67,-55,-71,-47,-83,-15,-87,0,-79,15,-71,23,-71,35,-59,51,-47,55,-43,59,-23,63,-7,67,-3,55,11,51,27,43,39,35,39,31,39,15,39,3,43,7,47,-7,39,0,0,0,0,0,0,0,0,0,0,0,0,0,0,3,-63,-27,-51,-55,-39,-67,3,-63,39,-39,63,3,79,39,67,71,31,75,-15,59,-51,15,-79,-11,-87,-75,-63,-87,-11,-83,47,-47,83,-3,91,51,87,95,43,91,-31,71,-75,19,-91,-39,-99,-83,-55,-107,-7,-91,79,-55,95,0,0,55,79,95,15,87,-31,63,-79,0,-99,-39,-79,-67,-39,-87,0,-59,47,-19,63,23,67,55,31,71,3,55,-43,11,-59,-11,-59,-51,-51,-55,-15,-55,19,-23,43,0,59,31,47,51,7,51,-3,39,-27,11,-43,-11,-51,-43,-35,0,0,0,0,0,0]"
1773371061.2134407,CSI_DATA,163124,98:4a:6b:31:4a:10,-57,11,-99,31,37,1,1793064322,83,0,256,0,"[0,0,0,0,0,0,0,0,-16,71,-25,54,-54,54,-46,42,-59,29,-63,16,-75,8,-67,-21,-80,-50,-67,-59,-54,-75,-33,-67,-29,-71,-8,-92,12,-92,25,-84,50,-75,59,-75,80,-59,84,-50,75,-25,101,-21,96,4,105,21,118,46,96,59,80,84,88,96,0,0,37,105,12,118,0,118,-21,109,-42,88,-46,92,-63,80,-71,59,-80,46,-75,25,-88,12,-80,-8,-75,-16,-71,-29,-54,-37,-50,-46,-42,-59,-21,-54,-8,-71,4,-67,8,-63,21,-63,21,-37,37,-46,25,-37,37,-25,54,-21,37,-4,0,0,0,0,0,0,0,0,0,0,0,0,0,0,-29,-63,-67,-29,-75,12,-54,33,-29,71,16,63,59,50,80,21,84,-29,54,-54,12,-92,-50,-71,-84,-33,-92,25,-63,59,-16,88,37,75,84,46,101,-12,84,-50,29,-101,-29,-105,-75,-71,-101,-12,-92,50,-42,105,21,96,84,80,0,0,92,-25,46,-92,-8,-101,-59,-80,-92,-16,-88,37,-46,54,-4,88,59,46,75,16,67,-25,29,-50,-8,-63,-42,-42,-59,-12,-54,16,-16,50,12,50,33,50,54,16,54,-16,29,-42,-8,-46,-33,-42,-42,-16,-50,16,-29,25,-4,46,0,0,0,0,0,0]"
1773371061.2307162,CSI_DATA,163125,98:4a:6b:31:4a:10,-62,11,-99,-37,59,1,1793074499,83,0,256,0,"[0,0,0,0,0,0,0,0,9,42,-2,42,-14,42,-23,37,-35,30,-42,23,-49,14,-49,0,-49,-11,-47,-23,-40,-35,-33,-42,-23,-47,-14,-54,-2,-56,9,-54,18,-52,33,-49,42,-42,49,-35,56,-26,61,-14,64,0,64,14,66,26,56,37,49,52,35,59,0,0,7,71,-4,68,-18,66,-33,59,-37,47,-45,37,-49,28,-54,16,-54,4,-49,-7,-47,-14,-42,-21,-37,-28,-30,-35,-18,-37,-9,-40,-4,-40,4,-37,11,-35,18,-30,26,-26,28,-18,30,-14,28,-7,28,0,26,4,23,9,21,14,0,0,0,0,0,0,0,0,0,0,0,0,0,0,-33,-23,-42,-2,-37,21,-23,37,-2,47,23,40,45,23,52,-2,42,-30,21,-47,-11,-54,-37,-40,-54,-11,-52,21,-35,45,-2,56,30,49,52,26,61,-9,45,-40,16,-61,-18,-56,-49,-40,-68,-4,-56,33,-28,61,9,71,45,52,0,0,64,-18,42,-49,7,-64,-28,-52,-52,-26,-54,4,-42,33,-14,49,16,45,37,28,47,0,35,-23,16,-40,-9,-40,-28,-23,-37,-2,-33,16,-16,33,4,35,23,28,33,9,33,-9,21,-23,4,-30,-14,-26,-26,-14,-28,0,-23,14,0,0,0,0,0,0]"
1773371061.23749,CSI_DATA,163126,98:4a:6b:31:4a:10,-62,11,-99,-33,59,1,1793084305,83,0,256,0,"[0,0,0,0,0,0,0,0,19,-38,27,-31,35,-25,40,-16,46,-6,48,4,48,14,44,25,38,35,31,42,23,46,14,50,6,54,-6,54,-14,52,-25,50,-33,48,-42,40,-50,31,-54,25,-61,16,-63,4,-63,-6,-65,-19,-61,-29,-57,-40,-50,-50,-40,-59,0,0,-14,-69,-4,-69,8,-65,19,-61,29,-54,35,-46,42,-38,44,-29,50,-19,50,-10,50,-4,48,4,46,10,42,16,35,23,31,29,25,31,16,35,10,35,4,35,-4,35,-8,33,-12,29,-16,25,-19,19,-21,14,-25,12,-23,6,0,0,0,0,0,0,0,0,0,0,0,0,0,0,10,42,31,31,42,8,42,-16,25,-38,2,-50,-27,-44,-46,-23,-52,8,-40,35,-12,52,19,50,46,31,54,0,46,-31,21,-54,-16,-54,-46,-35,-61,-2,-50,33,-25,59,12,63,48,44,67,8,59,-33,29,-61,-8,-67,-46,-50,0,0,-63,27,-33,54,2,65,38,46,57,14,52,-16,29,-42,0,-50,-29,-38,-44,-12,-44,14,-25,38,0,42,27,31,38,8,35,-16,21,-31,-4,-35,-23,-27,-33,-8,-31,12,-21,27,0,33,19,27,27,10,27,-8,19,-21,4,-27,0,0,0,0,0,0]"
1773371061.2441804,CSI_DATA,163127,98:4a:6b:31:4a:10,-62,11,-99,-44,59,1,1793094163,83,0,256,0,"[0,0,0,0,0,0,0,0,-29,-29,-20,-37,-11,-43,-2,-43,11,-46,26,-43,34,-34,40,-29,46,-17,52,-8,55,2,52,14,49,26,43,34,34,43,26,52,17,55,2,58,-5,58,-17,58,-29,55,-37,49,-49,43,-58,31,-63,23,-69,8,-69,-5,-69,-20,0,0,-52,-46,-40,-55,-29,-63,-17,-60,-2,-63,8,-58,17,-52,26,-49,34,-40,40,-31,43,-23,46,-14,46,-5,46,2,40,11,40,20,34,26,26,29,20,34,11,37,5,34,-2,34,-8,31,-14,26,-17,23,-20,20,-23,14,-23,5,0,0,0,0,0,0,0,0,0,0,0,0,0,0,40,2,37,-20,23,-40,0,-46,-26,-37,-43,-20,-49,5,-40,29,-17,49,11,52,40,37,55,8,52,-23,29,-46,0,-55,-34,-46,-55,-20,-58,14,-43,46,-8,60,26,55,55,31,63,-2,55,-40,20,-63,-17,-66,-49,-46,-69,-8,0,0,-37,58,2,66,37,49,58,20,58,-14,34,-43,5,-52,-26,-43,-46,-20,-46,8,-31,31,-5,43,17,40,34,20,37,-5,31,-26,11,-34,-14,-31,-26,-20,-34,0,-29,17,-14,31,5,31,20,23,29,5,29,-11,17,-23,0,-26,0,0,0,0,0,0]"
1773371061.2526414,CSI_DATA,163128,98:4a:6b:31:4a:10,-62,11,-99,-38,59,1,1793103858,83,0,256,0,"[0,0,0,0,0,0,0,0,-34,24,-41,17,-43,7,-43,-2,-46,-12,-43,-21,-36,-31,-29,-41,-21,-46,-12,-51,-4,-51,7,-53,17,-51,24,-46,34,-43,41,-39,48,-29,53,-21,58,-14,61,-7,61,4,61,14,58,24,56,36,48,48,41,53,34,61,19,68,0,0,-7,70,-12,65,-26,61,-36,53,-41,46,-46,36,-48,26,-51,17,-53,7,-51,0,-48,-7,-43,-14,-43,-19,-39,-26,-31,-31,-24,-36,-17,-36,-12,-39,-2,-39,2,-34,9,-34,12,-31,17,-26,21,-21,21,-17,24,-9,26,-9,26,-2,0,0,0,0,0,0,0,0,0,0,0,0,0,0,7,-41,-14,-41,-34,-26,-43,0,-41,24,-21,43,7,51,31,39,48,14,46,-17,29,-43,0,-56,-31,-46,-53,-19,-56,14,-36,43,-4,56,31,48,56,24,58,-14,41,-46,7,-63,-31,-58,-58,-29,-63,12,-46,48,-9,68,31,58,0,0,68,-4,48,-41,14,-63,-24,-53,-48,-29,-56,4,-39,36,-12,51,21,43,39,21,43,-4,29,-29,4,-41,-19,-36,-34,-12,-39,7,-26,26,-2,34,17,29,31,14,34,-4,24,-26,4,-34,-14,-29,-26,-14,-29,4,-19,17,-7,26,0,0,0,0,0,0]"
1773371061.2692337,CSI_DATA,163129,98:4a:6b:31:4a:10,-62,11,-99,-38,59,1,1793120486,83,0,256,0,"[0,0,0,0,0,0,0,0,-2,41,-12,41,-24,36,-31,31,-39,21,-46,12,-48,0,-48,-12,-43,-24,-39,-34,-29,-43,-21,-48,-9,-53,2,-53,12,-53,24,-48,34,-46,43,-39,51,-29,58,-19,61,-7,61,4,63,17,58,31,53,43,43,53,34,63,17,70,0,0,-17,70,-24,61,-39,56,-46,43,-53,34,-56,19,-56,9,-56,-2,-53,-14,-46,-24,-41,-29,-31,-34,-24,-39,-17,-41,-4,-43,2,-43,9,-39,17,-34,24,-29,26,-21,31,-14,34,-9,31,-4,29,4,26,12,21,14,19,17,14,21,0,0,0,0,0,0,0,0,0,0,0,0,0,0,-26,-31,-41,-14,-41,9,-31,31,-12,43,12,48,36,34,48,9,48,-19,31,-41,2,-53,-26,-46,-48,-26,-56,4,-43,34,-19,53,14,56,43,39,61,7,53,-26,31,-53,-2,-63,-36,-51,-61,-24,-63,14,-46,48,-9,70,26,65,0,0,68,2,56,-34,24,-61,-9,-58,-41,-41,-53,-12,-48,19,-29,41,0,48,26,39,41,17,41,-9,26,-31,4,-41,-19,-31,-34,-17,-36,2,-26,21,-7,34,12,31,26,19,34,2,26,-14,14,-26,-2,-29,-19,-21,-24,-9,-26,7,0,0,0,0,0,0]"
1773371061.2862585,CSI_DATA,163130,98:4a:6b:31:4a:10,-57,11,-99,33,37,1,1793132314,83,0,256,0,"[0,0,0,0,0,0,0,0,-63,7,-67,-3,-75,-7,-67,-27,-59,-39,-51,-63,-35,-67,-19,-75,-3,-83,11,-79,35,-75,47,-71,67,-75,63,-47,87,-31,83,-23,91,-3,91,15,95,27,87,39,67,67,59,71,59,83,19,87,23,115,7,111,-27,111,-43,115,0,0,-83,75,-79,63,-95,39,-107,31,-103,0,-99,-3,-87,-15,-79,-43,-75,-51,-59,-67,-43,-63,-35,-67,-15,-71,-3,-71,11,-75,23,-75,23,-55,39,-55,51,-39,55,-31,55,-23,59,-3,39,3,47,3,39,23,39,27,23,23,31,43,0,0,0,0,0,0,0,0,0,0,0,0,0,0,35,-47,0,-79,-31,-59,-63,-23,-75,11,-59,47,-15,75,19,83,55,51,71,11,75,-31,39,-79,-11,-95,-63,-71,-87,-23,-83,35,-55,67,-3,83,59,83,87,39,99,-27,75,-79,15,-107,-55,-99,-95,-31,-103,11,-95,79,-23,111,0,0,83,71,119,-3,95,-59,35,-79,-23,-95,-67,-59,-87,-7,-67,43,-39,67,11,75,55,55,67,7,59,-47,19,-59,-15,-63,-43,-35,-71,-7,-55,19,-19,55,11,55,39,39,59,3,47,-19,27,-47,-3,-47,-23,-31,-39,-19,-43,7,0,0,0,0,0,0]"
1773371061.2934837,CSI_DATA,163131,98:4a:6b:31:4a:10,-62,11,-99,-38,59,1,1793142732,83,0,256,0,"[0,0,0,0,0,0,0,0,14,39,4,43,-7,41,-17,41,-29,36,-39,29,-46,19,-51,7,-51,-4,-48,-14,-43,-26,-39,-36,-31,-43,-21,-51,-9,-53,2,-56,12,-56,26,-53,36,-46,43,-39,53,-31,61,-21,65,-9,65,4,65,17,61,29,56,43,46,56,0,0,17,68,2,68,-9,65,-21,58,-34,53,-41,43,-48,31,-48,21,-53,9,-51,0,-48,-9,-43,-17,-41,-24,-31,-29,-24,-36,-17,-39,-9,-39,0,-39,7,-36,14,-34,21,-26,24,-24,29,-17,29,-9,29,-2,26,2,26,7,21,12,0,0,0,0,0,0,0,0,0,0,0,0,0,0,-39,-19,-43,2,-36,26,-17,43,7,46,31,41,48,17,51,-12,39,-36,12,-53,-19,-53,-43,-36,-56,-4,-51,26,-26,51,4,58,36,46,58,19,61,-17,39,-48,7,-63,-29,-56,-56,-31,-70,4,-53,41,-21,65,19,70,56,46,0,0,63,-26,36,-56,0,-65,-34,-48,-56,-21,-53,12,-36,39,-9,53,21,43,41,24,43,-4,34,-29,9,-39,-14,-39,-31,-21,-39,0,-31,19,-12,34,9,36,26,24,34,4,31,-12,19,-26,2,-31,-17,-24,-26,-12,-26,2,-21,19,0,0,0,0,0,0]"
1773371061.301452,CSI_DATA,163132,98:4a:6b:31:4a:10,-62,11,-99,-42,59,1,1793152373,83,0,256,0,"[0,0,0,0,0,0,0,0,-13,38,-24,35,-32,30,-35,21,-46,10,-46,2,-52,-8,-43,-16,-41,-30,-41,-38,-30,-46,-21,-46,-13,-52,-5,-52,2,-54,10,-54,24,-52,38,-43,43,-35,52,-30,54,-24,60,-16,60,-2,68,13,68,19,60,30,57,38,49,49,0,0,24,65,13,71,0,65,-13,65,-21,54,-30,54,-32,49,-38,32,-46,27,-49,19,-46,10,-46,2,-49,-2,-43,-10,-38,-19,-32,-24,-27,-30,-21,-30,-13,-35,-8,-41,-2,-35,5,-35,8,-32,13,-30,19,-24,21,-16,24,-16,21,-8,0,0,0,0,0,0,0,0,0,0,0,0,0,0,-16,-38,-35,-21,-46,0,-41,24,-16,43,5,52,32,41,46,13,49,-13,35,-41,5,-52,-27,-52,-52,-24,-52,8,-38,41,-8,60,24,54,52,30,62,-10,43,-43,16,-60,-21,-60,-52,-41,-71,-2,-57,41,-21,71,16,71,52,46,0,0,60,-35,27,-65,-13,-62,-43,-43,-57,-5,-49,24,-27,46,2,52,38,35,49,8,38,-21,19,-41,-8,-43,-30,-27,-41,0,-35,21,-16,38,8,32,24,24,35,5,32,-16,16,-30,-2,-30,-19,-21,-32,-2,-27,13,-13,21,2,27,0,0,0,0,0,0]"
1773371061.3189065,CSI_DATA,163133,98:4a:6b:31:4a:10,-57,11,-99,32,37,1,1793162263,83,0,256,0,"[0,0,0,0,0,0,0,0,20,69,12,69,4,73,-12,77,-28,69,-40,53,-61,61,-73,49,-77,28,-81,12,-90,8,-86,-12,-81,-20,-77,-36,-73,-61,-61,-65,-53,-73,-49,-94,-36,-86,-24,-94,-8,-98,8,-106,24,-98,36,-102,57,-102,69,-86,90,-90,106,-73,0,0,110,-28,102,-12,110,4,118,16,102,28,90,45,86,49,69,65,57,65,45,69,36,90,24,77,12,86,4,73,-8,69,-8,73,-28,61,-28,53,-49,40,-49,49,-53,36,-53,24,-49,16,-49,0,-45,0,-40,-16,-40,-12,-45,-20,0,0,0,0,0,0,0,0,0,0,0,0,0,0,-57,-36,-65,12,-49,49,-8,61,32,65,65,49,81,-8,65,-40,24,-73,-24,-77,-73,-53,-86,0,-69,49,-32,81,24,86,69,61,86,-4,81,-61,16,-90,-28,-94,-81,-53,-98,0,-77,61,-28,102,36,86,94,53,106,-24,90,-69,0,0,-53,-102,-94,-53,-98,4,-61,69,-8,90,49,73,86,32,77,-24,45,-65,0,-69,-45,-65,-61,-16,-45,36,-24,61,28,69,61,40,57,-4,49,-32,20,-53,-20,-53,-36,-32,-57,0,-40,45,-16,40,20,49,45,28,45,-8,36,-28,0,0,0,0,0,0]"
1773371061.3267047,CSI_DATA,163134,98:4a:6b:31:4a:10,-57,11,-99,35,37,1,1793172152,83,0,256,0,"[0,0,0,0,0,0,0,0,60,22,48,48,48,56,26,63,11,78,-3,78,-18,67,-33,75,-37,63,-63,52,-71,48,-82,22,-86,18,-101,11,-86,-11,-86,-30,-82,-45,-75,-60,-60,-75,-56,-71,-37,-93,-18,-101,0,-105,11,-105,33,-108,48,-97,67,-90,86,-78,0,0,112,-45,108,-30,116,-11,105,15,97,37,82,37,75,60,67,67,60,75,41,86,26,93,7,75,15,78,-15,71,-30,71,-33,67,-41,56,-41,48,-48,37,-56,22,-67,11,-48,11,-52,-11,-37,-11,-41,-33,-41,-26,-30,-37,-30,-41,0,0,0,0,0,0,0,0,0,0,0,0,0,0,-60,22,-48,56,-3,60,30,71,63,37,71,-7,71,-48,41,-78,-22,-75,-56,-56,-86,-7,-86,41,-45,82,7,82,60,75,90,15,93,-33,56,-90,-3,-93,-60,-75,-101,-15,-101,37,-67,78,0,108,63,86,97,37,105,-30,71,-78,0,0,-63,-90,-101,-33,-105,18,-63,86,-11,78,45,75,82,37,78,-15,48,-56,7,-78,-37,-56,-67,-18,-67,15,-45,48,7,56,30,48,60,7,56,-15,33,-48,0,-56,-30,-45,-56,-15,-48,15,-30,37,0,41,30,45,45,22,45,-3,0,0,0,0,0,0]"
1773371061.3339806,CSI_DATA,163135,98:4a:6b:31:4a:10,-62,11,-99,-43,59,1,1793182150,83,0,256,0,"[0,0,0,0,0,0,0,0,-42,5,-42,-5,-42,-14,-36,-25,-28,-33,-19,-42,-11,-47,2,-50,11,-50,22,-47,33,-42,39,-36,47,-25,53,-16,56,-5,53,5,56,14,53,28,45,36,39,47,28,53,22,59,11,64,-2,67,-16,64,-28,64,-42,59,-53,50,0,0,-67,25,-67,8,-67,-5,-62,-14,-59,-28,-50,-33,-42,-39,-28,-45,-19,-50,-11,-47,-2,-50,8,-47,14,-47,22,-39,28,-33,33,-28,33,-16,36,-8,39,-2,36,2,33,8,31,16,25,19,16,22,14,25,11,28,2,25,-2,25,0,0,0,0,0,0,0,0,0,0,0,0,0,0,28,-33,5,-42,-16,-42,-36,-25,-47,-2,-45,25,-25,45,2,53,31,45,50,19,53,-11,39,-42,11,-59,-22,-56,-47,-31,-59,0,-47,31,-16,56,16,59,47,42,67,8,62,-31,33,-56,-8,-67,-45,-53,-67,-16,-67,22,-45,59,0,0,36,64,59,31,64,-8,47,-42,14,-59,-22,-50,-47,-28,-53,2,-39,31,-16,45,14,45,36,25,42,0,33,-25,11,-39,-11,-39,-28,-28,-36,-2,-33,19,-16,31,5,33,25,22,33,8,31,-11,19,-22,2,-31,-14,-25,-25,-11,0,0,0,0,0,0]"
1773371061.340993,CSI_DATA,163136,98:4a:6b:31:4a:10,-62,11,-99,-40,59,1,1793192501,83,0,256,0,"[0,0,0,0,0,0,0,0,2,-43,12,-41,20,-41,28,-36,36,-28,41,-18,43,-10,54,0,51,12,46,20,43,31,38,41,33,41,25,49,18,54,7,51,-2,56,-12,59,-18,59,-23,59,-43,49,-49,41,-56,36,-56,20,-64,10,-74,7,-72,-7,-67,-20,0,0,-54,-38,-43,-49,-38,-56,-31,-59,-18,-64,-7,-64,5,-56,12,-56,18,-49,25,-43,33,-43,38,-33,38,-25,41,-23,38,-15,41,-5,41,0,38,12,36,18,28,20,23,25,20,28,12,28,10,28,5,25,0,25,-7,28,-10,25,0,0,0,0,0,0,0,0,0,0,0,0,0,0,25,31,41,10,41,-12,31,-36,5,-46,-20,-43,-38,-28,-56,5,-41,31,-12,49,20,49,46,28,56,2,49,-33,20,-51,-12,-51,-43,-36,-54,-2,-51,33,-28,54,20,62,51,41,64,5,51,-28,20,-54,-12,-67,-51,-41,-74,0,0,0,-33,59,5,62,46,46,59,10,51,-23,28,-46,-12,-54,-38,-36,-49,-7,-38,25,-18,46,10,38,33,25,41,2,33,-23,12,-36,-10,-36,-33,-23,-36,0,-25,20,-7,31,10,31,28,18,31,0,25,-15,10,-25,-5,-25,-18,-18,0,0,0,0,0,0]"
1773371061.3580124,CSI_DATA,163137,98:4a:6b:31:4a:10,-62,11,-99,-38,59,1,1793193113,83,0,256,0,"[0,0,0,0,0,0,0,0,-36,21,-41,14,-43,4,-43,-4,-43,-14,-41,-26,-34,-34,-26,-41,-17,-48,-9,-53,0,-53,7,-53,17,-51,26,-48,34,-43,41,-36,48,-31,56,-21,58,-12,61,-4,61,7,61,17,58,26,53,39,48,51,41,56,34,63,19,68,0,0,-7,70,-14,65,-26,61,-36,53,-41,48,-48,36,-48,26,-51,19,-51,9,-51,0,-51,-7,-46,-14,-41,-17,-39,-24,-34,-29,-24,-34,-19,-36,-12,-39,-4,-39,0,-36,7,-34,12,-31,17,-29,19,-21,21,-17,24,-12,24,-9,26,-4,0,0,0,0,0,0,0,0,0,0,0,0,0,0,12,-41,-12,-41,-34,-26,-43,-4,-41,21,-26,43,2,48,31,41,48,14,48,-14,31,-41,2,-56,-29,-48,-51,-21,-53,12,-39,41,-9,58,29,51,56,24,58,-14,41,-46,9,-63,-26,-56,-58,-29,-63,12,-46,48,-9,68,31,63,0,0,65,-4,51,-43,14,-63,-21,-53,-51,-29,-53,4,-39,36,-12,51,19,43,41,21,43,-4,31,-31,2,-41,-19,-34,-36,-14,-39,9,-26,29,-2,36,19,29,31,12,31,-7,19,-26,4,-34,-14,-26,-26,-12,-29,4,-19,19,-4,26,0,0,0,0,0,0]"
1773371061.3648407,CSI_DATA,163138,98:4a:6b:31:4a:10,-62,11,-99,-32,59,1,1793193400,83,0,256,0,"[0,0,0,0,0,0,0,0,14,39,6,41,-4,43,-12,43,-22,41,-32,34,-39,30,-45,22,-47,12,-49,4,-51,-6,-49,-18,-47,-28,-43,-32,-36,-43,-32,-49,-22,-51,-12,-59,-6,-57,8,-59,18,-59,26,-57,39,-55,51,-47,53,-36,61,-30,67,-18,67,-6,0,0,69,18,59,28,57,39,47,43,41,47,28,51,18,55,8,53,-2,53,-8,49,-14,45,-22,43,-30,39,-32,30,-34,26,-36,18,-36,12,-39,6,-39,0,-34,-6,-30,-12,-28,-18,-24,-20,-16,-24,-16,-24,-10,-28,-4,-26,2,-24,0,0,0,0,0,0,0,0,0,0,0,0,0,0,-39,-16,-43,4,-34,28,-12,43,16,45,41,28,49,6,47,-24,26,-45,-4,-51,-34,-39,-51,-12,-53,20,-28,47,4,55,32,43,55,18,57,-22,32,-49,-2,-61,-36,-49,-61,-20,-59,16,-36,55,0,69,36,55,63,26,65,-16,0,0,4,-67,-34,-51,-61,-24,-59,14,-39,39,-4,51,26,43,45,16,47,-14,30,-36,0,-47,-24,-36,-41,-12,-36,12,-20,32,4,39,24,30,34,10,32,-12,18,-28,0,-32,-20,-26,-30,-8,-26,8,-16,24,0,28,14,20,24,10,0,0,0,0,0,0]"
1773371061.3716073,CSI_DATA,163139,98:4a:6b:31:4a:10,-62,11,-99,-35,59,1,1793222119,83,0,256,0,"[0,0,0,0,0,0,0,0,13,-40,22,-40,31,-31,35,-26,42,-15,49,-6,49,4,47,17,44,26,38,35,31,40,22,47,13,51,2,55,-8,53,-17,51,-26,49,-40,44,-44,38,-51,29,-58,22,-62,11,-67,0,-64,-11,-62,-26,-62,-38,-53,-44,-42,-55,0,0,-17,-67,-4,-67,8,-67,17,-60,29,-55,33,-47,42,-40,44,-31,49,-20,49,-8,49,-2,49,4,47,13,42,20,33,26,29,31,22,35,17,35,6,40,2,35,-4,35,-11,31,-15,31,-20,24,-20,17,-22,13,-29,6,-31,4,0,0,0,0,0,0,0,0,0,0,0,0,0,0,17,40,38,24,44,-2,38,-26,20,-44,-11,-51,-33,-38,-49,-15,-49,17,-31,40,-2,53,29,49,51,24,58,-8,44,-38,13,-58,-22,-55,-51,-31,-62,4,-49,40,-20,62,20,62,51,42,69,4,58,-38,26,-62,-15,-67,-51,-49,0,0,-62,31,-35,58,4,64,40,47,55,17,55,-20,31,-44,-2,-51,-33,-40,-44,-13,-42,15,-24,35,0,42,26,31,38,11,38,-13,24,-31,0,-38,-20,-29,-33,-13,-33,8,-22,24,-2,33,13,26,29,13,29,-4,22,-17,8,-26,0,0,0,0,0,0]"
1773371061.3886576,CSI_DATA,163140,98:4a:6b:31:4a:10,-57,11,-99,33,37,1,1793235356,83,0,256,0,"[0,0,0,0,0,0,0,0,63,27,55,35,47,55,35,63,23,75,11,75,-19,95,-27,75,-35,79,-63,67,-67,55,-75,35,-87,39,-91,11,-83,3,-95,-23,-87,-35,-95,-39,-75,-59,-67,-71,-59,-79,-47,-95,-31,-95,-15,-107,0,-115,19,-107,43,-103,63,-111,0,0,83,-71,107,-55,107,-47,107,-19,95,-11,99,3,83,19,75,31,75,47,63,55,47,67,43,67,27,79,23,67,0,67,-7,71,-15,59,-19,51,-39,55,-43,47,-43,39,-51,27,-47,23,-47,11,-51,3,-51,-15,-43,-11,-43,-23,0,0,0,0,0,0,0,0,0,0,0,0,0,0,-63,23,-43,55,0,75,31,67,83,35,79,-3,63,-51,23,-83,-31,-79,-75,-43,-83,0,-71,59,-39,83,27,87,71,63,91,15,83,-47,27,-91,-27,-87,-71,-59,-95,-3,-91,55,-43,103,27,111,83,71,99,3,91,-59,19,-99,0,0,-71,-79,-107,-3,-91,63,-43,91,15,75,71,59,87,0,71,-47,19,-67,-19,-63,-59,-43,-63,0,-67,43,-19,59,27,59,59,31,59,-7,35,-43,7,-51,-23,-47,-51,-31,-59,7,-39,31,-3,51,27,47,43,27,47,-7,31,-31,0,0,0,0,0,0]"
1773371061.3961236,CSI_DATA,163141,98:4a:6b:31:4a:10,-58,11,-99,31,37,1,1793245147,83,0,256,0,"[0,0,0,0,0,0,0,0,-50,25,-67,12,-67,0,-67,-16,-63,-33,-63,-46,-46,-67,-29,-63,-16,-75,0,-80,25,-75,37,-92,46,-71,63,-59,75,-37,84,-37,88,-16,92,-4,101,12,96,29,84,54,84,63,75,84,54,96,33,105,21,105,-4,118,-16,130,0,0,-71,101,-80,92,-88,50,-96,46,-96,25,-105,4,-92,-4,-88,-25,-80,-37,-63,-54,-54,-59,-50,-63,-33,-71,-12,-75,-8,-84,8,-71,12,-63,37,-59,46,-54,46,-33,54,-33,54,-21,59,-8,46,-4,42,12,46,25,42,25,33,33,0,0,0,0,0,0,0,0,0,0,0,0,0,0,21,-54,-8,-67,-42,-59,-71,-12,-67,21,-50,54,-8,88,37,67,71,33,75,-12,67,-46,33,-92,-25,-88,-75,-59,-96,-8,-84,42,-37,88,25,101,63,75,101,21,92,-37,50,-88,-8,-101,-71,-80,-105,-33,-109,37,-67,92,-16,126,0,0,92,50,109,-12,84,-84,25,-105,-33,-84,-84,-46,-80,8,-63,50,-16,75,21,71,71,33,67,0,54,-42,4,-59,-29,-63,-46,-21,-63,4,-50,37,-21,59,21,50,42,37,54,-4,42,-25,16,-54,-16,-42,-33,-33,-54,-8,-42,16,0,0,0,0,0,0]"
1773371061.4040859,CSI_DATA,163142,98:4a:6b:31:4a:10,-62,11,-99,-32,59,1,1793255242,83,0,256,0,"[0,0,0,0,0,0,0,0,41,-6,45,6,43,12,34,26,28,32,22,45,14,51,0,47,-14,49,-24,43,-32,39,-43,30,-53,24,-49,12,-57,-4,-59,-10,-51,-18,-49,-30,-41,-41,-32,-51,-22,-59,-10,-61,4,-65,22,-63,28,-59,43,-53,53,-45,63,-30,0,0,71,-4,67,10,61,20,55,28,43,45,32,51,20,53,8,53,-2,51,-10,47,-16,47,-26,41,-30,34,-36,24,-39,18,-39,10,-41,2,-36,-6,-36,-14,-30,-22,-20,-24,-16,-26,-10,-28,-4,-30,2,-28,6,-26,12,-22,16,-18,0,0,0,0,0,0,0,0,0,0,0,0,0,0,-26,34,-2,45,18,36,36,26,49,0,45,-26,26,-43,0,-57,-28,-45,-49,-22,-55,8,-43,36,-18,57,20,55,45,32,55,6,55,-22,26,-51,-6,-63,-39,-49,-61,-18,-61,18,-41,49,-2,67,32,63,61,36,71,-6,61,-41,0,0,-16,-67,-49,-43,-63,-12,-55,24,-32,53,0,55,28,45,45,14,47,-16,30,-41,6,-45,-22,-39,-34,-16,-41,6,-28,28,-6,41,14,34,32,22,36,0,30,-22,16,-32,-6,-32,-22,-20,-30,-8,-26,10,-18,24,-2,28,16,24,0,0,0,0,0,0]"
1773371061.4209893,CSI_DATA,163143,98:4a:6b:31:4a:10,-61,11,-99,-37,59,1,1793265082,83,0,256,0,"[0,0,0,0,0,0,0,0,0,-42,11,-42,23,-37,33,-30,42,-21,47,-9,49,4,49,18,42,30,35,40,23,47,11,52,0,54,-11,54,-23,49,-35,42,-47,33,-54,23,-59,11,-61,0,-59,-14,-54,-28,-49,-40,-37,-54,-28,-64,-14,-66,2,-66,21,-78,0,0,56,-56,52,-45,64,-26,68,-9,64,2,56,16,49,28,40,40,30,42,18,47,9,49,0,47,-9,45,-18,42,-28,35,-33,26,-35,16,-37,7,-40,0,-35,-9,-33,-16,-26,-21,-18,-23,-11,-26,-4,-28,2,-28,7,-26,11,-23,0,0,0,0,0,0,0,0,0,0,0,0,0,0,30,33,42,14,45,-9,35,-30,14,-47,-11,-52,-35,-40,-52,-16,-54,11,-37,40,-11,54,18,54,45,35,56,7,54,-23,33,-49,2,-61,-28,-49,-56,-28,-61,7,-52,40,-21,64,14,66,47,49,68,16,68,-23,45,-59,18,-71,0,0,-49,-35,-68,0,-56,35,-28,56,7,61,35,42,52,16,52,-11,35,-40,7,-47,-21,-40,-40,-21,-42,4,-33,26,-11,37,9,40,28,28,37,7,33,-11,21,-28,2,-33,-16,-28,-30,-16,-33,2,-26,18,-11,26,2,28,16,21,0,0,0,0,0,0]"
1773371061.4282553,CSI_DATA,163144,98:4a:6b:31:4a:10,-62,11,-99,-37,59,1,1793275131,83,0,256,0,"[0,0,0,0,0,0,0,0,-21,35,-30,30,-40,21,-45,9,-45,-2,-45,-14,-45,-28,-35,-35,-28,-45,-16,-47,-2,-54,4,-52,14,-49,26,-47,35,-42,45,-33,52,-23,59,-14,61,-2,59,7,56,16,52,35,52,37,37,56,33,61,21,66,7,71,-7,71,0,0,-40,61,-49,47,-54,33,-61,26,-59,11,-59,-2,-54,-14,-52,-21,-45,-33,-37,-37,-30,-40,-21,-42,-14,-47,-2,-47,7,-42,16,-40,21,-35,26,-28,30,-21,33,-14,35,-7,35,0,30,4,26,9,23,16,18,18,16,21,9,23,0,0,0,0,0,0,0,0,0,0,0,0,0,0,-4,-42,-26,-33,-42,-14,-47,9,-33,33,-11,49,14,47,40,35,52,7,49,-18,30,-47,0,-54,-33,-45,-54,-21,-56,9,-42,37,-11,59,23,56,52,35,61,-2,49,-35,26,-56,-11,-66,-49,-45,-64,-14,-59,26,-35,61,0,71,0,0,61,30,64,-14,47,-47,11,-59,-21,-52,-45,-30,-54,0,-42,28,-16,45,11,45,33,30,40,2,33,-23,16,-37,-7,-37,-28,-26,-35,-7,-33,14,-18,30,2,33,18,30,33,9,33,-7,21,-23,4,-30,-11,-26,-23,-14,-28,0,0,0,0,0,0,0]"
1773371061.4360213,CSI_DATA,163145,98:4a:6b:31:4a:10,-62,11,-99,-40,59,1,1793287289,83,0,256,0,"[0,0,0,0,0,0,0,0,-41,-2,-41,-12,-38,-23,-33,-31,-25,-41,-15,-43,-5,-49,5,-51,15,-51,28,-46,38,-38,43,-33,46,-28,51,-15,56,-5,56,2,56,15,51,23,49,31,49,41,33,46,28,56,18,62,5,64,-2,67,-15,67,-28,64,-43,59,0,0,-54,41,-64,31,-64,15,-67,2,-62,-7,-56,-15,-51,-28,-41,-31,-38,-36,-31,-41,-23,-46,-12,-46,-2,-51,0,-46,10,-43,18,-38,20,-36,25,-28,31,-25,36,-15,31,-7,36,-2,33,2,28,7,31,10,20,12,20,15,12,18,0,0,0,0,0,0,0,0,0,0,0,0,0,0,33,-25,15,-41,-7,-41,-31,-33,-46,-7,-46,18,-28,41,-2,54,28,46,43,25,51,-12,41,-38,12,-54,-23,-54,-49,-31,-56,5,-46,33,-12,59,20,59,49,38,67,0,54,-36,25,-59,-18,-64,-51,-41,-69,-5,-59,38,-25,64,0,0,38,51,62,2,64,-25,28,-56,-7,-59,-33,-43,-51,-10,-49,20,-28,41,2,46,31,33,38,7,38,-15,23,-33,-5,-41,-28,-28,-33,-7,-33,15,-18,31,0,31,23,25,33,7,28,-15,15,-25,-2,-28,-15,-20,-28,-7,-25,7,0,0,0,0,0,0]"
1773371061.4533477,CSI_DATA,163146,98:4a:6b:31:4a:10,-62,11,-99,-38,59,1,1793297067,83,0,256,0,"[0,0,0,0,0,0,0,0,-2,41,-12,41,-21,36,-31,31,-39,21,-46,14,-51,2,-48,-9,-46,-21,-41,-31,-34,-41,-24,-46,-14,-53,-4,-56,7,-53,19,-53,29,-51,39,-43,48,-34,53,-26,61,-17,61,-4,63,7,63,21,61,36,51,46,43,56,29,65,0,0,2,70,-12,68,-24,61,-36,56,-43,43,-48,34,-51,24,-53,12,-53,2,-51,-9,-46,-17,-41,-24,-36,-29,-29,-34,-19,-39,-12,-41,-2,-41,4,-39,14,-34,19,-31,24,-26,26,-19,29,-14,29,-7,29,-2,24,4,26,7,21,12,0,0,0,0,0,0,0,0,0,0,0,0,0,0,-26,-34,-41,-12,-41,12,-31,34,-9,46,14,48,39,34,51,9,48,-21,29,-43,0,-53,-29,-46,-53,-21,-56,9,-41,39,-12,56,21,53,48,34,61,-2,51,-34,24,-58,-12,-63,-46,-46,-65,-12,-61,24,-36,58,2,68,39,58,0,0,68,-12,46,-46,14,-63,-24,-56,-48,-31,-56,0,-43,31,-17,48,14,46,36,31,46,4,36,-21,14,-36,-9,-39,-29,-24,-39,-4,-34,17,-17,31,2,34,21,26,31,9,31,-9,21,-24,4,-31,-14,-24,-24,-14,-29,0,-21,17,0,0,0,0,0,0]"
1773371061.460904,CSI_DATA,163147,98:4a:6b:31:4a:10,-62,11,-99,-38,59,1,1793297435,83,0,256,0,"[0,0,0,0,0,0,0,0,-12,41,-24,36,-31,31,-39,21,-46,12,-48,0,-48,-12,-43,-24,-36,-34,-31,-43,-19,-48,-12,-53,0,-53,12,-53,24,-51,31,-43,43,-39,51,-31,56,-21,61,-9,61,0,61,12,58,26,53,39,46,51,39,58,26,68,12,70,0,0,-19,68,-31,61,-41,53,-51,41,-53,29,-56,17,-58,7,-56,-4,-51,-14,-46,-26,-39,-31,-31,-36,-24,-39,-17,-43,-4,-41,2,-43,9,-39,17,-34,24,-29,26,-24,31,-17,31,-9,31,-4,29,2,26,7,24,12,19,17,17,21,0,0,0,0,0,0,0,0,0,0,0,0,0,0,-17,-39,-34,-21,-43,0,-39,21,-21,41,2,51,26,43,48,21,51,-7,41,-34,14,-51,-17,-53,-43,-34,-56,-7,-51,24,-29,51,2,58,36,43,58,17,58,-19,39,-48,4,-63,-29,-56,-61,-31,-65,7,-51,46,-17,68,24,65,0,0,68,9,58,-29,31,-56,-4,-58,-36,-43,-51,-17,-51,19,-31,41,-2,48,24,39,43,17,41,-9,24,-31,2,-41,-19,-34,-36,-17,-39,4,-26,24,-9,34,12,31,26,19,34,0,29,-17,12,-29,-4,-26,-19,-21,-26,-7,-24,7,0,0,0,0,0,0]"
1773371061.478128,CSI_DATA,163148,98:4a:6b:31:4a:10,-62,11,-99,-38,59,1,1793322318,83,0,256,0,"[0,0,0,0,0,0,0,0,-26,-31,-19,-39,-12,-39,4,-43,17,-43,26,-41,39,-36,43,-26,51,-12,51,2,46,9,48,17,46,31,39,36,26,48,21,53,9,53,-2,56,-17,53,-29,48,-43,51,-51,36,-58,26,-63,14,-65,4,-68,-4,-65,-21,-58,-36,0,0,-39,-63,-21,-63,-12,-65,0,-61,14,-58,29,-53,34,-43,39,-34,46,-24,46,-14,48,-7,48,0,46,9,39,19,34,24,29,34,21,36,14,36,2,39,-7,36,-12,31,-17,29,-19,24,-24,17,-26,12,-26,7,-26,0,-24,-4,0,0,0,0,0,0,0,0,0,0,0,0,0,0,41,2,39,-19,26,-34,4,-46,-21,-36,-43,-26,-48,-2,-46,26,-19,46,4,56,31,41,51,14,56,-12,36,-43,4,-56,-24,-51,-51,-36,-56,2,-51,39,-21,53,9,65,43,43,65,9,63,-29,34,-58,0,-68,-36,-61,-65,-26,0,0,-51,46,-14,63,21,63,48,36,61,2,48,-26,24,-43,-9,-48,-36,-34,-48,-7,-39,21,-24,36,2,43,21,34,36,7,39,-12,24,-26,4,-39,-17,-29,-34,-14,-34,2,-24,19,-7,29,7,29,24,19,29,4,24,-12,14,-21,0,0,0,0,0,0]"
1773371061.4853375,CSI_DATA,163149,98:4a:6b:31:4a:10,-61,11,-99,-34,59,1,1793331937,83,0,256,0,"[0,0,0,0,0,0,0,0,23,34,17,41,8,45,-2,47,-13,45,-26,43,-32,36,-43,30,-47,21,-52,13,-54,2,-54,-8,-52,-17,-47,-28,-41,-39,-34,-47,-28,-56,-19,-56,-8,-63,0,-60,13,-60,26,-58,36,-56,47,-50,54,-43,65,-34,71,-23,71,-8,0,0,71,19,60,30,56,45,47,47,39,56,26,56,15,58,4,56,-4,56,-13,50,-21,47,-28,41,-34,36,-36,28,-39,21,-41,13,-41,4,-41,-2,-39,-10,-36,-15,-30,-19,-23,-26,-19,-26,-10,-28,-6,-28,-2,-30,4,-26,8,-26,0,0,0,0,0,0,0,0,0,0,0,0,0,0,-41,-8,-39,17,-26,36,0,45,23,41,47,21,50,-4,43,-32,13,-50,-15,-52,-45,-32,-56,-4,-50,28,-23,52,10,58,41,43,58,10,54,-26,30,-54,-6,-63,-43,-47,-65,-15,-63,23,-39,56,2,69,41,56,67,23,71,-21,0,0,8,-71,-32,-60,-60,-30,-60,10,-41,41,-8,56,26,47,45,23,52,-8,34,-34,10,-45,-19,-39,-36,-17,-39,8,-28,32,-4,41,17,34,34,17,36,-6,26,-23,6,-34,-15,-30,-28,-17,-30,2,-26,19,-8,28,8,26,19,17,0,0,0,0,0,0]"
1773371061.4927547,CSI_DATA,163150,98:4a:6b:31:4a:10,-57,11,-99,30,37,1,1793341751,83,0,256,0,"[0,0,0,0,0,0,0,0,-13,-73,8,-60,30,-65,47,-65,56,-34,73,-34,82,-13,86,0,86,17,73,43,69,56,56,78,34,78,26,95,4,91,-13,86,-30,99,-43,82,-69,82,-73,52,-91,52,-104,34,-108,4,-112,-13,-108,-34,-108,-52,-104,-86,-82,-95,0,0,-8,-112,-8,-112,21,-117,34,-104,56,-86,73,-73,78,-60,86,-39,95,-30,78,0,86,4,82,21,73,43,56,52,43,56,39,65,17,69,8,73,-13,78,-17,60,-30,43,-43,52,-47,30,-52,26,-47,8,-47,4,-47,0,-43,-8,0,0,0,0,0,0,0,0,0,0,0,0,0,0,60,47,69,8,65,-30,39,-60,4,-78,-39,-69,-69,-30,-78,0,-60,52,-21,73,17,82,56,60,95,21,78,-30,56,-73,4,-86,-52,-86,-86,-47,-95,17,-65,60,-17,104,34,99,95,69,104,-4,104,-60,43,-108,-21,-108,-69,-99,0,0,-91,43,-69,82,-4,104,52,82,95,47,86,-8,60,-65,26,-86,-39,-73,-60,-43,-78,8,-52,47,-13,69,21,65,52,34,60,-4,43,-39,26,-56,-17,-52,-43,-43,-56,-4,-52,30,-30,39,4,56,34,39,43,4,47,-13,30,-26,0,0,0,0,0,0]"
1773371061.5002527,CSI_DATA,163151,98:4a:6b:31:4a:10,-61,11,-99,-37,59,1,1793351546,83,0,256,0,"[0,0,0,0,0,0,0,0,7,40,-4,42,-16,42,-26,37,-37,28,-45,18,-52,7,-49,-7,-47,-18,-42,-30,-35,-40,-26,-47,-14,-54,-2,-54,11,-54,23,-52,33,-45,45,-37,54,-28,59,-16,61,-4,61,9,59,21,56,35,49,49,37,59,21,66,7,71,0,0,-26,68,-37,56,-47,49,-54,35,-59,21,-61,7,-56,-4,-54,-16,-47,-28,-37,-35,-30,-42,-18,-45,-9,-45,0,-45,9,-45,18,-40,26,-33,30,-26,35,-18,35,-9,35,0,33,7,28,14,23,16,18,21,11,26,7,26,2,26,0,0,0,0,0,0,0,0,0,0,0,0,0,0,-35,-23,-42,-4,-40,18,-26,37,-4,49,23,47,42,28,52,2,47,-26,26,-47,-2,-56,-30,-47,-52,-23,-56,9,-45,37,-16,56,18,59,45,40,64,9,56,-28,35,-54,0,-66,-37,-56,-61,-30,-68,9,-54,49,-18,71,18,71,0,0,68,16,64,-23,40,-54,2,-61,-30,-52,-52,-28,-54,4,-40,33,-14,47,14,47,35,28,47,2,37,-21,18,-37,-4,-40,-26,-30,-37,-11,-35,9,-23,28,-4,35,14,30,28,18,33,0,26,-16,11,-26,-4,-28,-16,-23,-26,-9,0,0,0,0,0,0]"
1773371061.5171025,CSI_DATA,163152,98:4a:6b:31:4a:10,-61,11,-99,-34,59,1,1793361177,83,0,256,0,"[0,0,0,0,0,0,0,0,-39,-8,-39,-17,-34,-28,-28,-36,-17,-41,-8,-47,4,-50,15,-47,26,-43,36,-41,43,-30,50,-21,54,-13,54,0,54,10,52,21,50,30,41,41,34,47,26,54,17,58,2,60,-6,63,-21,65,-32,63,-45,54,-54,47,-60,34,0,0,-71,8,-67,-10,-65,-19,-58,-32,-47,-39,-36,-45,-26,-50,-17,-54,-8,-54,2,-52,13,-47,17,-43,26,-41,32,-32,36,-26,41,-19,39,-8,41,-4,39,4,36,10,30,19,26,23,19,26,13,28,8,30,2,28,-4,26,-10,23,0,0,0,0,0,0,0,0,0,0,0,0,0,0,34,-26,19,-39,-4,-43,-28,-36,-47,-17,-50,10,-36,36,-13,50,19,52,43,32,56,2,50,-28,26,-50,-6,-58,-39,-45,-56,-15,-56,21,-36,50,-2,65,36,54,58,23,65,-15,45,-47,10,-69,-28,-60,-60,-36,-71,4,-58,43,0,0,15,71,50,47,69,8,56,-28,28,-52,-4,-54,-34,-41,-50,-13,-47,19,-30,41,2,47,26,34,43,8,41,-15,23,-32,2,-43,-19,-30,-36,-15,-34,10,-23,26,-6,36,15,30,28,17,32,-2,23,-17,10,-28,-8,-26,-21,-17,0,0,0,0,0,0]"
1773371061.5239623,CSI_DATA,163153,98:4a:6b:31:4a:10,-62,11,-99,-36,59,1,1793371056,83,0,256,0,"[0,0,0,0,0,0,0,0,-20,36,-29,29,-39,20,-43,11,-46,-2,-46,-13,-43,-25,-34,-36,-25,-46,-13,-52,-2,-55,9,-55,20,-52,29,-46,41,-36,48,-27,55,-18,59,-4,59,6,59,18,52,32,43,41,36,52,25,62,11,66,0,69,-16,69,-32,64,0,0,-55,46,-59,27,-66,16,-64,2,-62,-11,-52,-23,-48,-32,-39,-39,-29,-46,-16,-46,-9,-50,4,-46,11,-46,20,-41,25,-34,32,-29,36,-18,39,-11,39,-2,36,6,34,13,27,20,23,25,16,25,9,27,2,27,-2,25,-6,25,0,0,0,0,0,0,0,0,0,0,0,0,0,0,-9,-41,-29,-32,-41,-11,-43,11,-32,34,-9,48,16,48,36,36,50,11,48,-18,29,-43,2,-55,-27,-48,-50,-27,-55,4,-46,36,-18,55,13,57,46,41,62,11,57,-25,36,-55,2,-66,-34,-57,-62,-27,-69,11,-52,46,-20,69,0,0,52,48,64,11,57,-27,32,-50,0,-57,-32,-46,-50,-18,-50,11,-36,36,-9,46,18,41,36,23,46,-2,32,-23,13,-36,-11,-39,-27,-23,-36,-4,-32,13,-16,27,0,34,20,25,32,11,32,-4,20,-20,6,-27,-6,-27,-20,-18,0,0,0,0,0,0]"
1773371061.530784,CSI_DATA,163154,98:4a:6b:31:4a:10,-61,11,-99,-37,59,1,1793381438,83,0,256,0,"[0,0,0,0,0,0,0,0,7,-42,18,-40,28,-35,35,-26,45,-18,47,-9,52,4,49,16,45,23,40,35,30,42,26,47,14,52,4,54,-7,54,-16,54,-28,52,-37,45,-47,40,-54,30,-56,21,-61,11,-64,0,-66,-16,-64,-28,-59,-37,-54,-49,-40,-59,0,0,-11,-68,-2,-68,11,-68,23,-61,33,-54,40,-45,45,-37,49,-26,52,-16,52,-4,49,4,47,11,45,16,40,23,33,30,26,35,18,37,9,37,0,37,-4,37,-11,35,-16,30,-21,26,-23,18,-26,14,-28,7,-26,2,-26,0,0,0,0,0,0,0,0,0,0,0,0,0,0,0,21,35,37,18,45,-4,35,-28,14,-45,-11,-49,-35,-35,-49,-11,-49,18,-30,42,0,54,28,49,52,23,54,-9,42,-40,11,-56,-23,-54,-49,-30,-64,4,-49,40,-18,61,18,64,52,42,66,7,59,-33,30,-64,-11,-68,-49,-52,0,0,-68,23,-40,54,-2,66,35,49,56,21,56,-14,35,-42,4,-52,-23,-42,-42,-21,-42,9,-28,30,-7,42,21,35,37,14,37,-9,28,-26,4,-35,-14,-33,-30,-16,-33,2,-26,21,-9,30,7,30,23,18,28,2,26,-11,11,-23,0,0,0,0,0,0]"
1773371061.5476089,CSI_DATA,163155,98:4a:6b:31:4a:10,-62,11,-99,-33,59,1,1793391001,83,0,256,0,"[0,0,0,0,0,0,0,0,-2,-42,10,-40,25,-38,33,-31,42,-19,46,-8,46,8,50,10,42,25,40,35,29,46,23,48,8,50,0,61,-8,54,-23,48,-38,46,-46,35,-54,29,-57,16,-61,2,-54,-10,-63,-21,-57,-38,-57,-42,-42,-52,-29,-65,-12,-69,0,0,14,-69,29,-63,48,-54,54,-42,50,-29,52,-19,57,-6,57,4,54,14,50,25,35,35,31,33,21,44,14,46,0,44,-10,44,-16,35,-19,33,-27,27,-29,19,-33,14,-35,4,-31,0,-29,-6,-27,-12,-21,-16,-19,-21,-10,-23,0,0,0,0,0,0,0,0,0,0,0,0,0,0,25,31,38,12,44,-10,35,-33,12,-42,-14,-46,-40,-27,-50,-14,-52,16,-31,40,0,54,25,46,44,23,57,0,50,-35,21,-57,-14,-59,-44,-40,-63,-8,-52,25,-33,52,6,63,35,54,63,27,61,-8,50,-44,16,-73,-23,-65,0,0,-73,-6,-59,31,-27,59,12,61,35,46,50,14,52,-19,35,-40,6,-52,-21,-42,-42,-19,-42,4,-33,33,-8,44,16,33,31,23,35,-4,31,-19,14,-33,-6,-33,-23,-23,-35,-8,-29,12,-16,25,0,29,14,25,23,12,29,-2,0,0,0,0,0,0]"
1773371061.55469,CSI_DATA,163156,98:4a:6b:31:4a:10,-62,11,-99,-34,59,1,1793391288,83,0,256,0,"[0,0,0,0,0,0,0,0,-13,-39,-6,-41,4,-45,15,-45,19,-41,32,-39,41,-30,47,-21,50,-10,56,-2,54,6,52,15,52,23,47,30,39,36,34,43,28,50,17,56,6,58,0,63,-8,58,-23,58,-30,54,-43,52,-52,47,-54,41,-65,32,-67,19,0,0,-73,-2,-67,-10,-65,-21,-56,-28,-47,-36,-36,-43,-30,-50,-21,-50,-13,-52,-6,-52,-2,-50,6,-50,15,-45,23,-41,23,-39,30,-34,34,-26,34,-17,36,-10,36,-2,39,0,34,6,34,10,26,15,23,17,17,21,15,21,10,21,0,0,0,0,0,0,0,0,0,0,0,0,0,0,36,17,41,-8,32,-28,10,-41,-10,-43,-36,-28,-50,-4,-45,26,-21,45,6,50,34,39,52,10,50,-23,26,-50,-6,-54,-41,-39,-58,-8,-54,23,-28,54,10,63,43,50,67,15,60,-28,34,-56,-8,-67,-52,-47,-67,-10,-63,32,0,0,10,69,45,45,65,8,54,-28,28,-54,-6,-58,-39,-36,-50,-8,-45,21,-19,43,13,45,34,28,41,0,32,-23,13,-34,-15,-36,-30,-19,-36,2,-28,23,-8,32,10,30,26,17,30,-2,23,-19,4,-30,-10,-28,-23,-15,-28,2,0,0,0,0,0,0]"
1773371061.5618887,CSI_DATA,163157,98:4a:6b:31:4a:10,-57,11,-99,31,37,1,1793391593,83,0,256,0,"[0,0,0,0,0,0,0,0,46,46,25,63,12,67,-4,75,-25,63,-42,67,-59,46,-80,37,-75,8,-84,-8,-75,-29,-75,-37,-67,-59,-54,-71,-33,-84,-12,-80,0,-92,16,-92,42,-88,63,-84,75,-71,84,-50,96,-37,109,-12,113,12,109,29,101,54,80,88,0,0,54,96,12,113,-8,113,-21,101,-42,96,-63,75,-67,54,-80,46,-84,33,-75,0,-88,-4,-80,-29,-71,-50,-54,-46,-42,-59,-29,-63,-16,-63,-4,-63,12,-71,16,-59,29,-46,46,-37,54,-25,50,-16,50,0,37,4,42,16,33,21,0,0,0,0,0,0,0,0,0,0,0,0,0,0,-59,-21,-59,25,-46,67,-8,71,25,71,54,42,80,8,67,-37,42,-71,0,-84,-42,-63,-75,-42,-84,16,-71,63,-25,88,33,88,75,54,88,4,92,-46,54,-88,-4,-92,-67,-84,-101,-42,-105,16,-71,75,-21,96,42,101,84,54,0,0,109,-71,42,-92,-8,-92,-67,-80,-80,-25,-88,25,-54,59,-8,84,37,71,67,25,71,-12,50,-54,12,-63,-25,-54,-54,-37,-59,0,-50,37,-16,54,16,59,50,33,59,0,50,-21,25,-37,0,-50,-21,-37,-37,-16,-37,4,-33,29,0,0,0,0,0,0]"
1773371061.5783894,CSI_DATA,163158,98:4a:6b:31:4a:10,-62,11,-99,-44,59,1,1793424553,83,0,256,0,"[0,0,0,0,0,0,0,0,-17,-37,-5,-37,0,-46,8,-43,20,-40,23,-37,43,-31,40,-17,46,-14,49,0,52,8,46,23,43,29,37,40,31,46,20,52,11,52,11,63,0,60,-8,58,-23,52,-31,52,-46,49,-52,40,-63,29,-69,14,-72,0,-69,-17,0,0,-60,-31,-55,-49,-37,-49,-37,-58,-17,-55,-8,-55,8,-55,14,-55,20,-49,31,-46,29,-34,37,-26,43,-23,43,-14,40,-8,40,-2,40,8,31,8,31,20,26,23,20,26,14,31,5,31,2,29,-2,29,-5,26,-11,26,-17,20,0,0,0,0,0,0,0,0,0,0,0,0,0,0,43,17,43,-8,29,-31,8,-43,-20,-46,-37,-29,-55,-2,-46,23,-29,55,2,58,37,43,55,17,58,-23,37,-46,5,-60,-29,-46,-49,-17,-63,14,-37,46,-5,66,29,58,60,26,66,-5,46,-46,20,-72,-23,-69,-58,-34,-69,0,0,0,-23,60,17,63,46,40,66,5,52,-29,29,-49,-5,-55,-34,-34,-46,-8,-43,23,-26,46,8,43,29,26,37,5,37,-23,17,-34,-8,-40,-26,-26,-40,-5,-34,17,-20,29,2,34,23,26,31,8,26,-8,17,-17,2,-29,-14,-20,0,0,0,0,0,0]"
1773371061.584827,CSI_DATA,163159,98:4a:6b:31:4a:10,-61,11,-99,-35,59,1,1793434406,83,0,256,0,"[0,0,0,0,0,0,0,0,-38,-17,-31,-26,-26,-35,-17,-42,-6,-49,6,-51,17,-49,29,-42,38,-35,44,-24,51,-15,55,-2,55,8,53,17,47,29,40,40,33,47,24,53,13,62,0,62,-11,62,-24,60,-35,58,-49,47,-55,40,-67,26,-71,13,-71,-2,0,0,-64,-31,-55,-42,-44,-51,-35,-55,-20,-60,-4,-60,6,-58,15,-53,22,-49,33,-42,38,-33,42,-24,44,-15,47,-4,44,2,42,13,40,20,31,22,29,29,17,31,11,35,4,35,-4,33,-11,29,-13,26,-17,22,-22,17,-22,11,0,0,0,0,0,0,0,0,0,0,0,0,0,0,40,-15,26,-33,4,-44,-17,-42,-38,-29,-51,-4,-44,24,-26,44,0,55,31,47,51,24,55,-8,42,-40,13,-55,-20,-55,-47,-33,-60,-2,-53,33,-26,60,11,62,42,47,62,15,62,-22,40,-55,4,-69,-35,-60,-62,-29,-71,8,0,0,-20,69,20,64,51,40,64,6,53,-26,26,-51,-4,-53,-33,-38,-49,-11,-47,20,-24,40,0,44,22,35,40,13,38,-11,24,-31,2,-35,-20,-31,-33,-15,-35,6,-26,22,-11,33,11,31,24,20,31,2,26,-13,13,-24,0,-26,0,0,0,0,0,0]"
1773371061.5929446,CSI_DATA,163160,98:4a:6b:31:4a:10,-61,11,-99,-35,59,1,1793444260,83,0,256,0,"[0,0,0,0,0,0,0,0,38,-17,42,-11,49,2,47,15,40,22,33,35,22,47,8,53,-6,53,-22,53,-33,51,-35,40,-44,26,-51,15,-51,2,-53,-8,-51,-24,-55,-33,-47,-44,-33,-51,-20,-53,0,-55,13,-64,26,-60,44,-60,44,-53,62,-42,69,-26,0,0,69,8,62,22,58,35,49,47,38,53,20,53,8,58,-4,51,-15,51,-29,42,-33,40,-42,31,-47,20,-49,8,-44,4,-44,-8,-35,-17,-31,-24,-22,-33,-13,-40,-8,-40,0,-38,6,-31,11,-26,17,-24,22,-15,26,-11,26,-6,0,0,0,0,0,0,0,0,0,0,0,0,0,0,-13,38,8,40,29,31,42,11,44,-8,38,-35,13,-51,-8,-53,-35,-35,-44,-13,-49,13,-35,42,-6,62,24,58,44,35,58,2,49,-26,29,-53,-8,-62,-44,-47,-64,-24,-71,13,-53,47,-17,64,17,62,58,40,69,2,64,-38,0,0,0,-73,-38,-55,-62,-22,-58,11,-44,42,-13,58,22,51,44,33,51,6,44,-20,22,-42,-2,-42,-24,-26,-38,-6,-38,11,-24,31,-2,40,15,33,29,20,31,0,24,-17,11,-29,-8,-31,-22,-24,-29,-6,-29,6,-17,20,-4,29,0,0,0,0,0,0]"
1773371061.6098228,CSI_DATA,163161,98:4a:6b:31:4a:10,-61,11,-99,-35,59,1,1793453949,83,0,256,0,"[0,0,0,0,0,0,0,0,-38,-17,-33,-26,-29,-35,-20,-40,-6,-47,4,-49,15,-47,24,-42,33,-38,44,-29,49,-17,53,-8,53,2,53,11,51,24,44,33,40,42,31,49,22,55,11,58,-2,62,-11,62,-24,60,-35,55,-47,49,-58,40,-64,29,-69,15,0,0,-69,-13,-62,-29,-53,-38,-47,-44,-35,-51,-22,-55,-11,-55,-2,-55,6,-53,17,-47,24,-42,31,-38,38,-31,40,-22,42,-13,42,-4,42,2,38,8,33,15,29,22,22,26,15,29,8,31,2,29,-2,29,-6,29,-11,24,-15,20,0,0,0,0,0,0,0,0,0,0,0,0,0,0,40,-17,26,-33,4,-44,-20,-42,-40,-24,-51,0,-44,26,-24,47,6,53,35,44,53,17,53,-15,38,-44,4,-58,-26,-51,-51,-29,-60,4,-47,40,-17,62,20,62,49,40,67,4,55,-35,26,-62,-11,-71,-49,-51,-67,-17,-67,26,0,0,-4,71,35,58,60,26,62,-11,42,-40,11,-55,-20,-51,-42,-26,-51,4,-38,31,-13,47,15,42,35,24,42,-2,33,-24,13,-38,-11,-38,-29,-24,-38,-2,-31,20,-15,33,4,33,22,24,29,8,29,-8,17,-24,2,-26,-13,-24,0,0,0,0,0,0]"
1773371061.6171305,CSI_DATA,163162,98:4a:6b:31:4a:10,-61,11,-99,-36,59,1,1793463791,83,0,256,0,"[0,0,0,0,0,0,0,0,16,-36,27,-34,36,-25,41,-16,46,-4,48,9,46,20,39,32,29,41,20,48,9,50,-2,55,-16,52,-25,48,-36,41,-46,34,-50,25,-57,11,-59,0,-59,-13,-55,-25,-50,-34,-43,-46,-32,-57,-20,-64,-4,-69,11,-69,27,-66,0,0,52,-50,57,-34,62,-20,64,-6,59,6,57,18,50,29,41,36,34,43,23,48,11,48,2,48,-9,46,-16,41,-25,36,-32,29,-36,23,-36,13,-39,4,-36,-2,-34,-11,-29,-18,-23,-20,-16,-25,-11,-27,-4,-27,2,-27,6,-23,0,0,0,0,0,0,0,0,0,0,0,0,0,0,16,41,34,27,43,6,43,-18,27,-39,4,-50,-20,-48,-41,-29,-55,-2,-48,27,-27,48,2,57,32,46,52,20,57,-11,41,-41,13,-57,-18,-57,-50,-39,-64,-6,-55,29,-29,59,6,66,43,55,66,23,69,-16,50,-52,13,-69,0,0,-55,-41,-69,-4,-57,32,-29,57,6,59,34,43,52,16,50,-13,32,-39,4,-48,-23,-41,-39,-20,-41,6,-29,27,-11,39,11,39,32,25,36,2,32,-16,16,-32,-2,-34,-20,-27,-32,-11,-29,6,-20,20,-4,27,9,27,23,16,0,0,0,0,0,0]"
1773371061.624216,CSI_DATA,163163,98:4a:6b:31:4a:10,-61,11,-99,-40,59,1,1793474070,83,0,256,0,"[0,0,0,0,0,0,0,0,-36,20,-38,10,-41,0,-41,-12,-41,-23,-38,-33,-28,-41,-20,-49,-5,-54,2,-54,15,-51,23,-49,33,-46,41,-38,49,-31,51,-23,54,-12,59,2,59,15,54,23,51,36,41,43,36,49,25,62,20,67,5,67,-10,67,-25,69,0,0,-46,51,-54,41,-59,28,-64,18,-59,5,-59,-2,-54,-12,-49,-23,-43,-33,-36,-36,-28,-41,-20,-41,-10,-43,-2,-43,10,-43,15,-41,18,-33,23,-31,33,-23,33,-15,33,-12,33,-5,31,2,31,5,28,12,23,15,18,20,12,20,0,0,0,0,0,0,0,0,0,0,0,0,0,0,15,-43,-10,-43,-31,-33,-49,-12,-43,18,-33,41,-5,51,20,46,46,25,54,0,43,-36,20,-51,-10,-54,-41,-36,-56,-5,-51,28,-33,54,5,59,43,49,59,15,62,-15,36,-54,2,-69,-38,-62,-64,-25,-72,15,-51,54,-15,77,0,0,59,41,69,-5,51,-41,23,-59,-18,-59,-43,-33,-54,-2,-46,28,-23,49,10,46,38,31,46,2,38,-23,20,-41,-10,-38,-28,-28,-38,-5,-33,15,-18,31,2,36,20,25,36,7,31,-10,18,-25,0,-31,-15,-25,-25,-12,-28,5,0,0,0,0,0,0]"
1773371061.6326838,CSI_DATA,163164,98:4a:6b:31:4a:10,-58,11,-99,29,37,1,1793483855,83,0,256,0,"[0,0,0,0,0,0,0,0,-17,62,-31,67,-49,49,-67,31,-71,22,-71,8,-75,-13,-80,-44,-58,-53,-58,-67,-26,-71,-22,-80,13,-84,22,-89,44,-75,62,-84,71,-53,89,-35,93,-17,98,0,98,13,98,40,89,53,80,75,58,102,35,111,8,111,0,116,0,0,-53,102,-67,89,-93,67,-98,53,-98,22,-98,4,-89,-17,-84,-35,-75,-53,-62,-62,-40,-67,-31,-80,-22,-71,0,-80,13,-71,44,-71,35,-53,53,-49,62,-26,62,-22,58,-8,53,8,49,22,40,26,31,35,26,40,22,40,-4,44,0,0,0,0,0,0,0,0,0,0,0,0,0,0,-31,-53,-58,-31,-71,-8,-49,40,-35,62,4,80,40,71,75,35,89,-8,67,-49,31,-80,-22,-84,-67,-62,-93,-8,-80,44,-49,75,0,89,44,80,89,40,98,-8,75,-71,31,-116,-35,-89,-89,-71,-107,-4,-98,53,-49,102,22,107,0,0,98,44,98,-22,75,-75,8,-89,-40,-93,-75,-58,-89,0,-62,40,-22,75,8,62,53,49,62,8,71,-22,26,-62,-8,-62,-40,-44,-58,-22,-49,13,-40,44,-4,53,35,44,49,22,58,-4,49,-40,4,-49,-8,-49,-31,-40,-49,-13,0,0,0,0,0,0]"
1773371061.6495562,CSI_DATA,163165,98:4a:6b:31:4a:10,-61,11,-99,-38,59,1,1793493769,83,0,256,0,"[0,0,0,0,0,0,0,0,-19,39,-29,34,-36,26,-41,17,-48,7,-48,-2,-48,-14,-43,-26,-39,-36,-34,-43,-21,-48,-12,-53,-2,-56,7,-56,19,-53,29,-51,39,-48,46,-39,53,-31,58,-21,61,-12,63,0,63,12,65,24,61,36,53,46,46,56,34,65,0,0,7,73,-4,70,-19,65,-29,61,-36,53,-43,41,-48,34,-51,24,-53,14,-51,0,-51,-4,-48,-12,-43,-19,-39,-26,-31,-31,-24,-36,-19,-36,-9,-39,0,-39,4,-39,12,-34,14,-31,21,-26,24,-19,26,-17,26,-9,29,-4,26,0,0,0,0,0,0,0,0,0,0,0,0,0,0,0,-12,-43,-31,-29,-43,-7,-41,17,-26,41,-2,51,26,43,48,24,53,-7,41,-36,12,-53,-19,-53,-46,-34,-58,-2,-48,31,-21,53,12,58,46,39,63,4,53,-31,29,-58,-9,-65,-46,-48,-68,-17,-63,26,-39,61,4,73,43,58,0,0,65,-19,46,-53,4,-65,-31,-53,-53,-24,-56,9,-36,39,-7,53,24,43,41,21,46,-7,31,-31,4,-43,-21,-36,-39,-14,-41,7,-26,29,-4,39,17,34,31,17,34,-4,26,-21,9,-31,-9,-29,-24,-17,-29,0,-24,17,-12,26,0,0,0,0,0,0]"
1773371061.656824,CSI_DATA,163166,98:4a:6b:31:4a:10,-61,11,-99,-35,59,1,1793507098,83,0,256,0,"[0,0,0,0,0,0,0,0,-42,6,-42,-4,-40,-15,-35,-24,-29,-42,-15,-49,-11,-51,2,-55,17,-49,29,-51,38,-35,49,-31,53,-17,55,-6,53,6,51,15,51,26,47,40,38,49,26,58,11,62,4,62,-11,67,-26,62,-38,60,-51,49,-60,38,-64,24,0,0,-69,-4,-69,-22,-62,-35,-49,-42,-40,-51,-29,-58,-17,-55,-2,-55,6,-51,20,-49,26,-44,35,-35,38,-26,42,-20,47,-8,44,2,44,6,40,15,33,22,26,29,22,31,11,35,4,33,-4,31,-8,29,-15,24,-17,20,-22,15,0,0,0,0,0,0,0,0,0,0,0,0,0,0,26,-35,6,-42,-15,-42,-35,-24,-47,-6,-44,20,-31,44,-4,49,29,47,47,20,53,-4,44,-38,22,-53,-13,-55,-44,-40,-60,-11,-55,20,-33,51,2,62,35,55,58,26,69,-13,47,-44,17,-69,-22,-64,-55,-42,-69,-4,-60,38,0,0,8,76,40,55,60,20,62,-15,35,-42,4,-58,-29,-47,-47,-24,-53,6,-38,31,-13,44,13,42,33,26,38,0,35,-20,17,-33,-6,-40,-22,-29,-35,-11,-33,13,-17,29,0,33,17,29,26,13,29,-2,22,-20,8,-26,-6,-24,0,0,0,0,0,0]"
1773371061.6739886,CSI_DATA,163167,98:4a:6b:31:4a:10,-57,11,-99,31,37,1,1793517830,83,0,256,0,"[0,0,0,0,0,0,0,0,59,21,54,50,33,67,25,63,-4,71,-8,75,-21,80,-46,71,-63,50,-80,42,-80,33,-75,12,-80,0,-88,-29,-75,-37,-75,-50,-59,-71,-59,-75,-42,-92,-29,-88,-8,-96,8,-101,29,-92,50,-109,67,-75,84,-75,92,-50,122,-33,0,0,122,-4,105,25,101,42,96,63,80,75,59,75,37,80,29,88,0,96,-8,75,-16,88,-33,71,-37,59,-59,54,-59,46,-54,33,-54,16,-67,16,-75,0,-59,-25,-59,-29,-46,-42,-33,-42,-25,-37,-16,-50,-8,-46,8,-46,4,-42,0,0,0,0,0,0,0,0,0,0,0,0,0,0,-67,4,-46,46,-16,75,21,67,54,50,84,4,71,-37,50,-75,4,-80,-50,-63,-88,-21,-84,29,-67,67,-4,88,37,84,80,54,96,-8,71,-59,25,-96,-33,-92,-84,-50,-96,4,-88,59,-33,105,25,101,71,84,113,12,101,-63,0,0,-4,-130,-67,-84,-96,-21,-84,29,-46,88,0,88,42,67,75,25,80,-29,50,-54,-4,-75,-33,-63,-75,-16,-54,21,-29,42,8,67,33,50,54,25,50,-12,33,-46,8,-54,-25,-54,-50,-16,-50,4,-37,33,-12,50,21,37,37,29,0,0,0,0,0,0]"
1773371061.681466,CSI_DATA,163168,98:4a:6b:31:4a:10,-62,11,-99,-34,59,1,1793527931,83,0,256,0,"[0,0,0,0,0,0,0,0,41,0,41,8,39,19,34,30,26,39,15,45,2,50,-8,52,-21,47,-30,43,-39,34,-47,26,-54,17,-54,4,-54,-8,-52,-17,-50,-30,-43,-39,-36,-47,-26,-54,-13,-60,0,-63,10,-63,26,-60,36,-56,50,-47,58,-39,65,-26,0,0,69,4,65,19,58,32,50,41,41,47,28,52,17,54,4,54,-4,52,-15,47,-21,45,-30,36,-34,30,-39,23,-41,13,-43,4,-39,-4,-36,-10,-32,-17,-28,-26,-21,-28,-15,-32,-6,-30,0,-28,4,-30,10,-26,15,-21,19,-17,0,0,0,0,0,0,0,0,0,0,0,0,0,0,-28,30,-10,43,13,41,34,30,47,6,47,-19,30,-41,6,-52,-23,-47,-47,-26,-56,2,-45,32,-21,54,10,56,41,41,56,13,54,-21,34,-50,0,-63,-36,-52,-60,-26,-65,10,-50,45,-15,67,23,65,58,41,71,4,63,-36,0,0,-6,-69,-43,-52,-63,-19,-60,19,-36,47,-6,56,28,47,45,26,52,-8,36,-32,10,-45,-15,-41,-36,-23,-41,2,-32,23,-13,39,10,36,28,26,36,6,30,-15,17,-32,-4,-32,-19,-26,-30,-10,-30,6,-21,21,-6,28,10,26,0,0,0,0,0,0]"
1773371061.698792,CSI_DATA,163169,98:4a:6b:31:4a:10,-61,11,-99,-35,59,1,1793541502,83,0,256,0,"[0,0,0,0,0,0,0,0,-26,-33,-17,-40,-8,-44,2,-47,13,-44,24,-42,35,-35,42,-29,47,-20,53,-11,53,2,53,11,51,22,47,31,40,40,31,47,22,55,15,58,4,62,-4,60,-20,62,-29,55,-40,53,-51,44,-58,38,-67,24,-71,13,-73,-2,0,0,-67,-26,-58,-40,-49,-51,-38,-53,-26,-58,-15,-58,-4,-58,6,-58,15,-53,22,-47,29,-40,35,-33,42,-26,44,-20,42,-11,44,-2,42,6,38,11,35,20,31,22,24,26,17,31,11,31,2,31,0,29,-6,26,-11,24,-15,22,0,0,0,0,0,0,0,0,0,0,0,0,0,0,42,8,40,-15,29,-38,2,-49,-24,-40,-47,-22,-53,6,-42,35,-17,53,15,55,44,38,58,6,53,-26,29,-53,-4,-60,-38,-49,-60,-15,-58,22,-35,53,2,67,38,53,62,22,67,-17,44,-53,6,-71,-31,-64,-67,-31,-73,11,0,0,-20,71,24,62,55,38,67,0,51,-35,20,-55,-15,-53,-42,-35,-53,-2,-42,26,-17,44,11,44,33,29,42,2,35,-24,15,-40,-8,-38,-31,-26,-38,-4,-33,17,-15,31,4,35,22,24,31,6,29,-11,17,-26,0,-29,-15,-24,0,0,0,0,0,0]"
1773371061.7062006,CSI_DATA,163170,98:4a:6b:31:4a:10,-61,11,-99,-39,59,1,1793551089,83,0,256,0,"[0,0,0,0,0,0,0,0,-25,-32,-20,-40,-10,-42,2,-42,15,-47,27,-40,35,-32,45,-25,47,-15,52,-5,50,10,50,20,45,30,37,40,30,47,20,52,10,57,-5,57,-15,57,-25,55,-40,47,-47,42,-55,32,-62,20,-67,7,-72,-7,-70,-20,-60,-35,0,0,-40,-57,-30,-62,-15,-67,0,-65,10,-60,25,-55,32,-50,40,-40,45,-30,47,-20,50,-7,47,0,47,7,42,15,37,22,30,30,25,35,15,35,7,37,0,37,-7,35,-15,32,-20,27,-25,20,-25,12,-27,7,-27,2,-27,-2,0,0,0,0,0,0,0,0,0,0,0,0,0,0,45,5,40,-20,25,-37,2,-45,-22,-45,-47,-25,-52,0,-45,30,-22,50,10,55,37,42,55,17,57,-17,37,-45,7,-60,-27,-57,-52,-30,-62,7,-50,40,-20,65,17,65,52,45,70,10,65,-30,35,-62,-2,-72,-42,-60,-70,-22,0,0,-50,52,-15,70,27,65,55,35,62,0,50,-32,20,-52,-10,-52,-40,-32,-50,-7,-45,25,-22,42,5,45,27,32,42,10,40,-15,25,-32,0,-40,-22,-32,-35,-12,-37,7,-27,25,-7,32,10,30,25,20,32,2,25,-12,15,-25,0,0,0,0,0,0]"
1773371061.713617,CSI_DATA,163171,98:4a:6b:31:4a:10,-62,11,-99,-36,59,1,1793560726,83,0,256,0,"[0,0,0,0,0,0,0,0,-34,18,-41,11,-46,0,-46,-4,-48,-20,-39,-27,-32,-34,-23,-46,-13,-50,0,-57,11,-50,16,-52,20,-48,32,-41,43,-34,48,-29,55,-20,57,-9,57,-2,62,4,55,18,52,27,46,39,41,46,32,57,29,64,16,69,2,71,0,0,-20,66,-29,57,-43,52,-48,43,-50,29,-55,23,-57,9,-52,2,-52,-9,-46,-16,-46,-25,-36,-27,-34,-34,-27,-36,-18,-43,-11,-41,-6,-36,6,-39,11,-39,18,-32,23,-27,25,-20,25,-16,27,-13,29,-6,27,0,23,2,25,6,0,0,0,0,0,0,0,0,0,0,0,0,0,0,13,-39,-9,-41,-29,-27,-39,-11,-41,20,-27,41,-2,48,25,46,46,23,48,-4,34,-39,11,-55,-18,-52,-46,-32,-57,2,-46,39,-18,55,20,52,50,36,62,4,52,-39,25,-64,-11,-62,-48,-43,-62,-2,-62,34,-27,66,13,66,0,0,66,13,57,-27,32,-59,-6,-62,-39,-41,-55,-11,-48,23,-27,43,4,50,27,34,46,11,36,-18,25,-32,-2,-39,-29,-25,-39,-6,-34,13,-18,32,2,36,20,25,32,6,29,-18,20,-32,-2,-32,-18,-23,-27,-9,-25,6,-18,20,0,0,0,0,0,0]"
1773371061.7208016,CSI_DATA,163172,98:4a:6b:31:4a:10,-62,11,-99,-34,59,1,1793571047,83,0,256,0,"[0,0,0,0,0,0,0,0,41,2,41,13,39,21,30,32,21,41,13,47,2,52,-8,50,-21,47,-30,41,-41,34,-47,26,-52,17,-54,6,-56,-6,-52,-17,-50,-28,-45,-39,-36,-47,-28,-54,-15,-58,-4,-60,6,-67,19,-63,32,-63,45,-52,56,-45,63,-30,0,0,71,-4,69,10,63,23,56,32,45,41,34,50,23,52,15,52,4,54,-6,52,-15,47,-23,43,-30,34,-34,30,-39,23,-41,15,-43,4,-39,-2,-39,-10,-32,-15,-26,-21,-21,-28,-15,-28,-8,-30,-4,-30,2,-26,8,-26,13,-21,0,0,0,0,0,0,0,0,0,0,0,0,0,0,-32,28,-13,43,10,43,32,32,47,8,47,-17,32,-39,6,-52,-23,-47,-45,-30,-56,2,-47,32,-21,54,10,56,41,41,58,10,54,-21,34,-52,-2,-65,-36,-52,-60,-21,-65,17,-47,50,-8,67,28,65,60,34,69,-4,60,-45,0,0,-15,-69,-52,-45,-65,-10,-58,28,-30,50,4,58,32,43,50,15,50,-15,32,-39,2,-50,-23,-36,-41,-15,-41,8,-28,32,-6,41,17,36,34,17,39,-4,28,-23,10,-34,-10,-32,-26,-19,-32,-2,-26,15,-15,26,2,30,17,21,0,0,0,0,0,0]"
1773371061.7295957,CSI_DATA,163173,98:4a:6b:31:4a:10,-57,11,-99,30,37,1,1793580772,83,0,256,0,"[0,0,0,0,0,0,0,0,30,73,13,65,8,69,-8,69,-26,65,-43,65,-52,52,-69,47,-78,26,-91,13,-91,-8,-82,-21,-78,-39,-73,-47,-56,-65,-52,-69,-39,-91,-34,-95,-13,-99,0,-108,4,-91,39,-91,60,-91,86,-82,82,-69,104,-56,108,-30,117,-26,0,0,108,26,108,39,95,60,82,69,73,73,43,86,47,82,26,82,8,91,-8,78,-21,82,-34,69,-39,69,-56,52,-56,43,-65,34,-69,21,-60,13,-69,0,-60,-4,-56,-17,-39,-30,-39,-34,-30,-39,-26,-39,-21,-39,-8,-43,8,-52,0,0,0,0,0,0,0,0,0,0,0,0,0,0,-69,-17,-60,21,-47,47,-13,69,39,69,73,34,78,0,60,-39,17,-78,-21,-82,-65,-52,-86,-4,-86,39,-47,86,13,82,56,65,91,21,91,-39,56,-82,-4,-95,-60,-78,-95,-30,-99,34,-65,86,0,104,69,78,112,21,125,-39,0,0,-8,-121,-56,-95,-86,-39,-99,26,-56,73,0,91,56,69,78,30,69,-17,47,-60,8,-78,-43,-60,-65,-4,-60,34,-30,56,0,60,39,47,52,21,52,-21,26,-43,4,-52,-39,-43,-52,-13,-39,21,-30,56,-4,52,21,39,43,17,0,0,0,0,0,0]"
1773371061.7468572,CSI_DATA,163174,98:4a:6b:31:4a:10,-62,11,-99,-33,59,1,1793590709,83,0,256,0,"[0,0,0,0,0,0,0,0,33,25,27,31,21,38,10,44,-2,46,-12,48,-23,44,-33,40,-42,29,-48,23,-52,10,-52,0,-52,-10,-50,-21,-46,-31,-40,-40,-31,-48,-23,-54,-12,-59,-2,-61,8,-63,21,-61,33,-57,46,-50,54,-42,63,-31,69,-19,71,-6,0,0,67,23,59,35,50,46,40,50,29,57,16,59,6,59,-4,57,-14,52,-23,46,-29,42,-35,33,-40,27,-44,19,-42,8,-44,2,-42,-6,-38,-14,-33,-21,-27,-25,-21,-27,-14,-31,-8,-31,0,-31,2,-29,8,-27,14,-23,19,-21,0,0,0,0,0,0,0,0,0,0,0,0,0,0,-42,6,-31,27,-14,40,10,44,33,33,50,10,48,-16,31,-42,2,-52,-25,-46,-48,-25,-54,6,-44,35,-14,54,16,54,44,35,59,4,50,-29,25,-57,-12,-61,-44,-44,-61,-12,-59,27,-35,57,2,67,40,57,65,25,69,-19,0,0,10,-69,-29,-61,-54,-33,-61,6,-46,35,-16,52,16,50,40,31,50,0,40,-27,16,-44,-10,-42,-33,-27,-42,-2,-33,23,-16,38,6,38,25,25,38,4,31,-16,19,-31,-2,-33,-21,-25,-29,-10,-29,8,-19,23,-4,27,12,25,0,0,0,0,0,0]"
1773371061.7537827,CSI_DATA,163175,98:4a:6b:31:4a:10,-62,11,-99,-44,59,1,1793602708,83,0,256,0,"[0,0,0,0,0,0,0,0,40,17,34,29,29,34,17,43,2,46,-8,46,-23,43,-31,40,-43,31,-49,20,-52,5,-55,-2,-52,-14,-46,-26,-40,-34,-31,-46,-23,-52,-11,-58,2,-60,14,-60,29,-55,40,-46,52,-40,60,-26,66,-17,72,-5,69,11,66,26,0,0,46,52,31,60,17,66,2,63,-11,60,-23,58,-31,49,-40,37,-43,29,-49,14,-49,8,-49,-2,-46,-11,-43,-20,-31,-26,-26,-34,-17,-34,-8,-37,0,-37,8,-34,14,-31,20,-29,23,-20,26,-14,26,-8,26,0,26,5,26,11,0,0,0,0,0,0,0,0,0,0,0,0,0,0,-37,14,-26,31,-5,43,17,43,37,29,52,5,46,-17,31,-40,5,-52,-23,-46,-46,-29,-55,2,-46,34,-23,55,8,58,37,43,55,17,55,-17,37,-49,5,-60,-29,-58,-55,-34,-66,0,-55,37,-23,60,11,66,49,49,69,14,0,0,49,-55,8,-66,-29,-60,-52,-31,-58,0,-46,31,-20,52,11,52,37,34,46,8,43,-20,23,-34,-2,-43,-26,-31,-40,-11,-37,11,-26,29,-5,37,14,31,29,20,34,0,29,-17,11,-29,-5,-31,-20,-23,-29,-11,-26,5,-17,20,0,0,0,0,0,0]"
1773371061.7611084,CSI_DATA,163176,98:4a:6b:31:4a:10,-62,11,-99,-40,59,1,1793612318,83,0,256,0,"[0,0,0,0,0,0,0,0,-33,28,-38,18,-43,7,-46,-2,-46,-12,-41,-23,-36,-33,-28,-43,-18,-49,-7,-54,2,-54,12,-51,23,-49,31,-46,43,-36,49,-28,56,-20,59,-10,62,0,59,10,59,20,51,33,46,43,38,54,28,64,15,69,5,69,-7,72,0,0,-36,62,-46,51,-54,41,-59,31,-62,18,-59,5,-56,-2,-54,-15,-49,-23,-41,-31,-36,-36,-28,-41,-20,-43,-12,-46,0,-43,7,-43,12,-38,20,-33,25,-28,31,-23,33,-15,33,-10,31,-5,31,2,28,7,25,12,20,18,18,18,0,0,0,0,0,0,0,0,0,0,0,0,0,0,5,-41,-18,-38,-36,-23,-43,0,-38,23,-23,46,5,51,31,41,49,15,51,-12,36,-41,7,-54,-23,-51,-51,-28,-56,2,-46,36,-18,56,18,56,51,36,62,2,54,-33,25,-59,-10,-64,-49,-49,-64,-12,-62,28,-36,62,0,72,0,0,64,25,64,-18,43,-49,10,-62,-28,-51,-51,-25,-54,10,-38,36,-10,49,20,43,41,23,46,-5,31,-25,10,-41,-15,-36,-36,-20,-38,2,-28,23,-10,33,10,33,25,20,33,2,28,-18,15,-28,-2,-31,-18,-20,-25,-7,-28,7,0,0,0,0,0,0]"
1773371061.778959,CSI_DATA,163177,98:4a:6b:31:4a:10,-58,11,-99,31,37,1,1793628634,83,0,256,0,"[0,0,0,0,0,0,0,0,8,59,-8,63,-29,63,-33,63,-50,46,-63,33,-71,12,-71,0,-84,-12,-75,-25,-67,-46,-50,-54,-50,-67,-37,-80,-21,-88,-8,-88,8,-96,21,-96,46,-80,46,-75,67,-71,88,-54,92,-42,105,-25,109,-12,118,8,113,25,109,46,0,0,71,101,59,96,42,96,29,109,4,105,-16,92,-16,92,-46,84,-50,67,-54,59,-59,50,-80,33,-75,25,-75,12,-63,-12,-67,-8,-59,-33,-59,-29,-46,-46,-33,-46,-25,-50,-16,-59,-4,-46,4,-46,8,-42,16,-50,21,-37,33,-33,0,0,0,0,0,0,0,0,0,0,0,0,0,0,-46,-46,-63,-12,-63,25,-46,63,-4,67,33,67,67,37,80,-4,59,-50,21,-75,-33,-80,-63,-54,-101,-4,-71,46,-37,75,33,75,67,63,84,12,92,-46,37,-84,-8,-88,-67,-80,-92,-29,-109,33,-59,88,8,113,71,88,118,29,0,0,59,-80,0,-96,-50,-80,-92,-33,-84,33,-59,67,-12,84,37,75,71,29,75,-25,42,-54,8,-63,-37,-67,-50,-21,-59,21,-42,50,-8,59,33,54,54,21,59,-8,37,-42,0,-59,-25,-50,-42,-12,-46,12,-33,33,-8,46,21,42,0,0,0,0,0,0]"
1773371061.7963626,CSI_DATA,163178,98:4a:6b:31:4a:10,-62,11,-99,-38,59,1,1793638982,83,0,256,0,"[0,0,0,0,0,0,0,0,-21,36,-29,31,-39,21,-43,12,-46,2,-43,-9,-43,-21,-39,-34,-29,-41,-21,-48,-9,-51,0,-51,12,-53,21,-48,29,-43,39,-36,48,-29,56,-21,58,-9,61,2,58,12,56,24,51,36,43,48,36,56,26,63,12,68,0,70,0,0,-31,63,-41,53,-51,41,-56,31,-58,19,-56,9,-56,-2,-51,-12,-48,-21,-41,-31,-34,-36,-26,-39,-17,-41,-9,-43,0,-41,9,-43,14,-36,21,-34,29,-26,31,-21,31,-12,34,-7,31,0,29,4,26,12,21,14,19,19,14,21,0,0,0,0,0,0,0,0,0,0,0,0,0,0,-9,-41,-29,-31,-41,-12,-46,14,-31,36,-9,51,19,48,41,31,51,4,46,-26,26,-48,-4,-56,-36,-43,-53,-19,-56,14,-39,43,-7,58,29,53,56,29,61,-7,48,-41,17,-63,-21,-63,-53,-39,-65,-7,-61,34,-31,65,9,70,0,0,68,21,65,-19,41,-51,4,-61,-29,-51,-51,-24,-53,9,-39,36,-9,51,19,43,39,24,43,-2,34,-26,12,-41,-14,-39,-31,-24,-39,0,-31,19,-14,31,7,34,24,24,34,7,31,-14,17,-26,0,-31,-17,-24,-24,-9,-29,2,0,0,0,0,0,0]"
1773371061.8042562,CSI_DATA,163179,98:4a:6b:31:4a:10,-61,11,-99,-39,59,1,1793639360,83,0,256,0,"[0,0,0,0,0,0,0,0,-12,40,-22,35,-32,30,-40,22,-45,15,-47,2,-52,-7,-45,-17,-37,-32,-35,-40,-25,-47,-15,-50,-2,-52,7,-52,17,-50,27,-50,37,-40,47,-32,50,-20,62,-10,60,-2,60,2,62,25,60,40,50,47,37,52,30,62,17,70,0,0,-20,70,-25,65,-32,52,-47,42,-47,30,-57,22,-55,15,-52,0,-55,-10,-47,-22,-40,-22,-32,-32,-27,-37,-17,-40,-7,-45,0,-42,7,-42,12,-35,20,-30,30,-27,30,-22,30,-15,32,-10,30,-2,30,5,25,10,25,15,20,17,0,0,0,0,0,0,0,0,0,0,0,0,0,0,-20,-40,-37,-22,-42,0,-37,25,-20,42,5,50,32,42,45,15,50,-10,40,-32,15,-52,-20,-55,-45,-35,-55,-2,-47,30,-22,55,10,60,40,45,65,12,57,-25,40,-50,2,-62,-32,-57,-67,-32,-67,12,-47,52,-15,72,22,65,0,0,72,2,57,-40,22,-60,-12,-60,-42,-42,-55,-10,-52,17,-32,42,2,50,27,40,42,12,45,-15,25,-35,2,-42,-22,-32,-37,-15,-40,10,-22,25,-7,32,12,35,30,22,35,0,30,-17,12,-27,-7,-27,-20,-20,-27,-7,-27,10,0,0,0,0,0,0]"
1773371061.8119404,CSI_DATA,163180,98:4a:6b:31:4a:10,-61,11,-99,-35,59,1,1793658567,83,0,256,0,"[0,0,0,0,0,0,0,0,31,-26,40,-17,44,-8,44,2,49,11,40,22,38,33,26,42,20,49,8,53,-4,53,-13,53,-24,49,-33,44,-40,35,-47,26,-53,17,-58,11,-58,-2,-62,-11,-53,-20,-53,-35,-44,-44,-35,-53,-29,-64,-15,-67,2,-71,13,-73,0,0,35,-58,44,-51,53,-35,60,-29,58,-15,60,-4,58,8,51,15,49,22,42,33,33,38,22,40,15,47,8,44,0,47,-8,42,-13,40,-20,31,-26,31,-31,22,-33,15,-33,8,-31,0,-31,-4,-29,-8,-22,-15,-22,-15,-15,-17,0,0,0,0,0,0,0,0,0,0,0,0,0,0,-4,44,17,40,38,26,47,2,40,-22,24,-44,-6,-51,-31,-40,-51,-17,-51,11,-35,40,-8,58,24,51,49,29,60,-2,44,-35,20,-55,-17,-60,-51,-38,-62,-6,-55,29,-26,60,6,69,47,51,69,15,64,-24,38,-60,0,-69,0,0,-60,-26,-64,15,-44,44,-8,64,29,53,47,29,55,-8,44,-33,11,-49,-17,-47,-40,-26,-44,2,-33,24,-11,40,13,38,31,26,38,0,29,-20,13,-35,-6,-35,-24,-24,-33,-4,-31,17,-15,29,2,29,15,22,29,8,26,-8,0,0,0,0,0,0]"
1773371061.8196468,CSI_DATA,163181,98:4a:6b:31:4a:10,-61,11,-99,-35,59,1,1793658864,83,0,256,0,"[0,0,0,0,0,0,0,0,-13,-40,-4,-44,4,-44,15,-40,31,-38,38,-29,47,-22,49,-8,51,2,49,13,47,22,44,33,35,40,26,44,17,53,8,53,-2,55,-15,58,-24,53,-35,51,-44,42,-51,35,-60,26,-64,13,-67,2,-69,-11,-67,-22,-60,-38,0,0,-40,-58,-29,-64,-15,-67,-2,-64,8,-60,22,-58,31,-49,38,-42,44,-35,47,-24,49,-15,49,-8,49,4,44,11,40,20,33,22,29,29,22,33,15,33,8,35,0,33,-6,33,-11,31,-15,26,-17,20,-22,15,-24,11,-26,6,0,0,0,0,0,0,0,0,0,0,0,0,0,0,35,20,44,-2,38,-26,17,-42,-6,-49,-35,-38,-49,-15,-51,15,-35,40,-8,53,24,49,49,31,58,-2,47,-35,20,-58,-15,-58,-47,-42,-60,-4,-53,31,-29,58,8,62,44,49,64,17,67,-24,42,-55,2,-69,-38,-60,-64,-29,0,0,-49,53,-13,64,29,60,53,31,60,-2,47,-35,17,-53,-15,-51,-40,-29,-49,-2,-38,26,-15,44,8,44,33,29,42,2,33,-20,17,-35,-8,-35,-26,-24,-38,-4,-29,15,-20,29,2,35,17,26,31,8,31,-8,20,-20,6,-26,0,0,0,0,0,0]"
1773371061.8267763,CSI_DATA,163182,98:4a:6b:31:4a:10,-57,11,-99,29,37,1,1793677867,83,0,256,0,"[0,0,0,0,0,0,0,0,26,-58,44,-49,62,-35,67,-22,84,0,75,22,75,40,58,49,44,58,44,80,17,80,13,89,-8,89,-26,80,-35,84,-53,71,-67,67,-84,44,-93,31,-102,13,-107,-4,-98,-17,-102,-31,-98,-49,-80,-67,-80,-80,-53,-107,-40,-107,0,0,0,-120,26,-107,44,-102,71,-80,80,-80,93,-49,98,-40,89,-22,89,-4,80,13,89,22,71,31,58,40,53,58,26,62,17,62,8,75,8,75,-4,67,-22,71,-35,44,-35,49,-44,40,-35,22,-44,22,-35,4,-44,4,-49,-8,0,0,0,0,0,0,0,0,0,0,0,0,0,0,4,67,40,53,71,13,67,-13,49,-49,17,-80,-22,-71,-67,-44,-84,0,-71,40,-40,75,22,84,67,62,84,13,80,-40,49,-71,-4,-98,-58,-71,-98,-31,-89,22,-53,80,0,93,49,84,102,44,102,-17,80,-80,13,-120,-44,-98,0,0,-111,0,-80,71,-26,107,31,84,71,62,93,4,67,-44,26,-75,-26,-75,-62,-44,-67,-4,-67,35,-17,58,17,71,58,44,67,4,53,-31,22,-58,-17,-62,-44,-35,-62,-4,-49,31,-22,49,0,53,35,35,49,4,44,-13,31,-35,0,0,0,0,0,0]"
1773371061.84339,CSI_DATA,163183,98:4a:6b:31:4a:10,-62,11,-99,-42,59,1,1793687629,83,0,256,0,"[0,0,0,0,0,0,0,0,-27,-32,-19,-38,-10,-43,2,-43,16,-43,27,-41,38,-32,46,-24,49,-13,52,-2,52,10,49,21,46,30,38,38,27,49,19,54,8,57,-5,57,-16,57,-27,54,-38,49,-46,41,-57,30,-65,19,-68,8,-73,-8,-68,-21,-60,-35,0,0,-41,-57,-27,-62,-10,-68,0,-62,13,-62,24,-57,32,-46,41,-38,46,-27,49,-16,49,-8,52,0,46,8,43,16,35,24,30,30,21,35,13,38,5,38,-2,38,-8,32,-16,32,-19,27,-24,19,-24,13,-27,8,-27,2,-27,-5,0,0,0,0,0,0,0,0,0,0,0,0,0,0,41,5,38,-16,24,-35,2,-46,-21,-41,-43,-24,-52,0,-43,27,-21,46,8,52,38,41,52,13,54,-16,35,-43,8,-54,-21,-52,-49,-30,-57,2,-49,38,-19,57,16,60,49,43,65,8,60,-27,32,-54,-2,-65,-41,-54,-65,-24,0,0,-49,49,-13,62,21,62,49,35,57,0,46,-30,21,-49,-10,-49,-38,-32,-46,-8,-41,19,-21,38,2,41,27,30,38,8,38,-13,21,-30,0,-38,-19,-30,-32,-13,-35,5,-24,21,-8,30,8,30,24,19,30,2,27,-10,13,-21,0,0,0,0,0,0]"
1773371061.8501897,CSI_DATA,163184,98:4a:6b:31:4a:10,-62,11,-99,-34,59,1,1793697213,83,0,256,0,"[0,0,0,0,0,0,0,0,-34,-23,-30,-30,-23,-39,-13,-43,0,-45,8,-47,17,-45,28,-43,36,-36,45,-30,50,-19,52,-8,54,-2,54,10,52,19,47,28,43,39,36,45,28,52,19,56,10,60,2,60,-10,65,-23,63,-32,60,-45,52,-52,45,-63,34,0,0,-67,8,-69,-2,-67,-15,-60,-23,-52,-32,-45,-41,-34,-45,-26,-50,-17,-50,-8,-52,0,-50,8,-47,15,-45,21,-41,28,-34,32,-28,36,-21,36,-15,39,-6,36,-2,36,4,32,13,28,15,21,19,19,23,13,23,8,26,4,23,0,0,0,0,0,0,0,0,0,0,0,0,0,0,41,-6,30,-28,13,-43,-15,-45,-36,-28,-50,-4,-45,23,-26,45,2,52,32,43,52,17,52,-15,34,-43,4,-56,-28,-50,-52,-23,-56,10,-41,43,-8,63,28,54,56,30,63,-8,47,-43,13,-65,-26,-65,-60,-34,-71,4,-56,45,0,0,19,71,54,39,63,2,52,-34,19,-54,-13,-54,-41,-34,-50,-4,-41,28,-17,45,13,45,34,28,43,2,32,-23,13,-36,-10,-39,-30,-21,-36,-2,-30,19,-13,34,6,34,26,21,32,2,28,-15,15,-26,-2,-30,-19,-21,-26,-6,0,0,0,0,0,0]"
1773371061.8571494,CSI_DATA,163185,98:4a:6b:31:4a:10,-57,11,-99,38,37,1,1793707035,83,0,256,0,"[0,0,0,0,0,0,0,0,51,48,31,51,27,68,3,72,-3,79,-17,82,-27,75,-44,48,-65,55,-62,51,-79,37,-89,20,-79,0,-86,0,-82,-37,-79,-34,-72,-44,-72,-58,-72,-79,-65,-65,-55,-89,-27,-96,-34,-103,-6,-103,24,-113,31,-106,58,-110,75,-103,0,0,93,-79,99,-55,96,-55,96,-20,96,6,82,13,89,24,89,27,82,41,65,55,58,58,41,62,37,65,27,75,17,72,17,75,10,68,-17,65,-10,68,-20,51,-34,58,-34,31,-48,31,-41,10,-48,13,-51,6,-51,6,-41,-6,0,0,0,0,0,0,0,0,0,0,0,0,0,0,-65,-6,-55,34,-37,55,6,72,51,55,65,13,68,-31,48,-72,-6,-79,-51,-68,-79,-17,-86,27,-51,75,0,86,58,82,86,20,79,-34,34,-86,0,-99,-51,-82,-106,-13,-82,58,-48,96,17,106,72,65,120,13,86,-55,58,-127,0,0,-72,-58,-103,-13,-75,75,-27,96,13,82,82,68,96,-3,72,-44,13,-75,-20,-75,-68,-37,-68,3,-44,55,-3,65,37,55,48,20,55,-27,27,-44,-10,-58,-41,-51,-55,-13,-55,17,-27,41,6,48,31,41,48,10,44,-20,27,-48,0,0,0,0,0,0]"
1773371061.8654501,CSI_DATA,163186,98:4a:6b:31:4a:10,-62,11,-99,-34,59,1,1793707331,83,0,256,0,"[0,0,0,0,0,0,0,0,39,-8,39,0,39,8,39,19,34,30,28,41,15,43,4,56,-6,52,-17,50,-30,41,-39,43,-45,34,-52,23,-54,10,-54,0,-56,-8,-54,-26,-52,-36,-45,-39,-34,-54,-21,-60,-13,-65,2,-65,15,-63,28,-65,43,-56,52,-41,0,0,63,-23,65,-6,69,6,63,17,60,28,47,34,34,45,30,50,17,50,8,50,0,52,-10,45,-17,41,-21,39,-32,32,-39,23,-34,15,-41,8,-41,0,-34,-8,-34,-15,-26,-19,-23,-23,-15,-26,-10,-28,-4,-28,2,-26,6,-26,0,0,0,0,0,0,0,0,0,0,0,0,0,0,-21,32,2,43,26,39,43,23,47,-2,39,-30,19,-43,-6,-54,-34,-39,-52,-13,-47,21,-32,39,-4,52,28,47,50,26,56,-6,45,-39,17,-54,-15,-58,-45,-43,-63,-4,-58,34,-28,60,8,63,41,47,67,19,65,-21,45,-63,0,0,-32,-60,-56,-30,-67,6,-47,36,-17,56,17,54,50,28,50,-2,43,-28,19,-41,-10,-45,-32,-28,-43,-2,-39,21,-15,36,8,39,21,26,39,8,34,-13,17,-30,0,-32,-21,-28,-30,-10,-30,6,-21,19,-8,28,8,26,21,17,0,0,0,0,0,0]"
1773371061.8820672,CSI_DATA,163187,98:4a:6b:31:4a:10,-62,11,-99,-35,59,1,1793731461,83,0,256,0,"[0,0,0,0,0,0,0,0,6,-40,15,-40,26,-35,35,-29,38,-24,49,-11,47,2,51,15,47,22,33,33,29,44,17,51,6,51,-4,53,-15,51,-24,44,-33,44,-42,40,-53,33,-53,20,-60,6,-64,-2,-64,-15,-58,-24,-51,-42,-44,-53,-35,-60,-17,-69,0,0,11,-71,17,-60,33,-60,42,-47,49,-40,51,-24,55,-8,58,-2,53,4,47,20,44,29,35,33,29,38,20,40,13,42,2,44,-4,40,-15,40,-20,33,-22,24,-29,20,-31,13,-31,8,-29,0,-26,-4,-24,-8,-24,-15,-20,-20,0,0,0,0,0,0,0,0,0,0,0,0,0,0,24,33,40,15,42,-6,31,-31,15,-42,-13,-47,-33,-35,-53,-13,-51,22,-29,42,-4,53,29,51,51,26,58,-4,49,-33,20,-51,-15,-58,-47,-40,-60,-11,-58,29,-31,55,6,67,44,51,64,20,60,-17,47,-53,6,-69,-33,-62,0,0,-67,6,-53,35,-22,67,17,58,42,42,60,8,49,-29,24,-44,-4,-47,-29,-35,-44,-13,-40,13,-24,33,0,42,20,35,35,11,38,-6,26,-29,4,-38,-15,-29,-31,-17,-35,2,-26,20,-13,31,4,29,22,20,26,8,26,-6,0,0,0,0,0,0]"
1773371061.889966,CSI_DATA,163188,98:4a:6b:31:4a:10,-58,11,-99,31,37,1,1793740924,83,0,256,0,"[0,0,0,0,0,0,0,0,63,-12,63,4,71,21,59,42,46,59,25,67,8,71,0,80,-42,80,-42,59,-54,54,-84,42,-71,21,-88,4,-84,-25,-84,-42,-75,-67,-71,-71,-54,-84,-29,-101,4,-96,12,-96,37,-96,71,-80,80,-75,84,-54,122,-33,118,-8,0,0,105,50,80,67,71,88,46,92,29,96,4,92,-16,92,-33,84,-42,71,-50,59,-67,46,-71,16,-80,16,-80,-8,-71,-21,-59,-33,-54,-54,-37,-50,-21,-54,-4,-63,0,-59,16,-54,25,-46,33,-29,37,-25,37,-4,42,0,42,8,0,0,0,0,0,0,0,0,0,0,0,0,0,0,-46,42,-8,63,29,67,59,33,71,12,71,-37,37,-75,4,-88,-46,-63,-71,-42,-92,-4,-71,42,-42,84,8,92,59,71,84,29,101,-16,63,-75,21,-105,-42,-101,-84,-50,-96,-12,-96,54,-46,92,8,113,63,92,109,37,113,-29,0,0,29,-101,-37,-105,-75,-75,-96,-12,-84,42,-46,67,8,88,46,67,75,21,75,-16,54,-50,16,-63,-33,-46,-50,-33,-67,8,-50,42,-29,50,16,63,42,33,54,16,54,-12,37,-37,8,-59,-16,-46,-42,-29,-50,0,-37,21,-25,33,0,0,0,0,0,0]"
1773371061.9067278,CSI_DATA,163189,98:4a:6b:31:4a:10,-62,11,-99,-36,59,1,1793741283,83,0,256,0,"[0,0,0,0,0,0,0,0,29,29,18,36,6,41,-2,41,-18,46,-29,39,-34,34,-46,23,-48,6,-55,0,-48,-16,-48,-27,-39,-39,-27,-46,-16,-50,-6,-52,4,-55,20,-50,29,-48,46,-43,52,-32,55,-25,62,-9,66,4,64,20,57,34,48,48,36,59,0,0,9,66,-4,69,-20,66,-29,50,-41,43,-50,32,-50,23,-52,9,-52,0,-46,-16,-43,-25,-36,-29,-27,-36,-20,-36,-6,-43,2,-43,6,-41,18,-36,23,-27,29,-23,32,-18,34,-6,32,0,29,6,25,13,20,16,18,20,11,23,0,0,0,0,0,0,0,0,0,0,0,0,0,0,-43,-2,-41,20,-27,36,-2,43,23,43,41,25,52,2,43,-20,25,-48,-2,-50,-29,-46,-52,-25,-57,2,-43,34,-18,55,13,59,41,43,62,13,57,-23,39,-52,6,-62,-32,-59,-57,-32,-69,4,-55,43,-27,66,11,71,48,50,0,0,66,-23,43,-52,9,-62,-25,-59,-48,-32,-59,0,-43,32,-20,48,11,50,32,34,46,9,43,-16,27,-34,2,-39,-20,-36,-34,-16,-41,4,-29,23,-9,34,11,34,27,20,34,4,32,-11,20,-25,0,-29,-16,-25,-23,-13,-27,0,0,0,0,0,0,0]"
1773371061.914142,CSI_DATA,163190,98:4a:6b:31:4a:10,-57,11,-99,29,37,1,1793760814,83,0,256,0,"[0,0,0,0,0,0,0,0,71,8,58,31,53,53,40,62,13,67,0,75,-17,80,-35,67,-58,62,-58,49,-80,35,-98,4,-93,-17,-84,-31,-75,-49,-67,-67,-53,-84,-35,-89,-17,-93,-4,-102,31,-98,49,-89,67,-80,89,-71,102,-53,116,-31,125,4,125,0,0,0,89,98,58,89,40,102,26,98,-4,98,-13,102,-40,89,-49,80,-71,58,-75,53,-80,22,-75,8,-80,-17,-80,-22,-62,-35,-62,-49,-31,-58,-26,-67,-13,-58,0,-62,13,-62,22,-49,26,-44,31,-26,44,-22,49,-8,44,-4,40,22,0,0,0,0,0,0,0,0,0,0,0,0,0,0,-49,31,-17,49,0,71,31,62,67,35,75,4,71,-44,26,-71,-8,-80,-62,-75,-84,-31,-80,13,-67,67,-17,84,31,89,80,53,102,8,89,-40,49,-93,0,-102,-53,-80,-89,-40,-107,22,-84,75,-22,102,35,107,75,67,120,-4,0,0,71,-102,-13,-116,-53,-84,-98,-31,-93,17,-62,53,-26,89,26,84,71,53,71,-4,58,-35,22,-62,-13,-71,-49,-49,-75,-8,-67,26,-26,49,0,71,26,49,58,17,58,-13,44,-40,13,-49,-13,-35,-31,-35,-53,-4,-35,13,-26,40,0,0,0,0,0,0]"
1773371061.9213583,CSI_DATA,163191,98:4a:6b:31:4a:10,-61,11,-99,-36,59,1,1793761209,83,0,256,0,"[0,0,0,0,0,0,0,0,-9,39,-20,39,-32,32,-39,23,-46,11,-48,-2,-48,-13,-43,-25,-36,-34,-27,-43,-16,-50,-4,-52,6,-55,18,-50,29,-46,41,-39,46,-29,55,-18,59,-6,62,4,59,16,55,27,50,41,39,52,27,59,13,69,-2,71,-18,69,0,0,-48,52,-52,41,-59,29,-62,16,-62,0,-57,-11,-50,-23,-43,-32,-36,-41,-25,-43,-13,-48,-6,-46,4,-46,11,-41,23,-36,29,-29,36,-23,36,-13,36,-6,36,2,34,9,29,16,25,20,18,23,11,25,4,27,2,25,-4,25,0,0,0,0,0,0,0,0,0,0,0,0,0,0,-23,-39,-36,-20,-46,0,-39,23,-23,41,2,52,27,43,50,25,55,-4,43,-32,20,-52,-11,-57,-39,-41,-55,-13,-55,18,-36,46,-6,59,27,55,55,32,64,-2,50,-39,25,-64,-13,-66,-48,-50,-69,-13,-66,25,-41,57,-4,69,0,0,59,39,66,-4,55,-41,23,-59,-11,-59,-41,-39,-55,-11,-48,20,-27,41,-2,48,25,39,43,18,43,-11,29,-29,6,-39,-13,-39,-29,-23,-39,0,-32,20,-13,32,4,36,23,27,34,9,32,-9,18,-23,4,-27,-11,-27,-23,-18,0,0,0,0,0,0]"
1773371061.9292552,CSI_DATA,163192,98:4a:6b:31:4a:10,-62,11,-99,-36,59,1,1793761569,83,0,256,0,"[0,0,0,0,0,0,0,0,4,41,-6,41,-18,39,-27,36,-36,25,-43,18,-48,4,-50,-9,-46,-20,-41,-32,-34,-41,-23,-48,-11,-55,0,-55,13,-52,25,-50,34,-43,46,-36,52,-27,57,-16,62,-4,62,9,59,23,55,39,46,50,34,59,23,64,6,71,0,0,-27,66,-36,57,-46,46,-57,34,-57,20,-59,9,-57,-2,-50,-16,-46,-25,-36,-34,-29,-39,-20,-41,-11,-46,0,-46,9,-41,16,-39,25,-36,29,-27,34,-18,34,-11,36,0,32,4,29,11,25,16,20,20,13,23,9,25,2,27,0,0,0,0,0,0,0,0,0,0,0,0,0,0,-34,-27,-43,-9,-41,16,-27,36,-6,48,20,48,41,32,52,4,48,-23,27,-46,0,-55,-29,-48,-50,-25,-57,4,-46,36,-18,55,16,57,43,41,62,11,57,-25,36,-52,2,-66,-36,-55,-62,-29,-69,9,-52,46,-20,69,18,69,0,0,69,13,66,-27,39,-52,0,-62,-32,-50,-52,-23,-55,6,-39,36,-11,50,16,46,36,29,48,2,36,-23,18,-39,-4,-39,-27,-29,-39,-6,-36,11,-23,29,-2,36,16,32,32,18,34,-2,27,-18,11,-27,-4,-29,-18,-23,-27,-6,0,0,0,0,0,0]"
1773371061.9468007,CSI_DATA,163193,98:4a:6b:31:4a:10,-57,11,-99,32,37,1,1793793535,83,0,256,0,"[0,0,0,0,0,0,0,0,-16,-65,-4,-65,4,-73,20,-69,45,-57,61,-45,65,-40,81,-16,86,0,86,20,73,28,73,49,61,61,45,65,24,86,12,98,-4,90,-20,81,-32,98,-57,90,-73,65,-86,61,-102,49,-118,28,-102,12,-127,-16,-118,-12,-94,-61,0,0,-73,-65,-28,-90,-28,-110,-4,-102,4,-102,24,-102,36,-90,57,-81,69,-57,61,-40,73,-24,81,-16,90,4,86,8,69,24,61,32,45,49,32,53,28,57,20,53,12,57,-8,65,-4,57,-20,49,-20,45,-40,28,-45,24,-45,16,0,0,0,0,0,0,0,0,0,0,0,0,0,0,53,28,65,-8,57,-45,32,-61,-8,-69,-49,-61,-77,-36,-81,24,-57,65,-4,73,49,69,77,49,98,0,73,-57,36,-90,-16,-98,-69,-65,-81,0,-86,45,-36,90,12,102,77,77,102,24,102,-36,53,-86,0,-106,-61,-98,-110,-32,0,0,-73,65,-20,102,36,106,86,49,94,-12,65,-53,16,-73,-24,-69,-69,-45,-65,0,-57,45,-20,65,32,61,53,36,57,-8,57,-36,24,-53,-20,-65,-24,-28,-53,-4,-49,20,-24,49,16,45,32,36,53,8,45,-12,28,-36,4,-40,0,0,0,0,0,0]"
1773371061.9539974,CSI_DATA,163194,98:4a:6b:31:4a:10,-62,11,-99,-34,59,1,1793803308,83,0,256,0,"[0,0,0,0,0,0,0,0,-43,-4,-41,-15,-39,-23,-32,-34,-19,-41,-8,-45,4,-50,15,-47,28,-45,36,-36,47,-30,52,-17,54,-8,54,4,54,17,50,30,43,39,34,47,23,54,15,58,2,60,-10,63,-26,58,-39,54,-50,47,-60,36,-67,26,-71,8,0,0,-67,-26,-58,-36,-43,-47,-39,-56,-23,-58,-8,-60,2,-58,13,-54,21,-50,32,-41,36,-34,41,-23,45,-17,45,-6,43,2,41,8,36,21,30,23,21,30,15,32,8,32,0,34,-6,30,-10,26,-15,23,-19,19,-21,13,-23,8,0,0,0,0,0,0,0,0,0,0,0,0,0,0,32,-26,13,-39,-10,-43,-32,-34,-45,-13,-50,13,-34,36,-13,52,17,52,41,34,56,6,50,-23,30,-50,-2,-58,-30,-50,-52,-23,-56,8,-41,41,-13,60,21,58,52,39,65,4,58,-32,30,-58,-6,-67,-43,-52,-67,-19,-69,21,0,0,-15,69,26,60,54,34,60,0,50,-32,21,-52,-10,-52,-34,-36,-50,-10,-45,19,-23,39,0,41,26,30,39,13,39,-13,26,-32,4,-39,-17,-34,-32,-17,-36,2,-28,21,-10,32,8,32,23,21,30,6,28,-10,17,-21,2,-26,0,0,0,0,0,0]"
1773371061.9619129,CSI_DATA,163195,98:4a:6b:31:4a:10,-57,11,-99,28,37,1,1793813020,83,0,256,0,"[0,0,0,0,0,0,0,0,73,-13,73,4,68,32,64,32,59,59,36,68,27,78,9,78,-9,82,-27,78,-41,78,-55,68,-68,55,-78,41,-91,27,-82,13,-96,-18,-96,-22,-96,-41,-82,-45,-78,-68,-55,-82,-41,-101,-18,-105,0,-119,18,-119,22,-119,64,-101,0,0,87,-78,105,-55,96,-22,105,-4,96,-4,101,22,87,41,68,45,68,68,50,64,32,73,22,78,4,82,-4,82,-18,73,-27,68,-32,59,-55,41,-55,32,-59,18,-59,9,-55,0,-50,-9,-45,-9,-41,-22,-32,-36,-27,-27,-22,-36,0,0,0,0,0,0,0,0,0,0,0,0,0,0,-50,50,-9,73,32,59,64,32,73,-4,68,-45,32,-78,-4,-82,-59,-59,-82,-18,-78,32,-45,73,-4,96,45,82,82,45,87,-4,68,-73,13,-87,-50,-87,-82,-45,-96,13,-78,78,-32,101,41,105,87,64,114,-4,105,-64,45,-96,0,0,-73,-73,-105,-27,-87,50,-36,73,18,96,55,68,91,18,87,-22,41,-64,-4,-68,-45,-55,-64,-9,-73,13,-36,55,4,59,45,45,64,22,55,-27,36,-45,4,-55,-32,-36,-55,-13,-55,18,-36,41,-4,45,22,41,36,22,55,0,0,0,0,0,0,0]"
1773371061.97958,CSI_DATA,163196,98:4a:6b:31:4a:10,-62,11,-99,-37,59,1,1793822956,83,0,256,0,"[0,0,0,0,0,0,0,0,-7,42,-16,42,-23,37,-35,28,-35,18,-45,7,-47,-4,-45,-18,-42,-28,-35,-33,-30,-42,-18,-47,-4,-47,7,-49,18,-49,28,-47,35,-42,45,-40,54,-28,54,-16,56,-4,59,4,61,18,54,30,52,45,45,54,28,64,14,68,0,0,-11,68,-28,59,-40,52,-47,45,-54,33,-54,21,-56,9,-52,-2,-52,-11,-45,-26,-37,-33,-30,-37,-26,-37,-14,-42,-7,-37,0,-40,9,-37,16,-33,23,-28,26,-21,30,-16,33,-9,30,-4,26,2,23,9,21,14,21,18,16,23,0,0,0,0,0,0,0,0,0,0,0,0,0,0,-23,-35,-37,-16,-40,7,-30,28,-14,47,11,49,37,40,49,14,52,-16,33,-40,4,-54,-28,-49,-49,-28,-59,2,-52,30,-26,49,9,56,42,40,59,11,54,-26,33,-52,-2,-66,-35,-54,-64,-26,-64,9,-47,42,-11,66,30,64,0,0,71,4,59,-30,28,-56,-7,-59,-37,-45,-54,-11,-49,18,-28,45,0,49,26,42,40,21,40,-7,26,-28,4,-40,-18,-35,-35,-16,-42,2,-30,23,-7,35,11,33,28,21,35,4,28,-16,16,-28,0,-28,-16,-23,-26,-11,-26,4,0,0,0,0,0,0]"
1773371061.986734,CSI_DATA,163197,98:4a:6b:31:4a:10,-62,11,-99,-43,59,1,1793835916,83,0,256,0,"[0,0,0,0,0,0,0,0,-8,-39,0,-42,11,-42,19,-39,31,-33,39,-28,45,-19,50,-8,50,2,50,11,47,22,42,33,36,42,28,47,16,50,8,56,0,56,-11,56,-22,56,-33,50,-42,42,-50,39,-59,28,-64,16,-67,5,-70,-5,-70,-19,-62,-33,0,0,-45,-53,-36,-59,-22,-62,-11,-62,2,-62,14,-59,22,-53,28,-47,36,-39,39,-31,45,-22,45,-14,47,-5,45,2,42,11,39,16,33,22,28,25,22,31,14,33,8,33,0,36,-2,33,-8,28,-11,25,-16,19,-19,19,-19,14,0,0,0,0,0,0,0,0,0,0,0,0,0,0,33,25,45,0,39,-22,19,-42,-2,-47,-31,-39,-47,-16,-50,11,-36,39,-8,53,22,50,47,31,56,-2,47,-33,19,-53,-14,-56,-47,-39,-59,-2,-53,31,-28,59,8,62,45,47,64,14,62,-28,36,-62,-2,-70,-42,-56,-67,-22,0,0,-42,56,-8,67,31,59,56,25,59,-8,42,-39,8,-53,-22,-47,-45,-22,-47,5,-33,33,-11,45,16,42,36,19,42,-5,28,-25,8,-39,-16,-36,-31,-19,-36,2,-28,22,-11,31,8,31,22,19,31,0,25,-14,14,-25,0,-31,0,0,0,0,0,0]"
1773371062.0040178,CSI_DATA,163198,98:4a:6b:31:4a:10,-61,11,-99,-38,59,1,1793849618,83,0,256,0,"[0,0,0,0,0,0,0,0,4,43,-4,43,-17,41,-29,34,-36,26,-46,17,-48,7,-51,-4,-48,-19,-39,-31,-34,-36,-24,-43,-9,-51,-4,-53,12,-51,19,-51,34,-43,36,-39,53,-26,56,-19,63,-9,63,7,58,19,58,29,51,46,43,56,34,63,17,68,0,0,-17,65,-24,61,-41,51,-48,41,-53,31,-56,14,-56,2,-56,-7,-51,-17,-41,-29,-36,-36,-29,-39,-19,-43,-7,-43,0,-41,12,-43,19,-36,24,-34,29,-24,34,-17,34,-7,34,0,31,2,26,12,24,14,17,19,17,21,9,24,0,0,0,0,0,0,0,0,0,0,0,0,0,0,-31,-24,-41,-7,-36,14,-26,36,-4,48,21,48,41,26,53,4,46,-26,26,-46,0,-51,-34,-43,-51,-24,-58,9,-43,39,-17,53,19,61,43,39,65,9,53,-29,34,-58,-4,-61,-43,-51,-65,-26,-65,17,-48,53,-12,70,29,65,0,0,68,0,61,-31,31,-61,-7,-61,-39,-48,-56,-19,-51,17,-34,43,-4,48,21,43,41,21,41,-2,31,-24,12,-39,-12,-39,-31,-26,-36,-2,-31,17,-17,34,4,36,24,26,34,12,31,-9,24,-21,7,-29,-12,-26,-21,-19,-29,-2,0,0,0,0,0,0]"
1773371062.0112686,CSI_DATA,163199,98:4a:6b:31:4a:10,-57,11,-99,31,37,1,1793859480,83,0,256,0,"[0,0,0,0,0,0,0,0,-29,-54,-33,-54,-25,-67,0,-71,16,-75,33,-63,54,-59,63,-46,71,-33,80,-16,84,8,88,21,75,25,71,50,59,75,46,75,25,80,16,84,4,88,-12,96,-42,92,-54,92,-67,88,-88,75,-92,54,-96,21,-126,0,-130,-16,0,0,-96,-37,-101,-75,-84,-75,-59,-84,-46,-101,-12,-96,12,-92,16,-88,33,-92,50,-67,63,-59,59,-46,71,-33,71,-25,71,-8,84,4,75,12,59,16,54,37,37,46,37,59,21,63,4,54,0,59,-8,50,-16,42,-25,42,-37,29,0,0,0,0,0,0,0,0,0,0,0,0,0,0,63,8,67,-16,42,-54,12,-75,-29,-50,-71,-33,-80,8,-71,63,-29,92,25,88,71,54,88,21,88,-37,46,-84,-12,-88,-59,-67,-84,-33,-109,33,-63,84,-21,96,50,84,96,50,96,-12,75,-80,21,-113,-37,-96,-92,-50,-109,4,0,0,-50,96,33,101,84,59,109,12,84,-37,42,-71,-12,-75,-54,-67,-75,-21,-67,42,-33,75,8,67,54,42,59,21,54,-37,33,-63,-4,-50,-42,-42,-59,-4,-63,25,-37,50,-4,46,33,46,46,16,50,-8,37,-37,4,-46,-21,-42,0,0,0,0,0,0]"
1773371062.0183415,CSI_DATA,163200,98:4a:6b:31:4a:10,-62,11,-99,-38,59,1,1793859831,83,0,256,0,"[0,0,0,0,0,0,0,0,12,-41,21,-36,31,-31,39,-24,43,-12,48,-2,48,7,46,19,41,29,36,39,26,43,19,51,7,53,-2,56,-12,53,-21,51,-31,46,-41,41,-48,34,-56,24,-61,17,-61,4,-63,-7,-63,-19,-61,-34,-53,-43,-46,-53,-34,-65,0,0,-7,-70,4,-68,19,-65,29,-58,36,-48,43,-41,48,-31,48,-21,53,-9,53,0,48,7,46,14,41,21,36,29,29,34,21,39,14,39,4,39,-2,39,-9,36,-14,34,-19,29,-21,24,-24,17,-26,12,-26,4,-26,2,-24,-4,0,0,0,0,0,0,0,0,0,0,0,0,0,0,19,39,36,24,43,0,39,-24,21,-43,-4,-51,-34,-39,-51,-17,-53,14,-34,41,-7,56,26,51,51,29,58,-4,46,-36,19,-56,-17,-56,-48,-39,-63,-2,-53,34,-26,61,12,65,48,46,68,12,63,-29,39,-61,-2,-70,-43,-56,0,0,-65,19,-43,51,-7,65,31,56,56,26,56,-7,39,-39,9,-51,-24,-46,-41,-21,-46,4,-34,29,-9,41,17,41,36,19,39,-2,31,-24,9,-36,-14,-34,-31,-21,-34,0,-29,19,-12,31,4,31,21,19,29,4,26,-9,17,-21,0,0,0,0,0,0]"
1773371062.0356627,CSI_DATA,163201,98:4a:6b:31:4a:10,-62,11,-99,-35,59,1,1793880199,83,0,256,0,"[0,0,0,0,0,0,0,0,40,4,35,13,35,29,31,35,20,42,8,49,-2,49,-8,51,-17,47,-29,44,-40,35,-44,26,-49,20,-62,11,-55,4,-53,-8,-53,-20,-49,-31,-44,-40,-38,-49,-24,-53,-17,-55,-13,-64,2,-69,8,-69,24,-58,42,-55,53,-49,0,0,64,-31,69,-15,69,0,64,11,53,15,49,24,42,38,35,44,31,49,22,51,8,47,4,44,-11,47,-15,44,-22,38,-29,33,-31,24,-33,22,-35,13,-35,8,-35,2,-33,-6,-29,-13,-22,-15,-24,-20,-17,-22,-13,-24,-6,-24,0,0,0,0,0,0,0,0,0,0,0,0,0,0,-33,26,-17,38,6,49,31,35,44,11,44,-15,26,-40,6,-49,-22,-49,-44,-26,-55,4,-42,31,-13,51,11,51,47,38,60,0,51,-33,24,-55,-15,-62,-42,-42,-58,-8,-53,33,-31,55,6,67,40,51,67,17,69,-24,42,-55,0,0,-38,-55,-62,-22,-60,20,-40,51,-8,55,22,47,47,24,49,-4,35,-33,8,-44,-22,-42,-38,-20,-47,8,-31,33,-6,38,15,35,33,13,35,-6,26,-24,8,-33,-11,-31,-29,-20,-31,0,-22,17,-11,26,8,29,20,17,26,4,0,0,0,0,0,0]"
1773371062.0432222,CSI_DATA,163202,98:4a:6b:31:4a:10,-62,11,-99,-38,59,1,1793890001,83,0,256,0,"[0,0,0,0,0,0,0,0,12,-41,21,-36,31,-31,39,-21,43,-12,48,-2,48,9,43,24,39,31,31,41,21,48,12,53,-2,56,-9,56,-21,51,-31,46,-41,39,-51,29,-58,17,-61,7,-61,-2,-61,-14,-58,-29,-53,-41,-46,-53,-34,-61,-19,-68,-4,-70,0,0,24,-68,34,-58,43,-48,53,-36,58,-24,58,-9,58,0,53,9,51,21,43,29,36,34,26,39,19,41,9,43,0,43,-9,43,-17,39,-21,34,-29,29,-31,19,-34,12,-34,4,-31,0,-29,-7,-26,-12,-21,-17,-17,-21,-12,-21,0,0,0,0,0,0,0,0,0,0,0,0,0,0,21,36,36,19,43,-2,39,-21,19,-41,-4,-48,-31,-41,-46,-19,-51,9,-39,36,-14,51,17,53,43,36,56,2,51,-26,26,-51,-4,-58,-36,-46,-58,-17,-58,17,-41,46,-7,63,29,56,58,34,68,-4,53,-43,21,-65,-17,-65,0,0,-65,-12,-63,26,-34,56,2,61,34,48,51,21,53,-9,36,-36,7,-48,-21,-41,-39,-19,-43,4,-34,29,-9,41,14,36,31,21,39,0,31,-19,14,-31,-7,-34,-21,-24,-34,-7,-31,12,-19,26,0,29,17,24,24,12,26,-2,0,0,0,0,0,0]"
1773371062.0507016,CSI_DATA,163203,98:4a:6b:31:4a:10,-62,11,-99,-34,59,1,1793901853,83,0,256,0,"[0,0,0,0,0,0,0,0,34,19,28,28,23,32,17,41,4,45,-2,50,-15,47,-26,45,-34,36,-47,32,-45,23,-52,10,-56,2,-56,-10,-52,-21,-50,-30,-47,-41,-36,-41,-32,-54,-19,-54,-10,-65,-2,-63,15,-60,26,-63,39,-58,47,-50,56,-41,67,-30,0,0,69,-2,69,6,67,17,56,26,50,41,43,45,32,45,19,50,10,52,0,50,-4,47,-15,43,-19,41,-26,39,-30,30,-36,26,-34,17,-36,13,-36,2,-39,-6,-34,-10,-28,-13,-23,-19,-19,-23,-13,-26,-8,-26,-6,-26,2,-26,0,0,0,0,0,0,0,0,0,0,0,0,0,0,-43,10,-30,30,-10,41,17,43,39,23,54,2,43,-26,23,-45,-6,-54,-36,-41,-50,-10,-52,17,-39,45,-4,56,28,47,52,21,56,-15,39,-39,4,-60,-30,-52,-58,-30,-67,8,-43,47,-15,63,28,65,60,39,69,2,58,-39,0,0,-19,-63,-47,-45,-63,-8,-54,28,-23,54,10,56,39,34,47,6,45,-23,19,-43,-6,-47,-32,-32,-39,-8,-34,19,-17,36,4,43,30,28,36,8,34,-17,17,-32,-4,-34,-21,-23,-30,-6,-30,8,-17,21,0,30,15,21,26,8,0,0,0,0,0,0]"
1773371062.0677662,CSI_DATA,163204,98:4a:6b:31:4a:10,-62,11,-99,-38,59,1,1793912488,83,0,256,0,"[0,0,0,0,0,0,0,0,17,-39,26,-34,36,-24,41,-17,48,-4,48,7,46,17,41,31,34,39,24,48,12,51,4,53,-7,53,-19,51,-29,46,-39,39,-46,31,-53,21,-58,9,-61,0,-58,-12,-56,-24,-53,-36,-46,-48,-36,-58,-21,-65,-9,-68,7,-70,0,0,34,-63,43,-51,53,-39,58,-29,61,-14,58,-2,56,7,51,17,46,29,36,34,29,41,19,43,12,43,4,46,-7,43,-14,41,-19,34,-26,29,-31,21,-34,14,-34,9,-34,0,-31,-4,-26,-9,-24,-17,-19,-19,-14,-21,-7,-24,0,0,0,0,0,0,0,0,0,0,0,0,0,0,14,39,31,29,43,7,41,-17,26,-39,2,-48,-21,-46,-43,-29,-51,0,-43,29,-21,51,9,56,36,41,53,14,53,-17,36,-46,7,-61,-29,-51,-53,-26,-63,9,-48,41,-17,63,19,63,53,41,65,4,61,-34,34,-61,-4,-70,0,0,-65,-21,-65,19,-43,48,-7,61,26,53,48,26,53,-4,39,-31,12,-46,-14,-43,-36,-26,-46,0,-34,21,-17,36,7,39,29,26,39,7,31,-14,19,-29,0,-34,-19,-29,-34,-12,-31,7,-21,21,-4,29,12,26,21,17,26,2,0,0,0,0,0,0]"
1773371062.074971,CSI_DATA,163205,98:4a:6b:31:4a:10,-62,11,-99,-36,59,1,1793922882,83,0,256,0,"[0,0,0,0,0,0,0,0,-39,13,-43,4,-43,-6,-43,-16,-39,-25,-34,-34,-25,-43,-16,-48,-4,-50,4,-52,16,-52,25,-48,32,-43,41,-36,46,-29,50,-20,55,-11,59,0,59,11,59,18,52,27,48,36,43,48,32,55,25,64,13,69,2,69,-11,71,0,0,-36,59,-46,50,-52,43,-57,29,-57,20,-57,9,-55,-2,-52,-11,-48,-20,-43,-27,-39,-32,-29,-36,-23,-39,-16,-43,-6,-43,0,-43,9,-39,11,-36,20,-34,25,-27,27,-23,29,-18,29,-11,29,-4,29,2,27,6,25,9,23,13,0,0,0,0,0,0,0,0,0,0,0,0,0,0,18,-39,-2,-43,-27,-34,-41,-13,-48,11,-34,36,-9,50,18,48,41,29,52,0,43,-29,18,-52,-13,-52,-41,-36,-57,-6,-50,27,-27,52,9,57,43,46,59,11,57,-25,32,-57,-4,-64,-43,-52,-64,-18,-66,23,-39,57,0,69,0,0,66,27,62,-16,41,-50,6,-59,-27,-50,-50,-25,-55,11,-34,39,-6,50,23,41,41,18,43,-9,29,-29,4,-41,-20,-34,-36,-16,-39,6,-25,27,-6,34,16,29,29,16,34,-4,25,-23,9,-29,-11,-27,-23,-13,-29,0,-23,16,0,0,0,0,0,0]"
1773371062.0822053,CSI_DATA,163206,98:4a:6b:31:4a:10,-62,11,-99,-43,59,1,1793923196,83,0,256,0,"[0,0,0,0,0,0,0,0,-19,36,-31,33,-36,25,-45,14,-45,11,-47,-2,-47,-11,-50,-28,-39,-33,-28,-42,-25,-50,-11,-50,0,-53,8,-53,19,-50,28,-47,36,-47,39,-39,50,-36,56,-22,62,-14,64,-5,64,8,62,16,56,33,56,42,47,53,36,64,0,0,11,73,2,59,-8,70,-22,59,-28,59,-39,45,-45,36,-47,25,-50,19,-47,5,-50,0,-47,-11,-45,-16,-39,-25,-33,-22,-28,-31,-22,-33,-14,-39,-8,-36,2,-36,5,-33,11,-33,16,-25,19,-19,19,-16,22,-14,25,-8,28,-5,0,0,0,0,0,0,0,0,0,0,0,0,0,0,-8,-39,-28,-31,-42,-8,-39,19,-28,36,0,50,25,42,50,22,53,-8,36,-36,11,-50,-22,-53,-47,-33,-56,-2,-47,28,-19,50,14,56,47,39,64,8,53,-33,25,-59,-14,-64,-50,-45,-67,-8,-56,31,-36,62,5,70,47,50,0,0,62,-28,36,-50,-2,-70,-36,-47,-56,-25,-53,19,-31,42,0,53,28,36,42,16,45,-11,28,-33,2,-42,-22,-33,-36,-14,-36,11,-25,31,0,42,22,28,33,11,31,-11,22,-25,5,-33,-11,-28,-25,-14,-28,2,-22,19,-11,28,0,0,0,0,0,0]"
1773371062.0992103,CSI_DATA,163207,98:4a:6b:31:4a:10,-61,11,-99,-34,59,1,1793945194,83,0,256,0,"[0,0,0,0,0,0,0,0,6,43,0,45,-10,47,-21,39,-34,36,-43,23,-47,15,-50,8,-52,-2,-50,-8,-52,-23,-43,-28,-36,-39,-28,-41,-23,-50,-10,-58,-4,-58,13,-60,17,-54,34,-54,39,-47,47,-47,54,-43,63,-26,65,-19,71,0,67,2,73,15,0,0,58,47,43,54,32,65,17,63,10,60,-6,65,-8,65,-15,54,-26,50,-30,39,-36,30,-41,28,-50,19,-43,8,-45,0,-39,-10,-39,-17,-34,-17,-28,-23,-26,-28,-19,-26,-13,-32,-6,-30,-2,-28,2,-26,8,-28,13,-23,19,-17,0,0,0,0,0,0,0,0,0,0,0,0,0,0,-30,-26,-41,-2,-43,21,-19,43,2,50,32,39,47,23,50,-13,32,-36,8,-52,-26,-54,-52,-32,-56,4,-47,34,-15,54,19,60,50,41,63,-2,52,-36,21,-63,-17,-56,-45,-36,-67,-8,-56,41,-28,63,10,58,56,52,67,10,0,0,36,-67,-6,-63,-43,-50,-58,-15,-54,19,-28,41,-2,52,30,43,47,13,45,-13,23,-34,-2,-45,-26,-34,-39,-8,-39,15,-19,34,-2,36,26,23,34,8,36,-13,21,-28,2,-39,-19,-30,-23,-10,-30,8,-21,26,-4,28,10,23,0,0,0,0,0,0]"
1773371062.1064787,CSI_DATA,163208,98:4a:6b:31:4a:10,-57,11,-99,29,37,1,1793955653,83,0,256,0,"[0,0,0,0,0,0,0,0,-71,-4,-62,-13,-67,-26,-53,-49,-35,-71,-17,-67,-4,-71,13,-80,26,-80,44,-67,58,-49,80,-44,84,-26,93,-4,89,0,80,35,80,40,71,53,53,84,44,84,26,89,13,98,-4,102,-31,111,-58,102,-80,89,-89,71,-116,53,0,0,-129,4,-102,-17,-98,-44,-89,-53,-71,-80,-49,-75,-26,-75,-8,-89,-4,-89,17,-84,31,-71,44,-67,58,-53,49,-44,71,-26,75,-13,58,0,71,4,58,17,58,26,40,44,31,49,26,53,8,53,-4,53,-8,49,-17,44,-22,26,0,0,0,0,0,0,0,0,0,0,0,0,0,0,49,-44,17,-67,-22,-67,-44,-49,-75,-13,-80,26,-49,53,-13,80,31,80,80,49,93,0,75,-40,35,-84,-22,-93,-71,-67,-89,-17,-89,35,-62,84,4,107,49,89,93,40,102,-17,75,-75,13,-107,-35,-107,-93,-62,-116,0,-98,44,0,0,26,107,75,75,93,13,93,-31,62,-75,8,-98,-49,-62,-84,-26,-80,26,-58,62,-13,84,35,67,71,17,62,-13,53,-49,13,-67,-22,-62,-44,-35,-67,4,-44,26,-22,49,13,49,49,44,62,4,44,-22,31,-44,8,-49,-26,-40,0,0,0,0,0,0]"
1773371062.1148732,CSI_DATA,163209,98:4a:6b:31:4a:10,-57,11,-99,30,37,1,1793965583,83,0,256,0,"[0,0,0,0,0,0,0,0,-8,60,-34,65,-47,52,-60,39,-60,30,-69,4,-73,-4,-78,-21,-73,-30,-73,-47,-52,-60,-47,-78,-26,-95,-17,-86,-4,-95,17,-86,30,-91,52,-78,69,-73,65,-69,91,-52,95,-47,99,-34,108,-4,117,13,104,34,112,60,82,82,0,0,52,99,39,108,21,112,4,112,-17,104,-39,99,-43,91,-60,73,-60,65,-69,39,-65,34,-69,21,-86,0,-73,-8,-69,-21,-65,-26,-60,-39,-47,-39,-39,-43,-26,-56,-13,-52,-8,-65,8,-52,8,-56,17,-52,21,-39,26,-34,39,-26,0,0,0,0,0,0,0,0,0,0,0,0,0,0,-30,-60,-56,-43,-73,4,-52,47,-13,65,17,73,60,65,69,17,82,-26,47,-65,0,-91,-52,-69,-78,-30,-91,21,-56,65,0,91,47,78,82,34,95,-21,65,-73,8,-95,-39,-91,-99,-47,-108,8,-78,78,-30,112,47,117,104,60,0,0,78,-60,43,-108,-34,-91,-78,-52,-104,8,-69,52,-21,82,21,78,69,47,73,4,60,-39,17,-60,-34,-73,-60,-34,-69,4,-52,39,0,56,26,52,47,26,60,-4,39,-39,8,-52,-17,-39,-34,-26,-43,4,-43,26,-13,43,13,47,0,0,0,0,0,0]"
1773371062.132208,CSI_DATA,163210,98:4a:6b:31:4a:10,-62,11,-99,-30,58,1,1793975596,83,0,256,0,"[0,0,0,0,0,0,0,0,30,28,23,36,15,41,4,45,-6,47,-19,45,-28,41,-39,34,-45,23,-50,13,-52,4,-54,-8,-50,-19,-45,-28,-41,-36,-32,-45,-23,-52,-13,-56,-2,-58,6,-60,19,-58,30,-56,41,-52,54,-41,58,-30,67,-19,71,-8,71,6,0,0,60,34,54,45,41,54,28,56,19,60,4,60,-6,56,-17,54,-23,47,-30,41,-34,34,-41,26,-45,17,-45,8,-43,0,-41,-8,-36,-15,-32,-19,-28,-26,-21,-30,-15,-30,-4,-34,-2,-32,6,-30,8,-26,15,-23,19,-19,21,-13,0,0,0,0,0,0,0,0,0,0,0,0,0,0,-41,2,-36,23,-19,39,6,45,28,36,47,15,47,-10,36,-36,10,-52,-19,-50,-43,-32,-54,-4,-47,28,-23,50,8,56,39,41,58,13,56,-21,34,-52,-2,-63,-36,-52,-58,-23,-63,15,-45,50,-8,67,28,63,58,36,71,-2,0,0,21,-65,-17,-60,-47,-43,-58,-4,-50,26,-28,47,6,52,32,36,50,10,43,-17,23,-39,-2,-43,-26,-32,-39,-13,-36,15,-23,32,-2,36,21,30,32,13,34,-8,23,-26,6,-32,-13,-28,-26,-17,-30,2,-23,17,-8,26,6,26,0,0,0,0,0,0]"
1773371062.1400168,CSI_DATA,163211,98:4a:6b:31:4a:10,-57,11,-99,32,37,1,1793986655,83,0,256,0,"[0,0,0,0,0,0,0,0,-69,16,-57,-4,-65,-20,-61,-36,-45,-53,-32,-69,-12,-77,4,-86,20,-77,40,-77,53,-65,73,-45,81,-32,98,-8,94,8,77,24,81,53,73,69,45,90,36,102,12,94,-4,102,-16,106,-49,102,-69,90,-98,69,-102,53,-114,32,0,0,-122,-32,-94,-40,-86,-77,-65,-81,-53,-90,-16,-90,-8,-102,12,-90,32,-77,45,-73,57,-57,65,-45,77,-32,65,-16,73,8,77,24,61,36,57,45,28,45,32,65,8,61,0,53,-8,49,-28,45,-32,40,-36,24,-45,20,-49,4,0,0,0,0,0,0,0,0,0,0,0,0,0,0,28,-61,0,-65,-36,-57,-65,-36,-69,4,-65,45,-40,65,-4,81,40,65,86,36,77,-4,73,-53,32,-81,-20,-90,-69,-69,-90,-24,-86,32,-53,77,-8,106,53,90,81,49,102,-12,77,-65,28,-102,-20,-102,-81,-77,-110,-20,-77,49,0,0,-8,102,45,86,90,45,94,-12,69,-49,24,-81,-16,-81,-61,-49,-86,-16,-73,24,-40,61,8,73,32,40,57,12,61,-16,49,-53,12,-57,-20,-61,-53,-24,-53,4,-36,28,-24,49,16,49,32,36,49,8,40,-16,28,-24,8,-49,0,0,0,0,0,0]"
1773371062.1473742,CSI_DATA,163212,98:4a:6b:31:4a:10,-57,11,-99,30,37,1,1793996938,83,0,256,0,"[0,0,0,0,0,0,0,0,65,13,60,8,47,43,56,52,39,65,13,78,4,78,-8,73,-39,78,-47,69,-73,60,-69,39,-91,30,-95,13,-82,-13,-95,-26,-86,-47,-78,-65,-65,-78,-47,-86,-34,-95,-21,-99,4,-104,26,-112,56,-104,73,-95,82,-86,108,-65,0,0,121,-26,108,13,108,21,99,47,78,65,73,60,47,86,39,91,30,91,8,99,-8,82,-21,78,-30,65,-47,69,-65,52,-60,34,-69,26,-73,8,-65,-4,-69,-21,-56,-21,-43,-30,-30,-39,-17,-39,-17,-52,0,-52,8,-47,13,-39,0,0,0,0,0,0,0,0,0,0,0,0,0,0,-52,43,-34,65,8,65,47,52,65,17,78,-30,52,-65,13,-82,-34,-69,-69,-47,-86,0,-78,47,-39,78,13,95,60,60,86,21,82,-43,56,-91,-4,-99,-56,-73,-99,-39,-91,30,-60,82,-8,104,47,91,91,43,108,-8,95,-82,0,0,-39,-99,-73,-73,-108,-13,-82,47,-43,82,17,82,69,73,73,13,69,-34,39,-65,-4,-69,-52,-43,-56,4,-56,26,-30,52,4,60,47,39,60,8,56,-17,34,-39,0,-47,-26,-47,-43,-17,-52,4,-26,39,-8,47,21,34,43,26,0,0,0,0,0,0]"
1773371062.1555927,CSI_DATA,163213,98:4a:6b:31:4a:10,-57,11,-99,29,37,1,1793997271,83,0,256,0,"[0,0,0,0,0,0,0,0,67,-31,71,-8,71,0,71,17,71,44,53,44,44,62,22,71,8,89,-8,84,-31,80,-49,80,-58,75,-75,62,-84,35,-84,22,-84,8,-107,-8,-102,-31,-93,-44,-75,-62,-67,-84,-49,-98,-26,-93,0,-120,4,-107,31,-116,49,-107,0,0,84,-93,98,-49,98,-22,116,-26,93,8,98,31,84,44,71,44,58,67,40,80,35,75,13,80,4,67,0,71,-35,75,-31,67,-35,58,-62,40,-75,31,-58,26,-62,8,-62,-8,-49,-17,-44,-31,-35,-35,-26,-31,-26,-49,-17,-49,0,0,0,0,0,0,0,0,0,0,0,0,0,0,-31,67,13,53,49,49,71,22,67,-22,53,-49,13,-80,-26,-89,-67,-44,-84,0,-67,53,-26,80,8,84,67,62,89,22,84,-31,49,-75,13,-84,-67,-80,-80,-35,-107,31,-71,80,-22,111,40,80,89,53,111,-8,80,-67,44,-116,0,0,-71,-71,-107,-35,-89,44,-58,89,13,84,58,67,93,22,75,-26,40,-62,0,-75,-40,-71,-67,-22,-58,40,-35,58,0,67,31,53,49,22,53,-22,40,-40,8,-49,-22,-49,-44,-17,-49,13,-31,31,-8,58,8,44,35,35,44,8,0,0,0,0,0,0]"
1773371062.1723595,CSI_DATA,163214,98:4a:6b:31:4a:10,-62,11,-99,-33,58,1,1794018292,83,0,256,0,"[0,0,0,0,0,0,0,0,16,-40,26,-35,33,-28,42,-18,47,-9,47,2,49,14,45,23,40,33,33,42,23,49,14,52,4,54,-7,54,-18,52,-28,49,-37,45,-45,37,-52,28,-59,21,-61,9,-64,0,-64,-14,-61,-28,-56,-37,-49,-49,-42,-59,-28,-66,0,0,-2,-71,9,-66,26,-64,35,-54,42,-47,49,-37,52,-26,52,-16,54,-4,52,4,49,14,45,18,40,26,33,30,26,37,16,40,11,40,2,40,-4,37,-11,35,-16,30,-23,28,-26,23,-26,14,-26,7,-26,2,-26,-2,-26,-7,0,0,0,0,0,0,0,0,0,0,0,0,0,0,14,42,33,26,42,2,40,-21,26,-42,0,-52,-30,-42,-47,-21,-54,7,-37,35,-11,54,18,52,47,33,56,0,49,-30,23,-54,-11,-56,-42,-40,-61,-9,-56,28,-30,56,7,66,40,52,66,18,64,-21,40,-54,2,-68,-37,-59,0,0,-68,11,-49,47,-14,66,26,56,49,33,56,-2,45,-35,16,-49,-16,-47,-37,-28,-47,2,-35,26,-14,42,14,40,33,21,40,0,33,-21,14,-35,-9,-35,-26,-23,-35,-4,-30,16,-14,28,2,33,21,23,28,9,26,-7,18,-21,0,0,0,0,0,0]"
1773371062.179463,CSI_DATA,163215,98:4a:6b:31:4a:10,-62,11,-99,-28,58,1,1794028246,83,0,256,0,"[0,0,0,0,0,0,0,0,-41,-4,-39,-14,-34,-22,-28,-34,-18,-41,-8,-47,8,-51,16,-49,28,-43,39,-39,47,-28,51,-16,55,-6,57,6,55,16,51,26,43,36,36,47,22,57,12,55,0,63,-10,59,-26,61,-43,53,-49,49,-57,36,-65,22,-71,8,0,0,-69,-22,-57,-39,-49,-47,-41,-51,-22,-55,-12,-57,-2,-57,10,-55,22,-47,28,-41,34,-36,39,-26,45,-20,47,-8,43,2,41,10,39,18,30,20,26,28,16,32,12,32,2,34,0,30,-12,26,-16,26,-20,20,-22,16,-24,8,0,0,0,0,0,0,0,0,0,0,0,0,0,0,32,-28,14,-41,-8,-43,-28,-36,-45,-10,-47,12,-36,34,-14,49,14,49,39,34,55,4,49,-22,28,-45,2,-55,-30,-47,-51,-24,-57,8,-41,39,-12,61,20,55,47,39,67,2,55,-28,28,-61,-8,-67,-43,-49,-65,-20,-67,20,0,0,-12,69,30,59,53,32,61,0,47,-34,20,-49,-12,-53,-36,-34,-51,-8,-45,24,-20,41,4,45,28,32,41,12,34,-14,24,-32,4,-41,-18,-32,-32,-14,-39,4,-28,22,-10,30,12,28,22,18,30,4,26,-12,16,-22,0,-26,0,0,0,0,0,0]"
1773371062.196978,CSI_DATA,163216,98:4a:6b:31:4a:10,-62,11,-99,-35,58,1,1794043003,83,0,256,0,"[0,0,0,0,0,0,0,0,-27,27,-37,20,-42,12,-45,0,-45,-10,-42,-25,-37,-30,-27,-40,-17,-42,-10,-47,2,-52,12,-52,20,-52,32,-47,37,-40,47,-32,52,-25,60,-12,57,-2,60,10,55,22,50,27,52,42,37,57,30,60,17,62,5,65,-12,70,0,0,-37,65,-52,47,-52,42,-55,30,-55,12,-57,2,-55,-7,-50,-20,-47,-30,-40,-35,-35,-32,-25,-40,-20,-42,-10,-45,0,-42,10,-42,10,-37,20,-32,25,-25,27,-20,30,-12,32,-7,30,0,30,2,27,12,25,15,20,17,15,20,0,0,0,0,0,0,0,0,0,0,0,0,0,0,2,-45,-22,-42,-40,-22,-47,2,-37,27,-17,47,7,52,37,42,52,20,50,-10,35,-42,10,-52,-25,-47,-45,-27,-57,5,-42,37,-17,55,22,52,50,35,60,0,52,-32,25,-62,-5,-62,-47,-45,-65,-12,-65,25,-37,57,-2,70,0,0,65,30,57,-17,47,-47,10,-55,-25,-57,-47,-30,-52,2,-37,30,-10,45,17,40,40,27,47,-5,32,-30,12,-40,-12,-35,-32,-20,-40,-2,-30,25,-15,35,7,35,22,25,35,5,30,-12,15,-27,-2,-27,-20,-25,-25,-10,-27,7,0,0,0,0,0,0]"
1773371062.2042816,CSI_DATA,163217,98:4a:6b:31:4a:10,-62,11,-99,-29,58,1,1794043264,83,0,256,0,"[0,0,0,0,0,0,0,0,38,19,33,27,27,35,19,42,6,46,-6,48,-16,46,-27,44,-38,35,-44,27,-50,21,-54,8,-54,-2,-54,-12,-50,-23,-44,-33,-40,-44,-31,-50,-23,-54,-12,-59,0,-63,10,-61,23,-59,40,-57,46,-50,59,-40,63,-29,67,-16,0,0,71,12,63,27,57,38,46,44,35,50,23,54,14,57,4,57,-6,54,-14,50,-23,44,-29,38,-35,31,-38,23,-42,16,-42,6,-40,0,-38,-6,-35,-14,-29,-19,-27,-25,-19,-29,-10,-29,-6,-29,-2,-29,6,-27,10,-25,14,-21,0,0,0,0,0,0,0,0,0,0,0,0,0,0,-40,12,-27,33,-6,44,19,44,42,27,50,2,44,-25,27,-46,-2,-52,-31,-44,-52,-16,-54,14,-38,44,-8,57,25,50,50,29,59,-4,44,-38,16,-61,-21,-61,-48,-38,-63,-4,-54,33,-27,61,10,67,46,48,67,14,65,-27,0,0,0,-69,-35,-54,-59,-25,-59,14,-38,40,-8,54,23,48,44,25,50,-6,35,-31,10,-46,-16,-40,-35,-19,-40,4,-31,27,-8,40,12,35,29,23,38,2,29,-19,14,-33,-6,-31,-23,-23,-29,-6,-27,10,-16,25,0,27,14,23,0,0,0,0,0,0]"
1773371062.211928,CSI_DATA,163218,98:4a:6b:31:4a:10,-62,11,-99,-33,59,1,1794062874,83,0,256,0,"[0,0,0,0,0,0,0,0,42,10,35,23,29,27,27,35,12,44,4,50,-4,52,-16,50,-29,44,-35,42,-46,27,-46,21,-54,14,-54,0,-48,-8,-48,-14,-48,-25,-42,-35,-40,-46,-27,-52,-23,-61,-10,-61,4,-63,21,-61,25,-67,38,-59,46,-50,59,-44,0,0,67,-16,67,0,69,12,61,16,54,35,46,38,35,42,25,46,14,48,6,52,2,50,-10,50,-16,44,-21,40,-29,29,-35,25,-35,19,-38,12,-38,6,-38,-6,-35,-6,-27,-14,-25,-19,-19,-23,-12,-23,-8,-23,-6,-27,0,-25,0,0,0,0,0,0,0,0,0,0,0,0,0,0,-35,19,-21,38,0,42,27,35,42,19,50,-6,40,-31,12,-48,-16,-52,-42,-31,-54,-6,-46,27,-25,52,10,54,44,44,61,19,54,-19,35,-48,-4,-63,-35,-50,-63,-23,-61,19,-42,50,0,69,31,57,61,27,63,-12,50,-52,0,0,-25,-65,-54,-38,-61,0,-50,31,-14,57,16,54,42,31,52,4,40,-31,16,-44,-8,-44,-33,-25,-40,-4,-33,23,-14,35,8,40,27,25,35,4,33,-16,14,-35,-6,-33,-21,-25,-29,-6,-27,10,-14,25,-2,31,14,23,25,10,0,0,0,0,0,0]"
1773371062.229169,CSI_DATA,163219,98:4a:6b:31:4a:10,-58,11,-99,30,37,1,1794073122,83,0,256,0,"[0,0,0,0,0,0,0,0,-30,60,-52,52,-52,43,-56,26,-69,21,-69,0,-86,-21,-69,-30,-73,-39,-69,-52,-52,-73,-39,-73,-26,-86,-13,-82,4,-99,17,-82,30,-99,39,-91,56,-73,78,-69,82,-60,91,-47,99,-30,104,-13,117,-4,117,21,108,26,108,47,0,0,65,82,65,95,47,99,26,104,13,112,8,99,-13,104,-34,95,-34,73,-52,73,-56,65,-73,52,-73,47,-69,30,-73,8,-73,4,-60,-4,-56,-21,-60,-21,-47,-30,-47,-39,-30,-56,-21,-47,-21,-47,-8,-47,-8,-47,0,-47,17,-43,0,0,0,0,0,0,0,0,0,0,0,0,0,0,-17,-56,-43,-52,-65,-13,-56,34,-39,60,8,78,43,60,82,26,78,-26,56,-69,0,-91,-52,-69,-86,-43,-91,21,-56,69,-8,91,47,78,78,26,95,-26,60,-82,4,-95,-69,-78,-91,-39,-104,34,-60,86,0,108,60,78,95,21,0,0,69,-95,-8,-104,-52,-91,-95,-39,-91,26,-47,73,0,82,47,69,82,21,65,-34,39,-65,-4,-69,-43,-56,-65,-8,-47,21,-26,73,13,65,47,39,56,-4,56,-30,21,-56,-13,-56,-47,-26,-47,0,-43,30,-17,56,8,43,34,26,0,0,0,0,0,0]"
1773371062.2361066,CSI_DATA,163220,98:4a:6b:31:4a:10,-62,11,-99,-40,59,1,1794083948,83,0,256,0,"[0,0,0,0,0,0,0,0,-41,10,-41,0,-41,-7,-41,-18,-36,-33,-28,-33,-20,-49,-7,-46,2,-51,7,-54,20,-49,25,-46,38,-41,43,-36,51,-25,54,-18,56,-5,59,7,56,20,54,28,51,36,43,43,36,51,23,67,18,72,0,69,-7,69,-23,69,0,0,-46,51,-59,43,-56,25,-67,18,-62,2,-62,-2,-56,-10,-49,-18,-43,-31,-38,-36,-28,-38,-25,-41,-18,-43,-10,-46,5,-43,10,-41,15,-38,18,-31,28,-25,33,-23,31,-18,33,-10,33,-2,31,2,31,10,23,12,20,18,12,20,0,0,0,0,0,0,0,0,0,0,0,0,0,0,23,-36,-2,-43,-25,-36,-43,-20,-49,10,-41,33,-18,51,12,46,38,36,56,7,49,-25,28,-49,-5,-54,-36,-41,-56,-12,-56,20,-33,49,0,56,41,46,56,18,59,-15,38,-51,7,-62,-33,-62,-62,-31,-64,12,-49,51,-12,72,0,0,56,41,72,-5,49,-36,20,-56,-20,-51,-43,-33,-54,-2,-46,28,-18,49,12,46,36,25,46,0,36,-25,15,-41,-18,-38,-33,-25,-41,-2,-28,18,-12,33,7,36,25,25,36,2,28,-15,12,-31,-5,-31,-18,-20,-28,-7,-23,7,0,0,0,0,0,0]"
1773371062.2429237,CSI_DATA,163221,98:4a:6b:31:4a:10,-62,11,-99,-38,59,1,1794094010,83,0,256,0,"[0,0,0,0,0,0,0,0,-29,31,-36,24,-41,14,-46,4,-46,-9,-43,-19,-39,-31,-29,-41,-19,-48,-9,-53,2,-53,12,-53,24,-48,34,-43,41,-34,48,-26,53,-17,61,-2,61,4,58,17,53,29,46,41,41,51,29,58,17,68,4,68,-9,68,-24,68,0,0,-51,48,-53,36,-61,24,-65,12,-61,0,-58,-12,-53,-21,-46,-31,-36,-39,-26,-43,-19,-46,-9,-46,0,-46,7,-43,17,-41,24,-36,29,-26,34,-21,36,-12,36,-7,34,2,34,7,29,14,21,19,19,21,14,24,7,24,-2,24,0,0,0,0,0,0,0,0,0,0,0,0,0,0,0,-41,-21,-36,-36,-19,-46,2,-39,29,-19,46,7,51,34,41,48,17,51,-14,36,-41,7,-56,-21,-51,-48,-29,-56,0,-48,31,-19,53,12,56,43,43,61,9,58,-26,34,-56,-2,-63,-36,-53,-61,-26,-68,14,-48,48,-12,70,0,0,56,41,65,0,56,-31,26,-53,-9,-56,-39,-39,-53,-9,-48,21,-26,41,0,48,26,36,41,12,41,-14,24,-31,2,-39,-21,-36,-34,-17,-36,4,-26,24,-9,34,9,34,26,19,34,0,29,-17,14,-26,-2,-29,-17,-21,-26,-9,0,0,0,0,0,0]"
1773371062.2600822,CSI_DATA,163222,98:4a:6b:31:4a:10,-62,11,-99,-34,59,1,1794106361,83,0,256,0,"[0,0,0,0,0,0,0,0,-13,41,-21,36,-30,32,-39,23,-45,13,-50,4,-50,-6,-47,-19,-41,-28,-36,-34,-30,-43,-21,-50,-10,-54,-2,-56,8,-56,17,-52,28,-50,39,-45,45,-36,54,-30,58,-21,63,-13,65,-2,69,13,63,26,58,36,52,45,41,56,0,0,21,69,6,69,-6,67,-15,63,-26,58,-32,50,-43,41,-45,30,-52,23,-52,15,-50,4,-50,-4,-47,-13,-43,-17,-36,-23,-30,-32,-23,-32,-17,-34,-8,-36,0,-36,4,-36,8,-32,15,-30,17,-23,21,-19,21,-13,26,-10,28,-6,0,0,0,0,0,0,0,0,0,0,0,0,0,0,-17,-39,-36,-23,-43,0,-36,26,-21,43,6,52,34,39,50,15,50,-15,34,-41,6,-54,-26,-50,-50,-26,-54,8,-41,39,-13,56,21,54,50,32,60,-4,47,-39,19,-58,-19,-60,-52,-39,-67,-2,-58,36,-26,63,15,67,54,47,0,0,60,-30,32,-58,-6,-65,-41,-47,-58,-15,-54,21,-28,45,0,54,32,36,45,13,41,-17,23,-36,-2,-45,-28,-32,-36,-8,-36,13,-21,32,2,36,21,30,34,10,32,-8,23,-26,2,-32,-15,-26,-26,-10,-28,4,-21,19,-6,26,0,0,0,0,0,0]"
1773371062.2672286,CSI_DATA,163223,98:4a:6b:31:4a:10,-62,11,-99,-42,59,1,1794116151,83,0,256,0,"[0,0,0,0,0,0,0,0,-35,-24,-27,-35,-16,-38,-8,-43,5,-46,16,-46,27,-41,38,-32,43,-27,52,-13,54,-2,54,8,52,19,46,30,38,38,32,46,21,54,10,57,0,57,-10,60,-21,60,-35,52,-46,46,-57,35,-62,24,-68,13,-71,0,-68,-16,0,0,-57,-43,-46,-52,-32,-60,-19,-62,-8,-62,5,-60,16,-57,27,-49,32,-41,41,-32,43,-24,46,-13,46,-8,46,2,41,10,38,16,32,27,24,30,19,32,10,35,2,35,-5,35,-10,30,-13,27,-19,21,-21,16,-24,10,-27,5,0,0,0,0,0,0,0,0,0,0,0,0,0,0,41,-5,32,-24,16,-41,-5,-46,-32,-35,-49,-16,-49,13,-35,38,-10,52,19,49,43,30,57,2,46,-30,24,-52,-8,-57,-38,-43,-54,-16,-57,21,-38,49,-2,62,32,54,57,30,65,-8,52,-43,19,-65,-21,-65,-54,-43,-71,-5,0,0,-32,62,5,68,41,49,60,19,54,-16,35,-41,2,-54,-24,-43,-46,-19,-46,10,-32,35,-5,43,16,38,35,19,38,-5,32,-27,10,-35,-10,-35,-27,-21,-35,-2,-32,19,-16,30,2,32,19,24,30,8,27,-8,19,-19,5,-27,0,0,0,0,0,0]"
1773371062.2744162,CSI_DATA,163224,98:4a:6b:31:4a:10,-62,11,-99,-37,59,1,1794125886,83,0,256,0,"[0,0,0,0,0,0,0,0,37,-18,45,-7,45,2,45,14,42,23,37,33,28,42,18,47,11,49,2,52,-7,54,-16,49,-28,47,-35,40,-42,33,-49,28,-52,21,-56,9,-59,-2,-61,-11,-59,-21,-54,-28,-52,-40,-45,-49,-35,-61,-23,-64,-11,-68,-2,-71,0,0,26,-66,37,-59,47,-52,49,-40,54,-30,56,-18,59,-11,54,-2,52,11,47,18,45,23,37,28,33,35,26,35,16,42,9,45,4,42,-2,40,-14,35,-16,35,-21,28,-23,26,-26,18,-28,11,-28,4,-28,0,-26,-2,-21,-9,0,0,0,0,0,0,0,0,0,0,0,0,0,0,-16,37,7,42,28,33,45,9,45,-14,30,-37,4,-52,-23,-47,-45,-23,-52,7,-40,35,-14,54,18,54,45,33,59,0,47,-33,21,-56,-16,-56,-47,-37,-61,-2,-52,35,-21,59,14,64,52,45,68,9,59,-35,30,-64,-9,-68,0,0,-68,-14,-61,28,-35,56,4,61,37,42,54,14,52,-21,26,-42,-4,-49,-30,-37,-42,-14,-40,18,-21,37,4,42,30,28,40,7,35,-16,16,-30,-2,-35,-23,-26,-35,-9,-33,14,-16,28,0,33,18,23,28,9,28,-7,18,-21,0,0,0,0,0,0]"
1773371062.2912703,CSI_DATA,163225,98:4a:6b:31:4a:10,-62,11,-99,-36,59,1,1794141035,83,0,256,0,"[0,0,0,0,0,0,0,0,18,-36,27,-32,36,-25,41,-16,46,-2,46,6,43,20,39,32,27,41,23,46,9,50,0,52,-11,52,-23,48,-32,43,-41,36,-48,27,-55,18,-59,6,-59,-6,-57,-16,-52,-27,-48,-39,-39,-52,-29,-59,-18,-66,-4,-69,11,-69,0,0,39,-57,48,-43,57,-34,59,-20,59,-9,59,2,55,13,50,25,43,34,32,39,25,41,16,46,6,46,0,43,-11,39,-20,39,-25,29,-29,25,-34,18,-36,9,-34,2,-32,-4,-29,-9,-25,-16,-20,-20,-13,-23,-9,-25,-4,-25,0,0,0,0,0,0,0,0,0,0,0,0,0,0,13,41,32,29,46,6,43,-16,29,-39,6,-50,-20,-46,-41,-29,-52,0,-46,27,-25,50,4,55,34,43,55,18,57,-16,41,-43,9,-59,-25,-52,-55,-32,-62,2,-52,39,-23,62,16,64,50,48,69,13,64,-29,39,-59,2,-73,0,0,-64,-29,-66,9,-50,46,-13,59,20,55,43,32,55,2,46,-27,20,-46,-6,-48,-32,-34,-43,-6,-39,18,-20,39,2,39,25,32,36,11,36,-9,23,-27,4,-36,-16,-32,-32,-18,-32,2,-25,18,-11,27,6,29,18,20,27,6,0,0,0,0,0,0]"
1773371062.299347,CSI_DATA,163226,98:4a:6b:31:4a:10,-62,11,-99,-36,59,1,1794141394,83,0,256,0,"[0,0,0,0,0,0,0,0,0,-39,9,-41,20,-39,32,-34,41,-25,46,-13,50,-4,48,9,48,20,41,32,32,41,25,48,13,52,4,52,-9,52,-18,48,-29,46,-39,41,-48,32,-57,23,-62,11,-62,0,-62,-11,-62,-25,-52,-39,-43,-48,-32,-59,-18,-69,0,0,9,-69,18,-64,29,-57,43,-46,48,-36,55,-23,55,-11,57,-2,55,11,48,18,41,27,32,32,25,39,16,43,9,41,0,43,-6,41,-13,36,-20,32,-25,25,-29,18,-32,9,-32,4,-29,-2,-27,-9,-23,-13,-20,-16,-16,-20,0,0,0,0,0,0,0,0,0,0,0,0,0,0,32,27,43,9,43,-13,27,-32,9,-48,-18,-48,-41,-29,-52,-4,-48,25,-27,46,2,55,27,48,50,23,55,-9,41,-39,13,-57,-20,-55,-50,-36,-62,-2,-52,29,-27,55,11,66,43,48,69,18,66,-20,43,-55,9,-69,-29,-62,0,0,-66,4,-52,41,-23,64,18,62,43,41,57,9,50,-23,27,-43,-4,-50,-29,-36,-43,-11,-41,16,-27,36,-2,41,18,34,34,18,39,-4,27,-25,6,-39,-13,-34,-27,-20,-34,-2,-29,18,-16,27,2,29,18,23,27,9,27,-6,0,0,0,0,0,0]"
1773371062.3172648,CSI_DATA,163227,98:4a:6b:31:4a:10,-57,11,-99,33,37,1,1794160956,83,0,256,0,"[0,0,0,0,0,0,0,0,-67,-7,-51,-19,-63,-31,-47,-55,-27,-67,-11,-75,-3,-83,19,-67,39,-75,47,-67,71,-51,87,-35,87,-15,103,7,91,15,67,35,83,47,67,63,43,87,43,83,27,99,7,103,-15,107,-31,91,-67,91,-75,83,-91,63,-111,35,0,0,-119,0,-111,-23,-87,-43,-95,-63,-71,-75,-43,-87,-27,-79,-11,-87,3,-91,19,-83,39,-79,35,-63,55,-51,55,-43,71,-23,71,-15,63,7,75,15,55,27,51,43,39,51,35,47,23,51,3,55,-3,59,-15,47,-19,43,-31,39,0,0,0,0,0,0,0,0,0,0,0,0,0,0,51,-39,31,-59,-19,-79,-55,-59,-71,-19,-87,27,-59,55,-19,79,27,75,71,55,79,7,75,-51,39,-83,-7,-87,-59,-67,-91,-23,-99,27,-55,71,-7,95,55,83,95,39,103,0,79,-59,27,-99,-35,-115,-95,-71,-107,-3,-119,47,0,0,11,91,71,87,107,31,99,-31,55,-83,11,-91,-43,-67,-79,-31,-79,15,-51,51,-19,71,31,59,63,39,63,-11,47,-43,23,-59,-19,-71,-47,-39,-67,-7,-43,27,-15,55,15,55,39,35,51,11,47,-15,31,-35,7,-35,-27,-39,0,0,0,0,0,0]"
1773371062.3252985,CSI_DATA,163228,98:4a:6b:31:4a:10,-57,11,-99,34,37,1,1794161234,83,0,256,0,"[0,0,0,0,0,0,0,0,-3,69,-19,65,-46,58,-58,50,-54,30,-69,19,-77,-7,-73,-30,-73,-42,-61,-69,-54,-65,-38,-73,-15,-85,3,-92,15,-85,38,-77,61,-77,73,-58,85,-54,96,-30,96,-15,104,-7,108,19,92,38,92,65,73,85,69,92,38,123,0,0,-27,116,-38,100,-58,96,-73,73,-85,69,-88,50,-96,34,-92,11,-85,-11,-85,-38,-73,-34,-65,-46,-58,-65,-42,-61,-27,-58,-7,-73,3,-77,19,-65,34,-58,46,-42,50,-46,50,-30,54,-19,58,0,50,11,42,15,46,30,34,34,0,0,0,0,0,0,0,0,0,0,0,0,0,0,-38,-58,-65,-30,-73,15,-54,46,-23,77,23,81,61,46,77,15,85,-27,46,-69,7,-77,-46,-73,-81,-34,-92,7,-77,54,-38,85,27,85,73,61,96,0,88,-42,50,-96,-3,-112,-73,-85,-96,-30,-96,19,-61,85,-11,104,65,104,0,0,119,-11,88,-61,38,-88,-23,-92,-81,-58,-92,-15,-85,42,-42,73,7,81,54,54,73,11,65,-23,34,-54,0,-65,-42,-46,-69,-23,-58,19,-38,50,3,65,27,46,38,30,54,0,46,-30,19,-50,-19,-46,-38,-34,-42,-11,-42,27,0,0,0,0,0,0]"
1773371062.3329484,CSI_DATA,163229,98:4a:6b:31:4a:10,-62,11,-99,-34,59,1,1794180992,83,0,256,0,"[0,0,0,0,0,0,0,0,26,32,19,39,8,43,0,45,-13,47,-23,43,-34,36,-43,28,-50,17,-52,8,-54,-4,-52,-15,-50,-26,-43,-34,-34,-43,-26,-50,-15,-56,-6,-58,4,-60,15,-60,28,-56,39,-50,50,-43,58,-32,63,-23,71,-13,71,2,69,17,0,0,58,43,45,50,34,60,21,60,10,63,-2,63,-13,58,-23,52,-32,45,-36,34,-41,26,-45,19,-47,13,-47,2,-43,-4,-41,-13,-36,-21,-30,-26,-21,-30,-17,-32,-10,-34,-2,-34,4,-32,8,-28,13,-26,17,-19,19,-15,23,-10,0,0,0,0,0,0,0,0,0,0,0,0,0,0,-43,-4,-39,19,-21,39,0,47,26,39,45,21,50,-2,41,-32,19,-50,-13,-52,-41,-36,-54,-8,-52,23,-30,47,0,56,32,47,56,23,56,-15,41,-47,6,-63,-28,-56,-56,-32,-67,6,-54,41,-19,65,21,67,56,43,71,2,0,0,30,-63,-6,-67,-43,-50,-58,-13,-54,19,-32,45,0,54,30,45,47,19,45,-10,30,-34,4,-43,-21,-36,-39,-17,-41,10,-28,30,-6,36,17,34,32,19,36,-2,28,-21,10,-32,-8,-32,-23,-19,-30,-4,-28,13,-15,23,0,28,0,0,0,0,0,0]"
1773371062.3400385,CSI_DATA,163230,98:4a:6b:31:4a:10,-61,11,-99,-38,59,1,1794191129,83,0,256,0,"[0,0,0,0,0,0,0,0,-41,-9,-39,-19,-36,-29,-29,-36,-19,-41,-12,-46,2,-48,12,-48,21,-48,29,-46,36,-41,41,-34,48,-24,53,-14,56,-4,56,4,58,12,58,21,51,31,46,39,39,46,31,51,21,58,12,65,0,70,-7,70,-17,68,-31,65,0,0,-51,48,-56,36,-61,26,-65,17,-63,4,-61,-4,-56,-12,-51,-19,-46,-26,-39,-34,-34,-39,-24,-43,-19,-41,-9,-46,-4,-43,2,-41,14,-34,17,-31,24,-34,26,-26,29,-21,31,-14,29,-9,29,-4,29,2,26,7,26,9,21,14,0,0,0,0,0,0,0,0,0,0,0,0,0,0,39,-19,19,-39,-4,-43,-29,-34,-48,-14,-51,14,-34,39,-7,51,24,46,46,24,53,-7,41,-39,12,-56,-21,-53,-48,-29,-58,2,-46,36,-14,53,24,56,53,34,63,-4,51,-41,19,-63,-21,-63,-56,-36,-68,4,-53,46,-19,68,0,0,56,41,68,2,53,-34,21,-56,-17,-56,-46,-31,-56,0,-43,31,-14,48,14,46,36,26,43,-2,31,-26,9,-43,-17,-34,-41,-14,-36,4,-21,21,-9,36,14,31,29,17,34,-4,24,-21,9,-31,-9,-26,-24,-14,-29,0,-21,17,0,0,0,0,0,0]"
1773371062.3569825,CSI_DATA,163231,98:4a:6b:31:4a:10,-61,11,-99,-34,59,1,1794201043,83,0,256,0,"[0,0,0,0,0,0,0,0,19,39,8,43,0,45,-10,45,-21,41,-34,34,-41,28,-47,17,-52,8,-52,-2,-52,-13,-50,-23,-43,-32,-36,-41,-26,-47,-19,-54,-8,-58,2,-58,13,-58,21,-56,32,-52,43,-45,52,-39,60,-28,65,-17,69,-4,71,8,67,21,0,0,52,47,41,54,30,60,17,63,6,63,-2,60,-15,56,-23,50,-32,43,-36,34,-41,26,-45,19,-47,10,-47,4,-43,-6,-41,-15,-34,-19,-30,-23,-21,-30,-17,-32,-10,-34,-4,-36,2,-32,8,-28,10,-26,17,-21,21,-19,23,-10,0,0,0,0,0,0,0,0,0,0,0,0,0,0,-39,-13,-43,8,-32,32,-8,45,15,43,39,32,52,6,47,-23,26,-45,-2,-54,-34,-43,-52,-19,-54,13,-39,43,-8,58,26,52,52,28,58,-6,47,-43,13,-60,-19,-58,-52,-39,-65,-2,-58,34,-26,63,13,67,50,47,71,8,0,0,36,-58,-2,-69,-39,-54,-58,-17,-54,17,-36,43,0,54,28,45,47,17,45,-10,30,-36,6,-43,-19,-34,-39,-17,-41,10,-26,30,-6,36,17,34,34,19,34,-4,26,-21,8,-32,-10,-30,-23,-19,-30,-2,-26,15,-13,26,2,28,0,0,0,0,0,0]"
1773371062.363719,CSI_DATA,163232,98:4a:6b:31:4a:10,-62,11,-99,-35,59,1,1794201322,83,0,256,0,"[0,0,0,0,0,0,0,0,33,-22,38,-15,44,-4,44,8,44,17,40,26,31,40,24,42,13,49,2,49,-11,51,-22,49,-26,44,-38,42,-44,35,-53,24,-58,13,-60,4,-58,-6,-60,-17,-53,-26,-49,-42,-47,-49,-38,-60,-22,-60,-8,-64,2,-71,17,-69,0,0,49,-58,53,-51,55,-33,62,-22,60,-11,55,4,55,15,55,24,51,31,42,33,29,40,24,40,17,44,4,44,-2,47,-8,42,-20,35,-22,31,-26,26,-29,20,-31,11,-35,4,-33,0,-26,-4,-26,-11,-24,-15,-20,-17,-15,-20,0,0,0,0,0,0,0,0,0,0,0,0,0,0,-11,44,11,40,35,26,47,6,44,-22,26,-44,-2,-49,-29,-47,-47,-22,-55,4,-44,38,-17,53,20,49,47,33,55,4,44,-33,20,-58,-13,-55,-42,-40,-62,-8,-53,29,-31,53,4,64,38,51,67,24,64,-17,44,-55,11,-67,0,0,-58,-29,-64,8,-47,47,-8,62,20,53,44,33,53,2,42,-26,17,-47,-13,-44,-38,-26,-44,-2,-35,26,-13,40,11,40,31,22,38,0,31,-22,13,-33,-4,-35,-22,-29,-35,-8,-31,13,-15,26,0,29,15,22,26,13,26,-4,0,0,0,0,0,0]"
1773371062.3805296,CSI_DATA,163233,98:4a:6b:31:4a:10,-61,11,-99,-39,59,1,1794224841,83,0,256,0,"[0,0,0,0,0,0,0,0,25,-35,30,-30,37,-20,40,-7,50,0,45,10,45,25,37,32,30,42,20,52,7,50,2,57,-7,55,-20,50,-30,45,-40,40,-47,32,-52,22,-55,10,-62,5,-60,-7,-62,-22,-55,-32,-50,-42,-42,-57,-35,-60,-22,-60,2,-55,0,0,22,-65,35,-60,42,-50,50,-40,50,-27,60,-20,55,-2,52,0,55,15,50,25,42,27,35,32,25,35,17,40,10,45,2,45,-5,42,-10,40,-22,32,-25,30,-30,22,-30,12,-30,10,-30,5,-30,-2,-25,-10,-25,-10,-17,-12,0,0,0,0,0,0,0,0,0,0,0,0,0,0,7,40,30,30,40,12,42,-7,32,-37,7,-50,-15,-50,-40,-32,-52,-2,-50,25,-25,45,5,55,35,40,52,10,52,-22,32,-50,0,-60,-27,-52,-52,-25,-62,15,-45,45,-15,62,27,60,55,40,72,-7,57,-45,27,-70,7,-82,0,0,-67,-2,-67,27,-32,55,7,62,40,42,55,15,50,-17,27,-40,2,-52,-30,-35,-40,-12,-42,15,-25,32,-2,42,22,32,37,15,40,-7,25,-25,5,-35,-15,-32,-30,-15,-35,2,-25,22,-7,30,10,30,25,17,27,5,25,-10,0,0,0,0,0,0]"
1773371062.387265,CSI_DATA,163234,98:4a:6b:31:4a:10,-61,11,-99,-43,59,1,1794235098,83,0,256,0,"[0,0,0,0,0,0,0,0,-25,-33,-16,-39,-5,-42,8,-45,16,-45,28,-33,39,-28,50,-19,53,-2,50,8,53,16,47,28,39,42,33,45,25,50,11,53,-2,56,-16,59,-25,53,-39,47,-45,42,-53,28,-62,14,-64,0,-67,-14,-67,-25,-56,-36,-50,-53,0,0,-19,-64,-8,-67,8,-67,22,-59,31,-59,42,-45,47,-33,50,-19,50,-8,53,2,50,8,45,16,39,25,31,33,28,36,11,39,5,42,-2,39,-14,36,-22,31,-25,25,-28,22,-28,14,-33,8,-28,2,-22,-5,-25,-14,-22,-16,0,0,0,0,0,0,0,0,0,0,0,0,0,0,42,5,39,-16,25,-36,2,-47,-16,-42,-39,-33,-47,-5,-47,25,-28,42,5,50,31,45,50,22,56,-14,42,-39,14,-53,-16,-53,-45,-36,-62,-11,-59,28,-28,53,0,64,39,53,62,28,64,-8,45,-47,14,-70,-28,-67,-56,-39,0,0,-64,33,-33,59,5,64,36,47,56,22,53,-11,33,-42,8,-56,-19,-47,-42,-25,-47,5,-33,28,-11,42,14,39,31,25,42,5,36,-16,14,-33,0,-36,-19,-25,-31,-8,-33,5,-22,25,-5,31,11,25,22,19,28,5,25,-14,0,0,0,0,0,0]"
1773371062.394179,CSI_DATA,163235,98:4a:6b:31:4a:10,-62,11,-99,-44,59,1,1794235422,83,0,256,0,"[0,0,0,0,0,0,0,0,17,-37,26,-34,34,-29,40,-20,46,-11,49,0,49,5,49,17,43,29,40,34,31,46,26,46,17,49,8,55,-2,55,-11,58,-20,58,-31,49,-37,46,-46,40,-52,29,-55,23,-66,11,-69,2,-66,-5,-69,-14,-66,-26,-58,-40,0,0,-43,-60,-29,-58,-20,-69,-8,-60,0,-66,14,-58,20,-55,26,-46,34,-43,37,-31,40,-29,43,-23,49,-14,49,-5,43,0,40,8,40,11,34,20,29,26,23,29,20,29,11,34,8,31,0,31,-2,31,-5,29,-11,23,-14,23,0,0,0,0,0,0,0,0,0,0,0,0,0,0,11,37,31,26,43,5,40,-23,20,-40,-8,-52,-31,-37,-52,-14,-49,14,-31,40,0,55,29,46,52,20,55,-11,37,-43,2,-58,-29,-55,-58,-20,-60,17,-37,49,-2,63,34,55,58,31,69,-14,43,-46,5,-69,-31,-60,-66,-31,0,0,-52,55,-8,60,31,60,55,26,60,-11,34,-40,5,-52,-26,-49,-49,-20,-46,8,-29,34,-2,43,23,37,37,14,37,-14,23,-34,0,-37,-26,-31,-34,-8,-34,11,-17,29,0,34,17,26,29,11,29,-8,20,-23,0,-26,-17,-23,0,0,0,0,0,0]"
1773371062.4110997,CSI_DATA,163236,98:4a:6b:31:4a:10,-62,11,-99,-36,59,1,1794258152,83,0,256,0,"[0,0,0,0,0,0,0,0,-6,-41,4,-41,16,-39,27,-34,34,-27,43,-18,48,-6,48,6,46,18,41,27,32,39,25,46,16,50,4,52,-6,52,-18,50,-27,46,-41,41,-48,32,-55,20,-57,11,-59,-2,-62,-13,-55,-27,-52,-39,-41,-50,-29,-62,-18,-66,0,0,16,-66,25,-59,39,-50,48,-41,52,-29,55,-18,55,-4,55,4,50,16,43,25,36,32,27,36,20,41,11,41,0,43,-9,41,-16,36,-20,29,-27,25,-32,18,-34,11,-34,4,-32,-2,-27,-9,-23,-13,-18,-18,-16,-20,-9,-23,0,0,0,0,0,0,0,0,0,0,0,0,0,0,34,25,41,4,39,-18,25,-36,4,-48,-23,-43,-41,-27,-50,-2,-43,27,-25,48,4,55,32,43,50,20,55,-13,41,-39,13,-55,-20,-55,-48,-34,-62,-4,-52,32,-29,57,6,66,41,50,64,20,66,-18,46,-50,11,-69,-25,-64,0,0,-71,-2,-59,32,-29,59,9,62,39,46,55,16,52,-18,32,-41,2,-50,-23,-41,-41,-20,-43,4,-29,29,-9,43,13,36,32,23,36,2,32,-18,16,-34,-4,-34,-23,-25,-32,-11,-32,9,-20,25,-4,29,11,25,23,16,27,2,0,0,0,0,0,0]"
1773371062.418006,CSI_DATA,163237,98:4a:6b:31:4a:10,-61,11,-99,-36,59,1,1794268487,83,0,256,0,"[0,0,0,0,0,0,0,0,-43,-4,-41,-16,-39,-25,-32,-32,-23,-41,-13,-46,-2,-50,9,-52,23,-50,32,-46,41,-36,48,-27,52,-18,57,-9,55,2,55,13,55,23,52,32,46,43,39,50,25,59,16,62,4,69,-11,69,-20,69,-34,62,-46,57,-57,48,0,0,-69,20,-71,6,-69,-6,-64,-16,-57,-29,-50,-34,-41,-43,-29,-48,-20,-50,-11,-55,-2,-52,6,-50,16,-46,23,-41,29,-36,34,-29,36,-20,39,-13,41,-6,39,2,36,9,32,16,27,18,20,23,16,25,11,27,6,27,0,25,0,0,0,0,0,0,0,0,0,0,0,0,0,0,34,-25,13,-41,-9,-43,-32,-32,-48,-11,-48,16,-32,41,-6,52,25,48,48,25,55,-4,43,-36,18,-55,-16,-55,-46,-39,-57,-4,-52,29,-25,55,11,62,46,46,64,11,62,-27,36,-57,-4,-69,-41,-57,-66,-23,-66,18,-48,57,0,0,32,66,62,32,66,-6,48,-43,13,-59,-23,-50,-48,-29,-52,2,-43,32,-18,48,16,46,36,25,43,0,34,-27,11,-39,-11,-41,-32,-25,-39,-2,-32,18,-16,34,4,34,25,25,34,4,29,-13,16,-25,0,-29,-16,-25,-25,-11,0,0,0,0,0,0]"
1773371062.4355502,CSI_DATA,163238,98:4a:6b:31:4a:10,-57,11,-99,28,37,1,1794278288,83,0,256,0,"[0,0,0,0,0,0,0,0,-55,-45,-41,-59,-36,-64,-13,-73,18,-78,22,-78,45,-55,55,-55,73,-36,73,-9,82,-4,96,18,87,32,68,55,45,73,41,78,27,91,9,82,0,96,-22,87,-59,91,-73,68,-78,55,-96,36,-105,18,-114,4,-128,-41,-110,-41,0,0,-78,-91,-64,-105,-32,-114,-18,-110,9,-96,18,-87,50,-91,59,-68,73,-55,73,-36,91,-13,82,0,78,18,78,27,55,36,64,45,36,50,32,64,13,68,0,55,-13,64,-41,50,-32,32,-36,32,-41,22,-41,9,-50,4,-50,-9,0,0,0,0,0,0,0,0,0,0,0,0,0,0,68,-13,55,-36,18,-59,-9,-68,-50,-50,-73,-22,-73,13,-59,64,-22,87,22,82,78,45,82,4,82,-36,50,-78,-9,-91,-45,-73,-91,-36,-87,27,-78,73,-32,91,45,101,91,64,101,0,91,-50,36,-87,-18,-119,-73,-87,-114,-36,0,0,-50,73,-22,105,45,96,82,41,87,-13,73,-59,36,-87,-22,-73,-64,-45,-68,-4,-78,36,-32,55,0,59,45,45,64,9,55,-22,32,-45,4,-59,-36,-50,-50,-27,-55,9,-32,22,-4,50,13,50,45,36,45,9,32,-13,13,-36,0,0,0,0,0,0]"
1773371062.4429677,CSI_DATA,163239,98:4a:6b:31:4a:10,-57,11,-99,31,37,1,1794288228,83,0,256,0,"[0,0,0,0,0,0,0,0,-54,37,-54,29,-67,4,-71,-12,-71,-25,-71,-33,-59,-59,-37,-67,-25,-67,-8,-84,4,-80,29,-80,37,-80,50,-71,75,-63,75,-46,88,-33,96,-21,92,0,109,8,84,33,92,54,84,67,75,88,59,105,42,105,16,118,-8,109,0,0,-46,96,-67,101,-88,75,-96,54,-92,54,-92,33,-92,12,-92,-12,-88,-16,-80,-42,-63,-37,-63,-54,-54,-67,-42,-71,-16,-75,4,-71,0,-67,21,-71,25,-63,37,-50,50,-42,54,-33,42,-21,54,-16,46,0,46,12,42,12,42,21,0,0,0,0,0,0,0,0,0,0,0,0,0,0,21,-54,-21,-63,-50,-37,-63,-16,-63,42,-42,75,8,75,46,63,67,29,88,-21,63,-63,12,-88,-37,-71,-80,-42,-80,21,-63,54,-21,96,29,96,75,59,96,8,84,-54,33,-96,-21,-92,-75,-71,-113,-8,-96,54,-46,96,16,96,0,0,105,29,101,-37,54,-84,-8,-88,-46,-84,-80,-29,-84,16,-54,75,-4,75,42,59,63,33,67,-25,42,-59,-4,-63,-33,-54,-54,-21,-59,21,-42,46,-8,54,29,54,50,16,46,-12,37,-37,16,-46,-21,-42,-42,-16,-54,0,-37,25,0,0,0,0,0,0]"
1773371062.450267,CSI_DATA,163240,98:4a:6b:31:4a:10,-57,11,-99,28,37,1,1794288542,83,0,256,0,"[0,0,0,0,0,0,0,0,18,64,9,68,-4,68,-18,64,-36,64,-50,55,-78,41,-78,36,-73,18,-82,-9,-73,-27,-78,-41,-78,-55,-50,-68,-36,-78,-32,-82,-9,-91,4,-105,18,-91,32,-91,59,-73,68,-87,82,-78,105,-45,96,-32,110,-4,119,9,119,36,0,0,96,78,82,87,68,96,41,96,13,91,9,101,-13,96,-32,91,-50,82,-59,64,-59,55,-73,45,-73,27,-68,13,-73,0,-68,-9,-73,-18,-55,-32,-50,-36,-45,-41,-27,-55,-27,-59,-13,-64,4,-50,9,-41,18,-50,32,-36,22,-36,0,0,0,0,0,0,0,0,0,0,0,0,0,0,-64,-22,-64,4,-55,41,-13,64,18,73,55,50,68,13,73,-32,41,-68,0,-73,-55,-68,-82,-36,-96,22,-59,68,-9,82,41,68,73,41,96,-13,68,-59,27,-110,-32,-82,-78,-55,-96,0,-96,55,-27,110,22,105,91,73,110,4,0,0,55,-87,-9,-96,-68,-73,-91,-18,-82,32,-45,82,0,78,50,68,73,13,73,-22,41,-55,-4,-78,-41,-50,-59,-18,-55,27,-27,50,9,64,45,45,59,13,59,-13,27,-45,-4,-55,-32,-41,-41,-27,-50,13,-36,45,-4,41,9,36,0,0,0,0,0,0]"
1773371062.4674063,CSI_DATA,163241,98:4a:6b:31:4a:10,-62,11,-99,-42,59,1,1794311575,83,0,256,0,"[0,0,0,0,0,0,0,0,16,41,8,41,-5,43,-13,43,-27,41,-32,35,-41,27,-46,13,-46,10,-52,-2,-49,-19,-49,-21,-41,-30,-32,-38,-24,-46,-16,-52,-8,-57,2,-54,13,-54,19,-54,32,-49,43,-43,49,-38,57,-30,62,-21,65,-5,71,5,68,16,0,0,57,35,49,52,35,52,27,57,10,54,5,57,-10,57,-13,52,-24,49,-30,38,-35,30,-41,24,-43,16,-46,13,-43,0,-41,-8,-38,-10,-32,-16,-30,-21,-24,-27,-16,-30,-10,-32,-5,-30,2,-30,5,-27,8,-21,13,-24,16,-16,0,0,0,0,0,0,0,0,0,0,0,0,0,0,-38,-19,-43,8,-32,30,-16,41,16,43,35,32,49,8,46,-16,24,-46,5,-54,-32,-43,-52,-24,-57,10,-41,41,-10,57,24,52,52,32,60,-10,43,-43,16,-60,-24,-60,-54,-35,-62,0,-54,41,-19,65,21,65,54,43,71,5,0,0,30,-57,-13,-68,-46,-43,-62,-8,-52,24,-30,49,2,54,30,41,49,10,43,-19,24,-38,0,-41,-24,-32,-38,-10,-35,19,-19,35,0,41,24,30,38,8,32,-10,27,-27,0,-35,-16,-30,-30,-10,-30,8,-19,21,-2,27,13,24,0,0,0,0,0,0]"
1773371062.4742975,CSI_DATA,163242,98:4a:6b:31:4a:10,-62,11,-99,-38,59,1,1794321965,83,0,256,0,"[0,0,0,0,0,0,0,0,-2,39,-12,41,-21,39,-31,29,-39,21,-46,12,-46,2,-48,-12,-43,-17,-41,-31,-31,-41,-21,-48,-12,-53,-2,-53,9,-51,21,-48,31,-48,41,-39,51,-31,56,-19,61,-9,61,0,63,9,58,26,51,39,43,53,36,61,24,65,0,0,-9,70,-17,61,-31,56,-41,43,-48,36,-51,21,-51,14,-56,2,-51,-7,-46,-17,-39,-24,-34,-31,-29,-36,-19,-39,-12,-41,-2,-43,4,-39,17,-36,19,-31,24,-26,29,-17,29,-12,31,-7,26,0,26,7,24,12,19,14,14,19,0,0,0,0,0,0,0,0,0,0,0,0,0,0,-26,-31,-41,-14,-43,9,-31,31,-9,46,17,48,36,29,48,7,48,-24,31,-46,0,-56,-29,-46,-48,-21,-53,7,-43,36,-17,56,19,58,48,34,61,4,53,-31,26,-56,-7,-63,-46,-48,-65,-19,-63,21,-43,53,-9,70,31,65,0,0,70,-4,51,-39,21,-61,-17,-56,-41,-36,-58,-4,-51,21,-21,46,4,48,31,34,43,12,41,-14,26,-34,2,-43,-21,-31,-36,-14,-36,7,-26,26,-4,34,14,34,26,17,34,0,29,-17,14,-29,-4,-29,-21,-21,-26,-7,-26,7,0,0,0,0,0,0]"
1773371062.481382,CSI_DATA,163243,98:4a:6b:31:4a:10,-62,11,-99,-35,59,1,1794332025,83,0,256,0,"[0,0,0,0,0,0,0,0,-35,-22,-31,-29,-24,-35,-17,-40,-6,-44,4,-49,15,-47,24,-44,35,-40,42,-33,49,-24,51,-15,55,-4,55,4,53,15,51,26,49,35,40,42,35,49,26,53,15,60,4,62,-4,62,-17,67,-31,60,-42,53,-51,47,-60,40,0,0,-71,13,-69,2,-67,-11,-62,-20,-55,-31,-47,-38,-38,-42,-29,-44,-22,-49,-11,-49,-2,-49,6,-49,13,-44,17,-40,24,-35,29,-31,33,-20,35,-15,35,-11,38,-2,35,2,31,8,26,15,24,17,20,22,15,24,8,22,4,24,0,0,0,0,0,0,0,0,0,0,0,0,0,0,42,-11,29,-33,8,-44,-17,-42,-40,-24,-51,0,-42,26,-22,49,8,51,38,40,53,8,51,-20,31,-47,0,-55,-33,-47,-53,-17,-58,17,-38,47,-2,62,33,51,58,22,60,-15,42,-47,8,-64,-31,-62,-62,-33,-69,8,-53,47,0,0,24,64,55,35,67,-2,49,-38,15,-55,-20,-51,-44,-31,-51,2,-40,31,-15,47,15,44,35,24,42,-2,33,-26,11,-40,-15,-40,-31,-22,-38,2,-31,22,-11,33,11,33,26,17,33,2,26,-15,13,-29,-4,-29,-20,-20,-26,-4,0,0,0,0,0,0]"
1773371062.5418756,CSI_DATA,163244,98:4a:6b:31:4a:10,-62,11,-99,-43,59,1,1794384468,83,0,256,0,"[0,0,0,0,0,0,0,0,-8,-42,0,-45,8,-47,22,-39,31,-39,39,-28,50,-16,45,-5,50,2,53,14,53,25,45,28,36,39,25,45,14,50,2,56,-5,56,-16,62,-28,56,-33,47,-39,45,-47,36,-56,22,-70,8,-76,0,-67,-16,-67,-22,-62,-36,0,0,-42,-56,-22,-64,-11,-62,0,-67,14,-64,19,-56,28,-53,33,-42,42,-33,47,-19,47,-11,50,-2,47,2,45,11,42,19,36,25,28,31,19,31,14,33,5,39,2,36,-5,36,-11,28,-16,22,-19,19,-19,16,-25,11,-25,5,0,0,0,0,0,0,0,0,0,0,0,0,0,0,33,22,39,-2,33,-22,14,-45,-8,-45,-33,-36,-50,-16,-42,11,-33,36,-8,50,22,50,47,33,59,-2,47,-31,22,-50,-11,-56,-42,-36,-59,-8,-50,31,-25,62,2,62,39,47,62,19,67,-22,45,-56,0,-62,-36,-59,-64,-28,0,0,-47,53,-16,70,22,56,53,31,56,-2,45,-33,14,-50,-14,-47,-42,-31,-50,-2,-36,22,-16,39,14,39,33,25,42,0,33,-22,16,-36,-5,-33,-25,-22,-33,-8,-33,14,-19,28,0,33,19,28,31,11,31,-5,22,-19,2,-25,0,0,0,0,0,0]"
1773371062.5526748,CSI_DATA,163245,98:4a:6b:31:4a:10,-62,11,-99,-35,59,1,1794394367,83,0,256,0,"[0,0,0,0,0,0,0,0,-24,33,-35,24,-40,17,-44,2,-44,-11,-44,-20,-40,-35,-29,-47,-22,-53,-8,-53,6,-51,13,-51,31,-49,35,-38,44,-31,49,-22,55,-8,55,0,58,17,51,29,51,38,42,51,31,58,17,62,6,69,-6,73,-24,64,-38,64,0,0,-60,38,-64,22,-64,8,-62,0,-62,-20,-55,-31,-44,-35,-33,-40,-24,-47,-11,-49,-4,-53,8,-49,13,-42,22,-40,29,-26,38,-26,40,-13,40,-6,44,2,38,8,31,15,26,22,20,22,13,26,8,26,2,29,-2,24,-6,22,0,0,0,0,0,0,0,0,0,0,0,0,0,0,-4,-40,-24,-33,-35,-17,-44,4,-38,24,-20,47,6,49,33,35,47,11,49,-13,38,-38,6,-53,-17,-55,-49,-31,-58,-2,-51,26,-29,53,2,60,38,49,53,20,60,-17,40,-44,6,-64,-31,-62,-58,-33,-67,6,-55,40,-24,69,0,0,49,51,64,13,64,-17,42,-44,0,-60,-31,-51,-47,-22,-49,8,-35,33,-11,47,11,42,38,24,42,2,33,-24,17,-33,-6,-40,-24,-24,-35,-6,-26,13,-17,26,-2,35,17,29,29,11,31,-2,24,-20,11,-26,-6,-29,-17,-20,0,0,0,0,0,0]"
1773371062.5634947,CSI_DATA,163246,98:4a:6b:31:4a:10,-62,11,-99,-38,59,1,1794405097,83,0,256,0,"[0,0,0,0,0,0,0,0,-26,36,-31,26,-41,14,-43,7,-46,-2,-46,-17,-41,-29,-39,-34,-31,-43,-21,-48,-9,-51,0,-53,17,-51,24,-53,29,-46,39,-36,48,-29,53,-24,58,-12,61,-4,61,9,58,19,53,29,53,36,48,56,34,61,21,68,9,68,0,0,-19,65,-26,61,-39,53,-51,46,-48,34,-51,21,-53,14,-56,4,-53,-7,-51,-19,-46,-26,-36,-26,-29,-34,-21,-39,-17,-41,-7,-46,4,-41,7,-39,14,-34,17,-31,24,-24,29,-19,26,-14,29,-4,29,-2,26,2,26,7,24,12,0,0,0,0,0,0,0,0,0,0,0,0,0,0,-4,-39,-21,-34,-41,-17,-43,9,-34,31,-14,46,19,46,39,31,51,7,43,-26,26,-46,-9,-56,-34,-41,-53,-17,-56,17,-36,48,0,58,31,53,56,26,58,-14,41,-43,7,-61,-34,-58,-56,-36,-65,4,-53,43,-19,68,26,65,0,0,68,4,61,-36,24,-58,-12,-63,-36,-43,-51,-9,-46,26,-24,48,2,51,31,36,43,9,41,-17,24,-36,-4,-41,-24,-26,-36,-12,-34,14,-19,29,-2,39,17,29,31,12,31,-7,19,-26,4,-29,-12,-26,-24,-14,-31,2,-21,17,0,0,0,0,0,0]"
1773371062.5740678,CSI_DATA,163247,98:4a:6b:31:4a:10,-57,11,-99,31,37,1,1794414908,83,0,256,0,"[0,0,0,0,0,0,0,0,-63,21,-63,0,-71,-21,-67,-29,-54,-46,-37,-59,-16,-75,-8,-84,21,-96,42,-80,59,-67,63,-59,80,-50,88,-25,88,-8,80,12,92,25,88,50,71,67,67,84,42,92,25,109,8,113,-33,101,-50,101,-59,101,-84,80,-101,59,0,0,-139,21,-101,-16,-96,-50,-92,-59,-75,-67,-63,-80,-42,-84,-21,-101,0,-96,21,-88,33,-80,46,-59,59,-50,63,-42,71,-37,67,-8,59,-4,59,12,59,29,54,42,37,46,25,59,16,59,4,50,-8,37,-16,33,-25,42,-29,29,0,0,0,0,0,0,0,0,0,0,0,0,0,0,37,-59,-8,-67,-37,-59,-59,-33,-75,0,-63,46,-33,67,4,75,42,67,80,29,80,-16,59,-63,25,-84,-29,-84,-84,-63,-88,-4,-80,50,-42,84,12,96,67,67,88,16,105,-33,59,-84,4,-109,-50,-84,-92,-42,-105,8,-84,75,0,0,33,118,75,75,96,12,88,-33,46,-80,-12,-80,-59,-67,-75,-25,-71,33,-50,63,-12,71,29,59,71,21,67,-12,46,-46,25,-67,-21,-59,-42,-42,-63,-4,-50,29,-21,54,8,54,33,42,59,16,42,-12,33,-33,12,-46,-21,-50,0,0,0,0,0,0]"
1773371062.5832193,CSI_DATA,163248,98:4a:6b:31:4a:10,-62,11,-99,-43,59,1,1794424908,83,0,256,0,"[0,0,0,0,0,0,0,0,-8,-42,2,-45,11,-45,19,-39,31,-36,42,-28,45,-19,53,-8,53,2,50,14,47,22,45,33,36,39,28,45,19,53,11,56,0,59,-8,59,-19,59,-31,53,-39,47,-47,42,-56,33,-62,22,-67,11,-70,0,-70,-14,-67,-25,0,0,-53,-47,-39,-53,-31,-62,-16,-62,-5,-62,2,-59,16,-56,25,-50,31,-45,36,-36,42,-28,45,-19,47,-14,47,-5,45,2,42,11,39,16,31,22,28,28,19,31,16,31,8,33,2,31,-2,31,-8,28,-14,25,-16,19,-19,16,0,0,0,0,0,0,0,0,0,0,0,0,0,0,33,25,42,0,36,-22,19,-39,-5,-47,-31,-39,-47,-16,-50,14,-33,39,-8,50,25,47,47,28,56,-2,42,-36,16,-53,-16,-53,-47,-36,-59,0,-50,36,-22,59,14,62,50,42,64,8,59,-33,28,-62,-11,-70,-47,-50,-70,-14,0,0,-36,62,0,64,39,53,59,16,59,-16,33,-45,0,-53,-28,-42,-47,-16,-47,14,-28,39,-2,42,22,36,39,14,39,-14,22,-33,2,-39,-19,-31,-33,-14,-33,8,-22,28,-2,31,16,28,28,16,31,-2,22,-19,5,-25,-8,-25,0,0,0,0,0,0]"
1773371062.5924013,CSI_DATA,163249,98:4a:6b:31:4a:10,-62,11,-99,-36,59,1,1794425546,83,0,256,0,"[0,0,0,0,0,0,0,0,-39,16,-43,9,-41,-2,-41,-16,-39,-25,-36,-34,-29,-43,-20,-46,-6,-52,6,-50,13,-48,20,-48,34,-43,39,-39,50,-29,52,-25,52,-9,55,-2,59,16,52,23,59,34,48,46,39,50,29,55,23,64,11,69,-2,69,-18,71,0,0,-41,62,-46,46,-55,39,-59,27,-57,13,-59,2,-52,-9,-48,-13,-48,-25,-39,-29,-36,-39,-29,-39,-20,-41,-9,-43,-2,-43,4,-46,11,-41,16,-39,25,-34,29,-25,29,-18,29,-11,29,-6,29,0,27,4,25,11,25,11,18,16,0,0,0,0,0,0,0,0,0,0,0,0,0,0,16,-39,-6,-41,-27,-32,-41,-16,-43,13,-34,39,-9,46,20,46,43,25,55,0,41,-29,16,-50,-11,-52,-41,-36,-55,-2,-48,25,-29,55,6,55,43,48,55,13,62,-20,32,-48,-6,-62,-46,-52,-64,-18,-64,23,-41,55,-2,71,0,0,59,29,64,-16,46,-46,11,-62,-25,-52,-50,-27,-50,2,-36,36,-9,48,20,43,41,20,41,-6,32,-25,11,-41,-16,-36,-34,-23,-36,2,-29,23,-6,34,13,34,27,20,34,0,25,-20,11,-29,-9,-29,-20,-18,-27,-4,-25,11,0,0,0,0,0,0]"
1773371062.6006722,CSI_DATA,163250,98:4a:6b:31:4a:10,-62,11,-99,-42,59,1,1794450263,83,0,256,0,"[0,0,0,0,0,0,0,0,5,41,-5,41,-10,41,-21,38,-32,32,-41,30,-46,16,-49,5,-49,-5,-49,-19,-46,-24,-38,-35,-32,-43,-24,-49,-13,-54,-5,-57,5,-60,13,-54,27,-54,32,-49,46,-46,49,-35,60,-21,68,-16,68,2,68,13,62,24,60,38,0,0,35,57,35,62,16,68,5,65,-8,65,-16,57,-27,52,-32,43,-41,35,-43,24,-46,19,-46,8,-46,2,-46,-5,-41,-13,-38,-21,-30,-24,-24,-27,-16,-32,-10,-35,-5,-35,0,-32,8,-30,13,-27,16,-21,21,-19,21,-13,24,-10,0,0,0,0,0,0,0,0,0,0,0,0,0,0,-35,-24,-43,-5,-38,19,-21,41,5,46,27,43,49,16,52,-10,35,-38,8,-54,-21,-46,-41,-32,-57,-2,-46,30,-21,52,10,54,43,38,54,10,54,-32,27,-54,-5,-65,-43,-49,-62,-10,-62,21,-38,57,-2,71,35,60,65,27,0,0,43,-49,10,-68,-24,-57,-54,-30,-60,5,-43,35,-13,49,19,49,41,27,49,-2,35,-27,13,-41,-10,-38,-35,-24,-41,2,-32,27,-10,38,10,35,30,21,35,0,30,-19,13,-30,-2,-30,-21,-21,-27,-5,-24,10,-19,21,-2,24,0,0,0,0,0,0]"
1773371062.618797,CSI_DATA,163251,98:4a:6b:31:4a:10,-61,11,-99,-36,58,1,1794464500,83,0,256,0,"[0,0,0,0,0,0,0,0,20,38,7,43,-2,43,-15,41,-25,38,-36,31,-46,20,-51,7,-51,-2,-51,-15,-46,-28,-38,-36,-31,-46,-20,-51,-7,-56,5,-54,15,-56,31,-51,38,-43,49,-36,54,-25,59,-15,67,-2,64,15,64,31,56,41,49,51,33,64,0,0,0,69,-12,67,-28,62,-38,51,-43,43,-51,31,-54,18,-56,7,-54,-7,-49,-18,-43,-25,-36,-33,-28,-38,-18,-41,-10,-41,2,-43,7,-41,18,-36,23,-28,28,-23,33,-15,33,-10,33,-2,31,5,28,10,20,18,20,20,12,23,0,0,0,0,0,0,0,0,0,0,0,0,0,0,-41,-15,-43,7,-33,31,-12,43,10,49,36,36,49,15,51,-12,36,-38,10,-51,-20,-51,-46,-36,-56,-5,-51,25,-28,51,2,59,33,49,59,20,62,-12,43,-46,12,-62,-23,-62,-54,-41,-69,-5,-62,33,-33,64,7,72,43,56,0,0,69,-15,49,-49,15,-64,-23,-59,-49,-36,-56,-2,-49,28,-23,49,7,51,33,36,46,12,43,-15,28,-36,2,-43,-23,-36,-38,-15,-38,7,-25,25,-7,38,12,33,28,23,36,2,31,-12,18,-28,-2,-31,-15,-25,-25,-12,-28,2,0,0,0,0,0,0]"
1773371062.6269832,CSI_DATA,163252,98:4a:6b:31:4a:10,-61,11,-99,-30,57,1,1794474979,83,0,256,0,"[0,0,0,0,0,0,0,0,0,43,-12,41,-21,39,-29,34,-39,26,-43,17,-51,4,-51,-4,-48,-17,-43,-26,-39,-36,-31,-43,-21,-51,-12,-53,0,-56,9,-56,19,-53,29,-51,41,-43,48,-36,56,-29,58,-19,65,-7,65,4,65,19,61,31,58,43,46,53,0,0,21,68,9,68,-2,68,-14,63,-26,56,-34,51,-41,39,-46,29,-48,19,-51,9,-48,2,-48,-7,-46,-14,-39,-21,-34,-29,-26,-34,-19,-36,-12,-36,-4,-36,2,-36,9,-34,14,-29,19,-26,21,-19,24,-12,24,-7,26,-4,24,0,0,0,0,0,0,0,0,0,0,0,0,0,0,0,-31,-31,-43,-12,-43,14,-29,34,-9,48,19,46,43,29,53,2,46,-29,24,-48,-7,-56,-36,-43,-56,-14,-53,19,-34,46,-2,58,31,51,56,24,61,-12,43,-46,9,-63,-26,-61,-58,-34,-68,4,-53,43,-21,68,21,68,53,43,0,0,61,-31,31,-61,-9,-68,-41,-46,-58,-14,-56,19,-31,43,0,53,29,41,46,17,43,-14,26,-36,2,-43,-24,-36,-39,-14,-39,12,-26,29,-2,36,19,34,34,14,34,-4,26,-21,7,-34,-9,-31,-24,-17,-29,0,-24,14,-12,26,0,0,0,0,0,0]"
1773371062.6350172,CSI_DATA,163253,98:4a:6b:31:4a:10,-62,11,-99,-30,58,1,1794484785,83,0,256,0,"[0,0,0,0,0,0,0,0,-36,13,-39,2,-43,-4,-39,-17,-36,-30,-28,-39,-15,-45,-6,-45,6,-47,21,-45,30,-43,43,-34,43,-28,54,-17,56,-2,60,8,58,21,52,26,43,39,39,47,26,54,13,60,-2,67,-13,69,-28,58,-43,54,-52,47,-58,28,0,0,-71,0,-73,-6,-65,-23,-56,-36,-41,-43,-30,-47,-15,-54,-6,-58,4,-58,10,-52,19,-43,26,-39,34,-34,39,-23,43,-15,41,-6,41,4,34,8,30,19,28,23,19,28,10,30,6,34,0,28,-4,30,-13,26,-15,21,-17,17,0,0,0,0,0,0,0,0,0,0,0,0,0,0,17,-39,-2,-43,-23,-34,-39,-17,-47,6,-39,32,-13,47,8,56,34,43,54,17,52,-15,39,-39,4,-54,-23,-50,-45,-28,-52,2,-45,34,-21,52,13,58,45,43,60,10,58,-26,34,-50,4,-60,-36,-63,-60,-30,-69,8,-52,39,0,0,15,63,43,47,63,10,56,-28,34,-47,2,-54,-23,-45,-45,-21,-47,6,-32,34,-4,50,17,39,34,17,41,-4,32,-28,10,-39,-10,-36,-30,-26,-39,-4,-32,15,-21,32,0,32,17,30,30,8,30,-4,21,-19,8,-26,-6,-26,0,0,0,0,0,0]"
1773371062.643481,CSI_DATA,163254,98:4a:6b:31:4a:10,-61,11,-99,-33,57,1,1794494364,83,0,256,0,"[0,0,0,0,0,0,0,0,-5,45,-15,39,-26,31,-34,31,-39,18,-47,10,-50,-2,-53,-7,-47,-21,-45,-29,-34,-39,-29,-47,-15,-50,-13,-58,0,-55,7,-55,23,-53,29,-45,42,-45,47,-31,55,-29,58,-13,63,-7,66,2,69,15,63,26,58,45,47,50,0,0,23,63,13,66,-5,69,-15,63,-18,58,-26,50,-34,45,-42,37,-47,26,-47,18,-53,5,-47,2,-45,-7,-45,-13,-34,-23,-31,-29,-21,-31,-21,-34,-13,-37,-5,-37,0,-37,7,-34,13,-29,18,-23,18,-23,23,-13,26,-10,26,-5,0,0,0,0,0,0,0,0,0,0,0,0,0,0,-23,-34,-37,-18,-45,5,-37,31,-13,42,13,47,39,31,47,10,47,-21,26,-45,-2,-55,-31,-42,-50,-15,-55,13,-37,45,-7,58,31,50,50,29,63,-13,42,-39,10,-61,-29,-55,-55,-34,-69,2,-50,42,-18,66,21,69,55,39,0,0,61,-37,26,-63,-15,-61,-47,-39,-53,-10,-47,21,-23,50,7,55,37,37,47,10,39,-21,23,-37,-2,-45,-29,-31,-37,-5,-34,18,-15,31,2,31,23,26,31,5,29,-15,18,-29,0,-31,-15,-23,-31,-13,-29,7,-21,18,-5,26,0,0,0,0,0,0]"
1773371062.6611376,CSI_DATA,163255,98:4a:6b:31:4a:10,-62,11,-99,-34,58,1,1794504270,83,0,256,0,"[0,0,0,0,0,0,0,0,21,-36,31,-29,41,-21,46,-9,48,2,48,14,43,24,39,36,26,43,17,51,4,53,-4,56,-19,51,-29,48,-36,41,-43,34,-51,24,-58,12,-61,0,-61,-12,-58,-24,-51,-34,-46,-46,-36,-56,-24,-65,-12,-68,2,-70,17,-70,0,0,46,-58,53,-43,61,-31,63,-19,61,-4,58,7,53,19,48,26,43,36,34,41,21,43,12,46,4,48,-7,46,-14,43,-21,39,-26,31,-29,24,-36,17,-36,9,-36,0,-34,-4,-29,-9,-24,-17,-21,-21,-14,-24,-9,-24,-4,-26,0,0,0,0,0,0,0,0,0,0,0,0,0,0,7,41,29,34,41,14,43,-9,34,-34,9,-48,-17,-48,-39,-34,-51,-7,-48,21,-29,46,0,56,29,46,51,21,56,-9,41,-39,14,-58,-21,-56,-51,-36,-63,-2,-53,31,-26,61,9,63,46,51,65,19,68,-24,43,-56,7,-70,0,0,-61,-34,-65,7,-48,41,-17,61,17,56,43,36,53,4,46,-24,21,-43,-4,-48,-31,-34,-43,-9,-41,19,-21,36,2,39,21,31,36,12,36,-9,24,-26,4,-34,-14,-31,-29,-17,-34,2,-24,19,-9,29,7,29,19,21,26,7,0,0,0,0,0,0]"
1773371062.6718085,CSI_DATA,163256,98:4a:6b:31:4a:10,-57,11,-99,31,37,1,1794516229,83,0,256,0,"[0,0,0,0,0,0,0,0,-16,-80,0,-71,21,-67,42,-59,50,-54,75,-29,80,-21,84,-4,84,16,71,29,67,33,63,59,46,63,46,84,29,92,8,84,-8,92,-16,80,-46,84,-63,75,-75,80,-84,63,-96,50,-109,21,-109,8,-109,-21,-113,-37,-105,-54,0,0,-63,-92,-59,-88,-29,-101,-16,-109,0,-105,12,-101,42,-84,54,-80,54,-75,67,-46,75,-46,75,-29,75,-12,67,-4,67,8,67,29,67,33,50,54,37,46,29,59,16,46,12,46,0,63,-8,59,-21,33,-29,33,-42,33,-46,33,0,0,0,0,0,0,0,0,0,0,0,0,0,0,54,42,67,12,63,-29,42,-59,8,-71,-42,-71,-71,-37,-92,16,-67,50,-12,80,25,84,63,63,92,0,67,-46,33,-75,-16,-84,-63,-54,-109,-12,-80,50,-46,84,4,96,71,80,109,25,101,-37,50,-96,-8,-101,-59,-105,-101,-42,0,0,-75,75,-16,96,46,92,88,29,88,-8,67,-59,21,-80,-25,-71,-71,-33,-75,12,-54,54,-16,63,46,71,54,29,71,0,46,-37,12,-59,-16,-54,-54,-29,-54,12,-37,33,-21,54,16,54,42,25,42,-4,37,-25,21,-42,-8,-50,0,0,0,0,0,0]"
1773371062.680098,CSI_DATA,163257,98:4a:6b:31:4a:10,-57,11,-99,30,37,1,1794526753,83,0,256,0,"[0,0,0,0,0,0,0,0,-17,52,-43,56,-52,43,-65,34,-73,34,-78,8,-82,-8,-78,-13,-78,-30,-73,-47,-60,-65,-43,-60,-47,-82,-21,-82,-8,-86,0,-91,17,-99,39,-82,47,-78,60,-69,65,-78,82,-65,95,-60,99,-39,117,-8,112,17,104,17,121,43,0,0,99,60,86,95,65,86,56,95,30,95,8,104,13,108,-8,95,-21,95,-34,91,-47,69,-52,56,-69,60,-82,43,-78,21,-78,13,-73,4,-60,0,-60,-8,-60,-21,-52,-21,-47,-30,-39,-39,-26,-43,-26,-52,-8,-39,-17,-43,8,-34,0,0,0,0,0,0,0,0,0,0,0,0,0,0,-21,-60,-52,-39,-73,-4,-52,43,-21,78,13,73,52,60,78,17,69,-30,47,-73,4,-86,-52,-69,-86,-30,-82,39,-47,78,8,95,60,69,91,21,86,-43,47,-82,-4,-86,-65,-69,-91,-17,-91,65,-43,99,17,95,95,86,108,30,0,0,52,-95,-17,-117,-73,-73,-99,-17,-78,47,-47,82,0,86,52,65,82,-4,60,-39,13,-65,-26,-60,-56,-52,-65,0,-39,52,-4,69,30,56,52,21,60,-13,47,-34,8,-69,-21,-56,-65,-30,-43,17,-26,43,0,52,26,30,43,17,0,0,0,0,0,0]"
1773371062.687208,CSI_DATA,163258,98:4a:6b:31:4a:10,-62,11,-99,-33,58,1,1794536983,83,0,256,0,"[0,0,0,0,0,0,0,0,35,-26,40,-16,42,-7,45,2,45,11,42,23,37,33,30,42,21,47,11,52,2,54,-9,54,-14,52,-28,47,-35,42,-42,37,-49,28,-59,18,-56,7,-61,-2,-61,-11,-59,-23,-54,-30,-49,-45,-42,-54,-35,-61,-23,-66,-9,-71,0,0,16,-71,26,-61,37,-54,47,-47,52,-37,54,-26,56,-16,56,-4,56,2,52,11,47,18,42,23,37,30,30,33,21,40,11,42,7,42,0,40,-9,37,-14,35,-21,30,-23,26,-26,18,-26,14,-28,9,-28,2,-28,0,-26,-4,0,0,0,0,0,0,0,0,0,0,0,0,0,0,-7,42,16,40,35,23,45,2,40,-23,23,-45,-4,-49,-33,-40,-52,-16,-52,16,-33,42,-2,56,30,49,54,21,56,-11,40,-42,11,-61,-28,-54,-54,-30,-59,9,-45,42,-14,64,26,61,59,35,68,-4,52,-42,18,-68,-23,-66,0,0,-68,-2,-56,33,-28,61,14,59,45,40,56,9,47,-26,21,-47,-9,-49,-35,-33,-45,-4,-37,23,-16,40,9,42,30,26,40,4,33,-21,14,-35,-7,-35,-26,-26,-33,-4,-30,14,-16,28,4,33,21,23,28,7,28,-7,16,-21,0,0,0,0,0,0]"
1773371062.70391,CSI_DATA,163259,98:4a:6b:31:4a:10,-57,11,-99,28,37,1,1794550775,83,0,256,0,"[0,0,0,0,0,0,0,0,27,-64,41,-59,55,-45,68,-32,68,-9,73,4,73,27,64,45,59,64,41,68,27,78,9,78,-18,87,-32,73,-45,87,-68,59,-73,45,-96,36,-101,18,-96,0,-105,-9,-91,-41,-73,-50,-73,-87,-55,-101,-41,-114,-18,-114,22,-137,0,0,55,-105,87,-96,91,-68,101,-45,105,-27,101,0,101,22,82,41,73,45,64,68,45,68,27,64,18,68,-4,73,-9,73,-32,73,-36,50,-50,45,-59,27,-64,18,-55,4,-59,-9,-55,-9,-50,-22,-32,-27,-22,-32,-27,-32,-4,-50,0,0,0,0,0,0,0,0,0,0,0,0,0,0,27,59,59,36,78,9,68,-22,45,-45,4,-91,-36,-68,-68,-50,-82,4,-73,50,-41,78,18,91,64,59,91,13,82,-32,50,-78,0,-101,-36,-78,-91,-41,-96,18,-78,59,-36,105,18,105,91,73,105,18,96,-55,68,-105,0,-105,0,0,-101,-36,-110,18,-73,68,-13,91,50,96,68,50,96,4,73,-45,18,-73,-27,-78,-55,-36,-68,-9,-59,22,-27,55,9,64,41,55,55,13,59,-22,36,-45,4,-59,-18,-45,-50,-32,-55,9,-32,36,-27,41,18,41,50,32,50,13,0,0,0,0,0,0]"
1773371062.7111094,CSI_DATA,163260,98:4a:6b:31:4a:10,-62,11,-99,-28,57,1,1794561388,83,0,256,0,"[0,0,0,0,0,0,0,0,25,-34,34,-27,39,-23,43,-9,46,-2,48,13,46,23,43,27,32,39,25,43,16,50,6,52,-6,52,-16,50,-25,50,-34,46,-41,41,-50,32,-55,23,-62,13,-59,2,-62,-9,-59,-20,-59,-29,-55,-48,-43,-50,-39,-59,-23,-62,0,0,4,-71,13,-64,27,-64,36,-55,39,-46,46,-34,50,-25,52,-13,55,-6,50,4,50,11,46,16,39,23,32,29,25,34,18,34,13,41,4,36,-2,36,-9,36,-16,32,-16,27,-20,25,-25,16,-25,11,-25,4,-27,2,-25,-2,0,0,0,0,0,0,0,0,0,0,0,0,0,0,4,43,29,32,41,13,43,-9,32,-36,9,-50,-20,-46,-43,-32,-52,-4,-43,29,-20,48,11,57,41,41,55,9,50,-23,29,-50,-2,-59,-39,-46,-59,-16,-59,23,-36,52,-2,64,41,55,62,27,64,-18,46,-52,4,-71,-32,-59,0,0,-69,9,-50,48,-11,64,25,52,48,34,57,-2,43,-34,13,-50,-20,-46,-39,-27,-43,2,-34,27,-11,43,13,39,36,20,41,-2,32,-23,9,-36,-11,-34,-27,-20,-34,0,-27,18,-11,34,6,29,23,18,29,2,27,-11,16,-25,0,0,0,0,0,0]"
1773371062.7198677,CSI_DATA,163261,98:4a:6b:31:4a:10,-61,11,-99,-39,59,1,1794570977,83,0,256,0,"[0,0,0,0,0,0,0,0,22,-37,32,-30,40,-22,45,-12,50,0,47,12,45,25,40,35,30,45,20,50,7,55,-2,55,-15,55,-27,52,-35,45,-45,37,-52,27,-57,17,-62,5,-65,-7,-62,-17,-57,-30,-52,-40,-45,-55,-32,-62,-20,-70,-5,-72,12,-75,0,0,40,-62,47,-52,57,-37,65,-27,62,-12,60,0,60,10,52,22,47,30,40,37,30,42,22,42,15,45,2,47,-7,45,-15,42,-22,37,-27,30,-32,22,-35,15,-37,7,-32,0,-32,-5,-27,-12,-25,-17,-17,-20,-15,-22,-10,-27,0,0,0,0,0,0,0,0,0,0,0,0,0,0,7,45,27,32,42,12,45,-12,35,-35,10,-50,-17,-50,-42,-32,-55,-5,-47,25,-30,47,2,57,35,45,55,20,57,-12,42,-42,12,-57,-25,-55,-52,-32,-62,5,-52,37,-22,62,17,65,52,47,67,10,65,-27,37,-60,0,-72,0,0,-65,-27,-67,15,-47,47,-12,62,22,55,50,30,57,-2,42,-32,15,-47,-12,-47,-37,-30,-47,-2,-37,25,-15,40,7,40,27,27,42,7,35,-15,20,-32,-2,-37,-20,-30,-35,-12,-32,10,-22,25,-5,30,12,27,25,17,27,0,0,0,0,0,0,0]"
1773371062.7372203,CSI_DATA,163262,98:4a:6b:31:4a:10,-61,11,-99,-35,59,1,1794580767,83,0,256,0,"[0,0,0,0,0,0,0,0,42,4,40,13,38,24,31,31,24,40,15,47,6,49,-4,51,-15,51,-24,47,-33,42,-40,35,-47,29,-53,20,-55,8,-55,0,-55,-8,-55,-22,-53,-29,-49,-40,-40,-47,-33,-53,-24,-58,-13,-64,-2,-69,8,-69,22,-67,31,-64,0,0,53,-49,58,-35,62,-24,64,-13,60,-2,58,8,55,17,49,24,44,33,35,38,29,42,20,42,13,44,6,44,-2,44,-11,42,-15,38,-20,33,-26,29,-29,24,-31,17,-31,11,-31,4,-29,0,-29,-6,-24,-11,-22,-13,-17,-17,0,0,0,0,0,0,0,0,0,0,0,0,0,0,-33,26,-15,42,8,44,33,33,51,8,49,-20,31,-42,2,-53,-29,-44,-49,-22,-53,11,-38,42,-8,55,24,53,51,26,58,-6,44,-40,13,-60,-24,-58,-53,-33,-62,4,-51,42,-17,64,24,64,58,40,71,-2,58,-42,22,-69,0,0,-55,-44,-69,-4,-55,35,-24,60,13,55,42,38,55,2,44,-26,20,-47,-11,-47,-38,-29,-44,-2,-35,24,-13,40,11,40,33,24,40,0,31,-22,13,-33,-11,-35,-29,-22,-35,0,-29,20,-13,29,6,31,22,22,29,4,26,-11,0,0,0,0,0,0]"
1773371062.7449963,CSI_DATA,163263,98:4a:6b:31:4a:10,-61,11,-99,-35,59,1,1794590554,83,0,256,0,"[0,0,0,0,0,0,0,0,29,31,20,38,11,42,2,44,-11,47,-22,42,-33,38,-42,31,-47,20,-51,11,-53,0,-53,-13,-49,-22,-44,-31,-38,-40,-29,-49,-20,-55,-8,-58,2,-60,11,-60,24,-55,33,-51,47,-44,58,-38,62,-26,69,-15,73,-2,69,11,0,0,58,38,47,49,38,58,24,58,13,62,0,60,-8,55,-20,51,-26,47,-33,38,-38,31,-44,22,-47,15,-44,4,-42,-4,-40,-11,-35,-17,-31,-24,-26,-29,-17,-31,-11,-33,-2,-35,2,-31,8,-29,13,-26,17,-20,20,-17,22,-11,0,0,0,0,0,0,0,0,0,0,0,0,0,0,-42,-2,-38,22,-24,40,2,49,26,40,47,20,51,-6,40,-33,15,-51,-15,-51,-42,-35,-55,-6,-53,24,-29,51,4,60,35,47,58,20,58,-17,40,-51,4,-64,-31,-55,-58,-29,-67,8,-49,47,-13,67,24,67,58,40,73,0,0,0,26,-64,-11,-67,-47,-47,-62,-11,-53,24,-31,47,4,55,31,42,49,13,49,-15,26,-38,2,-44,-22,-35,-40,-13,-40,13,-26,33,-4,38,20,33,33,15,38,-6,26,-24,8,-33,-13,-31,-26,-17,-31,0,-29,15,-11,26,2,29,0,0,0,0,0,0]"
1773371062.752586,CSI_DATA,163264,98:4a:6b:31:4a:10,-57,11,-99,37,37,1,1794600635,83,0,256,0,"[0,0,0,0,0,0,0,0,60,-3,67,21,56,39,67,49,46,60,28,63,21,70,3,81,-10,95,-28,78,-35,78,-49,63,-60,53,-81,46,-88,39,-92,21,-95,3,-95,-17,-106,-35,-95,-42,-85,-67,-78,-67,-56,-81,-46,-99,-28,-117,-14,-117,-7,-131,35,-120,0,0,60,-88,74,-81,85,-67,99,-49,99,-35,92,-17,95,-3,88,10,85,28,78,39,67,56,60,60,39,63,35,67,14,74,7,67,-3,67,-14,60,-14,56,-24,49,-39,42,-46,39,-42,31,-46,24,-49,14,-39,10,-46,-3,-39,-17,0,0,0,0,0,0,0,0,0,0,0,0,0,0,-53,42,-21,60,21,60,49,53,74,7,63,-46,35,-63,-10,-74,-53,-60,-81,-24,-81,28,-56,74,10,85,53,70,85,35,85,-24,56,-67,3,-95,-60,-74,-95,-31,-102,28,-70,78,-3,106,56,95,99,39,106,-31,67,-88,17,-113,0,0,-99,-46,-106,17,-67,85,-21,88,42,88,70,39,81,-21,60,-56,10,-78,-35,-53,-67,-28,-67,21,-49,42,-7,67,31,56,67,21,60,-21,35,-49,7,-56,-39,-49,-53,-14,-53,24,-31,46,0,63,31,49,46,14,56,-10,39,-31,0,0,0,0,0,0]"
1773371062.7594082,CSI_DATA,163265,98:4a:6b:31:4a:10,-62,11,-99,-33,59,1,1794610517,83,0,256,0,"[0,0,0,0,0,0,0,0,-29,-27,-27,-33,-19,-42,-6,-42,4,-46,16,-44,25,-42,38,-35,44,-27,48,-21,52,-10,54,2,52,12,50,23,44,35,42,44,33,46,23,59,14,59,2,63,-10,59,-19,57,-33,57,-50,48,-54,42,-61,31,-69,21,-69,6,0,0,-69,-23,-61,-35,-52,-44,-40,-50,-31,-52,-23,-57,-8,-57,2,-52,12,-50,19,-46,27,-42,35,-35,40,-31,40,-23,42,-14,40,-4,38,2,38,8,38,16,33,23,27,27,19,29,14,27,4,29,-2,29,-6,29,-10,23,-12,23,0,0,0,0,0,0,0,0,0,0,0,0,0,0,44,-2,33,-25,16,-42,-6,-44,-33,-33,-52,-10,-50,14,-35,38,-10,50,19,46,46,23,57,-2,46,-31,16,-54,-14,-54,-40,-35,-59,-10,-48,31,-21,54,12,63,42,46,67,12,63,-21,35,-59,0,-69,-40,-50,-63,-25,-69,16,0,0,-12,73,29,59,57,31,61,-6,42,-35,8,-52,-21,-50,-44,-27,-52,4,-42,27,-14,46,14,42,35,21,40,-2,31,-27,8,-38,-12,-40,-31,-25,-33,-4,-27,19,-12,31,8,31,25,21,29,6,27,-12,19,-23,0,-27,-14,-21,0,0,0,0,0,0]"
1773371062.7761655,CSI_DATA,163266,98:4a:6b:31:4a:10,-62,11,-99,-34,59,1,1794620305,83,0,256,0,"[0,0,0,0,0,0,0,0,-41,-4,-39,-17,-34,-26,-26,-32,-19,-43,-6,-47,4,-45,17,-52,32,-43,36,-34,47,-21,54,-13,52,-4,54,4,54,17,45,26,43,36,30,47,26,54,17,60,-4,65,-13,63,-26,60,-39,52,-47,41,-58,36,-69,23,-73,4,0,0,-67,-23,-54,-32,-50,-47,-34,-56,-23,-56,-8,-60,2,-58,15,-54,21,-50,28,-41,34,-36,39,-26,43,-15,43,-8,43,0,41,8,36,15,34,23,23,30,17,30,6,32,0,36,-4,32,-8,28,-13,26,-17,21,-21,13,-23,8,0,0,0,0,0,0,0,0,0,0,0,0,0,0,32,-26,17,-39,-6,-45,-28,-39,-43,-19,-47,8,-34,30,-15,54,10,54,41,34,52,6,52,-21,34,-47,2,-54,-30,-45,-50,-21,-58,13,-41,39,-19,63,15,58,52,34,65,4,60,-30,30,-58,-10,-63,-43,-56,-65,-23,-65,17,0,0,-8,67,21,56,54,34,63,2,47,-32,21,-50,-10,-52,-36,-36,-50,-8,-39,21,-23,43,4,43,28,32,41,13,39,-10,23,-30,6,-34,-23,-34,-32,-17,-36,6,-23,26,-8,32,8,32,21,21,28,4,26,-15,15,-21,0,-28,0,0,0,0,0,0]"
1773371062.793193,CSI_DATA,163267,98:4a:6b:31:4a:10,-62,11,-99,-39,59,1,1794643428,83,0,256,0,"[0,0,0,0,0,0,0,0,5,42,-7,42,-20,40,-30,35,-37,25,-47,15,-50,2,-52,-10,-47,-22,-45,-32,-32,-42,-25,-47,-15,-52,-2,-57,10,-55,22,-50,32,-47,45,-40,52,-30,57,-22,62,-10,65,5,65,12,60,32,52,40,47,52,35,65,17,72,0,0,-12,70,-27,62,-40,55,-47,45,-52,32,-55,20,-57,7,-55,-5,-52,-15,-47,-25,-40,-32,-32,-37,-25,-40,-15,-42,-5,-42,5,-42,12,-40,20,-35,27,-27,32,-20,32,-15,35,-5,32,0,30,7,27,12,22,17,17,20,10,22,0,0,0,0,0,0,0,0,0,0,0,0,0,0,-30,-30,-42,-10,-40,15,-27,35,-7,47,20,47,40,30,50,5,45,-25,27,-45,0,-55,-30,-45,-52,-22,-55,10,-45,35,-17,55,15,57,45,32,60,5,55,-27,27,-57,-5,-65,-40,-50,-62,-20,-65,17,-42,52,-10,67,30,65,0,0,72,0,55,-35,25,-60,-10,-60,-40,-42,-55,-12,-50,20,-30,42,0,50,27,37,40,17,42,-7,27,-32,5,-45,-17,-35,-35,-20,-40,2,-27,22,-10,35,10,35,25,22,35,5,30,-12,17,-27,-2,-30,-17,-25,-25,-12,-27,2,0,0,0,0,0,0]"
1773371062.8322515,CSI_DATA,163268,98:4a:6b:31:4a:10,-61,11,-99,-35,59,1,1794677600,83,0,256,0,"[0,0,0,0,0,0,0,0,13,42,4,44,-6,47,-17,42,-29,40,-38,31,-47,22,-51,13,-53,2,-53,-8,-51,-20,-49,-29,-42,-38,-33,-44,-24,-51,-13,-55,-2,-60,4,-62,15,-60,26,-55,38,-51,47,-44,58,-35,64,-24,71,-15,73,-4,73,11,71,26,0,0,53,49,44,58,29,64,17,64,6,64,-6,62,-17,58,-26,53,-33,44,-38,38,-44,29,-47,22,-47,13,-47,4,-44,-4,-42,-13,-38,-20,-31,-24,-26,-29,-20,-31,-13,-33,-4,-35,0,-35,6,-31,8,-26,15,-24,20,-20,22,-15,0,0,0,0,0,0,0,0,0,0,0,0,0,0,-38,-20,-44,2,-38,29,-17,44,11,49,35,38,53,13,51,-17,33,-42,4,-55,-29,-49,-53,-24,-60,11,-44,42,-13,60,22,55,51,35,64,-2,51,-40,20,-62,-17,-64,-53,-42,-69,-8,-62,35,-29,64,13,69,53,51,76,11,0,0,40,-62,-2,-69,-40,-55,-62,-20,-58,17,-35,44,-2,58,29,49,49,20,49,-13,31,-38,4,-47,-24,-35,-40,-13,-42,13,-26,33,-4,42,22,35,35,15,38,-8,24,-26,6,-35,-15,-31,-29,-17,-33,2,-26,20,-11,26,6,29,0,0,0,0,0,0]"
1773371062.8416421,CSI_DATA,163269,98:4a:6b:31:4a:10,-61,11,-99,-43,59,1,1794677986,83,0,256,0,"[0,0,0,0,0,0,0,0,2,45,-8,45,-19,39,-28,36,-42,28,-45,22,-53,8,-56,-2,-56,-11,-50,-19,-39,-33,-39,-39,-31,-53,-19,-53,-8,-59,0,-56,14,-56,22,-50,36,-47,45,-39,53,-36,67,-28,67,-19,67,-5,70,8,73,19,64,33,62,42,0,0,36,64,25,67,14,67,0,62,-14,67,-22,59,-31,50,-36,42,-42,31,-47,22,-53,19,-50,5,-47,0,-45,-11,-39,-22,-36,-25,-31,-33,-25,-33,-16,-39,-8,-36,-2,-36,5,-33,11,-31,19,-28,16,-22,19,-19,25,-14,25,-8,0,0,0,0,0,0,0,0,0,0,0,0,0,0,-31,-31,-45,-8,-47,14,-31,39,-5,45,22,47,45,25,53,-5,39,-33,19,-53,-11,-56,-42,-36,-59,-14,-53,31,-31,53,5,64,42,50,62,19,64,-19,39,-47,2,-64,-31,-50,-62,-22,-73,16,-47,56,-5,73,31,64,67,31,0,0,56,-47,16,-70,-22,-67,-50,-39,-64,5,-50,33,-19,53,16,50,45,28,53,0,36,-25,16,-45,-5,-45,-33,-28,-39,-2,-36,22,-14,33,8,33,28,22,36,2,33,-16,16,-28,-5,-31,-19,-25,-31,-5,-31,11,-19,22,-2,31,0,0,0,0,0,0]"
1773371062.8511918,CSI_DATA,163270,98:4a:6b:31:4a:10,-58,11,-99,31,37,1,1794698483,83,0,256,0,"[0,0,0,0,0,0,0,0,63,8,54,29,50,50,33,59,25,67,12,80,8,84,-29,88,-50,71,-54,54,-67,59,-67,33,-92,21,-101,4,-92,-8,-88,-25,-80,-50,-71,-63,-67,-71,-50,-75,-37,-101,-16,-92,-4,-109,12,-101,33,-109,63,-109,80,-101,88,-88,0,0,105,-42,105,-21,105,8,105,21,101,33,88,42,71,67,59,71,46,71,29,80,21,84,-4,84,-21,71,-29,71,-46,59,-50,50,-46,50,-59,29,-59,21,-59,4,-63,4,-54,-16,-42,-25,-33,-33,-42,-37,-33,-37,-16,-46,-25,-46,0,0,0,0,0,0,0,0,0,0,0,0,0,0,-54,29,-33,59,8,59,46,54,67,33,80,-12,63,-54,29,-80,-25,-71,-63,-42,-88,0,-71,42,-37,80,21,84,67,67,88,12,84,-42,46,-80,-8,-96,-59,-75,-96,-16,-101,37,-67,80,4,105,63,88,96,33,109,-21,80,-84,0,0,-59,-96,-92,-42,-96,12,-75,71,-4,88,33,84,75,29,80,-16,63,-42,12,-71,-33,-54,-63,-29,-54,12,-46,46,0,54,25,59,54,29,46,-16,46,-37,12,-54,-21,-54,-50,-37,-59,4,-42,42,-12,50,16,37,42,37,54,8,0,0,0,0,0,0]"
1773371062.8706176,CSI_DATA,163271,98:4a:6b:31:4a:10,-57,11,-99,31,37,1,1794713479,83,0,256,0,"[0,0,0,0,0,0,0,0,46,-59,42,-50,59,-46,63,-29,67,-12,80,4,80,29,75,37,63,50,54,50,50,67,29,75,25,84,0,88,-16,96,-25,88,-42,84,-42,80,-67,71,-80,63,-92,50,-105,25,-101,21,-109,0,-109,-21,-101,-33,-105,-54,-84,-67,0,0,-67,-92,-46,-105,-37,-118,-8,-105,8,-96,12,-105,29,-84,42,-80,63,-67,67,-59,67,-50,80,-33,80,-8,75,-8,75,0,75,16,71,25,54,25,50,42,42,46,33,50,29,54,12,63,8,54,-8,33,-8,46,-21,42,-29,42,0,0,0,0,0,0,0,0,0,0,0,0,0,0,21,71,54,59,63,8,71,-33,42,-63,0,-84,-37,-80,-75,-29,-84,21,-46,63,-8,88,37,75,92,37,84,-29,67,-54,16,-84,-37,-84,-80,-37,-96,16,-75,63,-21,101,46,105,92,54,105,-21,75,-71,12,-101,-54,-92,-96,-50,0,0,-80,75,-21,92,33,101,80,42,80,-8,63,-54,16,-80,-33,-71,-63,-16,-75,12,-50,59,0,67,42,59,67,25,50,-25,37,-59,8,-54,-29,-42,-59,-21,-46,25,-25,37,0,54,33,29,46,12,42,-16,37,-37,0,-42,-21,-25,0,0,0,0,0,0]"
1773371062.87985,CSI_DATA,163272,98:4a:6b:31:4a:10,-62,11,-99,-38,59,1,1794713865,83,0,256,0,"[0,0,0,0,0,0,0,0,24,-34,34,-29,41,-17,46,-7,48,4,43,17,39,31,31,41,21,46,12,53,-2,56,-14,53,-24,48,-34,43,-41,34,-51,26,-56,12,-61,2,-58,-9,-58,-24,-48,-34,-43,-43,-31,-56,-21,-63,-9,-73,4,-68,19,-70,34,-63,0,0,56,-43,63,-24,65,-12,68,-2,58,14,53,24,46,34,36,41,29,48,17,48,7,48,-2,48,-12,46,-19,43,-29,34,-31,26,-36,19,-39,9,-39,2,-41,-4,-34,-9,-29,-17,-24,-21,-14,-24,-9,-29,-2,-26,2,-26,7,-24,0,0,0,0,0,0,0,0,0,0,0,0,0,0,4,41,26,31,41,17,43,-7,39,-31,17,-46,-12,-48,-34,-36,-48,-14,-51,14,-34,41,-4,53,21,51,46,29,58,0,48,-31,24,-53,-9,-58,-41,-43,-61,-14,-58,21,-39,51,-7,65,31,58,58,31,68,-9,53,-43,21,-68,0,0,-48,-48,-65,-14,-61,24,-34,48,2,58,29,46,48,19,51,-7,36,-34,14,-46,-17,-39,-39,-21,-41,0,-34,24,-9,39,9,39,29,26,36,4,31,-17,17,-29,0,-31,-21,-26,-31,-12,-31,4,-21,19,-7,26,9,26,21,17,0,0,0,0,0,0]"
1773371062.8889408,CSI_DATA,163273,98:4a:6b:31:4a:10,-62,11,-99,-42,59,1,1794734742,83,0,256,0,"[0,0,0,0,0,0,0,0,32,27,27,35,16,41,8,43,-5,46,-19,43,-27,41,-38,32,-46,21,-49,10,-52,0,-52,-13,-49,-21,-43,-32,-35,-41,-24,-49,-16,-54,-5,-57,5,-57,16,-57,30,-54,41,-46,49,-41,57,-27,62,-13,68,-2,68,10,62,27,0,0,46,49,35,57,21,62,8,62,-5,62,-16,54,-27,49,-35,41,-38,35,-43,21,-46,13,-49,5,-46,-2,-41,-10,-38,-19,-32,-27,-24,-30,-16,-35,-8,-38,-2,-32,5,-32,10,-32,19,-27,21,-21,24,-13,24,-10,27,-2,24,2,0,0,0,0,0,0,0,0,0,0,0,0,0,0,-41,5,-32,24,-16,41,8,46,30,38,46,16,49,-10,38,-35,13,-52,-19,-49,-43,-32,-54,-8,-49,24,-27,49,2,57,32,46,54,21,60,-13,41,-43,10,-62,-24,-57,-54,-35,-65,0,-57,35,-24,62,13,68,49,52,71,13,0,0,41,-54,5,-65,-30,-57,-54,-24,-57,5,-43,32,-13,52,16,49,41,30,49,0,38,-27,19,-41,-8,-41,-30,-27,-38,-5,-35,19,-19,35,2,35,21,30,35,10,35,-8,21,-24,5,-32,-10,-27,-24,-16,-30,0,-24,13,-13,24,0,0,0,0,0,0]"
1773371062.8972602,CSI_DATA,163274,98:4a:6b:31:4a:10,-62,11,-99,-33,59,1,1794744953,83,0,256,0,"[0,0,0,0,0,0,0,0,-35,-14,-31,-25,-27,-31,-16,-38,-12,-44,2,-46,10,-46,25,-44,31,-35,33,-29,44,-25,52,-14,54,-6,57,0,50,10,46,23,46,33,40,42,31,48,23,57,16,61,4,63,-6,65,-21,63,-29,57,-42,57,-50,46,-59,38,0,0,-67,8,-63,0,-67,-19,-54,-23,-52,-33,-42,-42,-33,-46,-25,-50,-16,-48,-10,-48,0,-48,8,-48,14,-40,23,-35,25,-33,31,-25,33,-21,38,-14,35,-4,35,0,33,8,31,12,29,19,23,21,19,23,12,25,4,25,2,27,0,0,0,0,0,0,0,0,0,0,0,0,0,0,38,-16,27,-33,4,-46,-21,-42,-38,-27,-50,0,-38,27,-21,48,8,50,42,38,54,12,50,-23,27,-48,-4,-54,-33,-42,-52,-16,-54,16,-35,48,-4,61,35,50,57,23,63,-14,46,-48,10,-65,-33,-59,-61,-33,-69,8,-52,46,0,0,23,69,48,35,65,4,46,-35,23,-50,-19,-50,-42,-33,-50,-2,-42,27,-14,44,14,46,35,29,44,0,33,-27,16,-40,-10,-40,-29,-23,-38,-2,-31,21,-12,33,8,35,25,25,31,4,27,-14,14,-25,-2,-31,-16,-21,-27,-10,0,0,0,0,0,0]"
1773371062.905545,CSI_DATA,163275,98:4a:6b:31:4a:10,-62,11,-99,-38,59,1,1794756284,83,0,256,0,"[0,0,0,0,0,0,0,0,7,41,-2,43,-14,41,-24,36,-36,31,-43,24,-48,9,-51,0,-48,-12,-48,-24,-41,-34,-31,-43,-24,-51,-12,-53,0,-56,12,-56,21,-53,34,-48,43,-39,53,-34,56,-24,63,-12,63,0,65,14,61,29,56,41,46,51,34,63,0,0,4,68,-7,65,-21,63,-34,53,-41,48,-46,34,-48,26,-53,14,-53,2,-51,-9,-46,-19,-41,-24,-34,-29,-29,-34,-19,-39,-9,-41,-2,-41,7,-39,14,-34,21,-31,24,-24,29,-19,29,-12,31,-4,29,2,26,7,24,12,19,17,0,0,0,0,0,0,0,0,0,0,0,0,0,0,-34,-24,-41,-4,-39,19,-24,39,-2,46,24,43,43,24,51,-2,41,-31,19,-48,-9,-51,-36,-41,-53,-12,-51,17,-34,43,-4,56,29,48,53,26,61,-7,46,-41,17,-61,-19,-61,-51,-41,-65,-4,-58,31,-31,61,7,70,43,53,0,0,63,-19,46,-48,9,-63,-26,-53,-48,-29,-56,2,-41,31,-14,48,14,46,36,29,43,2,36,-19,17,-39,-7,-41,-29,-26,-39,-7,-36,14,-19,29,2,36,21,26,34,12,34,-7,24,-24,7,-31,-12,-26,-24,-17,-29,-2,-24,12,0,0,0,0,0,0]"
1773371062.9234436,CSI_DATA,163276,98:4a:6b:31:4a:10,-61,11,-99,-35,59,1,1794770150,83,0,256,0,"[0,0,0,0,0,0,0,0,42,15,38,26,31,35,22,42,11,47,-2,51,-11,49,-22,49,-33,42,-42,35,-49,26,-51,17,-58,6,-58,-4,-53,-15,-51,-26,-49,-35,-42,-44,-33,-53,-24,-58,-15,-64,-2,-67,8,-67,24,-64,35,-62,47,-53,58,-47,67,-33,0,0,69,-6,69,6,67,22,58,31,51,40,40,47,31,51,20,53,11,55,2,53,-6,51,-15,47,-22,42,-29,38,-33,29,-38,22,-38,13,-40,8,-40,0,-38,-6,-33,-13,-29,-20,-22,-22,-15,-24,-13,-26,-6,-26,-2,-26,4,-24,0,0,0,0,0,0,0,0,0,0,0,0,0,0,-38,15,-24,35,-2,47,22,42,42,24,51,-2,44,-29,22,-49,-11,-53,-40,-40,-55,-11,-53,22,-33,49,2,60,33,49,55,20,58,-15,38,-47,6,-64,-31,-55,-58,-29,-64,11,-47,47,-13,69,29,64,58,38,71,-4,60,-44,0,0,-20,-69,-49,-44,-67,-6,-53,31,-24,51,8,53,40,38,53,8,47,-24,24,-42,-6,-47,-29,-31,-40,-4,-38,20,-17,38,4,42,26,26,38,8,33,-13,20,-31,-2,-35,-20,-26,-31,-11,-31,8,-20,24,-4,29,13,24,24,13,0,0,0,0,0,0]"
1773371062.9313328,CSI_DATA,163277,98:4a:6b:31:4a:10,-61,11,-99,-36,59,1,1794770509,83,0,256,0,"[0,0,0,0,0,0,0,0,41,11,36,20,34,32,27,41,16,46,6,50,-9,52,-18,46,-27,43,-36,41,-48,32,-48,27,-55,11,-55,2,-52,-11,-52,-18,-46,-29,-46,-43,-34,-52,-25,-55,-23,-57,-9,-59,6,-66,20,-66,29,-71,43,-55,50,-50,59,-43,0,0,73,-20,73,4,62,13,64,25,50,39,46,41,34,46,29,48,16,52,4,55,-2,48,-11,48,-20,43,-25,39,-32,32,-39,27,-41,16,-36,9,-36,2,-41,-6,-39,-9,-32,-13,-25,-16,-18,-23,-16,-25,-9,-25,-2,-27,2,-25,0,0,0,0,0,0,0,0,0,0,0,0,0,0,-36,20,-20,39,0,46,27,36,46,16,50,-9,41,-39,16,-43,-18,-48,-41,-34,-55,-6,-50,25,-27,52,4,59,36,46,55,13,55,-23,36,-46,-6,-59,-41,-50,-57,-27,-62,13,-46,48,-6,71,32,64,62,25,69,-11,57,-48,0,0,-25,-64,-59,-39,-59,0,-52,34,-16,52,13,55,41,36,48,4,43,-27,20,-46,-6,-41,-32,-29,-41,-2,-34,23,-16,39,11,41,32,25,34,6,29,-16,18,-32,0,-36,-20,-27,-32,-9,-32,9,-18,25,0,29,13,25,25,11,0,0,0,0,0,0]"
1773371062.9394794,CSI_DATA,163278,98:4a:6b:31:4a:10,-58,11,-99,37,37,1,1794790218,83,0,256,0,"[0,0,0,0,0,0,0,0,53,39,42,60,35,63,17,70,-7,78,-21,70,-35,63,-53,67,-67,53,-81,49,-78,17,-85,7,-88,-7,-88,-28,-78,-46,-67,-63,-67,-74,-46,-88,-35,-106,-24,-102,3,-99,10,-106,31,-106,60,-92,78,-88,95,-70,99,-70,113,-49,0,0,120,21,102,24,102,46,92,56,78,63,53,85,46,85,31,95,14,85,3,92,-7,78,-28,81,-42,70,-53,63,-56,39,-56,31,-67,17,-70,10,-67,-3,-67,-7,-63,-28,-49,-21,-39,-46,-35,-39,-24,-49,-14,-42,-3,-46,3,-53,0,0,0,0,0,0,0,0,0,0,0,0,0,0,-78,7,-49,31,-31,60,10,70,53,46,81,14,74,-35,42,-63,0,-78,-53,-78,-81,-24,-85,24,-63,53,-21,81,46,88,81,46,92,0,78,-60,31,-92,-31,-85,-74,-67,-99,-10,-85,49,-39,99,21,102,81,78,99,21,109,-49,0,0,-10,-102,-70,-78,-92,-28,-74,46,-46,74,-3,88,56,67,78,24,78,-24,35,-53,-7,-74,-42,-46,-60,-21,-49,31,-28,56,7,60,42,49,56,21,60,-17,28,-49,0,-56,-35,-49,-42,-17,-46,14,-31,35,-3,53,21,49,42,7,0,0,0,0,0,0]"
1773371062.9568298,CSI_DATA,163279,98:4a:6b:31:4a:10,-57,11,-99,36,37,1,1794800124,83,0,256,0,"[0,0,0,0,0,0,0,0,-43,-54,-32,-62,-14,-69,7,-73,32,-69,58,-58,65,-51,80,-29,76,-18,87,0,83,18,80,36,69,43,58,54,43,73,29,83,3,94,-3,91,-25,102,-47,94,-58,76,-76,80,-87,58,-102,29,-109,14,-116,-10,-113,-47,-109,-58,0,0,-83,-80,-43,-98,-40,-116,-3,-109,18,-94,36,-98,47,-91,62,-73,76,-51,62,-36,73,-25,76,3,83,14,83,21,73,36,54,43,40,58,36,51,14,65,3,65,-7,58,-21,51,-18,47,-32,43,-40,18,-36,18,-43,3,-51,-10,0,0,0,0,0,0,0,0,0,0,0,0,0,0,65,14,62,-18,40,-43,10,-69,-29,-76,-62,-51,-80,0,-69,43,-47,80,0,83,54,69,80,32,87,-21,65,-69,18,-91,-40,-83,-76,-51,-94,10,-73,47,-36,83,25,91,73,80,109,14,91,-47,51,-94,-3,-105,-65,-83,-91,-21,0,0,-83,69,-25,102,43,91,83,47,87,-7,80,-43,29,-87,-18,-83,-54,-51,-73,-10,-62,43,-25,62,10,58,47,47,65,7,54,-25,32,-51,0,-54,-40,-51,-47,-14,-58,14,-36,43,0,62,25,47,47,25,43,0,40,-21,14,-32,0,0,0,0,0,0]"
1773371062.9645379,CSI_DATA,163280,98:4a:6b:31:4a:10,-62,11,-99,-43,59,1,1794800403,83,0,256,0,"[0,0,0,0,0,0,0,0,-33,-28,-22,-36,-14,-42,-8,-47,11,-50,16,-47,31,-42,39,-28,42,-25,53,-14,53,0,56,11,50,16,39,31,36,45,31,47,19,56,8,56,-5,59,-14,59,-28,56,-33,50,-45,45,-59,39,-64,22,-67,5,-70,-2,-67,-22,0,0,-56,-45,-45,-56,-28,-56,-22,-62,-2,-59,5,-59,16,-53,25,-50,36,-42,42,-33,39,-22,47,-11,50,-5,47,0,42,14,39,19,33,25,22,28,19,31,8,33,2,33,-2,33,-11,31,-16,25,-16,22,-19,14,-22,11,-22,2,0,0,0,0,0,0,0,0,0,0,0,0,0,0,42,0,33,-22,19,-39,-2,-42,-33,-33,-45,-16,-47,11,-36,31,-11,53,14,53,45,33,53,8,50,-22,31,-47,-2,-59,-36,-47,-53,-19,-59,19,-36,47,-8,64,31,56,53,33,62,-5,50,-45,19,-67,-19,-67,-53,-45,-67,-5,0,0,-33,56,5,64,36,45,62,16,53,-19,36,-45,8,-53,-22,-42,-45,-16,-47,8,-31,31,-8,39,14,36,33,22,39,-8,31,-22,11,-36,-11,-33,-28,-19,-36,-2,-31,19,-16,31,2,33,19,22,28,8,28,-8,16,-22,2,-25,0,0,0,0,0,0]"
1773371062.9721246,CSI_DATA,163281,98:4a:6b:31:4a:10,-62,11,-99,-41,59,1,1794823386,83,0,256,0,"[0,0,0,0,0,0,0,0,29,29,21,37,10,42,0,45,-13,45,-23,42,-34,34,-42,26,-47,15,-50,5,-53,-7,-50,-18,-45,-29,-39,-37,-31,-45,-21,-50,-10,-55,0,-58,10,-58,21,-55,31,-50,45,-42,53,-34,63,-23,66,-10,69,2,69,15,63,29,0,0,45,50,31,61,18,63,7,63,-5,61,-15,58,-26,50,-31,42,-39,34,-45,21,-47,15,-47,7,-47,-2,-45,-10,-37,-18,-31,-23,-26,-31,-18,-31,-10,-34,-2,-34,2,-34,10,-31,15,-29,18,-23,21,-15,23,-13,26,-5,26,0,0,0,0,0,0,0,0,0,0,0,0,0,0,0,-42,-2,-37,18,-23,37,0,45,23,39,45,23,50,-2,42,-29,21,-47,-7,-50,-39,-39,-53,-13,-53,21,-34,45,-5,55,26,50,53,26,58,-7,47,-42,13,-63,-21,-58,-50,-39,-63,-2,-58,31,-26,61,10,69,45,53,69,15,0,0,45,-53,5,-66,-29,-58,-53,-26,-58,5,-42,34,-13,53,15,47,42,29,47,0,37,-26,15,-39,-7,-42,-31,-26,-39,-2,-34,18,-18,34,5,37,23,26,34,7,34,-10,21,-26,2,-31,-15,-26,-26,-13,-29,2,-21,15,-7,23,0,0,0,0,0,0]"
1773371062.989668,CSI_DATA,163282,98:4a:6b:31:4a:10,-62,11,-99,-35,59,1,1794833414,83,0,256,0,"[0,0,0,0,0,0,0,0,2,42,-8,42,-17,40,-26,35,-35,29,-42,22,-47,13,-51,4,-51,-8,-49,-17,-44,-26,-38,-35,-31,-42,-24,-49,-15,-51,-6,-55,2,-58,13,-55,22,-53,31,-49,40,-47,49,-38,55,-31,62,-20,64,-11,67,2,67,13,64,24,0,0,49,44,42,53,31,60,20,60,8,60,-2,60,-11,55,-20,51,-26,44,-33,40,-38,31,-42,24,-42,17,-44,11,-42,2,-42,-6,-38,-13,-33,-17,-29,-22,-24,-26,-20,-29,-11,-31,-6,-31,-2,-29,2,-26,8,-24,13,-24,15,-20,0,0,0,0,0,0,0,0,0,0,0,0,0,0,-29,-29,-40,-8,-42,17,-26,38,-2,47,24,44,44,22,51,-6,40,-35,13,-53,-17,-51,-44,-33,-58,-2,-47,33,-22,53,13,55,44,40,60,6,53,-33,24,-58,-11,-62,-47,-44,-64,-8,-60,29,-29,60,8,69,47,51,69,13,0,0,38,-58,-2,-67,-40,-51,-60,-17,-53,17,-31,44,2,55,31,44,47,13,47,-15,26,-38,0,-44,-26,-33,-40,-8,-35,17,-20,33,2,38,24,29,35,8,33,-13,17,-29,0,-33,-20,-26,-29,-8,-29,6,-20,22,-2,26,13,24,0,0,0,0,0,0]"
1773371062.9969573,CSI_DATA,163283,98:4a:6b:31:4a:10,-62,11,-99,-38,59,1,1794843163,83,0,256,0,"[0,0,0,0,0,0,0,0,-26,31,-36,24,-41,14,-43,4,-48,-4,-41,-19,-39,-29,-34,-41,-19,-48,-9,-51,0,-51,9,-51,19,-53,29,-46,39,-41,43,-31,53,-19,58,-14,58,-2,63,7,56,21,53,36,43,43,36,51,26,61,17,68,4,68,-14,73,0,0,-36,56,-43,48,-58,36,-58,24,-61,17,-63,2,-56,-12,-46,-19,-46,-26,-39,-34,-31,-41,-21,-43,-12,-46,-7,-46,4,-43,12,-41,14,-36,26,-29,31,-24,34,-17,34,-12,34,-4,31,2,29,7,24,12,19,19,17,17,12,21,0,0,0,0,0,0,0,0,0,0,0,0,0,0,-2,-39,-24,-36,-39,-19,-46,4,-36,26,-19,48,9,48,36,39,48,14,46,-19,29,-46,4,-58,-29,-48,-51,-24,-56,9,-41,39,-14,56,21,56,53,36,58,2,53,-34,24,-63,-7,-65,-46,-46,-63,-9,-63,26,-39,61,4,68,0,0,61,29,61,-14,48,-46,9,-56,-21,-56,-43,-29,-51,9,-43,34,-14,43,14,43,36,26,43,0,34,-24,12,-36,-12,-36,-31,-26,-34,-2,-31,17,-17,31,4,29,24,24,34,7,31,-12,17,-26,0,-29,-14,-24,-24,-9,-26,4,0,0,0,0,0,0]"
1773371063.0143301,CSI_DATA,163284,98:4a:6b:31:4a:10,-62,11,-99,-34,59,1,1794858933,83,0,256,0,"[0,0,0,0,0,0,0,0,15,41,4,43,-4,45,-13,43,-26,39,-34,32,-45,26,-50,17,-52,6,-54,-4,-52,-17,-50,-23,-43,-32,-39,-39,-28,-47,-19,-54,-10,-56,0,-58,13,-58,19,-58,32,-54,41,-50,50,-41,60,-32,65,-23,69,-10,73,2,69,15,0,0,58,39,47,50,39,58,26,56,15,60,2,60,-4,58,-15,54,-23,50,-30,41,-34,34,-39,28,-43,21,-43,13,-43,4,-45,-4,-39,-10,-34,-15,-30,-21,-26,-23,-19,-30,-13,-32,-8,-32,0,-30,4,-28,8,-26,13,-23,17,-19,0,0,0,0,0,0,0,0,0,0,0,0,0,0,-39,-17,-43,6,-34,30,-15,47,13,45,36,34,52,8,50,-19,28,-45,0,-54,-34,-45,-52,-21,-56,13,-39,43,-8,58,26,54,54,30,60,-8,45,-45,13,-63,-23,-58,-56,-34,-65,0,-54,43,-21,67,21,67,56,43,73,4,0,0,28,-63,-13,-67,-47,-47,-63,-8,-52,26,-28,47,6,54,34,39,50,8,45,-19,23,-41,-6,-43,-30,-30,-41,-8,-36,17,-19,36,4,39,26,28,36,6,34,-15,19,-30,-2,-34,-19,-26,-30,-10,-32,10,-19,23,-2,28,13,23,0,0,0,0,0,0]"
1773371063.0219874,CSI_DATA,163285,98:4a:6b:31:4a:10,-61,11,-99,-35,59,1,1794872483,83,0,256,0,"[0,0,0,0,0,0,0,0,33,26,26,33,17,40,4,40,-4,47,-17,44,-35,44,-38,29,-49,26,-44,8,-47,-2,-58,-15,-47,-22,-42,-33,-33,-44,-22,-55,-15,-62,-2,-58,4,-55,22,-58,35,-53,47,-42,53,-33,60,-31,69,-15,67,2,71,11,62,29,0,0,40,51,33,64,20,67,4,67,-6,60,-26,53,-31,49,-38,38,-42,31,-47,17,-51,8,-47,0,-47,-8,-40,-22,-38,-22,-29,-33,-20,-38,-17,-38,-8,-35,2,-33,8,-33,15,-29,20,-22,26,-17,26,-11,29,-6,29,0,24,4,0,0,0,0,0,0,0,0,0,0,0,0,0,0,-42,4,-31,24,-17,40,8,44,29,42,47,11,49,-11,42,-38,15,-51,-13,-51,-40,-38,-58,-6,-51,22,-29,53,2,60,33,49,49,22,58,-11,47,-40,11,-62,-24,-62,-53,-40,-69,-2,-62,33,-26,62,11,67,47,55,67,20,0,0,40,-51,8,-67,-29,-64,-49,-29,-58,0,-49,29,-20,47,11,55,38,29,47,6,40,-20,22,-40,-6,-44,-22,-33,-38,-13,-38,13,-22,29,2,38,17,31,29,15,35,-4,26,-20,8,-29,-8,-26,-24,-20,-31,-2,-22,11,-17,22,0,0,0,0,0,0]"
1773371063.0310562,CSI_DATA,163286,98:4a:6b:31:4a:10,-61,11,-99,-33,59,1,1794872824,83,0,256,0,"[0,0,0,0,0,0,0,0,44,12,40,16,33,31,25,38,14,46,0,48,-14,48,-19,52,-33,46,-44,33,-46,23,-52,14,-52,-6,-52,-12,-48,-29,-42,-35,-33,-48,-27,-52,-12,-59,-2,-61,8,-59,25,-57,33,-46,42,-48,59,-38,65,-25,73,-12,69,2,0,0,57,31,52,40,40,57,25,65,21,57,4,59,-6,54,-16,50,-27,44,-33,33,-44,27,-44,21,-46,8,-46,-2,-42,-8,-40,-19,-33,-27,-29,-27,-21,-33,-14,-35,-6,-35,2,-33,8,-31,21,-23,19,-25,21,-14,25,-8,25,-4,0,0,0,0,0,0,0,0,0,0,0,0,0,0,-33,25,-21,33,0,44,25,40,44,23,50,-4,38,-29,29,-44,-6,-50,-35,-38,-50,-14,-54,21,-38,40,-8,59,23,52,48,33,61,-2,50,-31,25,-59,-10,-63,-46,-48,-61,-12,-63,29,-44,54,-2,69,33,61,67,31,69,-8,0,0,19,-71,-16,-71,-48,-40,-65,0,-48,21,-25,46,6,50,35,42,50,12,50,-14,25,-35,8,-40,-19,-38,-35,-19,-40,6,-29,27,-8,35,10,38,27,21,35,2,29,-19,12,-29,-6,-31,-16,-23,-31,-12,-31,8,-21,21,-4,27,0,0,0,0,0,0]"
1773371063.048868,CSI_DATA,163287,98:4a:6b:31:4a:10,-62,11,-99,-33,59,1,1794892589,83,0,256,0,"[0,0,0,0,0,0,0,0,-38,-21,-33,-29,-25,-35,-12,-44,0,-46,10,-50,25,-46,31,-42,44,-33,50,-21,50,-8,52,0,52,12,52,21,46,35,40,42,27,50,16,50,2,61,-6,57,-21,63,-35,57,-42,48,-48,42,-59,33,-69,23,-69,6,-71,-6,0,0,-59,-40,-50,-44,-38,-57,-27,-59,-12,-61,2,-61,12,-54,19,-52,33,-46,35,-35,42,-29,44,-23,44,-10,48,0,40,8,42,19,33,25,31,27,23,33,12,33,6,33,-2,35,-6,31,-16,27,-16,25,-21,19,-21,12,-25,6,0,0,0,0,0,0,0,0,0,0,0,0,0,0,40,-12,27,-31,8,-42,-12,-44,-35,-27,-50,-8,-44,19,-31,40,0,50,27,50,46,25,52,-6,44,-33,16,-52,-14,-52,-42,-38,-63,-10,-52,23,-35,57,0,57,33,52,54,21,61,-21,48,-52,8,-65,-29,-61,-59,-35,-69,4,0,0,-23,63,14,65,48,48,59,10,54,-21,31,-46,0,-50,-29,-42,-46,-14,-44,14,-27,35,-4,42,19,38,38,21,38,-8,29,-27,8,-33,-10,-33,-29,-16,-38,2,-29,21,-12,29,6,29,21,19,31,6,27,-10,16,-21,2,-27,0,0,0,0,0,0]"
1773371063.0571432,CSI_DATA,163288,98:4a:6b:31:4a:10,-62,11,-99,-35,59,1,1794902461,83,0,256,0,"[0,0,0,0,0,0,0,0,11,42,2,44,-6,44,-15,42,-29,38,-38,31,-47,24,-49,15,-51,4,-53,-4,-49,-17,-49,-26,-42,-33,-35,-42,-26,-49,-17,-53,-8,-58,0,-60,11,-60,20,-58,31,-55,40,-49,51,-44,60,-33,64,-24,71,-13,73,0,69,13,0,0,60,38,53,47,42,53,29,58,20,60,11,60,0,58,-8,55,-17,51,-26,44,-31,38,-38,31,-40,24,-42,17,-42,8,-44,2,-42,-6,-38,-8,-35,-15,-29,-22,-24,-24,-17,-31,-13,-31,-4,-29,-2,-29,2,-29,11,-24,13,-22,0,0,0,0,0,0,0,0,0,0,0,0,0,0,-35,-20,-42,2,-35,24,-15,42,8,47,35,35,49,11,49,-17,31,-42,0,-53,-31,-47,-51,-22,-55,11,-38,42,-8,58,26,51,51,29,60,-8,44,-42,11,-62,-22,-55,-55,-31,-64,4,-51,44,-17,67,24,64,55,40,69,-2,0,0,24,-64,-15,-64,-49,-42,-62,-4,-51,26,-24,51,11,51,38,35,49,4,40,-22,17,-42,-8,-42,-33,-29,-40,-2,-33,24,-13,38,8,40,29,24,38,2,31,-20,13,-33,-6,-31,-24,-22,-29,-6,-29,13,-13,26,2,26,15,20,0,0,0,0,0,0]"
1773371063.0648303,CSI_DATA,163289,98:4a:6b:31:4a:10,-62,11,-99,-35,59,1,1794913623,83,0,256,0,"[0,0,0,0,0,0,0,0,33,26,26,35,20,40,8,44,-4,47,-15,47,-29,42,-38,35,-44,26,-51,15,-53,4,-53,-6,-51,-15,-49,-26,-42,-38,-33,-44,-24,-53,-13,-58,-2,-60,8,-60,20,-60,33,-53,47,-47,53,-38,62,-29,67,-15,71,-2,69,13,0,0,58,42,49,51,35,58,22,60,11,62,0,60,-11,58,-24,53,-31,44,-35,35,-40,29,-44,17,-47,11,-47,2,-42,-6,-40,-15,-35,-22,-29,-26,-22,-35,-15,-38,-6,-35,0,-35,6,-33,13,-29,15,-24,20,-20,24,-15,24,-8,0,0,0,0,0,0,0,0,0,0,0,0,0,0,-40,4,-33,26,-15,40,11,44,33,35,49,13,49,-13,35,-38,8,-51,-20,-49,-44,-29,-53,-2,-49,31,-22,51,8,58,38,42,55,13,55,-22,33,-51,2,-62,-33,-53,-58,-26,-64,11,-49,47,-15,64,26,64,58,40,69,0,0,0,29,-60,-11,-64,-42,-47,-60,-13,-53,20,-31,44,0,53,29,42,49,17,47,-11,29,-35,4,-42,-22,-35,-38,-17,-38,8,-29,29,-6,38,15,33,33,20,35,-2,29,-17,11,-31,-6,-31,-22,-20,-29,-6,-26,11,-15,22,0,24,0,0,0,0,0,0]"
1773371063.082231,CSI_DATA,163290,98:4a:6b:31:4a:10,-57,11,-99,30,37,1,1794925659,83,0,256,0,"[0,0,0,0,0,0,0,0,47,-43,56,-30,60,-13,73,-4,73,17,69,34,60,52,52,56,34,73,21,86,13,82,-13,86,-26,91,-43,82,-52,69,-65,65,-78,47,-95,34,-91,17,-99,17,-95,-8,-99,-26,-99,-52,-91,-73,-73,-86,-69,-104,-34,-121,-30,-125,0,0,26,-125,30,-112,43,-99,65,-86,78,-78,91,-43,91,-39,86,-30,86,0,86,17,82,21,73,43,60,43,47,47,39,60,26,69,17,69,4,78,-8,69,-13,56,-30,56,-34,47,-34,39,-39,30,-52,17,-39,8,-43,8,-47,0,0,0,0,0,0,0,0,0,0,0,0,0,0,0,-17,69,30,65,56,30,69,0,56,-34,30,-73,-21,-82,-56,-56,-78,-13,-69,34,-52,78,-4,82,52,69,86,26,78,-26,56,-82,13,-91,-47,-82,-91,-43,-95,26,-69,69,-17,104,43,104,99,47,108,-13,86,-78,21,-112,-39,-121,0,0,-108,8,-95,56,-43,91,26,78,69,65,91,8,73,-39,34,-78,-30,-65,-65,-52,-73,-4,-65,26,-17,65,21,65,47,34,60,0,56,-30,26,-56,-13,-65,-47,-34,-52,0,-47,30,-30,47,0,43,34,26,52,0,39,-21,17,-30,0,0,0,0,0,0]"
1773371063.0894961,CSI_DATA,163291,98:4a:6b:31:4a:10,-62,11,-99,-38,59,1,1794936177,83,0,256,0,"[0,0,0,0,0,0,0,0,-12,39,-21,36,-31,29,-41,21,-46,12,-48,0,-51,-12,-46,-24,-39,-31,-31,-41,-21,-48,-12,-51,0,-56,12,-56,21,-51,31,-46,41,-39,51,-31,58,-19,61,-9,63,2,61,12,63,24,53,36,48,51,39,58,26,65,12,70,0,0,-19,73,-31,61,-41,53,-48,41,-56,29,-56,17,-58,7,-56,-2,-53,-14,-46,-24,-41,-31,-31,-34,-24,-41,-17,-43,-4,-43,2,-43,9,-39,17,-36,21,-31,26,-24,31,-19,34,-12,31,-4,29,2,29,7,24,12,21,14,17,19,0,0,0,0,0,0,0,0,0,0,0,0,0,0,-17,-39,-36,-24,-43,0,-39,21,-21,41,2,48,29,41,46,21,51,-7,39,-34,14,-53,-17,-53,-43,-34,-56,-7,-51,26,-29,51,4,58,39,46,61,17,58,-19,39,-48,2,-63,-31,-56,-63,-29,-65,7,-51,43,-17,68,21,68,0,0,70,7,58,-31,29,-56,-7,-63,-39,-43,-53,-14,-51,17,-29,41,0,48,26,39,41,17,43,-9,29,-31,2,-41,-19,-34,-34,-17,-39,7,-26,26,-7,36,14,31,29,19,34,2,26,-19,14,-29,-4,-29,-19,-19,-26,-7,-24,7,0,0,0,0,0,0]"
1773371063.0967276,CSI_DATA,163292,98:4a:6b:31:4a:10,-61,11,-99,-43,59,1,1794945970,83,0,256,0,"[0,0,0,0,0,0,0,0,19,-39,28,-33,33,-28,42,-19,47,-8,50,0,50,11,47,22,42,31,36,39,28,47,19,50,11,53,0,56,-8,56,-19,53,-28,50,-39,45,-45,39,-53,33,-56,25,-62,14,-64,2,-67,-8,-67,-19,-64,-31,-59,-42,-50,-53,0,0,-28,-67,-16,-67,-2,-67,8,-64,16,-62,25,-53,33,-47,39,-39,45,-33,47,-22,47,-16,47,-8,47,0,45,8,42,16,39,22,33,25,25,31,19,33,14,33,8,36,2,36,-5,33,-11,31,-14,25,-16,19,-22,16,-22,14,0,0,0,0,0,0,0,0,0,0,0,0,0,0,11,39,33,28,45,5,42,-19,22,-42,-2,-50,-31,-42,-47,-16,-50,11,-33,39,-5,56,25,50,50,25,56,-8,42,-39,11,-56,-22,-56,-50,-31,-62,5,-47,39,-16,59,25,62,53,39,70,-2,53,-39,22,-64,-22,-64,-56,-42,0,0,-59,36,-25,62,14,64,47,39,59,5,47,-28,22,-47,-11,-50,-39,-31,-45,-5,-39,25,-14,39,11,42,33,25,39,0,31,-25,11,-36,-14,-33,-28,-19,-33,0,-28,19,-14,31,8,31,25,19,31,0,25,-14,11,-25,-5,-28,0,0,0,0,0,0]"
1773371063.1140661,CSI_DATA,163293,98:4a:6b:31:4a:10,-62,11,-99,-33,59,1,1794961177,83,0,256,0,"[0,0,0,0,0,0,0,0,35,-16,42,-6,44,6,44,16,38,27,31,35,21,44,10,48,-2,50,-12,50,-23,48,-31,40,-42,33,-48,25,-50,14,-54,2,-54,-10,-52,-19,-50,-31,-44,-40,-35,-48,-23,-57,-12,-61,0,-65,12,-65,27,-61,38,-57,50,-48,0,0,63,-21,63,-8,65,6,61,19,52,29,44,35,35,42,25,46,16,50,2,50,-6,50,-14,44,-23,40,-29,33,-31,27,-35,21,-38,10,-38,4,-35,-4,-33,-10,-29,-14,-23,-23,-16,-23,-10,-27,-6,-27,0,-27,4,-25,8,-21,0,0,0,0,0,0,0,0,0,0,0,0,0,0,-16,40,6,44,27,35,44,14,46,-10,35,-33,12,-48,-12,-50,-40,-33,-50,-10,-50,23,-29,46,0,57,29,48,52,23,57,-8,42,-40,14,-57,-21,-57,-50,-35,-63,-2,-52,35,-27,59,10,67,46,50,69,16,65,-23,44,-54,0,0,-33,-61,-59,-31,-63,6,-46,40,-16,54,16,52,42,31,50,2,42,-27,21,-44,-6,-44,-29,-29,-42,-8,-38,16,-19,35,2,40,23,29,33,10,35,-10,23,-25,4,-35,-16,-29,-27,-14,-29,2,-23,16,-10,25,6,27,19,19,0,0,0,0,0,0]"
1773371063.121245,CSI_DATA,163294,98:4a:6b:31:4a:10,-61,11,-99,-29,57,1,1794971070,83,0,256,0,"[0,0,0,0,0,0,0,0,33,-28,40,-21,45,-11,47,-2,49,9,45,23,40,30,35,42,23,47,16,54,4,56,-4,56,-16,56,-23,52,-33,45,-42,40,-49,33,-56,23,-61,14,-64,2,-64,-7,-61,-18,-59,-28,-54,-40,-49,-52,-37,-61,-28,-66,-16,-73,0,0,11,-73,21,-66,33,-61,42,-49,49,-42,54,-30,56,-21,54,-14,56,0,52,7,49,16,45,23,40,28,33,33,26,40,16,42,9,40,2,40,-4,40,-11,35,-21,33,-21,30,-26,23,-26,16,-28,9,-28,4,-28,2,-28,-2,0,0,0,0,0,0,0,0,0,0,0,0,0,0,-4,42,21,40,37,23,47,-2,40,-28,18,-47,-9,-49,-35,-37,-52,-11,-52,18,-33,47,0,56,33,47,52,18,56,-14,37,-45,7,-61,-30,-52,-56,-26,-61,11,-45,45,-11,64,30,61,61,30,68,-9,54,-47,16,-71,-23,-66,0,0,-71,2,-54,40,-21,64,18,59,47,35,56,2,47,-28,18,-49,-14,-49,-37,-30,-45,0,-37,23,-14,40,11,40,33,23,40,0,30,-21,11,-33,-11,-35,-26,-21,-33,-4,-28,16,-11,30,7,30,21,18,30,4,26,-11,14,-23,0,0,0,0,0,0]"
1773371063.1386101,CSI_DATA,163295,98:4a:6b:31:4a:10,-57,11,-99,30,37,1,1794983812,83,0,256,0,"[0,0,0,0,0,0,0,0,-60,-21,-56,-34,-56,-56,-47,-60,-17,-69,4,-78,8,-78,34,-73,56,-60,73,-52,73,-30,86,-17,95,0,82,26,86,34,65,52,65,65,56,78,26,95,21,99,-8,99,-26,104,-47,99,-65,78,-91,60,-104,52,-108,26,-125,0,0,0,-108,-30,-95,-56,-82,-86,-65,-82,-47,-99,-13,-95,4,-104,21,-91,39,-86,47,-65,65,-65,69,-47,73,-34,82,-17,78,0,78,13,65,26,52,34,47,47,30,56,21,65,4,65,-8,56,-8,52,-21,47,-34,34,-26,21,-43,17,0,0,0,0,0,0,0,0,0,0,0,0,0,0,60,-34,30,-60,0,-69,-30,-65,-73,-39,-82,13,-65,47,-43,73,4,82,56,60,82,26,86,-26,69,-69,17,-95,-39,-82,-73,-52,-95,4,-82,60,-43,91,30,104,69,65,99,13,99,-60,56,-91,0,-117,-69,-95,-104,-39,-117,13,0,0,-21,99,39,108,95,65,99,-8,86,-47,39,-82,-13,-82,-56,-60,-82,-8,-73,30,-43,60,4,82,30,56,56,21,60,-26,43,-52,8,-56,-30,-52,-60,-26,-52,13,-34,34,-8,56,17,52,43,21,52,4,43,-30,17,-43,-17,-43,0,0,0,0,0,0]"
1773371063.1465425,CSI_DATA,163296,98:4a:6b:31:4a:10,-57,11,-99,31,37,1,1794995288,83,0,256,0,"[0,0,0,0,0,0,0,0,16,63,-4,63,-21,67,-29,63,-54,54,-54,46,-75,33,-80,12,-80,0,-84,-16,-80,-37,-75,-54,-59,-63,-50,-80,-29,-80,-16,-92,-4,-92,12,-92,33,-88,46,-84,71,-71,84,-67,101,-54,101,-37,105,-16,109,-12,113,21,105,42,0,0,88,88,75,105,46,109,33,96,16,105,-4,96,-25,92,-37,96,-46,80,-63,67,-63,50,-75,33,-75,16,-75,16,-67,-8,-75,-16,-67,-33,-54,-33,-54,-33,-33,-46,-25,-59,-16,-59,-8,-54,12,-59,4,-54,21,-46,25,-37,29,-29,0,0,0,0,0,0,0,0,0,0,0,0,0,0,-59,-33,-63,0,-59,25,-42,50,4,67,46,59,75,29,75,-12,50,-67,16,-80,-46,-80,-63,-42,-92,4,-71,54,-21,80,29,84,75,59,92,-4,80,-54,33,-105,-12,-96,-71,-67,-101,-16,-84,42,-50,101,21,113,67,75,113,25,0,0,67,-105,8,-92,-46,-92,-84,-37,-80,25,-71,71,-8,88,42,71,67,25,75,-8,54,-50,4,-67,-42,-42,-63,-16,-63,16,-46,46,0,54,37,50,46,21,50,-12,37,-46,8,-59,-25,-37,-42,-12,-46,4,-33,25,-12,50,16,37,0,0,0,0,0,0]"
1773371063.1543179,CSI_DATA,163297,98:4a:6b:31:4a:10,-62,11,-99,-35,58,1,1794996429,83,0,256,0,"[0,0,0,0,0,0,0,0,-37,10,-40,0,-40,-10,-40,-20,-37,-30,-35,-40,-20,-42,-12,-50,0,-50,12,-55,17,-47,32,-42,42,-40,47,-30,52,-20,55,-12,62,-2,55,5,60,17,52,27,52,40,42,40,30,57,27,65,12,67,-2,67,-15,65,-27,65,0,0,-47,47,-55,42,-60,32,-60,20,-62,7,-62,-2,-57,-12,-47,-25,-45,-30,-35,-37,-27,-42,-20,-42,-15,-42,-7,-45,2,-42,12,-45,12,-37,20,-35,27,-27,32,-20,35,-17,30,-10,32,-2,32,5,30,12,25,15,20,15,17,20,0,0,0,0,0,0,0,0,0,0,0,0,0,0,22,-37,2,-45,-20,-37,-42,-17,-47,7,-40,32,-15,50,15,50,42,35,52,0,42,-25,30,-47,-2,-57,-32,-40,-55,-12,-55,20,-32,50,-2,55,37,47,57,20,65,-12,42,-57,0,-62,-32,-57,-65,-30,-72,10,-52,47,-15,67,0,0,60,37,65,-2,50,-37,20,-57,-20,-57,-47,-32,-52,2,-40,30,-15,45,15,45,37,30,47,2,32,-20,12,-40,-10,-35,-30,-27,-40,-2,-30,17,-12,35,10,32,27,22,32,2,27,-15,15,-25,-2,-27,-17,-20,-25,-10,-25,7,0,0,0,0,0,0]"
1773371063.1712203,CSI_DATA,163298,98:4a:6b:31:4a:10,-62,11,-99,-47,60,1,1795015999,83,0,256,0,"[0,0,0,0,0,0,0,0,14,-39,22,-36,28,-31,33,-25,42,-16,45,-5,47,5,50,16,47,28,39,33,31,42,22,50,19,53,8,56,0,59,-14,53,-22,50,-33,50,-42,47,-45,42,-59,31,-62,19,-64,11,-62,-2,-64,-14,-70,-28,-59,-39,-53,-47,0,0,-31,-59,-16,-62,-5,-67,8,-70,16,-62,25,-62,33,-50,39,-42,42,-28,47,-22,50,-16,45,-11,45,-2,47,5,42,14,36,19,31,22,28,31,19,36,14,33,5,31,0,36,-5,33,-8,28,-11,25,-16,19,-22,16,-25,14,0,0,0,0,0,0,0,0,0,0,0,0,0,0,16,36,36,19,45,-5,39,-25,19,-45,-5,-50,-31,-39,-53,-11,-53,16,-28,45,5,56,36,45,53,19,56,-16,36,-45,8,-56,-28,-50,-50,-25,-62,8,-47,39,-5,62,33,59,56,33,62,-5,47,-45,19,-67,-31,-64,-62,-33,0,0,-59,36,-25,59,16,62,45,42,56,5,45,-28,16,-50,-14,-50,-36,-33,-47,-2,-39,25,-11,42,14,42,33,25,39,0,33,-22,14,-33,-14,-33,-28,-25,-36,0,-25,22,-11,33,11,31,22,19,28,2,25,-14,14,-22,0,-28,0,0,0,0,0,0]"
1773371063.1785824,CSI_DATA,163299,98:4a:6b:31:4a:10,-57,11,-99,30,37,1,1795029579,83,0,256,0,"[0,0,0,0,0,0,0,0,60,-30,65,-13,73,0,78,8,69,34,65,60,30,65,26,78,4,86,-8,82,-26,86,-52,69,-60,60,-78,56,-86,30,-95,13,-91,-8,-91,-34,-86,-56,-73,-60,-60,-78,-56,-99,-30,-108,-8,-108,4,-117,39,-112,60,-104,78,-95,0,0,125,-43,95,-17,108,0,112,17,86,43,86,60,60,73,56,78,39,86,17,91,4,86,-21,78,-26,73,-43,56,-60,47,-65,47,-65,21,-73,8,-60,4,-60,-8,-56,-30,-34,-30,-39,-34,-21,-52,-8,-56,-4,-52,0,-39,17,-39,0,0,0,0,0,0,0,0,0,0,0,0,0,0,-26,69,13,73,47,52,65,21,69,-17,52,-60,8,-78,-21,-78,-65,-47,-73,-13,-69,47,-39,73,4,86,56,69,78,34,95,-21,69,-65,21,-91,-43,-95,-82,-60,-95,8,-82,60,-30,99,26,99,82,82,112,26,108,-52,65,-86,0,0,-56,-95,-108,-39,-108,13,-69,69,-21,86,21,82,69,52,86,0,60,-39,30,-60,-21,-60,-56,-39,-65,-13,-65,34,-30,52,8,69,43,39,52,8,52,-17,26,-39,8,-60,-34,-52,-47,-17,-52,0,-39,34,-4,47,21,39,39,26,0,0,0,0,0,0]"
1773371063.1959524,CSI_DATA,163300,98:4a:6b:31:4a:10,-62,11,-99,-33,58,1,1795039511,83,0,256,0,"[0,0,0,0,0,0,0,0,40,-9,42,0,42,11,40,21,35,33,30,40,21,47,9,52,0,52,-11,52,-21,47,-30,47,-40,40,-47,33,-52,23,-54,14,-56,4,-59,-7,-59,-16,-54,-28,-49,-35,-45,-45,-35,-54,-28,-61,-18,-66,-7,-68,9,-71,21,-68,0,0,45,-56,52,-47,56,-35,61,-26,61,-11,59,-2,56,7,52,16,49,23,45,30,35,35,26,37,18,42,11,42,4,45,-2,45,-9,40,-16,37,-23,33,-26,26,-30,18,-30,14,-30,9,-30,2,-30,-2,-28,-7,-23,-9,-21,-14,0,0,0,0,0,0,0,0,0,0,0,0,0,0,-26,35,-2,45,21,40,40,21,47,-4,40,-30,14,-49,-11,-49,-40,-35,-52,-7,-49,23,-26,49,4,56,37,45,56,14,54,-21,33,-49,0,-61,-37,-49,-59,-21,-61,18,-40,52,-2,66,37,56,64,26,71,-18,47,-52,11,-71,0,0,-61,-33,-66,9,-49,45,-14,61,26,52,49,28,52,-4,37,-33,11,-49,-18,-42,-40,-23,-45,4,-33,28,-7,42,16,35,33,21,37,-7,26,-26,7,-35,-16,-33,-28,-18,-33,2,-23,21,-7,30,9,28,23,16,28,0,23,-16,0,0,0,0,0,0]"
1773371063.2035246,CSI_DATA,163301,98:4a:6b:31:4a:10,-62,11,-99,-30,58,1,1795049271,83,0,256,0,"[0,0,0,0,0,0,0,0,41,0,39,6,43,17,39,28,28,36,15,43,4,47,-2,50,-15,45,-26,45,-34,39,-47,30,-47,21,-54,13,-54,0,-54,-13,-56,-21,-52,-32,-50,-41,-39,-47,-23,-52,-10,-56,0,-65,10,-69,23,-65,36,-58,50,-52,60,-39,0,0,73,-13,69,0,67,19,60,30,50,32,41,39,30,47,21,54,13,58,4,54,-10,45,-17,43,-26,43,-30,36,-34,28,-34,17,-36,8,-36,2,-34,-6,-34,-10,-28,-15,-28,-26,-21,-28,-10,-26,-6,-30,0,-28,4,-26,10,-21,0,0,0,0,0,0,0,0,0,0,0,0,0,0,-30,32,-10,41,15,41,36,26,47,4,45,-23,23,-43,4,-54,-26,-47,-47,-23,-54,8,-43,36,-13,54,17,54,45,36,56,4,47,-28,23,-52,-13,-60,-45,-43,-63,-8,-60,28,-39,52,-4,65,34,58,63,30,71,-13,52,-45,0,0,-19,-65,-52,-39,-65,0,-50,36,-26,47,8,50,36,34,47,10,47,-17,28,-39,-6,-50,-23,-34,-39,-6,-36,17,-19,36,4,39,23,28,39,13,39,-6,23,-23,6,-32,-15,-32,-30,-17,-30,4,-23,17,-8,28,8,23,21,19,0,0,0,0,0,0]"
1773371063.2215037,CSI_DATA,163302,98:4a:6b:31:4a:10,-58,11,-99,31,37,1,1795072207,83,0,256,0,"[0,0,0,0,0,0,0,0,-42,-54,-37,-63,-16,-71,4,-75,21,-59,37,-54,67,-54,67,-33,75,-29,84,-12,84,12,75,33,75,37,63,59,46,80,33,84,8,84,0,101,-16,92,-37,92,-54,88,-63,84,-88,59,-96,37,-105,21,-105,0,-105,-25,-105,-46,0,0,-96,-71,-46,-96,-33,-113,-12,-105,8,-101,16,-88,37,-88,54,-71,59,-59,67,-46,71,-29,71,-16,92,-4,80,16,63,25,54,42,54,42,37,46,25,54,12,54,4,63,-12,59,-21,54,-25,50,-29,33,-37,29,-42,16,-59,4,0,0,0,0,0,0,0,0,0,0,0,0,0,0,59,8,67,-16,37,-50,4,-71,-46,-59,-71,-42,-71,0,-63,50,-33,71,12,80,63,63,80,21,84,-29,54,-71,0,-88,-42,-75,-80,-37,-88,8,-71,63,-33,88,33,96,71,54,96,12,88,-46,37,-105,-8,-92,-63,-80,-101,-33,0,0,-63,92,-16,105,50,88,92,37,88,-8,67,-59,16,-88,-33,-80,-63,-37,-84,0,-54,54,-8,59,16,63,50,33,63,-4,46,-25,25,-50,-8,-59,-42,-42,-59,-4,-46,29,-33,42,4,50,33,37,42,16,42,-12,33,-29,4,-37,0,0,0,0,0,0]"
1773371063.2392383,CSI_DATA,163303,98:4a:6b:31:4a:10,-61,11,-99,-34,59,1,1795084677,83,0,256,0,"[0,0,0,0,0,0,0,0,-17,-36,-6,-43,0,-47,10,-45,21,-41,32,-36,39,-30,47,-21,50,-10,54,-2,54,6,52,17,45,26,41,34,34,43,26,50,19,56,8,58,0,63,-8,60,-19,56,-30,54,-43,50,-52,41,-60,34,-67,23,-71,15,-73,2,0,0,-65,-26,-56,-39,-50,-47,-39,-52,-28,-56,-19,-58,-10,-56,0,-56,10,-52,19,-47,23,-43,32,-39,36,-30,39,-23,41,-17,43,-8,41,-2,39,4,36,13,32,17,28,21,23,26,17,28,10,28,6,28,0,28,-6,26,-10,23,0,0,0,0,0,0,0,0,0,0,0,0,0,0,39,15,41,-8,32,-32,8,-45,-17,-43,-41,-30,-52,-4,-47,23,-23,47,6,54,39,41,54,10,56,-21,32,-50,0,-58,-32,-50,-56,-19,-58,17,-39,52,-2,65,36,54,63,23,65,-15,45,-52,8,-69,-34,-60,-63,-30,-73,13,0,0,-15,71,23,65,58,36,63,-2,45,-36,13,-56,-21,-52,-43,-28,-52,4,-39,28,-13,45,17,41,34,23,41,-4,30,-30,8,-41,-15,-36,-32,-19,-36,4,-28,23,-10,34,13,32,28,17,30,0,26,-17,13,-28,-6,-28,-19,-17,0,0,0,0,0,0]"
1773371063.2482114,CSI_DATA,163304,98:4a:6b:31:4a:10,-61,11,-99,-41,59,1,1795085270,83,0,256,0,"[0,0,0,0,0,0,0,0,2,42,-7,42,-15,37,-23,37,-34,29,-45,23,-47,15,-53,5,-50,-7,-53,-18,-45,-23,-39,-34,-34,-45,-23,-47,-13,-50,-7,-53,2,-58,10,-55,21,-55,34,-47,45,-50,45,-39,58,-29,63,-18,69,-10,69,2,69,15,66,26,0,0,47,45,37,58,31,63,18,55,7,63,-5,63,-10,55,-23,50,-29,42,-37,34,-39,29,-45,23,-42,13,-45,7,-45,-2,-45,-10,-39,-13,-34,-21,-29,-26,-21,-29,-18,-31,-10,-31,-5,-31,2,-31,7,-26,13,-23,15,-23,18,-18,0,0,0,0,0,0,0,0,0,0,0,0,0,0,-31,-26,-42,-7,-39,15,-23,39,-2,47,26,45,47,23,50,-7,39,-37,7,-53,-21,-50,-45,-31,-58,-2,-47,31,-21,58,13,61,45,39,58,7,55,-34,23,-58,-7,-66,-53,-47,-66,-7,-63,31,-31,61,7,71,45,53,71,15,0,0,42,-63,0,-66,-34,-53,-55,-23,-55,18,-34,47,2,55,29,42,50,15,47,-15,29,-37,2,-45,-21,-39,-37,-13,-39,10,-26,31,-2,39,21,29,34,10,34,-13,21,-29,2,-31,-15,-26,-26,-15,-29,5,-21,21,-5,26,10,26,0,0,0,0,0,0]"
1773371063.257387,CSI_DATA,163305,98:4a:6b:31:4a:10,-61,11,-99,-37,59,1,1795104212,83,0,256,0,"[0,0,0,0,0,0,0,0,-18,37,-30,33,-37,26,-42,14,-47,0,-47,-14,-42,-21,-35,-35,-28,-42,-18,-52,-7,-54,4,-54,16,-54,28,-45,40,-35,52,-28,56,-21,59,-4,61,7,56,18,54,30,47,37,42,52,26,64,11,66,-4,73,-14,73,-26,66,0,0,-59,45,-59,28,-66,11,-61,0,-61,-16,-52,-23,-49,-30,-40,-40,-26,-49,-16,-47,-4,-49,7,-49,14,-45,21,-42,33,-33,37,-28,35,-16,37,-4,37,0,40,7,33,16,26,21,21,23,11,26,4,28,0,30,-4,23,-14,23,0,0,0,0,0,0,0,0,0,0,0,0,0,0,-11,-40,-33,-28,-42,-7,-42,16,-33,37,-7,52,16,47,40,33,54,2,49,-23,28,-49,0,-56,-28,-49,-49,-26,-59,4,-47,35,-21,59,16,56,47,40,66,7,59,-30,35,-56,-4,-68,-37,-61,-61,-26,-68,9,-54,45,-23,68,0,0,56,49,66,14,64,-26,30,-54,0,-56,-33,-47,-52,-23,-49,9,-40,37,-9,45,16,42,35,26,42,2,35,-21,14,-40,-9,-42,-26,-28,-37,-9,-30,14,-21,33,-2,35,18,28,28,16,33,0,26,-18,11,-28,-4,-23,-16,-18,0,0,0,0,0,0]"
1773371063.2651267,CSI_DATA,163306,98:4a:6b:31:4a:10,-62,11,-99,-35,59,1,1795114027,83,0,256,0,"[0,0,0,0,0,0,0,0,31,-29,38,-20,40,-13,42,-2,47,11,47,22,42,29,31,40,20,44,8,51,0,49,-13,51,-17,53,-31,44,-38,35,-44,33,-51,26,-53,15,-60,2,-60,-6,-62,-20,-58,-26,-49,-44,-44,-53,-33,-62,-17,-67,-11,-67,6,-69,0,0,33,-64,42,-58,47,-47,53,-35,58,-20,62,-4,55,4,51,17,51,24,44,31,38,35,29,38,24,40,13,40,2,47,-4,44,-6,42,-15,38,-22,29,-29,22,-35,17,-29,11,-33,2,-29,0,-29,-8,-24,-13,-26,-13,-17,-20,0,0,0,0,0,0,0,0,0,0,0,0,0,0,0,42,22,38,35,20,42,-2,40,-26,20,-47,-6,-49,-35,-38,-53,-15,-53,17,-33,40,-6,53,29,49,47,20,58,-11,44,-38,15,-58,-20,-53,-51,-33,-62,0,-53,35,-24,62,22,60,49,42,69,4,67,-33,33,-58,-2,-69,0,0,-62,-15,-64,17,-40,49,-6,60,31,51,53,26,51,-6,35,-33,4,-42,-20,-38,-42,-22,-44,8,-29,29,-6,38,15,35,33,20,40,-2,31,-22,8,-38,-11,-35,-31,-22,-31,-2,-26,13,-13,29,6,26,20,17,24,6,26,-11,0,0,0,0,0,0]"
1773371063.2828329,CSI_DATA,163307,98:4a:6b:31:4a:10,-62,11,-99,-41,59,1,1795125112,83,0,256,0,"[0,0,0,0,0,0,0,0,-26,-31,-18,-39,-7,-42,5,-45,18,-45,26,-42,37,-31,47,-21,50,-7,53,2,47,15,47,23,42,34,34,45,21,50,13,55,0,58,-13,55,-26,55,-34,50,-45,42,-53,31,-61,21,-66,7,-69,-7,-66,-21,-61,-37,-53,-50,0,0,-23,-66,-10,-69,5,-69,18,-61,31,-55,37,-47,45,-37,50,-26,50,-13,50,-2,50,7,45,15,39,23,34,31,26,37,15,42,7,39,-2,37,-7,37,-15,34,-21,26,-26,21,-29,13,-29,7,-29,2,-26,-5,-26,-10,-21,-15,0,0,0,0,0,0,0,0,0,0,0,0,0,0,39,5,39,-18,23,-37,2,-45,-21,-42,-39,-23,-47,-2,-42,26,-23,45,2,50,34,42,50,21,53,-10,39,-39,13,-53,-18,-55,-47,-37,-58,-2,-53,29,-29,55,5,63,39,50,61,21,66,-18,45,-50,10,-66,-26,-63,-61,-39,0,0,-61,37,-29,61,5,66,39,45,53,15,53,-15,34,-42,5,-50,-23,-42,-42,-21,-45,5,-34,26,-10,42,13,39,31,21,39,0,34,-18,15,-31,-5,-34,-23,-26,-31,-7,-31,10,-18,23,-5,31,13,26,26,15,26,0,21,-13,0,0,0,0,0,0]"
1773371063.2906303,CSI_DATA,163308,98:4a:6b:31:4a:10,-62,11,-99,-37,59,1,1795138866,83,0,256,0,"[0,0,0,0,0,0,0,0,-21,30,-30,26,-35,18,-40,9,-47,0,-47,-9,-42,-23,-40,-33,-30,-37,-23,-45,-4,-49,-2,-54,9,-56,18,-52,30,-45,40,-37,45,-33,54,-21,61,-11,59,-2,64,11,64,21,64,28,52,40,40,52,28,66,16,68,0,71,0,0,-23,68,-37,56,-45,49,-56,37,-56,21,-56,14,-56,0,-56,-7,-52,-16,-47,-26,-37,-33,-28,-33,-23,-37,-16,-40,-4,-42,2,-45,9,-37,16,-35,18,-33,23,-26,28,-18,28,-9,33,-4,30,2,26,9,26,9,21,16,16,18,0,0,0,0,0,0,0,0,0,0,0,0,0,0,-7,-40,-30,-28,-45,-9,-49,9,-30,35,-9,47,16,47,45,33,54,0,49,-28,21,-52,-2,-56,-33,-40,-52,-14,-54,16,-35,45,-2,61,30,52,54,26,64,-7,40,-42,9,-64,-30,-54,-56,-33,-68,4,-59,35,-26,64,14,68,0,0,64,16,61,-21,35,-56,0,-59,-30,-47,-49,-21,-54,16,-30,37,-2,49,26,37,42,21,42,-11,30,-37,7,-42,-21,-37,-35,-16,-37,2,-26,26,-4,35,16,30,30,21,35,-4,28,-16,11,-28,-4,-28,-18,-18,-28,-7,-26,7,0,0,0,0,0,0]"
1773371063.2984688,CSI_DATA,163309,98:4a:6b:31:4a:10,-57,11,-99,31,37,1,1795148652,83,0,256,0,"[0,0,0,0,0,0,0,0,-67,-21,-54,-25,-54,-46,-46,-54,-33,-59,-29,-71,-8,-84,12,-75,29,-80,46,-71,54,-54,67,-54,75,-42,92,-33,84,-4,92,0,92,12,88,37,88,54,75,54,71,80,63,88,50,88,25,109,8,109,-21,109,-25,113,-54,105,0,0,-71,84,-84,75,-101,63,-105,25,-101,12,-105,4,-88,-21,-84,-25,-80,-33,-63,-63,-50,-63,-50,-67,-29,-75,-21,-63,-4,-75,8,-71,8,-59,21,-59,37,-59,33,-54,46,-37,46,-25,54,-25,59,-16,54,-4,54,4,46,12,46,25,0,0,0,0,0,0,0,0,0,0,0,0,0,0,59,-29,29,-63,0,-67,-46,-63,-80,-12,-71,21,-46,59,-12,75,46,63,67,37,84,-12,59,-71,21,-92,-42,-75,-71,-46,-84,4,-71,67,-21,92,42,96,88,54,96,-4,84,-75,25,-96,-37,-105,-84,-54,-96,8,-96,59,-33,101,0,0,84,67,113,-4,75,-67,21,-88,-33,-92,-67,-46,-84,8,-67,50,-12,84,21,71,59,46,75,-4,50,-37,12,-59,-42,-54,-59,-25,-67,8,-42,33,-12,50,25,46,54,25,54,-16,33,-46,12,-54,-25,-42,-37,-21,-50,8,-37,37,0,0,0,0,0,0]"
1773371063.3370605,CSI_DATA,163310,98:4a:6b:31:4a:10,-61,11,-99,-37,59,1,1795181607,83,0,256,0,"[0,0,0,0,0,0,0,0,-37,4,-42,-4,-40,-11,-35,-26,-28,-33,-26,-42,-14,-49,-4,-49,11,-52,18,-47,30,-42,35,-37,47,-30,49,-23,56,-9,56,-7,54,7,56,16,49,33,42,40,40,52,28,56,16,64,2,66,-4,64,-14,66,-30,59,-42,59,0,0,-61,37,-64,21,-64,9,-61,0,-59,-14,-56,-23,-45,-28,-37,-35,-30,-42,-21,-42,-14,-49,-7,-47,2,-47,11,-42,16,-37,28,-35,30,-30,28,-23,37,-18,37,-7,35,0,33,7,28,7,26,16,21,18,18,23,11,23,9,23,0,0,0,0,0,0,0,0,0,0,0,0,0,0,28,-35,2,-45,-18,-37,-37,-28,-45,2,-45,28,-23,45,4,52,35,40,52,18,49,-16,33,-42,7,-54,-30,-47,-49,-21,-56,7,-47,37,-9,56,26,59,47,35,66,2,49,-37,21,-61,-23,-68,-52,-47,-71,-4,-61,33,-35,64,0,0,45,54,66,11,64,-23,37,-47,0,-61,-33,-45,-49,-18,-49,16,-30,40,0,49,26,37,42,14,42,-9,30,-30,0,-37,-18,-35,-33,-16,-40,4,-23,23,-4,35,14,33,28,16,33,-4,23,-16,9,-28,-7,-28,-21,-16,-28,-2,0,0,0,0,0,0]"
1773371063.3456972,CSI_DATA,163311,98:4a:6b:31:4a:10,-61,11,-99,-34,59,1,1795194021,83,0,256,0,"[0,0,0,0,0,0,0,0,39,19,34,30,26,34,19,41,2,43,-6,45,-23,43,-32,39,-41,32,-45,26,-50,8,-52,0,-50,-8,-47,-21,-41,-34,-30,-45,-23,-52,-15,-60,-2,-63,8,-58,26,-60,32,-56,45,-50,56,-32,65,-28,76,-8,69,6,67,19,0,0,50,45,32,60,19,63,8,67,-6,63,-13,60,-23,54,-32,45,-41,34,-45,23,-50,10,-47,2,-47,-4,-45,-10,-34,-21,-30,-26,-21,-32,-15,-32,-6,-39,-4,-36,6,-32,17,-28,19,-28,23,-19,23,-10,26,-6,30,2,28,8,0,0,0,0,0,0,0,0,0,0,0,0,0,0,-39,13,-26,30,-4,45,19,45,41,30,52,6,50,-19,30,-41,2,-54,-30,-50,-52,-23,-58,4,-50,34,-21,54,8,58,36,45,56,13,56,-21,36,-52,2,-65,-36,-52,-58,-23,-65,10,-52,45,-17,67,13,65,54,43,73,6,0,0,41,-58,4,-71,-30,-56,-54,-28,-52,8,-39,36,-13,52,17,50,43,30,52,2,41,-21,19,-36,-10,-43,-30,-30,-45,-6,-39,17,-23,32,0,39,19,32,36,13,36,-8,23,-26,6,-32,-10,-30,-23,-23,-28,-6,-28,10,-15,21,0,0,0,0,0,0]"
1773371063.3550305,CSI_DATA,163312,98:4a:6b:31:4a:10,-57,11,-99,29,37,1,1795203651,83,0,256,0,"[0,0,0,0,0,0,0,0,-58,-31,-49,-53,-44,-49,-26,-67,0,-75,8,-80,31,-75,49,-75,58,-58,62,-53,75,-31,80,-8,89,0,93,31,80,40,67,44,62,67,53,80,40,89,17,89,-4,98,-8,98,-31,102,-53,102,-80,80,-84,75,-93,49,-111,31,0,0,-125,-4,-107,-31,-93,-53,-89,-62,-71,-62,-58,-75,-35,-89,-17,-80,-4,-93,8,-84,26,-80,35,-71,44,-58,49,-53,67,-35,75,-31,67,-8,62,0,67,17,53,17,49,22,49,35,26,44,31,53,22,58,4,44,0,53,-13,44,0,0,0,0,0,0,0,0,0,0,0,0,0,0,67,-22,49,-49,8,-67,-26,-67,-58,-53,-84,-4,-75,40,-53,71,4,93,58,67,84,31,89,-26,62,-75,0,-93,-44,-80,-84,-35,-93,17,-75,67,-31,102,44,98,80,53,98,4,84,-62,31,-93,-26,-102,-80,-71,-125,-13,-89,40,0,0,0,102,71,75,107,31,98,-35,53,-71,0,-93,-40,-71,-80,-22,-80,22,-49,62,-8,75,44,62,71,26,62,-13,44,-62,0,-67,-35,-53,-53,-31,-62,17,-35,53,-13,58,26,53,44,26,53,-8,35,-22,17,-53,-8,-49,-40,-22,0,0,0,0,0,0]"
1773371063.3638766,CSI_DATA,163313,98:4a:6b:31:4a:10,-62,11,-99,-42,59,1,1795214610,83,0,256,0,"[0,0,0,0,0,0,0,0,35,24,27,32,19,41,8,43,-5,46,-16,46,-30,41,-41,32,-46,24,-52,10,-52,2,-54,-10,-49,-24,-43,-32,-35,-41,-27,-49,-16,-54,-5,-57,8,-60,19,-60,32,-54,41,-49,52,-41,60,-27,65,-16,71,-2,68,13,62,27,0,0,46,52,35,60,21,65,8,65,-5,62,-19,57,-27,49,-35,43,-41,32,-46,21,-46,10,-49,2,-46,-5,-43,-13,-35,-21,-30,-30,-24,-32,-16,-32,-8,-38,-2,-35,8,-35,13,-32,19,-27,24,-19,24,-13,27,-8,30,-2,27,5,0,0,0,0,0,0,0,0,0,0,0,0,0,0,-41,8,-32,27,-16,41,8,43,30,38,46,16,49,-10,35,-35,10,-52,-19,-49,-43,-32,-57,-5,-49,24,-27,49,2,57,35,46,54,21,57,-13,43,-43,10,-62,-24,-57,-54,-35,-65,0,-57,35,-24,62,10,68,49,52,68,16,0,0,41,-54,5,-65,-30,-57,-54,-27,-57,5,-43,35,-16,52,13,49,41,30,49,2,41,-21,19,-38,-5,-43,-27,-30,-41,-8,-38,16,-21,32,0,38,19,30,35,13,32,-5,24,-21,8,-30,-8,-30,-24,-19,-30,-2,-24,10,-16,21,0,0,0,0,0,0]"
1773371063.3822298,CSI_DATA,163314,98:4a:6b:31:4a:10,-62,11,-99,-40,59,1,1795227385,83,0,256,0,"[0,0,0,0,0,0,0,0,-36,20,-41,12,-43,2,-46,-5,-41,-15,-38,-28,-33,-38,-23,-46,-15,-51,-2,-54,7,-54,18,-51,28,-46,36,-41,43,-33,51,-25,56,-15,62,-5,59,2,59,18,54,25,49,36,43,49,36,56,25,64,15,67,2,72,-12,69,0,0,-38,59,-49,46,-56,38,-59,28,-59,15,-59,2,-56,-7,-54,-15,-49,-23,-41,-33,-33,-38,-25,-41,-18,-43,-7,-43,0,-43,7,-41,12,-38,20,-33,28,-28,28,-25,33,-15,33,-10,33,-5,28,2,28,7,25,12,23,15,18,20,0,0,0,0,0,0,0,0,0,0,0,0,0,0,10,-43,-12,-41,-33,-28,-46,-5,-43,20,-25,41,0,51,25,46,49,20,51,-5,41,-38,12,-54,-20,-51,-46,-33,-56,-2,-49,31,-23,56,12,56,46,41,62,7,56,-28,31,-59,-5,-67,-43,-54,-64,-18,-64,23,-41,59,-2,69,0,0,64,31,67,-12,46,-49,10,-59,-25,-51,-49,-28,-54,7,-41,36,-12,49,18,46,38,25,43,-2,33,-25,10,-41,-15,-36,-33,-20,-38,0,-31,23,-12,36,10,36,25,20,36,2,28,-18,15,-28,-5,-28,-18,-23,-25,-7,-25,7,0,0,0,0,0,0]"
1773371063.390765,CSI_DATA,163315,98:4a:6b:31:4a:10,-62,11,-99,-43,59,1,1795228976,83,0,256,0,"[0,0,0,0,0,0,0,0,-25,-33,-16,-39,-8,-45,2,-45,16,-45,25,-39,36,-36,42,-28,47,-16,50,-5,53,5,53,16,47,25,42,36,36,42,28,50,16,53,5,59,-2,59,-14,59,-25,56,-36,53,-47,45,-56,36,-62,25,-67,14,-73,0,-70,-14,0,0,-59,-39,-50,-47,-36,-56,-25,-59,-14,-62,0,-59,11,-59,19,-53,25,-47,33,-39,36,-31,42,-25,45,-16,45,-5,45,2,42,11,39,19,33,22,25,25,22,31,14,31,5,33,0,33,-5,31,-8,25,-14,25,-16,19,-22,14,0,0,0,0,0,0,0,0,0,0,0,0,0,0,42,5,39,-16,25,-36,2,-47,-22,-42,-45,-25,-50,2,-42,31,-19,50,11,50,39,39,56,11,53,-25,31,-47,0,-56,-33,-45,-56,-19,-59,14,-42,45,-5,62,28,53,56,28,64,-8,50,-45,16,-64,-22,-64,-56,-42,-70,-2,0,0,-28,64,8,64,45,47,62,11,56,-22,28,-45,-2,-53,-33,-39,-50,-11,-45,16,-25,39,0,45,25,36,39,14,36,-11,25,-33,0,-36,-22,-31,-33,-14,-36,8,-25,28,-5,33,14,31,25,16,31,-2,22,-16,8,-25,-5,-28,0,0,0,0,0,0]"
1773371063.399314,CSI_DATA,163316,98:4a:6b:31:4a:10,-62,11,-99,-34,59,1,1795246766,83,0,256,0,"[0,0,0,0,0,0,0,0,28,32,19,41,10,43,4,45,-8,47,-21,45,-32,41,-39,34,-45,26,-50,17,-52,6,-54,-4,-54,-17,-50,-26,-43,-34,-36,-41,-30,-47,-21,-54,-10,-58,0,-60,8,-60,17,-58,32,-58,43,-54,52,-47,58,-34,67,-21,71,-10,0,0,71,13,65,26,58,34,47,43,39,50,26,54,17,56,8,54,-2,54,-13,50,-17,47,-26,43,-32,34,-36,28,-39,21,-41,13,-41,4,-41,0,-36,-8,-34,-13,-30,-17,-26,-23,-19,-26,-13,-28,-8,-28,-4,-28,2,-26,6,-23,0,0,0,0,0,0,0,0,0,0,0,0,0,0,-43,-4,-36,19,-21,39,4,45,28,39,45,19,50,-10,36,-34,8,-50,-21,-50,-45,-30,-54,2,-45,32,-19,52,15,54,43,36,58,4,54,-28,26,-56,-13,-63,-43,-43,-63,-8,-60,26,-32,58,6,69,45,54,67,19,67,-21,0,0,0,-67,-36,-56,-58,-21,-60,15,-36,43,-6,56,26,45,47,21,50,-13,32,-36,4,-45,-21,-39,-41,-19,-39,10,-28,30,-4,39,19,32,34,15,34,-6,26,-26,6,-36,-15,-32,-28,-15,-30,2,-23,19,-6,28,8,28,21,17,0,0,0,0,0,0]"
1773371063.407314,CSI_DATA,163317,98:4a:6b:31:4a:10,-58,11,-99,34,37,1,1795258278,83,0,256,0,"[0,0,0,0,0,0,0,0,23,-65,34,-54,58,-46,54,-19,77,-7,77,7,81,23,65,46,61,58,34,65,30,81,7,81,-7,92,-19,88,-42,73,-54,69,-69,61,-85,34,-96,23,-96,-3,-100,-7,-96,-30,-77,-58,-69,-81,-61,-81,-42,-104,-27,-104,11,-127,0,0,54,-116,69,-85,77,-65,88,-42,100,-34,92,-3,92,7,81,23,77,38,58,46,46,69,42,61,23,69,11,73,-15,69,-30,69,-23,54,-42,54,-46,42,-50,27,-54,19,-58,0,-50,-7,-50,-23,-46,-23,-30,-30,-27,-38,-11,-50,0,0,0,0,0,0,0,0,0,0,0,0,0,0,30,65,61,42,73,3,73,-38,38,-61,3,-77,-42,-65,-69,-46,-81,19,-61,50,-27,85,15,88,65,61,81,15,85,-34,58,-77,15,-92,-50,-77,-81,-38,-85,23,-77,61,-27,92,30,108,92,61,100,-3,88,-61,38,-108,-19,-123,0,0,-96,-30,-108,38,-65,100,-7,96,50,81,81,42,88,-15,65,-46,15,-85,-30,-61,-58,-42,-77,3,-54,34,-23,50,11,69,50,38,65,3,50,-30,34,-46,-7,-65,-30,-42,-50,-23,-50,15,-46,34,-3,38,19,34,30,27,42,0,0,0,0,0,0,0]"
1773371063.4252646,CSI_DATA,163318,98:4a:6b:31:4a:10,-57,11,-99,32,37,1,1795268468,83,0,256,0,"[0,0,0,0,0,0,0,0,-45,-49,-32,-57,-16,-73,-4,-73,8,-73,40,-69,53,-61,61,-53,73,-45,86,-24,90,4,77,4,86,28,73,40,69,57,45,69,49,94,36,86,12,94,8,102,-24,86,-28,106,-45,86,-69,81,-98,77,-102,61,-110,32,-106,20,0,0,-114,-20,-110,-40,-102,-53,-94,-57,-57,-86,-53,-81,-32,-94,-16,-94,12,-86,28,-81,36,-73,45,-77,49,-61,57,-57,61,-40,81,-32,69,-8,65,4,57,16,57,20,57,28,40,36,28,40,24,36,8,45,0,45,8,49,-16,36,0,0,0,0,0,0,0,0,0,0,0,0,0,0,53,8,69,-16,40,-49,12,-69,-32,-57,-86,-28,-81,16,-61,40,-16,86,16,73,69,45,86,-4,81,-45,32,-81,-16,-94,-53,-69,-94,-12,-81,45,-40,86,8,98,73,73,106,24,86,-45,49,-90,8,-102,-69,-94,-102,-16,-114,36,0,0,-12,98,53,94,94,36,106,-20,49,-65,24,-90,-40,-57,-65,-28,-69,16,-57,49,-16,61,32,57,65,12,65,-20,40,-45,-4,-61,-36,-49,-57,-28,-53,12,-32,36,-12,57,36,53,53,32,53,4,40,-40,8,-40,-20,-36,-45,-32,0,0,0,0,0,0]"
1773371063.4362733,CSI_DATA,163319,98:4a:6b:31:4a:10,-62,11,-99,-34,59,1,1795284451,83,0,256,0,"[0,0,0,0,0,0,0,0,41,-6,43,4,41,15,36,26,30,36,19,43,6,50,-4,52,-17,47,-28,45,-36,36,-47,28,-52,19,-54,6,-54,-6,-54,-19,-50,-30,-45,-39,-34,-47,-26,-54,-13,-60,-2,-63,13,-63,28,-60,41,-56,54,-45,63,-34,67,-21,0,0,69,8,65,23,56,39,47,45,36,52,21,56,10,56,-2,54,-10,52,-21,47,-30,41,-36,32,-41,26,-43,15,-43,6,-43,-4,-39,-13,-34,-19,-28,-26,-21,-28,-15,-32,-6,-34,0,-32,8,-28,10,-26,17,-23,21,-17,21,-10,0,0,0,0,0,0,0,0,0,0,0,0,0,0,-23,34,-2,43,19,41,39,26,50,4,45,-26,28,-43,2,-54,-28,-45,-47,-23,-54,6,-45,34,-19,54,13,58,41,41,58,10,56,-21,34,-52,0,-63,-36,-54,-58,-26,-63,10,-50,45,-17,65,23,67,54,45,71,6,67,-32,0,0,-2,-69,-36,-54,-63,-23,-63,15,-39,43,-10,56,21,50,43,30,54,0,41,-30,17,-45,-10,-43,-32,-28,-41,-4,-36,19,-21,36,2,41,23,30,36,10,34,-10,26,-28,6,-34,-13,-32,-26,-17,-30,-2,-26,15,-13,26,2,28,0,0,0,0,0,0]"
1773371063.4438496,CSI_DATA,163320,98:4a:6b:31:4a:10,-61,11,-99,-43,59,1,1795294288,83,0,256,0,"[0,0,0,0,0,0,0,0,-11,42,-25,36,-28,28,-36,22,-45,14,-47,2,-47,-14,-47,-19,-42,-28,-36,-39,-25,-45,-22,-50,-11,-53,0,-53,14,-53,22,-50,31,-45,42,-42,53,-36,50,-28,56,-19,64,-5,64,2,64,16,64,31,59,42,50,53,36,59,0,0,14,64,-2,70,-16,70,-28,62,-33,53,-42,47,-45,31,-50,28,-50,14,-53,5,-50,-2,-47,-11,-45,-16,-39,-22,-33,-28,-25,-33,-16,-33,-8,-36,-2,-39,2,-33,8,-33,14,-31,19,-25,22,-19,22,-14,25,-11,28,-5,28,2,0,0,0,0,0,0,0,0,0,0,0,0,0,0,-16,-39,-36,-22,-47,2,-39,25,-22,45,5,50,28,42,50,19,53,-14,36,-42,2,-56,-25,-50,-50,-25,-62,8,-47,36,-19,56,19,56,47,33,59,0,56,-36,22,-59,-16,-64,-50,-42,-70,-8,-62,33,-31,59,11,70,50,53,0,0,67,-22,45,-56,2,-67,-36,-50,-50,-22,-56,11,-33,47,-2,50,28,45,47,19,47,-8,31,-31,0,-42,-22,-36,-39,-14,-39,14,-28,25,-2,36,19,36,36,14,33,-5,28,-25,5,-33,-11,-31,-25,-19,-31,0,-25,14,-11,22,0,0,0,0,0,0]"
1773371063.4612586,CSI_DATA,163321,98:4a:6b:31:4a:10,-62,11,-99,-36,59,1,1795304097,83,0,256,0,"[0,0,0,0,0,0,0,0,-43,4,-43,-4,-43,-16,-36,-25,-27,-36,-18,-43,-4,-48,4,-50,18,-48,27,-46,39,-36,43,-29,50,-20,52,-9,52,2,52,16,52,27,46,36,39,46,29,52,18,57,4,59,-6,62,-25,62,-34,59,-46,55,-52,46,-62,32,0,0,-69,0,-64,-13,-62,-29,-52,-36,-41,-46,-32,-52,-20,-55,-6,-52,2,-52,13,-48,23,-46,29,-39,34,-32,36,-25,41,-16,41,-6,39,2,39,11,36,18,29,23,25,27,16,32,9,29,2,29,-2,27,-9,25,-13,23,-18,18,0,0,0,0,0,0,0,0,0,0,0,0,0,0,27,-32,6,-41,-18,-41,-39,-25,-48,-4,-48,25,-29,41,-2,52,25,46,48,25,55,-6,43,-34,18,-55,-13,-57,-43,-39,-57,-9,-55,25,-29,52,4,64,39,50,62,20,66,-18,48,-48,11,-66,-25,-64,-57,-34,-69,4,-59,41,0,0,13,73,46,50,64,16,57,-20,34,-48,0,-57,-32,-46,-50,-18,-50,9,-34,34,-9,46,20,39,36,18,41,-6,29,-27,9,-41,-11,-39,-32,-25,-36,-4,-29,18,-16,29,6,34,23,23,32,9,29,-6,20,-23,4,-27,-11,-25,0,0,0,0,0,0]"
1773371063.4685965,CSI_DATA,163322,98:4a:6b:31:4a:10,-62,11,-99,-37,59,1,1795313790,83,0,256,0,"[0,0,0,0,0,0,0,0,-7,42,-16,40,-28,33,-37,26,-45,14,-49,2,-49,-11,-42,-23,-37,-35,-28,-42,-16,-52,-4,-52,9,-54,21,-52,33,-45,42,-37,49,-28,56,-18,61,-2,61,9,59,21,52,35,45,47,35,59,21,66,4,68,-11,68,-30,66,0,0,-54,47,-61,33,-64,16,-66,2,-59,-14,-54,-23,-45,-33,-37,-42,-28,-47,-16,-52,-4,-49,7,-47,16,-42,23,-37,33,-30,37,-23,40,-14,40,-4,37,4,35,14,30,21,23,23,16,26,9,28,2,30,-4,28,-9,26,-14,21,0,0,0,0,0,0,0,0,0,0,0,0,0,0,-26,-35,-40,-16,-45,4,-37,26,-18,45,4,52,30,42,47,21,54,-7,42,-33,18,-52,-11,-56,-37,-40,-54,-14,-56,16,-37,45,-9,59,23,56,54,35,64,2,54,-33,28,-59,-9,-66,-42,-54,-66,-23,-71,16,-49,52,-16,71,0,0,54,45,68,7,61,-28,35,-54,-2,-59,-33,-47,-52,-21,-52,9,-37,35,-11,49,14,45,37,28,45,2,35,-23,18,-37,-4,-40,-26,-30,-35,-11,-35,9,-26,28,-7,35,14,30,28,18,33,2,26,-14,16,-26,0,-30,-14,-26,0,0,0,0,0,0]"
1773371063.475919,CSI_DATA,163323,98:4a:6b:31:4a:10,-57,11,-99,30,37,1,1795323596,83,0,256,0,"[0,0,0,0,0,0,0,0,-47,-56,-39,-56,-30,-65,-17,-78,0,-69,30,-73,43,-65,56,-52,73,-39,82,-26,86,-4,86,17,86,30,69,47,60,60,52,82,30,73,21,91,0,108,-8,95,-39,91,-43,78,-73,82,-86,73,-104,52,-108,17,-117,4,-112,-8,0,0,-91,-65,-78,-91,-65,-91,-39,-99,-26,-95,8,-104,17,-99,39,-82,52,-73,56,-65,73,-43,78,-43,78,-13,69,-8,69,13,73,17,60,39,52,39,43,56,30,52,13,60,-8,56,-17,52,-21,47,-21,43,-30,30,-39,30,-52,17,0,0,0,0,0,0,0,0,0,0,0,0,0,0,60,-4,60,-30,21,-60,-13,-65,-52,-56,-65,-30,-78,4,-65,56,-13,82,30,78,78,52,86,0,82,-52,43,-73,-13,-86,-56,-65,-91,-21,-86,30,-60,91,0,91,52,78,99,43,99,-26,73,-73,26,-108,-43,-95,-91,-60,-130,4,0,0,-52,104,8,104,65,78,95,17,86,-26,47,-73,8,-86,-43,-65,-78,-21,-69,21,-47,60,-17,69,34,60,56,21,60,-13,43,-47,8,-56,-21,-65,-56,-34,-65,8,-34,39,-26,56,8,56,34,34,56,13,43,-13,34,-43,0,-39,0,0,0,0,0,0]"
1773371063.4827945,CSI_DATA,163324,98:4a:6b:31:4a:10,-62,11,-99,-38,59,1,1795323955,83,0,256,0,"[0,0,0,0,0,0,0,0,4,-41,14,-41,24,-36,34,-29,41,-21,48,-12,48,0,48,12,46,24,39,34,31,41,24,48,14,53,2,56,-9,53,-19,51,-29,48,-41,43,-48,34,-56,24,-58,14,-61,2,-63,-9,-61,-24,-58,-36,-48,-46,-41,-56,-29,-65,0,0,2,-68,12,-65,24,-61,36,-53,43,-43,51,-31,56,-21,53,-9,53,2,51,12,46,17,41,24,34,29,29,36,17,41,9,41,2,41,-7,39,-14,34,-19,31,-24,24,-26,19,-29,12,-31,7,-29,0,-26,-4,-26,-9,-21,-12,0,0,0,0,0,0,0,0,0,0,0,0,0,0,26,31,39,14,43,-9,34,-31,12,-46,-14,-48,-36,-34,-51,-9,-48,21,-29,43,-2,53,29,46,51,21,53,-7,41,-39,12,-56,-19,-56,-48,-34,-61,0,-51,34,-24,58,12,63,46,48,65,17,61,-26,39,-58,0,-70,-36,-58,0,0,-65,12,-48,46,-17,63,21,56,48,31,56,2,43,-29,19,-48,-12,-48,-34,-29,-46,-2,-39,21,-17,39,7,41,29,26,39,4,36,-14,19,-31,-2,-34,-19,-29,-31,-9,-34,7,-21,24,-4,31,12,26,24,14,26,0,24,-14,0,0,0,0,0,0]"
1773371063.4995794,CSI_DATA,163325,98:4a:6b:31:4a:10,-57,11,-99,31,37,1,1795344613,83,0,256,0,"[0,0,0,0,0,0,0,0,67,-29,71,-16,80,4,63,16,50,42,42,54,37,71,21,80,4,84,-25,75,-37,84,-42,67,-54,63,-63,46,-80,25,-84,16,-88,-8,-101,-21,-92,-42,-80,-50,-63,-67,-50,-80,-46,-92,-16,-101,-4,-122,12,-105,33,-109,71,-84,0,0,84,-71,101,-29,101,-21,105,-4,84,16,92,37,71,59,67,59,42,80,29,80,21,88,0,84,-12,80,-25,75,-42,71,-42,59,-54,46,-67,21,-63,21,-63,4,-63,-8,-46,-16,-54,-25,-29,-25,-25,-37,-21,-37,-25,-42,-12,-42,0,0,0,0,0,0,0,0,0,0,0,0,0,0,-25,63,0,71,42,54,75,25,71,-16,63,-54,25,-84,-21,-67,-63,-50,-80,-16,-75,33,-46,75,8,88,54,71,84,33,88,-25,67,-80,21,-88,-46,-84,-92,-46,-92,12,-75,59,-29,105,33,105,84,59,105,12,84,-59,46,-101,0,0,-59,-80,-96,-33,-101,29,-54,71,0,96,50,84,75,37,84,-21,50,-54,16,-67,-33,-67,-67,-25,-59,16,-33,42,-8,63,21,67,50,25,54,-12,54,-37,8,-46,-12,-54,-50,-33,-59,8,-37,25,-21,42,0,46,33,29,42,16,0,0,0,0,0,0]"
1773371063.5063345,CSI_DATA,163326,98:4a:6b:31:4a:10,-57,11,-99,34,37,1,1795355299,83,0,256,0,"[0,0,0,0,0,0,0,0,-42,-46,-42,-54,-19,-61,3,-61,19,-65,34,-69,54,-61,61,-30,81,-15,77,-7,77,19,73,30,61,54,58,54,46,73,23,85,3,85,-15,88,-30,81,-58,85,-81,73,-85,54,-92,34,-112,3,-104,-11,-96,-30,-108,-65,-77,-85,0,0,-38,-92,-19,-112,15,-100,30,-108,50,-85,65,-73,77,-58,88,-34,77,-19,77,0,77,23,77,38,65,54,54,58,34,61,19,61,3,69,-7,65,-11,61,-27,46,-38,38,-50,30,-50,11,-38,3,-46,-7,-50,-11,-46,-34,-30,-27,0,0,0,0,0,0,0,0,0,0,0,0,0,0,61,3,61,-34,23,-58,0,-65,-30,-69,-73,-34,-77,7,-65,46,-38,81,7,81,54,61,81,30,81,-23,65,-73,15,-81,-30,-85,-73,-54,-96,-7,-88,50,-46,92,0,104,58,77,104,38,104,-34,77,-77,19,-108,-34,-104,-96,-65,0,0,-104,58,-38,88,0,112,50,73,73,30,85,-11,58,-73,19,-77,-34,-61,-65,-42,-73,11,-58,42,-19,69,15,54,54,34,73,11,54,-15,27,-50,-3,-58,-30,-42,-61,-19,-58,3,-38,34,-7,46,15,50,38,30,38,19,34,-23,0,0,0,0,0,0]"
1773371063.533875,CSI_DATA,163327,98:4a:6b:31:4a:10,-62,11,-99,-42,59,1,1795378047,83,0,256,0,"[0,0,0,0,0,0,0,0,35,19,30,30,21,38,13,43,0,43,-10,46,-27,38,-32,32,-46,24,-49,13,-54,5,-49,-10,-49,-19,-43,-32,-35,-43,-27,-52,-16,-57,-5,-54,8,-60,16,-54,30,-52,43,-43,52,-32,65,-24,62,-8,68,5,65,21,60,35,0,0,35,60,24,60,8,62,-2,65,-16,60,-27,52,-35,41,-43,32,-46,21,-46,10,-46,2,-46,-5,-43,-13,-38,-24,-30,-27,-24,-32,-10,-35,-5,-38,2,-35,10,-35,19,-30,21,-27,24,-16,27,-10,30,-5,27,2,24,5,21,10,0,0,0,0,0,0,0,0,0,0,0,0,0,0,-43,10,-32,30,-8,43,13,46,35,30,52,13,49,-16,35,-41,8,-52,-19,-52,-46,-30,-52,-5,-49,27,-30,49,2,57,32,46,54,19,57,-10,43,-46,8,-60,-24,-62,-52,-38,-68,-2,-57,30,-35,62,2,71,43,57,65,27,0,0,49,-43,16,-65,-21,-62,-49,-35,-60,-2,-49,27,-24,46,5,52,30,38,46,13,43,-13,27,-32,2,-41,-21,-38,-38,-13,-41,8,-27,27,-8,38,13,35,27,21,35,5,30,-16,16,-27,0,-30,-16,-24,-24,-10,-30,2,-21,16,0,0,0,0,0,0]"
1773371063.541135,CSI_DATA,163328,98:4a:6b:31:4a:10,-61,11,-99,-34,59,1,1795387927,83,0,256,0,"[0,0,0,0,0,0,0,0,34,23,28,34,21,41,13,45,-2,47,-13,47,-26,45,-32,41,-43,32,-47,23,-52,10,-56,0,-54,-10,-52,-19,-47,-32,-41,-39,-34,-47,-26,-56,-15,-58,-4,-63,8,-65,21,-63,30,-58,43,-54,52,-45,63,-36,69,-21,71,-8,0,0,71,19,63,30,54,43,43,50,32,54,21,56,8,60,2,58,-8,54,-19,50,-23,43,-32,36,-39,30,-43,21,-41,15,-43,6,-41,-2,-39,-8,-34,-15,-30,-21,-23,-23,-19,-30,-13,-30,-4,-30,0,-28,4,-28,10,-26,15,-21,0,0,0,0,0,0,0,0,0,0,0,0,0,0,-43,6,-32,28,-15,45,10,45,34,34,50,10,47,-17,32,-43,4,-56,-26,-50,-50,-26,-56,6,-43,36,-15,56,19,56,47,34,60,4,52,-32,26,-60,-13,-63,-45,-45,-65,-8,-60,28,-34,60,6,69,43,54,69,21,69,-21,0,0,6,-69,-32,-58,-60,-30,-63,10,-43,39,-13,54,21,47,43,30,52,-4,39,-32,13,-47,-15,-41,-34,-23,-41,2,-32,26,-13,39,10,36,32,23,39,0,32,-19,15,-34,-6,-34,-21,-23,-30,-6,-28,13,-17,26,0,28,15,23,0,0,0,0,0,0]"
1773371063.5483873,CSI_DATA,163329,98:4a:6b:31:4a:10,-61,11,-99,-34,59,1,1795388268,83,0,256,0,"[0,0,0,0,0,0,0,0,43,4,41,15,39,26,32,32,21,41,13,47,0,50,-10,52,-21,50,-32,45,-41,39,-47,28,-54,17,-56,8,-56,-2,-54,-15,-52,-26,-47,-36,-43,-45,-34,-52,-21,-58,-13,-63,0,-67,15,-67,23,-69,39,-58,50,-52,58,-43,0,0,69,-19,69,-2,67,13,65,21,52,32,45,39,36,47,26,50,17,52,6,54,-2,52,-10,47,-19,43,-26,39,-32,32,-34,23,-39,17,-39,10,-39,2,-36,-4,-34,-10,-30,-19,-23,-21,-17,-23,-15,-26,-8,-26,-2,-26,4,-26,0,0,0,0,0,0,0,0,0,0,0,0,0,0,-34,28,-15,41,8,45,30,34,47,10,47,-15,32,-41,8,-52,-23,-50,-45,-28,-56,2,-45,34,-19,54,15,56,43,39,58,8,52,-28,30,-56,-6,-63,-41,-47,-60,-15,-60,23,-41,54,-2,69,39,58,65,28,69,-15,52,-50,0,0,-26,-65,-58,-34,-65,2,-50,39,-19,56,15,52,43,32,54,2,45,-26,19,-45,-8,-45,-32,-30,-43,-2,-36,21,-17,39,8,39,28,26,36,4,34,-15,19,-32,-2,-36,-21,-26,-32,-8,-30,8,-19,23,-4,30,15,26,26,13,0,0,0,0,0,0]"
1773371063.5565007,CSI_DATA,163330,98:4a:6b:31:4a:10,-57,11,-99,30,37,1,1795407479,83,0,256,0,"[0,0,0,0,0,0,0,0,34,47,26,60,8,73,-8,73,-30,69,-47,73,-60,47,-69,39,-78,17,-86,4,-86,-4,-82,-30,-78,-43,-60,-52,-52,-73,-43,-82,-21,-95,-13,-95,0,-104,17,-95,39,-86,47,-91,78,-78,91,-60,99,-56,108,-34,125,-8,121,8,0,0,95,47,91,65,78,73,52,95,39,104,26,108,8,99,-26,95,-34,95,-43,69,-47,69,-56,52,-65,34,-73,30,-69,8,-73,4,-60,-17,-65,-26,-52,-30,-52,-34,-34,-43,-26,-47,-17,-47,0,-56,-4,-47,21,-39,8,-52,26,-34,0,0,0,0,0,0,0,0,0,0,0,0,0,0,-65,-30,-65,17,-52,56,-13,73,30,65,69,47,82,4,78,-43,39,-91,-21,-86,-65,-73,-91,-13,-86,34,-47,78,-8,91,52,73,95,30,86,-21,56,-86,13,-99,-52,-82,-95,-47,-104,17,-69,82,-17,108,39,104,91,52,121,-4,0,0,43,-104,-26,-104,-73,-69,-99,-4,-86,47,-43,82,13,86,65,52,78,8,65,-34,34,-69,-13,-60,-60,-43,-65,-4,-60,39,-21,52,8,56,43,39,52,8,47,-21,26,-47,-8,-52,-39,-34,-47,-8,-56,17,-21,39,-8,43,17,39,0,0,0,0,0,0]"
1773371063.5738661,CSI_DATA,163331,98:4a:6b:31:4a:10,-62,11,-99,-38,59,1,1795417866,83,0,256,0,"[0,0,0,0,0,0,0,0,-12,41,-21,36,-34,31,-41,21,-46,9,-48,0,-48,-12,-43,-24,-36,-34,-29,-41,-19,-48,-9,-53,2,-53,14,-51,24,-48,36,-43,43,-36,53,-26,58,-17,58,-4,61,4,58,19,58,29,48,43,43,56,31,63,19,68,2,73,0,0,-26,65,-39,56,-48,43,-56,34,-58,21,-58,7,-56,-2,-53,-12,-48,-24,-41,-31,-34,-39,-24,-41,-17,-43,-7,-46,2,-41,9,-41,17,-36,24,-29,26,-24,31,-17,34,-9,34,-2,31,2,26,7,24,14,19,17,17,19,9,21,0,0,0,0,0,0,0,0,0,0,0,0,0,0,-19,-39,-36,-21,-43,0,-39,24,-24,41,2,51,26,43,46,21,51,-7,41,-31,17,-51,-14,-53,-43,-36,-56,-9,-53,21,-31,48,0,58,34,48,58,21,61,-14,43,-46,12,-63,-24,-58,-58,-36,-65,2,-56,39,-24,65,14,68,0,0,65,17,61,-21,39,-51,2,-61,-31,-51,-51,-24,-53,9,-36,36,-9,46,17,43,39,24,43,0,31,-24,12,-41,-12,-39,-31,-24,-39,-2,-31,19,-14,31,4,34,21,26,34,9,31,-9,19,-24,2,-29,-12,-24,-24,-14,-29,0,0,0,0,0,0,0]"
1773371063.5815032,CSI_DATA,163332,98:4a:6b:31:4a:10,-62,11,-99,-34,59,1,1795427872,83,0,256,0,"[0,0,0,0,0,0,0,0,-36,-17,-32,-26,-28,-34,-21,-41,-8,-45,0,-47,10,-50,19,-47,30,-41,39,-34,45,-26,50,-17,56,-8,56,0,56,10,52,21,45,30,43,39,34,47,28,54,17,58,8,63,0,65,-15,65,-23,63,-36,58,-47,50,-58,41,0,0,-69,19,-67,6,-65,-6,-63,-15,-54,-26,-47,-34,-41,-41,-32,-45,-23,-47,-15,-50,-6,-50,2,-45,13,-43,17,-41,21,-36,28,-32,32,-23,34,-19,36,-10,36,-4,34,2,32,8,28,13,23,17,23,19,17,21,13,23,6,23,0,0,0,0,0,0,0,0,0,0,0,0,0,0,41,-15,26,-34,4,-45,-19,-41,-41,-23,-50,4,-41,32,-17,47,10,52,39,36,54,8,50,-23,28,-47,-4,-54,-36,-43,-52,-15,-54,19,-34,50,0,65,34,50,58,19,60,-17,41,-50,4,-67,-36,-60,-65,-26,-67,15,-50,52,0,0,26,63,58,30,63,-8,47,-41,13,-56,-19,-52,-45,-28,-50,4,-36,32,-13,47,17,43,36,23,43,-4,32,-26,8,-39,-15,-36,-32,-17,-34,4,-28,23,-8,34,13,34,28,19,32,-2,26,-17,10,-28,-6,-28,-21,-19,-28,-2,0,0,0,0,0,0]"
1773371063.5886338,CSI_DATA,163333,98:4a:6b:31:4a:10,-62,11,-99,-38,59,1,1795438742,83,0,256,0,"[0,0,0,0,0,0,0,0,-24,-34,-14,-41,-4,-43,7,-43,19,-43,31,-39,41,-29,46,-19,51,-9,53,0,51,12,48,24,43,34,36,43,24,48,14,56,4,58,-7,58,-17,58,-31,53,-39,46,-48,39,-56,29,-65,17,-65,4,-70,-9,-68,-21,-61,-36,0,0,-39,-56,-26,-61,-14,-65,0,-63,9,-61,21,-56,29,-48,36,-41,43,-29,43,-19,48,-9,48,0,48,7,43,14,36,21,31,29,24,34,14,36,7,36,0,36,-4,36,-12,31,-17,26,-19,21,-21,14,-24,9,-26,4,-26,0,0,0,0,0,0,0,0,0,0,0,0,0,0,0,41,9,41,-12,29,-34,4,-46,-19,-43,-41,-29,-51,-4,-46,24,-24,46,2,51,34,43,51,19,53,-12,39,-41,12,-56,-21,-53,-48,-34,-58,0,-48,36,-21,58,14,61,48,43,65,12,63,-26,34,-58,0,-68,-39,-56,-65,-24,0,0,-48,51,-12,63,24,61,51,34,58,0,43,-31,17,-51,-12,-51,-39,-31,-46,-4,-39,21,-19,39,4,43,26,29,39,7,36,-17,21,-31,-2,-36,-21,-26,-34,-12,-31,9,-21,24,-4,31,12,29,24,17,31,0,21,-14,12,-21,0,0,0,0,0,0]"
1773371063.596832,CSI_DATA,163334,98:4a:6b:31:4a:10,-62,11,-99,-43,59,1,1795448300,83,0,256,0,"[0,0,0,0,0,0,0,0,-2,-42,5,-42,14,-42,25,-39,33,-33,42,-25,47,-16,50,-8,50,2,53,14,47,22,45,33,39,39,31,45,22,53,14,56,2,59,-5,59,-16,59,-25,53,-36,50,-42,45,-53,36,-62,31,-64,19,-70,8,-73,-2,-67,-16,0,0,-56,-39,-47,-50,-39,-59,-28,-56,-16,-62,-5,-59,5,-56,14,-53,22,-50,28,-42,33,-36,39,-31,42,-25,45,-16,42,-8,42,0,39,5,36,11,33,16,28,22,22,25,16,31,11,28,5,28,2,28,-2,28,-8,25,-14,22,0,0,0,0,0,0,0,0,0,0,0,0,0,0,33,28,42,5,39,-19,22,-42,-2,-47,-31,-42,-45,-16,-50,11,-36,39,-8,53,25,47,47,28,56,-5,42,-36,16,-56,-19,-53,-50,-36,-59,0,-47,39,-16,59,19,59,53,39,64,2,56,-36,22,-62,-16,-67,-53,-45,-67,-5,0,0,-28,64,11,64,45,45,62,8,53,-25,25,-50,-5,-53,-36,-36,-50,-5,-42,22,-19,42,8,45,31,28,42,5,33,-22,14,-39,-8,-36,-28,-25,-36,-2,-31,19,-14,31,5,33,22,22,31,5,28,-14,14,-25,-2,-28,-16,-19,0,0,0,0,0,0]"
1773371063.6139305,CSI_DATA,163335,98:4a:6b:31:4a:10,-62,11,-99,-35,59,1,1795449222,83,0,256,0,"[0,0,0,0,0,0,0,0,4,42,-4,44,-13,42,-22,38,-33,33,-40,26,-47,17,-51,8,-51,-2,-51,-11,-47,-22,-44,-31,-38,-38,-31,-44,-20,-51,-11,-55,-4,-60,6,-60,17,-58,24,-53,33,-51,44,-44,53,-38,60,-29,64,-17,71,-4,71,8,71,17,0,0,55,42,47,49,38,55,22,58,15,64,2,60,-4,58,-15,51,-22,47,-29,42,-35,35,-38,29,-40,22,-44,13,-42,6,-42,-2,-40,-8,-35,-13,-33,-20,-26,-22,-20,-26,-15,-31,-8,-29,-4,-29,0,-26,4,-26,11,-24,15,-20,0,0,0,0,0,0,0,0,0,0,0,0,0,0,-33,-26,-42,-2,-40,22,-22,40,4,47,31,40,49,17,51,-11,35,-40,6,-53,-24,-49,-49,-26,-58,4,-42,38,-15,53,17,55,47,33,58,0,49,-38,17,-60,-17,-60,-51,-38,-64,-2,-53,35,-24,64,17,67,51,44,71,4,0,0,31,-62,-8,-64,-42,-47,-60,-11,-51,24,-29,47,6,53,35,40,49,8,42,-20,22,-40,-4,-42,-26,-31,-38,-4,-35,20,-17,38,4,38,26,26,35,4,31,-17,15,-31,-4,-33,-22,-22,-29,-8,-26,11,-15,24,0,26,13,22,0,0,0,0,0,0]"
1773371063.621626,CSI_DATA,163336,98:4a:6b:31:4a:10,-57,11,-99,31,37,1,1795472514,83,0,256,0,"[0,0,0,0,0,0,0,0,-12,63,-29,63,-50,54,-50,50,-59,37,-71,16,-75,0,-75,-21,-71,-33,-63,-46,-59,-67,-42,-71,-33,-88,-16,-84,0,-92,21,-84,42,-84,50,-75,67,-67,71,-59,96,-54,101,-42,109,-21,113,0,109,25,105,37,105,50,80,84,0,0,46,109,33,109,12,118,-4,109,-21,101,-50,96,-54,80,-59,71,-67,54,-67,37,-71,25,-80,12,-80,-8,-63,-16,-63,-25,-59,-29,-50,-46,-33,-50,-33,-46,-21,-63,-8,-54,0,-59,12,-63,21,-50,25,-42,29,-25,29,-29,29,-21,0,0,0,0,0,0,0,0,0,0,0,0,0,0,-25,-59,-54,-29,-75,8,-63,42,-16,71,25,71,59,59,75,8,80,-37,46,-63,-8,-88,-50,-63,-84,-21,-92,21,-59,67,-4,88,37,75,80,37,101,-16,67,-71,12,-96,-42,-101,-84,-37,-113,4,-71,80,-29,105,37,92,88,71,0,0,92,-71,29,-96,-16,-101,-80,-59,-92,4,-71,46,-37,80,12,75,54,37,75,0,59,-42,21,-63,-8,-67,-54,-42,-67,0,-54,37,-12,50,21,50,42,42,54,8,50,-29,21,-54,-12,-42,-37,-21,-46,4,-42,25,-21,37,0,42,0,0,0,0,0,0]"
1773371063.639071,CSI_DATA,163337,98:4a:6b:31:4a:10,-58,11,-99,30,37,1,1795472892,83,0,256,0,"[0,0,0,0,0,0,0,0,-26,60,-30,60,-52,47,-56,34,-65,21,-78,8,-82,-4,-73,-34,-69,-47,-52,-47,-43,-69,-34,-73,-21,-91,-4,-91,13,-86,30,-82,39,-82,56,-69,73,-60,82,-47,91,-39,95,-17,99,0,108,21,112,43,91,52,78,65,60,73,0,0,39,108,17,117,-4,112,-30,99,-34,91,-43,82,-65,69,-60,60,-69,43,-78,21,-73,8,-82,0,-82,-13,-69,-21,-69,-30,-52,-39,-47,-56,-30,-60,-21,-52,-13,-60,4,-56,8,-56,17,-47,39,-34,26,-39,43,-30,43,-30,39,-13,0,0,0,0,0,0,0,0,0,0,0,0,0,0,-17,-60,-52,-39,-73,-4,-60,39,-30,65,17,73,47,56,73,21,82,-21,60,-52,4,-86,-47,-82,-78,-39,-86,13,-69,60,-26,82,39,78,82,47,99,4,82,-56,26,-91,-26,-99,-82,-65,-108,4,-86,65,-39,108,34,99,82,60,0,0,108,-47,43,-86,-8,-108,-65,-65,-86,-21,-82,34,-52,65,8,73,43,56,65,17,56,-26,34,-60,-17,-56,-43,-47,-65,0,-60,39,-26,47,8,56,34,39,52,0,56,-17,26,-43,4,-47,-21,-39,-39,-13,-39,13,-26,30,4,52,0,0,0,0,0,0]"
1773371063.6464074,CSI_DATA,163338,98:4a:6b:31:4a:10,-62,11,-99,-27,57,1,1795473260,83,0,256,0,"[0,0,0,0,0,0,0,0,-35,-17,-29,-24,-29,-31,-20,-33,-11,-49,2,-47,8,-47,17,-49,29,-35,40,-33,42,-24,53,-15,51,-8,55,4,51,13,49,20,51,31,44,38,40,42,31,55,15,60,13,58,-6,62,-11,69,-26,62,-38,58,-47,51,-53,38,0,0,-67,15,-71,6,-69,-6,-60,-20,-51,-22,-44,-35,-38,-42,-29,-49,-22,-51,-15,-51,-2,-51,4,-42,8,-44,15,-38,26,-40,31,-29,29,-26,31,-20,33,-8,33,-2,35,2,29,8,31,15,22,15,22,20,15,24,11,22,6,24,0,0,0,0,0,0,0,0,0,0,0,0,0,0,42,-17,29,-35,4,-42,-22,-35,-40,-26,-49,6,-40,31,-22,51,11,55,42,35,51,8,55,-22,26,-47,-4,-53,-42,-42,-55,-13,-53,22,-31,49,4,60,40,53,58,22,69,-22,35,-51,6,-64,-38,-58,-64,-29,-71,13,-49,47,0,0,29,62,51,35,64,-8,44,-40,20,-55,-17,-51,-42,-31,-51,-2,-40,29,-15,42,22,42,40,24,42,-2,29,-24,11,-40,-15,-35,-35,-20,-42,0,-33,24,-11,35,11,33,24,20,35,2,24,-17,11,-24,-6,-29,-20,-20,-29,-4,0,0,0,0,0,0]"
1773371063.653715,CSI_DATA,163339,98:4a:6b:31:4a:10,-59,11,-99,39,37,1,1795473565,83,0,256,0,"[0,0,0,0,0,0,0,0,26,40,6,50,0,56,-13,53,-20,53,-43,46,-53,33,-60,23,-66,16,-73,-6,-66,-16,-73,-16,-60,-40,-43,-46,-43,-53,-23,-70,-16,-83,-3,-73,0,-77,16,-77,36,-73,50,-63,63,-56,73,-36,80,-33,93,-20,97,-3,93,16,0,0,93,23,80,56,60,70,36,77,36,77,16,87,-3,87,-13,63,-23,73,-30,66,-36,50,-50,33,-66,36,-66,33,-50,13,-60,-3,-56,-6,-46,-16,-46,-33,-36,-30,-26,-30,-23,-43,-13,-43,-6,-36,6,-43,10,-33,13,-30,13,-26,0,0,0,0,0,0,0,0,0,0,0,0,0,0,-53,-23,-53,13,-50,33,-26,53,20,53,56,40,60,6,63,-26,26,-70,-3,-66,-40,-50,-60,-23,-70,16,-40,63,0,70,30,66,77,40,73,-10,60,-60,10,-80,-36,-70,-77,-43,-87,0,-73,53,-30,80,33,87,77,46,83,0,0,0,30,-77,-20,-77,-60,-56,-80,-6,-80,40,-33,60,20,63,43,46,73,-3,53,-23,36,-56,-10,-56,-26,-33,-46,-6,-43,23,-23,56,13,53,33,30,50,10,43,-13,23,-46,-13,-46,-36,-33,-26,-13,-40,10,-23,36,0,40,16,26,0,0,0,0,0,0]"
1773371063.6611733,CSI_DATA,163340,98:4a:6b:31:4a:10,-62,11,-99,-31,58,1,1795482126,82,0,256,0,"[0,0,0,0,0,0,0,0,-38,13,-42,2,-42,-6,-38,-15,-35,-29,-26,-38,-20,-44,-8,-49,2,-51,13,-51,26,-47,35,-40,42,-33,49,-24,53,-13,53,-2,55,6,55,20,51,31,47,40,38,47,26,53,17,62,4,64,-6,67,-22,67,-33,62,-44,53,0,0,-62,31,-62,15,-67,2,-64,-11,-55,-22,-49,-31,-42,-38,-33,-44,-22,-49,-13,-47,-4,-49,4,-47,13,-44,20,-38,26,-35,31,-29,33,-20,38,-13,38,-2,35,2,33,11,29,15,24,20,17,22,13,24,6,26,2,26,-2,24,0,0,0,0,0,0,0,0,0,0,0,0,0,0,17,-38,-4,-44,-26,-35,-42,-17,-47,8,-38,33,-15,49,11,51,40,35,51,8,51,-24,33,-47,0,-55,-31,-47,-53,-20,-55,11,-42,42,-11,60,24,58,53,33,62,-2,51,-38,24,-62,-15,-64,-51,-49,-69,-11,-64,31,-38,60,0,0,38,60,60,22,64,-15,44,-44,8,-58,-24,-51,-49,-26,-49,4,-38,31,-13,47,15,42,38,24,42,-2,33,-24,13,-40,-11,-40,-29,-24,-38,-2,-33,17,-15,31,2,35,22,24,31,8,31,-8,20,-22,2,-29,-13,-24,-24,-15,0,0,0,0,0,0]"
1773371063.6781027,CSI_DATA,163341,98:4a:6b:31:4a:10,-61,11,-99,-26,57,1,1795522587,83,0,256,0,"[0,0,0,0,0,0,0,0,41,13,36,21,32,30,26,41,10,45,2,50,-6,50,-17,47,-28,43,-39,39,-45,28,-50,19,-54,10,-56,-2,-54,-10,-52,-21,-47,-32,-43,-39,-36,-47,-28,-56,-17,-60,-4,-63,6,-65,19,-63,30,-63,43,-54,54,-47,63,-36,0,0,69,-13,69,4,65,17,60,23,50,34,41,43,32,47,21,50,13,54,4,52,-4,50,-13,45,-21,41,-28,36,-32,30,-36,23,-39,15,-39,8,-39,0,-36,-4,-34,-13,-28,-19,-26,-21,-17,-23,-13,-26,-6,-26,-2,-28,2,-26,0,0,0,0,0,0,0,0,0,0,0,0,0,0,-39,19,-23,36,0,45,26,39,45,19,50,-8,39,-36,15,-47,-15,-52,-41,-34,-56,-6,-50,26,-26,52,6,58,36,43,56,15,56,-19,36,-50,2,-63,-34,-52,-58,-23,-63,15,-43,50,-8,69,30,65,63,34,71,-8,56,-45,0,0,-23,-67,-56,-41,-65,-2,-52,34,-21,56,10,56,41,39,52,8,45,-26,21,-45,-8,-45,-32,-30,-43,-6,-36,19,-17,39,6,41,26,28,36,8,34,-15,19,-32,0,-36,-21,-26,-32,-8,-30,8,-21,23,-4,30,13,26,23,13,0,0,0,0,0,0]"
1773371063.685306,CSI_DATA,163342,98:4a:6b:31:4a:10,-62,11,-99,-30,58,1,1795532389,83,0,256,0,"[0,0,0,0,0,0,0,0,-43,-8,-36,-19,-30,-28,-21,-34,-13,-45,0,-50,6,-50,23,-50,34,-41,41,-36,47,-21,52,-13,54,0,54,10,50,23,43,32,39,41,28,50,19,52,8,67,-4,60,-17,60,-26,56,-45,47,-52,45,-58,32,-67,19,-69,6,0,0,-65,-23,-52,-39,-45,-50,-34,-52,-26,-58,-8,-60,0,-56,13,-54,21,-45,30,-43,39,-36,43,-23,45,-15,43,-6,43,6,39,13,39,17,32,26,26,28,17,34,10,32,0,34,-4,32,-10,28,-15,23,-19,19,-21,13,-23,8,0,0,0,0,0,0,0,0,0,0,0,0,0,0,32,-21,19,-39,-2,-45,-23,-34,-41,-19,-47,6,-41,30,-19,45,10,50,36,34,52,13,52,-21,34,-43,2,-56,-28,-50,-52,-28,-56,2,-50,39,-19,56,15,63,45,41,63,10,63,-28,34,-58,-2,-65,-39,-54,-63,-23,-67,19,0,0,-15,71,26,60,52,36,60,2,45,-28,23,-50,-10,-52,-36,-39,-50,-6,-43,17,-26,36,2,43,23,34,36,13,39,-8,23,-30,4,-39,-17,-30,-30,-19,-34,6,-23,19,-10,32,10,30,21,21,30,4,28,-10,15,-23,0,-28,0,0,0,0,0,0]"
1773371063.6921554,CSI_DATA,163343,98:4a:6b:31:4a:10,-62,11,-99,-31,58,1,1795542417,83,0,256,0,"[0,0,0,0,0,0,0,0,-35,-20,-31,-29,-26,-38,-15,-42,-6,-44,6,-47,15,-47,26,-44,35,-38,42,-31,47,-22,53,-11,55,-2,53,8,53,20,49,29,44,35,38,47,29,51,20,58,11,60,0,62,-11,64,-24,62,-33,58,-44,53,-55,44,-62,33,0,0,-71,8,-67,-6,-64,-20,-58,-26,-51,-35,-42,-42,-33,-47,-22,-49,-15,-53,-4,-51,4,-51,13,-49,20,-42,26,-38,29,-33,31,-24,35,-8,35,-11,40,-4,35,2,35,8,31,15,26,20,17,22,15,24,11,24,6,26,0,26,0,0,0,0,0,0,0,0,0,0,0,0,0,0,40,-8,29,-31,6,-42,-17,-42,-38,-29,-49,-2,-42,24,-24,44,6,51,33,40,53,13,51,-20,31,-44,2,-55,-31,-49,-51,-22,-58,11,-40,44,-6,62,31,55,55,26,64,-8,47,-44,13,-64,-26,-60,-58,-33,-67,4,-55,44,0,0,20,69,51,40,64,2,53,-31,24,-53,-13,-53,-40,-35,-51,-4,-42,24,-20,44,8,47,31,31,40,2,35,-20,15,-35,-8,-35,-29,-22,-38,0,-33,15,-15,31,4,33,24,24,31,6,29,-11,15,-24,0,-29,-15,-22,-24,-11,0,0,0,0,0,0]"
1773371063.7010026,CSI_DATA,163344,98:4a:6b:31:4a:10,-57,11,-99,31,37,1,1795552075,83,0,256,0,"[0,0,0,0,0,0,0,0,-67,21,-67,-4,-75,-16,-50,-29,-59,-37,-42,-59,-33,-75,-8,-80,8,-80,33,-80,50,-75,54,-67,80,-54,84,-37,84,-25,80,-4,88,16,88,37,84,54,63,71,50,88,33,96,25,109,4,118,-16,109,-46,96,-75,92,-92,84,0,0,-130,25,-109,16,-109,-16,-96,-21,-92,-50,-80,-54,-59,-67,-33,-84,-21,-92,-4,-92,12,-80,25,-75,37,-75,42,-54,59,-54,67,-33,67,-25,63,-8,71,4,59,12,50,25,46,46,29,50,21,50,16,42,8,46,-8,50,-16,33,0,0,0,0,0,0,0,0,0,0,0,0,0,0,29,-54,-12,-59,-42,-59,-59,-25,-71,12,-54,50,-21,75,21,80,54,67,84,21,84,-29,54,-75,8,-92,-42,-75,-84,-42,-92,12,-67,59,-29,92,25,101,75,63,96,12,88,-50,50,-84,-21,-109,-67,-75,-113,-33,-105,33,-75,92,0,0,46,96,80,54,96,0,80,-63,33,-88,-21,-92,-67,-63,-75,-8,-71,37,-25,67,16,75,42,42,71,25,54,-29,29,-59,-8,-67,-42,-42,-59,-21,-54,16,-37,42,-8,63,29,46,37,21,59,-4,37,-29,12,-42,-8,-46,-33,-29,0,0,0,0,0,0]"
1773371063.7182853,CSI_DATA,163345,98:4a:6b:31:4a:10,-57,11,-99,30,37,1,1795562396,83,0,256,0,"[0,0,0,0,0,0,0,0,-60,30,-65,26,-65,8,-73,-4,-73,-17,-65,-43,-56,-56,-43,-69,-26,-78,-17,-82,4,-82,13,-91,34,-82,47,-78,56,-65,73,-60,86,-47,86,-30,99,-17,104,8,86,26,95,34,95,60,78,69,60,86,52,104,39,121,17,108,0,0,-39,121,-39,104,-60,86,-78,73,-91,69,-91,43,-99,43,-82,8,-91,0,-82,-21,-78,-30,-73,-34,-56,-47,-56,-52,-47,-65,-26,-73,-8,-73,-4,-69,8,-65,21,-65,30,-52,39,-43,39,-39,47,-26,39,-17,43,-8,39,-4,43,4,0,0,0,0,0,0,0,0,0,0,0,0,0,0,21,-52,-17,-69,-56,-39,-65,-4,-78,39,-34,69,4,73,47,60,86,30,78,-21,47,-65,4,-95,-39,-73,-73,-39,-91,4,-65,60,-17,91,34,86,86,47,99,-13,73,-65,26,-95,-39,-99,-82,-69,-112,8,-78,60,-26,95,34,99,0,0,108,17,91,-52,43,-86,-13,-91,-78,-47,-91,-13,-82,34,-47,78,13,73,52,47,69,4,56,-39,30,-43,-21,-60,-47,-26,-65,4,-47,34,-26,56,21,56,43,34,56,4,43,-26,26,-47,-4,-47,-39,-34,-34,-8,-39,17,-26,30,0,0,0,0,0,0]"
1773371063.7252672,CSI_DATA,163346,98:4a:6b:31:4a:10,-62,11,-99,-33,59,1,1795575486,83,0,256,0,"[0,0,0,0,0,0,0,0,40,12,38,25,29,29,19,40,10,42,-2,46,-14,46,-23,42,-33,35,-38,27,-46,23,-52,8,-54,-6,-57,-12,-50,-21,-42,-33,-35,-44,-31,-52,-19,-57,-2,-63,-2,-61,12,-61,29,-59,40,-50,46,-48,63,-29,67,-19,76,-6,0,0,65,27,54,38,42,48,33,52,25,59,12,61,0,57,-8,52,-16,48,-25,46,-33,33,-40,29,-40,19,-44,6,-42,2,-40,-6,-40,-19,-31,-19,-25,-23,-21,-27,-14,-31,-6,-33,2,-33,6,-29,10,-27,16,-23,21,-16,23,-12,0,0,0,0,0,0,0,0,0,0,0,0,0,0,-35,19,-23,33,-2,46,25,40,40,25,52,0,42,-27,21,-44,-6,-50,-40,-38,-54,-19,-52,14,-33,44,-4,54,23,48,46,27,54,-4,50,-31,21,-57,-21,-57,-38,-40,-54,-6,-54,29,-29,57,6,71,38,50,67,23,67,-16,0,0,12,-69,-27,-61,-48,-35,-59,-2,-46,31,-21,48,10,52,35,35,48,8,42,-23,23,-38,-4,-46,-27,-29,-40,-8,-40,12,-23,33,2,40,19,29,33,12,35,-10,27,-25,8,-33,-12,-25,-23,-19,-29,-2,-23,12,-14,25,4,25,0,0,0,0,0,0]"
1773371063.7425094,CSI_DATA,163347,98:4a:6b:31:4a:10,-57,11,-99,28,37,1,1795589403,83,0,256,0,"[0,0,0,0,0,0,0,0,59,-41,59,-22,68,-13,73,-4,68,22,68,41,59,59,45,73,36,78,0,82,-9,87,-32,87,-22,73,-59,73,-59,59,-78,32,-78,32,-96,13,-96,-9,-96,-9,-101,-36,-87,-50,-73,-64,-73,-78,-45,-101,-41,-105,-13,-110,18,-110,0,0,59,-105,73,-73,82,-73,96,-55,110,-36,91,-22,105,0,82,9,91,36,73,41,59,55,50,59,36,64,27,64,9,87,4,64,-13,64,-18,64,-36,59,-50,36,-45,41,-55,22,-50,13,-55,4,-50,-9,-41,-18,-41,-13,-32,-27,0,0,0,0,0,0,0,0,0,0,0,0,0,0,-18,73,27,55,59,41,78,9,64,-27,36,-64,-9,-87,-36,-64,-78,-27,-78,22,-68,59,-18,96,41,82,64,45,91,-4,78,-59,36,-91,-22,-87,-68,-55,-105,-4,-82,50,-50,91,18,101,78,87,110,22,101,-50,50,-96,-4,-114,0,0,-87,-32,-101,41,-59,82,-4,96,50,91,87,32,91,-32,50,-59,4,-73,-32,-68,-68,-41,-73,18,-55,36,-9,59,36,55,59,36,55,-13,41,-41,0,-59,-22,-55,-27,-18,-59,-4,-41,41,-13,59,9,45,41,32,45,4,45,-22,0,0,0,0,0,0]"
1773371063.7497623,CSI_DATA,163348,98:4a:6b:31:4a:10,-62,11,-99,-34,59,1,1795599352,83,0,256,0,"[0,0,0,0,0,0,0,0,-39,-13,-34,-23,-30,-32,-21,-41,-10,-45,2,-50,13,-47,26,-45,34,-36,41,-30,50,-17,54,-6,56,4,54,15,50,26,45,36,34,43,28,52,17,54,6,60,-6,63,-19,60,-30,58,-43,50,-52,41,-63,28,-69,17,-71,0,0,0,-65,-28,-56,-41,-45,-47,-32,-54,-19,-56,-6,-58,4,-58,15,-52,23,-50,30,-41,36,-32,41,-26,45,-15,45,-6,43,2,41,8,36,19,30,23,26,28,17,30,10,30,2,34,-4,32,-8,28,-13,26,-17,21,-21,15,-23,10,0,0,0,0,0,0,0,0,0,0,0,0,0,0,41,-19,23,-36,2,-47,-23,-41,-43,-23,-52,2,-41,30,-21,50,6,56,36,45,54,17,54,-15,39,-41,8,-56,-23,-54,-50,-30,-60,2,-52,34,-21,60,15,63,43,43,65,10,60,-26,36,-58,-2,-69,-39,-58,-65,-28,-71,15,0,0,-15,69,21,65,52,41,65,2,52,-30,23,-50,-6,-52,-34,-39,-50,-8,-45,19,-23,41,2,43,28,34,41,13,41,-13,23,-32,4,-36,-21,-32,-34,-17,-39,4,-28,23,-10,34,8,32,26,21,32,2,28,-13,15,-23,0,-26,0,0,0,0,0,0]"
1773371063.7577934,CSI_DATA,163349,98:4a:6b:31:4a:10,-62,11,-99,-36,59,1,1795608984,83,0,256,0,"[0,0,0,0,0,0,0,0,-23,36,-29,27,-34,23,-43,11,-46,-6,-43,-18,-36,-34,-25,-36,-20,-50,-16,-50,2,-52,9,-52,23,-50,34,-41,46,-32,52,-20,55,-6,62,2,59,20,50,25,48,34,36,50,25,52,9,66,-2,71,-20,66,-32,57,-46,52,0,0,-59,25,-71,0,-62,-13,-66,-20,-50,-32,-43,-43,-32,-46,-20,-46,-4,-55,2,-48,13,-46,23,-39,29,-32,34,-27,41,-13,46,-13,36,6,36,4,36,20,25,27,23,34,16,27,9,29,0,32,-9,29,-13,25,-18,18,-20,11,0,0,0,0,0,0,0,0,0,0,0,0,0,0,-9,-41,-29,-27,-43,-9,-43,16,-29,36,-20,50,9,55,27,32,48,16,55,-18,34,-41,11,-57,-20,-52,-48,-32,-59,-2,-55,27,-29,50,0,57,39,43,59,25,64,-11,50,-46,18,-64,-23,-69,-50,-43,-62,-6,-57,34,-41,62,0,0,29,62,64,36,64,0,52,-36,16,-52,-11,-52,-36,-36,-50,-13,-50,20,-27,39,0,46,27,36,41,13,43,-13,25,-25,11,-36,-9,-39,-16,-18,-41,-9,-32,20,-18,27,0,39,20,25,32,11,32,-6,23,-20,11,-23,-4,-23,0,0,0,0,0,0]"
1773371063.7751596,CSI_DATA,163350,98:4a:6b:31:4a:10,-62,11,-99,-38,59,1,1795619366,83,0,256,0,"[0,0,0,0,0,0,0,0,-14,39,-24,36,-34,29,-39,19,-46,7,-46,-2,-48,-14,-43,-26,-39,-36,-29,-41,-19,-51,-9,-53,2,-56,14,-53,21,-48,34,-43,41,-39,51,-29,56,-19,61,-9,61,2,61,12,58,26,51,39,46,51,36,58,24,65,7,70,0,0,-19,65,-31,61,-41,48,-51,41,-53,29,-56,19,-58,4,-53,-2,-53,-14,-46,-26,-41,-31,-31,-36,-24,-41,-14,-41,-4,-43,2,-41,9,-39,17,-36,24,-26,26,-24,29,-17,31,-12,31,-4,29,2,26,9,24,12,21,17,17,19,0,0,0,0,0,0,0,0,0,0,0,0,0,0,-17,-39,-36,-24,-43,-2,-41,21,-24,41,0,51,29,43,46,24,51,-4,43,-31,17,-53,-17,-53,-41,-36,-58,-4,-51,24,-29,48,4,58,36,48,58,17,58,-17,39,-48,7,-63,-29,-58,-58,-31,-65,7,-51,43,-19,68,21,68,0,0,65,9,58,-31,29,-58,-4,-63,-36,-43,-53,-17,-51,17,-31,41,-2,46,26,41,41,19,41,-9,26,-31,4,-41,-19,-34,-34,-19,-39,4,-26,24,-7,34,12,31,26,19,34,2,29,-17,12,-29,-4,-29,-19,-21,-26,-7,-26,7,0,0,0,0,0,0]"
1773371063.7825768,CSI_DATA,163351,98:4a:6b:31:4a:10,-57,11,-99,30,37,1,1795630071,83,0,256,0,"[0,0,0,0,0,0,0,0,56,30,47,47,39,60,21,73,4,78,-21,73,-30,78,-39,69,-65,60,-69,52,-78,30,-78,8,-78,8,-91,-13,-78,-30,-86,-34,-73,-65,-69,-86,-56,-82,-39,-95,-17,-91,-8,-99,13,-104,34,-108,39,-91,73,-82,82,-78,112,-47,0,0,104,-21,108,4,99,21,95,39,86,43,73,65,65,69,47,78,39,78,21,82,17,86,-17,82,-26,69,-30,65,-34,73,-43,56,-47,43,-60,39,-65,21,-60,8,-60,0,-47,-13,-47,-26,-39,-26,-34,-34,-26,-39,-17,-39,-8,-34,0,0,0,0,0,0,0,0,0,0,0,0,0,0,-60,13,-52,56,-17,60,13,73,56,56,78,8,73,-34,43,-65,-8,-78,-47,-69,-78,-21,-82,34,-56,69,-4,86,47,78,82,39,82,-17,73,-69,17,-99,-47,-91,-86,-39,-99,17,-73,73,-21,104,52,99,91,43,104,-8,78,-78,0,0,-43,-108,-95,-60,-99,-8,-78,56,-34,78,26,86,69,52,69,0,65,-43,26,-65,-21,-78,-52,-43,-73,4,-56,43,-13,65,26,56,56,30,60,8,52,-34,13,-52,-26,-47,-43,-26,-52,0,-34,26,-13,47,17,43,34,30,43,0,0,0,0,0,0,0]"
1773371063.7999084,CSI_DATA,163352,98:4a:6b:31:4a:10,-62,11,-99,-38,59,1,1795642775,83,0,256,0,"[0,0,0,0,0,0,0,0,2,41,-9,39,-19,34,-31,29,-41,24,-46,14,-51,2,-48,-9,-43,-21,-43,-31,-29,-41,-26,-48,-17,-53,-4,-56,7,-56,17,-53,29,-48,39,-39,48,-29,56,-26,58,-17,65,-2,61,9,63,19,61,36,51,48,39,53,29,63,0,0,-7,70,-12,68,-24,56,-36,56,-43,41,-53,29,-51,17,-53,9,-56,-4,-53,-9,-48,-17,-39,-21,-31,-29,-24,-34,-14,-46,-9,-43,2,-41,7,-39,17,-34,21,-31,29,-24,29,-17,31,-12,31,-4,29,2,26,7,24,9,19,14,0,0,0,0,0,0,0,0,0,0,0,0,0,0,-29,-29,-41,-9,-41,12,-31,31,-7,46,17,46,39,31,48,7,46,-21,31,-46,0,-53,-26,-46,-48,-21,-51,12,-36,41,-7,58,24,56,46,36,61,2,51,-34,24,-56,-7,-63,-46,-41,-65,-19,-63,31,-34,61,2,70,36,56,0,0,63,-9,51,-48,17,-65,-21,-56,-48,-31,-58,-4,-43,26,-19,46,9,48,36,29,43,2,41,-21,21,-39,-4,-43,-26,-29,-39,-7,-34,12,-19,24,0,39,17,29,34,14,34,-2,24,-21,7,-31,-12,-26,-24,-17,-26,-2,-24,12,0,0,0,0,0,0]"
1773371063.8071384,CSI_DATA,163353,98:4a:6b:31:4a:10,-62,11,-99,-36,59,1,1795653146,83,0,256,0,"[0,0,0,0,0,0,0,0,-36,16,-39,9,-46,0,-43,-6,-46,-23,-36,-29,-29,-34,-23,-46,-16,-41,-6,-55,6,-52,18,-57,23,-43,32,-41,41,-32,50,-27,57,-23,59,-6,59,0,66,6,50,18,50,23,48,34,48,48,32,57,29,59,16,73,6,64,0,0,-20,64,-32,62,-46,52,-48,41,-43,32,-46,23,-52,16,-55,6,-55,-4,-48,-13,-41,-25,-36,-27,-36,-34,-29,-34,-18,-43,-6,-41,-6,-39,0,-36,9,-34,13,-34,20,-32,25,-25,27,-23,23,-6,29,-6,29,0,25,0,23,6,0,0,0,0,0,0,0,0,0,0,0,0,0,0,13,-41,-9,-41,-32,-29,-41,-6,-46,20,-23,41,0,50,20,46,43,23,50,-6,34,-36,13,-55,-16,-48,-46,-32,-55,0,-46,36,-20,55,25,52,48,32,64,-2,48,-34,23,-62,-11,-62,-46,-46,-59,-6,-59,39,-25,59,11,66,0,0,64,9,62,-27,25,-59,-16,-62,-32,-39,-55,-9,-52,23,-27,43,6,52,27,36,46,6,39,-13,20,-39,-4,-39,-32,-27,-34,0,-36,18,-18,27,6,34,20,23,29,6,27,-13,20,-29,0,-32,-20,-23,-27,-6,-27,9,-16,20,0,0,0,0,0,0]"
1773371063.8147397,CSI_DATA,163354,98:4a:6b:31:4a:10,-62,11,-99,-34,59,1,1795662765,83,0,256,0,"[0,0,0,0,0,0,0,0,23,34,17,39,6,43,-4,45,-17,43,-28,41,-39,32,-45,23,-47,15,-52,2,-52,-10,-52,-19,-45,-30,-41,-41,-32,-45,-23,-52,-10,-56,0,-58,10,-58,21,-56,32,-52,43,-47,54,-39,60,-28,65,-19,67,-2,69,10,67,26,0,0,52,47,41,56,28,63,15,63,2,63,-8,60,-19,56,-28,47,-34,41,-41,30,-43,23,-47,15,-47,4,-47,-2,-43,-13,-39,-19,-32,-23,-26,-28,-19,-34,-13,-34,-6,-34,4,-36,8,-32,13,-28,17,-23,19,-19,23,-13,26,-6,0,0,0,0,0,0,0,0,0,0,0,0,0,0,-41,-8,-39,15,-28,36,-4,47,21,41,41,26,50,0,43,-28,21,-50,-8,-52,-36,-39,-52,-13,-54,17,-32,45,-4,56,30,50,54,26,58,-8,45,-43,13,-60,-21,-58,-54,-34,-65,-2,-56,36,-26,63,15,69,50,50,69,13,0,0,34,-58,0,-65,-36,-52,-58,-21,-56,13,-36,41,-6,54,21,47,43,21,47,-6,34,-32,10,-41,-17,-41,-36,-21,-39,4,-30,26,-10,36,13,34,30,21,36,0,30,-19,15,-30,-4,-30,-19,-23,-30,-6,-28,8,-17,19,-2,26,0,0,0,0,0,0]"
1773371063.831976,CSI_DATA,163355,98:4a:6b:31:4a:10,-62,11,-99,-41,59,1,1795678701,83,0,256,0,"[0,0,0,0,0,0,0,0,0,42,-10,42,-21,39,-29,34,-39,26,-45,15,-50,7,-50,-2,-47,-13,-45,-23,-37,-34,-34,-39,-26,-42,-18,-47,-7,-53,2,-55,10,-55,23,-53,31,-47,42,-42,47,-34,55,-26,63,-21,66,-5,69,2,69,13,69,26,58,37,0,0,39,58,26,63,13,66,0,63,-5,58,-18,55,-26,50,-34,45,-39,34,-45,26,-47,18,-47,13,-47,5,-45,-5,-39,-13,-37,-21,-31,-23,-23,-29,-18,-31,-10,-31,-5,-31,2,-34,5,-31,7,-26,13,-23,15,-18,23,-15,23,-13,0,0,0,0,0,0,0,0,0,0,0,0,0,0,-26,-29,-39,-10,-42,13,-29,34,-7,45,21,45,39,26,53,0,45,-29,21,-47,-10,-55,-39,-39,-55,-7,-50,26,-29,50,5,58,37,47,58,13,58,-21,37,-50,0,-61,-37,-53,-58,-26,-69,18,-39,47,-2,66,34,58,63,26,0,0,50,-50,10,-61,-26,-61,-50,-29,-55,0,-45,31,-15,50,15,50,39,26,47,0,34,-29,13,-42,-13,-37,-34,-23,-39,2,-29,23,-13,34,13,34,29,21,37,0,29,-18,13,-31,-7,-31,-23,-18,-31,-2,-26,15,-13,23,0,26,0,0,0,0,0,0]"
1773371063.8496778,CSI_DATA,163356,98:4a:6b:31:4a:10,-61,11,-99,-43,59,1,1795692853,83,0,256,0,"[0,0,0,0,0,0,0,0,-25,-36,-14,-39,0,-42,8,-45,19,-42,33,-36,42,-25,47,-19,50,-8,53,2,50,16,45,28,33,39,31,47,19,50,2,53,-8,56,-16,53,-31,53,-36,45,-47,36,-53,28,-56,16,-62,8,-70,-11,-64,-22,-59,-39,-50,-47,0,0,-22,-62,-11,-64,8,-67,22,-64,28,-53,36,-45,39,-36,47,-28,50,-16,50,0,53,11,45,14,39,25,31,33,25,36,16,42,5,39,0,42,-11,36,-14,33,-22,28,-25,22,-28,16,-31,5,-28,2,-25,-5,-28,-11,-22,-14,0,0,0,0,0,0,0,0,0,0,0,0,0,0,42,8,39,-11,31,-33,5,-47,-16,-45,-36,-31,-50,-2,-47,19,-31,42,0,50,28,47,53,22,56,-5,47,-36,22,-56,-14,-59,-47,-39,-59,-14,-59,25,-31,53,0,62,39,53,67,25,70,-8,47,-45,16,-67,-28,-67,-62,-39,0,0,-62,39,-36,62,5,64,42,47,53,19,53,-14,31,-42,5,-56,-25,-47,-45,-25,-45,5,-33,25,-14,42,14,42,33,22,39,2,31,-19,16,-33,-5,-36,-22,-25,-33,-8,-33,11,-19,28,-2,31,14,28,25,16,28,0,22,-14,0,0,0,0,0,0]"
1773371063.857813,CSI_DATA,163357,98:4a:6b:31:4a:10,-61,11,-99,-38,60,1,1795693149,83,0,256,0,"[0,0,0,0,0,0,0,0,-39,8,-43,-2,-45,-10,-34,-19,-32,-32,-17,-41,-13,-47,2,-50,13,-45,21,-43,34,-36,47,-30,45,-21,52,-8,52,2,52,17,52,21,47,39,39,36,32,54,13,54,6,60,-6,65,-21,63,-34,58,-47,50,-58,43,-63,28,0,0,-73,-4,-65,-19,-58,-30,-52,-39,-36,-45,-21,-52,-10,-56,0,-58,10,-54,19,-50,26,-41,36,-32,39,-28,39,-19,43,-10,39,2,41,8,32,17,30,21,23,26,15,28,8,34,2,32,-2,28,-8,26,-15,23,-17,17,-19,15,0,0,0,0,0,0,0,0,0,0,0,0,0,0,23,-34,2,-43,-21,-39,-36,-21,-50,0,-39,28,-26,43,4,56,30,47,47,23,54,-6,45,-36,13,-56,-17,-54,-45,-39,-58,-4,-52,21,-30,54,4,58,41,54,56,17,65,-15,50,-45,13,-65,-26,-60,-56,-39,-67,2,-60,36,0,0,6,73,43,50,63,19,56,-17,41,-43,8,-54,-19,-52,-43,-26,-47,2,-36,26,-15,47,15,43,32,23,39,0,39,-21,13,-36,-2,-39,-28,-26,-36,-10,-36,8,-23,28,-4,34,15,30,30,15,30,-2,26,-15,10,-26,-4,-26,0,0,0,0,0,0]"
1773371063.865861,CSI_DATA,163358,98:4a:6b:31:4a:10,-62,11,-99,-34,59,1,1795712225,83,0,256,0,"[0,0,0,0,0,0,0,0,41,-4,43,6,41,19,36,30,26,39,15,47,6,45,-6,52,-19,47,-28,45,-41,36,-43,30,-47,19,-54,8,-56,-2,-56,-13,-54,-26,-43,-36,-36,-43,-30,-54,-15,-56,-6,-58,8,-65,23,-63,30,-60,41,-52,52,-45,63,-32,0,0,76,-2,65,13,65,26,50,34,45,43,30,50,21,54,8,52,0,56,-10,47,-17,45,-26,41,-32,34,-39,28,-41,17,-43,6,-39,2,-41,-6,-34,-17,-30,-21,-26,-26,-17,-30,-10,-30,-4,-28,2,-30,8,-28,10,-21,15,-19,0,0,0,0,0,0,0,0,0,0,0,0,0,0,-26,30,-8,43,13,41,34,30,45,4,47,-23,26,-41,2,-52,-23,-45,-45,-23,-54,6,-43,32,-19,52,10,52,39,36,58,8,58,-23,28,-50,-4,-63,-36,-45,-58,-19,-65,17,-47,45,-10,67,28,58,58,34,69,0,60,-34,0,0,-13,-71,-47,-43,-65,-10,-54,23,-32,50,2,54,30,43,47,19,52,-13,32,-32,4,-45,-21,-39,-36,-19,-41,6,-28,28,-8,41,15,34,32,21,36,2,30,-17,13,-32,-8,-34,-21,-23,-30,-6,-28,10,-19,23,-2,26,15,26,0,0,0,0,0,0]"
1773371063.8732445,CSI_DATA,163359,98:4a:6b:31:4a:10,-57,11,-99,27,37,1,1795723212,83,0,256,0,"[0,0,0,0,0,0,0,0,66,33,47,47,33,52,23,66,0,75,-9,75,-28,75,-47,70,-52,56,-70,47,-75,33,-75,9,-85,-4,-85,-14,-80,-37,-70,-52,-66,-66,-61,-75,-47,-85,-28,-99,-23,-104,0,-104,14,-104,42,-99,47,-94,70,-80,89,-70,123,-66,0,0,118,-4,118,14,99,28,99,37,85,66,66,80,56,80,47,85,23,89,0,94,-4,89,-23,75,-33,75,-56,66,-52,52,-61,47,-61,37,-66,18,-61,4,-66,-4,-61,-28,-52,-14,-47,-37,-33,-33,-28,-33,-14,-37,-14,-47,-4,-37,0,0,0,0,0,0,0,0,0,0,0,0,0,0,-66,14,-52,47,-23,66,33,70,66,37,80,9,61,-42,37,-70,-9,-80,-56,-70,-94,-33,-85,33,-61,70,-4,85,52,66,75,37,80,-18,75,-70,14,-94,-33,-80,-94,-47,-99,4,-85,70,-14,99,42,104,99,70,118,0,85,-56,0,0,-18,-104,-89,-70,-94,-9,-75,42,-33,89,9,94,56,52,75,14,70,-37,37,-75,-14,-75,-52,-42,-70,4,-42,42,-23,61,9,61,52,37,52,14,42,-23,28,-52,-4,-61,-23,-42,-52,-4,-37,23,-23,37,4,47,33,37,42,9,0,0,0,0,0,0]"
1773371063.8818903,CSI_DATA,163360,98:4a:6b:31:4a:10,-62,11,-99,-33,59,1,1795733028,83,0,256,0,"[0,0,0,0,0,0,0,0,-40,-10,-35,-21,-31,-31,-23,-38,-12,-46,0,-48,12,-48,23,-46,33,-40,42,-33,48,-23,52,-14,54,-4,54,8,50,21,46,31,44,40,33,48,23,54,14,59,2,61,-10,61,-21,61,-35,54,-46,50,-57,42,-65,29,-69,14,0,0,-69,-12,-61,-29,-54,-40,-44,-46,-33,-52,-21,-54,-10,-59,0,-57,10,-54,19,-46,27,-44,33,-35,40,-27,42,-19,44,-10,44,-2,38,8,38,14,33,21,27,25,21,27,12,33,6,31,0,29,-4,29,-10,25,-14,23,-19,16,0,0,0,0,0,0,0,0,0,0,0,0,0,0,35,-19,21,-35,0,-44,-25,-40,-44,-21,-48,6,-40,31,-21,48,8,50,35,38,54,10,52,-19,33,-46,2,-57,-29,-48,-52,-25,-59,8,-44,42,-12,61,23,59,50,35,65,0,54,-33,25,-61,-10,-65,-48,-48,-69,-12,-65,27,0,0,-2,69,35,57,61,27,61,-12,42,-40,10,-54,-21,-48,-44,-27,-50,2,-38,29,-14,44,12,40,33,27,40,2,35,-23,14,-40,-8,-38,-27,-27,-35,-8,-33,14,-19,29,0,33,19,27,27,10,29,-4,23,-21,6,-25,-10,-25,0,0,0,0,0,0]"
1773371063.8992448,CSI_DATA,163361,98:4a:6b:31:4a:10,-62,11,-99,-39,59,1,1795746065,83,0,256,0,"[0,0,0,0,0,0,0,0,-40,15,-45,2,-45,-7,-42,-17,-40,-25,-32,-35,-25,-45,-15,-50,-5,-52,5,-52,15,-50,25,-47,35,-40,40,-35,47,-27,52,-17,57,-10,60,0,60,10,57,20,52,30,47,37,42,50,32,57,22,65,12,67,0,70,-12,70,0,0,-37,60,-42,47,-52,40,-57,27,-57,20,-60,7,-57,-2,-55,-12,-50,-20,-45,-27,-37,-35,-30,-37,-22,-40,-15,-42,-7,-45,0,-42,7,-40,15,-37,20,-32,25,-27,27,-22,30,-15,30,-10,30,-5,27,2,27,7,27,10,22,15,0,0,0,0,0,0,0,0,0,0,0,0,0,0,20,-37,-7,-42,-25,-35,-45,-15,-47,10,-35,37,-12,50,20,47,45,30,52,0,45,-30,20,-52,-12,-52,-42,-37,-57,-7,-52,25,-27,52,7,60,42,45,60,12,57,-27,32,-57,-2,-67,-40,-52,-65,-17,-65,25,-40,57,0,70,0,0,65,25,65,-15,42,-47,7,-60,-27,-52,-50,-22,-52,10,-37,40,-7,50,22,42,40,20,45,-7,27,-30,2,-40,-20,-35,-35,-15,-37,7,-25,27,-5,37,17,30,30,17,35,-5,25,-22,7,-32,-12,-27,-22,-17,-27,0,-22,15,0,0,0,0,0,0]"
1773371063.9065437,CSI_DATA,163362,98:4a:6b:31:4a:10,-62,11,-99,-38,59,1,1795756567,83,0,256,0,"[0,0,0,0,0,0,0,0,-41,7,-41,-4,-41,-17,-36,-26,-26,-36,-17,-43,-7,-48,4,-53,14,-53,21,-48,36,-41,39,-34,48,-19,51,-12,53,2,51,14,51,21,46,36,39,41,31,53,21,56,9,61,4,61,-19,63,-21,63,-34,58,-48,48,-53,41,0,0,-65,14,-65,-7,-65,-19,-56,-29,-51,-39,-41,-43,-31,-46,-21,-46,-7,-51,2,-48,12,-51,19,-41,29,-39,31,-31,36,-21,41,-12,39,-7,41,4,41,7,36,14,31,17,24,26,17,21,7,24,4,26,-2,26,-7,24,-12,24,0,0,0,0,0,0,0,0,0,0,0,0,0,0,26,-31,7,-41,-14,-43,-36,-24,-48,-2,-43,21,-29,43,-2,48,26,39,43,19,53,-12,36,-36,17,-51,-19,-56,-43,-36,-61,-4,-53,26,-26,53,7,58,39,48,58,14,58,-19,43,-53,0,-70,-29,-56,-56,-29,-65,12,-48,48,0,0,21,73,56,41,61,4,56,-24,19,-48,-12,-53,-41,-34,-53,-7,-48,24,-29,41,-2,41,24,34,39,12,39,-12,26,-31,4,-39,-17,-34,-29,-12,-31,2,-24,24,-7,31,14,31,29,17,31,2,26,-17,17,-26,-4,-26,-17,-19,0,0,0,0,0,0]"
1773371063.9238694,CSI_DATA,163363,98:4a:6b:31:4a:10,-61,11,-99,-43,59,1,1795766697,83,0,256,0,"[0,0,0,0,0,0,0,0,-45,5,-42,-8,-36,-14,-33,-22,-25,-42,-16,-47,-8,-53,8,-50,22,-42,33,-39,39,-31,47,-16,53,-11,56,5,50,16,47,25,45,33,33,42,25,50,11,59,0,64,-11,64,-28,56,-42,56,-53,45,-64,28,-64,19,-67,0,0,0,-59,-31,-56,-45,-45,-50,-33,-53,-11,-59,5,-62,14,-53,28,-47,33,-42,42,-33,42,-25,45,-11,45,-5,42,2,39,16,39,19,31,28,22,31,11,33,2,36,-2,33,-11,28,-16,25,-22,22,-22,14,-22,11,-28,5,-25,0,0,0,0,0,0,0,0,0,0,0,0,0,0,0,25,-36,5,-45,-14,-39,-36,-25,-45,-8,-47,19,-33,39,-5,56,25,53,47,33,53,2,47,-25,28,-56,-5,-56,-39,-42,-53,-22,-56,11,-45,39,-11,59,22,59,50,39,64,8,56,-33,31,-59,-8,-70,-42,-59,-62,-25,-70,14,0,0,-14,67,19,62,47,45,62,11,59,-25,33,-53,2,-50,-25,-39,-45,-16,-45,14,-33,36,-5,45,14,36,33,19,42,0,33,-22,16,-36,-8,-36,-28,-28,-39,-8,-36,11,-22,25,-5,31,11,31,25,14,31,-2,25,-14,11,-25,0,0,0,0,0,0]"
1773371063.93142,CSI_DATA,163364,98:4a:6b:31:4a:10,-62,11,-99,-37,59,1,1795767119,83,0,256,0,"[0,0,0,0,0,0,0,0,-28,-33,-18,-40,-4,-42,7,-45,18,-42,33,-37,42,-28,47,-16,52,-2,52,7,49,21,42,30,35,40,23,47,11,52,0,54,-11,56,-23,54,-35,49,-47,37,-52,28,-59,18,-64,7,-64,-11,-64,-23,-54,-37,-49,-52,-35,-64,0,0,-4,-71,11,-66,26,-59,40,-52,47,-40,52,-28,56,-18,54,-4,52,7,47,18,42,28,33,33,26,40,16,42,4,42,-2,42,-11,40,-21,35,-26,28,-28,21,-33,11,-33,7,-30,0,-28,-9,-23,-14,-18,-18,-16,-21,-9,-23,0,0,0,0,0,0,0,0,0,0,0,0,0,0,45,7,40,-16,30,-35,4,-47,-16,-45,-40,-33,-52,-7,-47,21,-33,42,0,54,26,47,49,30,56,-2,47,-33,23,-54,-7,-59,-37,-47,-59,-16,-61,18,-42,49,-9,64,28,61,56,37,71,0,59,-35,30,-61,-7,-73,-47,-56,0,0,-68,16,-49,47,-16,66,23,59,49,35,56,4,49,-28,26,-47,-7,-49,-30,-37,-45,-14,-42,14,-30,35,-4,42,21,37,37,18,40,-2,28,-21,11,-35,-9,-33,-26,-23,-35,-7,-30,11,-21,23,-2,30,11,28,23,16,28,2,0,0,0,0,0,0]"
1773371063.9389284,CSI_DATA,163365,98:4a:6b:31:4a:10,-62,11,-99,-37,60,1,1795788600,83,0,256,0,"[0,0,0,0,0,0,0,0,27,-31,33,-25,40,-16,44,-8,46,2,46,12,44,23,38,33,31,40,23,46,14,50,6,52,-4,52,-12,52,-23,50,-31,46,-40,40,-46,33,-52,25,-57,19,-59,8,-61,-2,-63,-12,-61,-23,-57,-35,-52,-44,-44,-54,-33,-63,0,0,-10,-67,0,-67,12,-63,23,-59,31,-52,38,-44,44,-35,46,-27,48,-19,52,-8,50,-2,46,4,46,12,40,19,35,25,29,29,25,31,16,33,10,35,4,35,-2,33,-6,33,-12,29,-16,25,-19,19,-21,14,-25,12,-23,8,0,0,0,0,0,0,0,0,0,0,0,0,0,0,0,42,23,35,40,16,44,-8,35,-31,10,-48,-16,-46,-42,-29,-52,0,-44,29,-19,48,10,54,40,38,54,6,50,-25,25,-50,-8,-57,-40,-42,-61,-8,-54,27,-31,54,6,63,42,48,65,14,61,-25,35,-59,-4,-69,-44,-52,0,0,-65,21,-40,52,-2,63,35,48,52,19,54,-14,33,-42,2,-50,-29,-40,-44,-14,-42,14,-25,35,0,44,27,33,40,8,35,-12,21,-31,-2,-35,-23,-27,-33,-8,-31,12,-19,27,0,31,19,25,27,8,27,-8,16,-21,2,-27,0,0,0,0,0,0]"
1773371063.947602,CSI_DATA,163366,98:4a:6b:31:4a:10,-61,11,-99,-38,59,1,1795798827,83,0,256,0,"[0,0,0,0,0,0,0,0,-39,17,-43,4,-43,-7,-39,-14,-41,-31,-31,-39,-24,-46,-12,-51,-2,-53,7,-56,21,-48,31,-51,41,-39,46,-29,51,-17,53,-7,53,0,61,14,53,24,53,39,41,46,36,48,31,61,14,63,4,75,-9,68,-24,68,-34,61,0,0,-56,43,-63,29,-65,14,-68,0,-61,-7,-58,-19,-53,-26,-43,-36,-34,-39,-24,-48,-14,-51,-2,-51,4,-48,9,-43,24,-41,29,-31,29,-29,34,-21,39,-14,39,-7,39,0,31,7,31,12,24,19,19,21,14,21,9,26,4,24,0,0,0,0,0,0,0,0,0,0,0,0,0,0,17,-39,-4,-43,-26,-36,-39,-14,-48,9,-34,34,-12,51,14,46,41,34,51,2,51,-24,26,-53,-4,-56,-39,-43,-58,-14,-61,19,-41,43,-4,61,29,51,61,31,58,-7,46,-46,17,-61,-26,-68,-58,-39,-68,2,-56,39,-24,65,0,0,51,48,70,12,61,-26,36,-53,-4,-53,-34,-43,-53,-14,-53,14,-31,43,-4,48,24,36,43,14,41,-9,24,-29,7,-41,-17,-31,-36,-17,-36,4,-24,24,-7,36,14,29,29,19,36,-2,26,-17,12,-29,-7,-29,-19,-19,-26,-4,0,0,0,0,0,0]"
1773371063.965097,CSI_DATA,163367,98:4a:6b:31:4a:10,-57,11,-99,32,37,1,1795809999,83,0,256,0,"[0,0,0,0,0,0,0,0,69,24,57,40,45,65,28,61,16,69,0,77,-16,77,-32,65,-53,65,-49,49,-77,40,-77,36,-86,12,-90,8,-86,-12,-90,-32,-73,-49,-77,-65,-73,-77,-57,-73,-49,-81,-24,-98,-4,-106,4,-110,28,-114,36,-106,57,-102,86,-94,0,0,106,-49,106,-28,114,-16,106,4,102,16,98,36,77,45,65,61,53,69,49,69,32,81,8,81,12,81,0,73,-20,77,-28,57,-28,61,-49,53,-53,32,-57,24,-61,16,-49,4,-53,4,-49,-4,-45,-12,-45,-24,-36,-28,-28,-36,0,0,0,0,0,0,0,0,0,0,0,0,0,0,-65,20,-53,45,-12,65,24,61,69,36,86,-4,61,-45,24,-73,-24,-73,-61,-45,-86,-8,-73,45,-45,77,8,86,65,65,90,20,77,-40,45,-77,-4,-94,-61,-73,-102,-16,-98,40,-61,94,4,106,65,73,98,32,98,-24,65,-90,0,0,-86,-86,-98,-36,-102,28,-65,77,4,73,57,69,86,24,73,-36,49,-57,8,-73,-45,-53,-69,-24,-69,32,-40,61,8,61,45,57,53,16,49,-32,28,-45,0,-53,-28,-40,-53,-16,-49,28,-20,45,8,57,24,36,49,12,40,-12,0,0,0,0,0,0]"
1773371063.9725542,CSI_DATA,163368,98:4a:6b:31:4a:10,-62,11,-99,-33,59,1,1795821418,83,0,256,0,"[0,0,0,0,0,0,0,0,40,16,35,25,29,33,21,40,10,44,-2,48,-12,48,-23,46,-33,40,-40,31,-46,23,-52,12,-54,2,-52,-8,-50,-21,-46,-31,-40,-38,-35,-46,-25,-52,-16,-57,-4,-61,6,-63,19,-61,31,-59,40,-54,52,-46,63,-35,67,-25,0,0,69,6,63,19,59,33,52,40,40,46,27,50,19,54,8,54,0,54,-12,48,-19,46,-27,40,-33,33,-38,27,-38,19,-40,12,-42,2,-40,-4,-38,-12,-33,-19,-27,-21,-19,-27,-14,-27,-8,-27,-2,-29,2,-27,8,-25,12,-21,0,0,0,0,0,0,0,0,0,0,0,0,0,0,-38,14,-23,33,-2,42,21,38,42,23,50,-4,42,-27,21,-46,-8,-52,-35,-38,-52,-12,-52,19,-33,46,-2,57,29,48,50,23,59,-8,42,-42,12,-61,-25,-57,-52,-31,-63,2,-50,38,-21,63,21,65,52,44,69,6,65,-33,0,0,-6,-69,-42,-52,-63,-19,-57,19,-33,46,-2,54,29,44,46,19,48,-10,31,-35,6,-46,-21,-38,-38,-19,-40,8,-29,31,-6,40,16,35,33,19,31,-2,27,-23,10,-33,-10,-33,-25,-21,-31,-2,-27,14,-14,25,2,27,16,21,0,0,0,0,0,0]"
1773371063.980123,CSI_DATA,163369,98:4a:6b:31:4a:10,-62,11,-99,-35,59,1,1795831438,83,0,256,0,"[0,0,0,0,0,0,0,0,24,-33,33,-26,40,-17,44,-6,44,4,44,17,38,29,31,42,20,47,11,53,-2,53,-8,51,-22,47,-35,42,-44,33,-49,22,-55,13,-60,0,-60,-11,-55,-24,-49,-35,-40,-44,-33,-53,-17,-62,-6,-67,6,-69,20,-67,33,-60,0,0,58,-38,60,-22,69,-8,62,4,60,17,53,26,44,35,35,40,24,47,13,49,2,51,-6,47,-15,42,-22,40,-29,31,-38,24,-35,13,-40,6,-38,0,-35,-8,-33,-15,-26,-20,-20,-22,-13,-24,-6,-26,0,-29,6,-24,8,-22,0,0,0,0,0,0,0,0,0,0,0,0,0,0,4,42,26,33,40,15,44,-8,35,-31,15,-49,-8,-49,-33,-40,-49,-13,-49,15,-33,38,-8,55,24,53,47,31,55,2,49,-31,24,-53,-6,-55,-40,-44,-60,-15,-60,20,-40,51,-8,64,29,60,58,33,67,-4,53,-42,26,-64,0,0,-49,-51,-64,-17,-62,22,-38,47,-2,58,29,47,51,22,53,-8,38,-35,13,-47,-13,-44,-35,-24,-40,0,-33,24,-15,38,6,40,26,29,35,8,35,-11,20,-26,2,-33,-17,-29,-29,-13,-31,2,-24,17,-11,26,4,29,17,20,0,0,0,0,0,0]"
1773371063.9971817,CSI_DATA,163370,98:4a:6b:31:4a:10,-62,11,-99,-33,59,1,1795831807,83,0,256,0,"[0,0,0,0,0,0,0,0,19,-38,29,-33,35,-25,42,-14,46,-2,48,10,44,21,38,33,29,42,19,48,8,50,-2,54,-16,52,-27,44,-38,40,-46,31,-52,23,-59,8,-61,-2,-59,-14,-54,-27,-50,-38,-40,-48,-29,-59,-19,-65,-4,-69,10,-69,25,-67,0,0,50,-46,59,-35,65,-19,63,-6,61,8,57,16,48,29,42,35,31,42,21,48,10,48,2,46,-8,46,-16,42,-25,38,-31,29,-33,19,-38,12,-40,4,-38,-4,-33,-12,-29,-16,-23,-21,-16,-23,-10,-27,-4,-27,2,-25,6,-23,0,0,0,0,0,0,0,0,0,0,0,0,0,0,14,40,31,27,44,8,42,-14,29,-38,6,-50,-16,-48,-42,-31,-50,-4,-46,23,-27,44,2,57,29,46,52,19,54,-8,42,-40,14,-57,-19,-57,-48,-38,-61,-6,-57,29,-31,57,4,67,40,54,63,23,67,-16,48,-50,14,-67,0,0,-57,-40,-67,-6,-59,31,-27,52,6,57,35,44,54,16,50,-14,33,-38,6,-48,-21,-40,-42,-19,-42,6,-29,29,-10,42,12,38,31,25,38,2,31,-16,16,-31,-2,-33,-21,-27,-31,-10,-31,8,-21,21,-6,27,8,27,21,16,0,0,0,0,0,0]"
1773371064.0042152,CSI_DATA,163371,98:4a:6b:31:4a:10,-57,11,-99,32,37,1,1795851913,83,0,256,0,"[0,0,0,0,0,0,0,0,-49,49,-53,36,-65,16,-65,-4,-69,-12,-69,-28,-65,-53,-45,-61,-28,-86,-12,-90,8,-86,24,-81,36,-73,57,-61,77,-49,86,-36,90,-16,94,0,98,24,98,49,77,61,77,73,49,94,40,98,8,110,-12,110,-36,106,-57,106,0,0,-102,69,-102,53,-106,20,-114,4,-98,-16,-94,-36,-65,-49,-65,-77,-45,-77,-24,-86,-12,-86,4,-81,16,-73,32,-69,53,-57,49,-49,57,-20,61,-20,69,0,69,12,57,16,45,32,45,40,32,45,12,40,4,53,0,49,0,40,0,0,0,0,0,0,0,0,0,0,0,0,0,0,-4,-61,-40,-53,-57,-28,-73,0,-57,45,-20,73,4,77,45,65,77,28,86,-16,65,-49,20,-90,-36,-86,-73,-57,-94,-4,-77,40,-40,81,4,90,65,73,98,24,98,-24,61,-73,8,-110,-53,-94,-90,-49,-118,4,-86,73,-28,102,0,0,90,73,102,12,98,-40,57,-73,0,-94,-49,-69,-86,-28,-81,12,-69,53,-16,77,28,61,53,40,77,-16,49,-40,8,-57,-12,-65,-53,-40,-57,-12,-45,28,-28,49,0,49,36,49,53,16,53,-12,28,-32,12,-32,-12,-45,-32,-28,0,0,0,0,0,0]"
1773371064.0215828,CSI_DATA,163372,98:4a:6b:31:4a:10,-62,11,-99,-40,60,1,1795864642,83,0,256,0,"[0,0,0,0,0,0,0,0,27,-25,32,-23,41,-11,41,-2,46,6,41,18,39,27,34,39,27,46,18,46,6,52,-2,50,-16,48,-23,46,-36,41,-41,32,-48,27,-55,16,-57,6,-59,-2,-52,-11,-55,-23,-52,-29,-48,-43,-36,-50,-27,-57,-16,-62,-2,-66,0,0,25,-59,32,-57,46,-48,52,-34,50,-32,52,-20,52,-11,52,-2,52,9,43,18,39,29,34,29,27,39,18,36,11,43,0,41,-4,36,-13,36,-18,34,-20,29,-23,23,-29,16,-29,11,-25,2,-27,0,-27,-9,-23,-9,-18,-13,0,0,0,0,0,0,0,0,0,0,0,0,0,0,-2,46,20,36,41,18,43,-6,39,-29,13,-48,-11,-50,-34,-34,-48,-9,-43,20,-25,48,2,55,29,43,52,20,52,-11,39,-46,6,-59,-27,-50,-52,-25,-64,6,-43,41,-13,62,23,64,52,41,71,4,57,-34,27,-64,-16,-66,0,0,-69,-6,-62,27,-29,55,9,64,32,43,52,11,50,-23,27,-46,0,-52,-27,-41,-43,-11,-41,11,-25,34,0,41,25,34,36,11,39,-11,23,-27,2,-32,-16,-27,-29,-11,-32,6,-25,25,-6,27,11,29,23,16,27,2,23,-13,0,0,0,0,0,0]"
1773371064.028787,CSI_DATA,163373,98:4a:6b:31:4a:10,-62,11,-99,-33,59,1,1795874225,83,0,256,0,"[0,0,0,0,0,0,0,0,-40,-14,-35,-25,-29,-33,-19,-40,-8,-44,4,-46,16,-44,29,-42,38,-33,46,-25,50,-12,52,-2,52,6,50,19,44,31,38,42,29,48,23,54,10,61,0,59,-12,57,-29,57,-38,50,-52,42,-59,33,-67,23,-71,8,-73,-6,0,0,-57,-38,-46,-48,-35,-57,-25,-61,-12,-63,4,-61,14,-54,23,-50,31,-42,38,-33,42,-25,44,-19,46,-8,46,-2,40,8,31,16,38,25,27,27,19,33,10,35,2,33,-6,33,-10,29,-14,25,-16,21,-23,14,-25,8,-25,4,0,0,0,0,0,0,0,0,0,0,0,0,0,0,38,-14,23,-33,0,-44,-21,-40,-40,-25,-50,-2,-44,23,-27,46,0,52,29,44,50,21,52,-10,40,-40,12,-57,-16,-54,-44,-35,-57,-4,-50,29,-25,57,10,63,42,48,61,19,63,-16,42,-50,8,-67,-29,-59,-61,-29,-71,6,0,0,-25,65,12,63,46,46,61,10,52,-21,33,-44,0,-54,-27,-42,-46,-19,-46,8,-31,33,-6,40,19,35,35,16,40,-6,38,-25,16,-35,-10,-35,-27,-23,-35,-4,-31,16,-16,29,4,31,19,25,29,10,29,-6,19,-19,6,-25,0,0,0,0,0,0]"
1773371064.0361571,CSI_DATA,163374,98:4a:6b:31:4a:10,-62,11,-99,-39,59,1,1795884825,83,0,256,0,"[0,0,0,0,0,0,0,0,-35,17,-40,7,-42,-2,-42,-12,-40,-20,-37,-32,-27,-40,-20,-47,-10,-52,2,-55,7,-52,22,-50,32,-45,42,-37,45,-30,52,-22,57,-12,55,-5,60,7,57,15,55,25,47,32,40,45,35,55,22,65,7,65,0,67,-15,70,0,0,-37,57,-45,50,-52,40,-57,30,-60,17,-60,10,-57,0,-50,-10,-47,-22,-40,-30,-35,-35,-27,-35,-20,-40,-15,-42,-5,-42,2,-42,7,-37,15,-35,22,-30,27,-27,30,-20,30,-15,30,-7,30,0,30,5,25,10,20,10,20,15,0,0,0,0,0,0,0,0,0,0,0,0,0,0,15,-40,-7,-45,-27,-32,-45,-10,-45,17,-32,42,-2,52,25,45,45,25,52,-5,40,-35,17,-50,-15,-55,-42,-32,-57,-2,-47,30,-20,55,7,57,45,40,62,5,57,-30,32,-60,-10,-67,-42,-50,-70,-15,-70,25,-42,57,-2,70,0,0,62,25,70,-15,45,-47,10,-60,-30,-50,-52,-22,-55,12,-37,40,-7,50,22,45,42,22,45,-7,32,-30,5,-40,-20,-37,-37,-17,-37,5,-27,25,-7,35,15,32,27,17,35,-5,27,-22,12,-30,-7,-27,-22,-17,-27,-2,-25,12,0,0,0,0,0,0]"
1773371064.0530689,CSI_DATA,163375,98:4a:6b:31:4a:10,-62,11,-99,-34,59,1,1795898099,83,0,256,0,"[0,0,0,0,0,0,0,0,-34,21,-41,13,-45,4,-43,-8,-41,-21,-34,-34,-26,-41,-17,-47,-4,-50,6,-52,19,-47,30,-45,39,-39,45,-28,52,-17,54,-6,56,4,56,15,52,28,47,39,36,47,26,54,15,60,2,65,-13,67,-23,63,-36,56,-50,50,0,0,-65,21,-67,8,-65,-6,-60,-19,-54,-30,-43,-39,-32,-45,-23,-50,-13,-52,-2,-50,8,-50,17,-43,23,-41,28,-32,34,-26,39,-17,39,-8,39,0,36,8,32,15,28,21,19,28,13,30,8,26,2,28,-4,26,-8,23,-10,19,0,0,0,0,0,0,0,0,0,0,0,0,0,0,8,-41,-15,-43,-32,-30,-45,-8,-45,17,-32,41,-6,52,19,50,43,30,54,2,47,-28,26,-52,-6,-58,-34,-45,-54,-19,-56,15,-41,43,-8,60,26,56,54,32,63,-2,54,-36,26,-63,-15,-67,-47,-47,-67,-13,-65,26,-41,56,0,0,32,63,60,32,67,-6,47,-39,17,-56,-17,-54,-41,-34,-52,-6,-43,23,-21,41,6,47,30,32,41,8,39,-15,23,-36,0,-41,-21,-32,-34,-15,-36,6,-26,26,-8,36,10,32,26,17,32,2,26,-15,15,-26,-2,-28,-15,-23,0,0,0,0,0,0]"
1773371064.059909,CSI_DATA,163376,98:4a:6b:31:4a:10,-62,11,-99,-41,59,1,1795907988,83,0,256,0,"[0,0,0,0,0,0,0,0,-7,-42,0,-45,10,-42,21,-39,31,-34,39,-26,45,-18,47,-7,50,2,50,10,45,21,42,31,37,39,29,45,21,50,7,53,0,58,-10,55,-21,55,-29,50,-39,47,-45,39,-55,31,-63,18,-66,10,-66,-2,-69,-13,-66,-26,0,0,-47,-47,-37,-53,-26,-61,-13,-61,-2,-61,7,-58,18,-53,23,-50,31,-42,37,-31,39,-26,42,-18,42,-10,45,-2,39,5,39,10,37,18,29,23,23,26,18,29,10,31,5,34,0,31,-7,29,-7,26,-13,21,-18,18,-21,15,0,0,0,0,0,0,0,0,0,0,0,0,0,0,34,23,42,0,37,-23,21,-39,-5,-45,-29,-39,-47,-15,-50,13,-34,37,-5,53,23,47,47,26,55,-2,42,-34,15,-53,-18,-53,-45,-37,-58,0,-50,34,-21,55,13,61,47,42,63,7,58,-29,29,-58,-7,-66,-45,-50,-66,-15,0,0,-39,55,0,66,37,50,58,18,55,-13,34,-39,5,-53,-23,-42,-45,-18,-45,10,-29,34,-2,42,21,34,37,15,37,-10,23,-31,2,-37,-18,-31,-31,-13,-34,5,-23,23,-5,31,13,29,23,15,29,-2,23,-18,7,-26,-5,-26,0,0,0,0,0,0]"
1773371064.077223,CSI_DATA,163377,98:4a:6b:31:4a:10,-62,11,-99,-33,59,1,1795923627,83,0,256,0,"[0,0,0,0,0,0,0,0,4,42,-4,42,-12,42,-21,40,-31,35,-40,27,-46,19,-48,10,-50,0,-50,-8,-48,-19,-44,-29,-40,-35,-33,-42,-25,-48,-16,-52,-8,-57,0,-57,10,-57,19,-57,29,-54,38,-50,46,-44,54,-38,59,-29,67,-16,69,-6,71,4,0,0,63,29,57,38,48,46,40,50,29,54,16,57,8,57,0,57,-6,52,-14,48,-23,46,-29,40,-33,31,-38,27,-38,19,-40,12,-42,6,-38,0,-38,-6,-33,-12,-27,-19,-25,-23,-21,-25,-14,-25,-10,-25,-6,-27,0,-27,4,-25,0,0,0,0,0,0,0,0,0,0,0,0,0,0,-31,-25,-42,-4,-40,21,-21,40,4,46,31,38,48,14,48,-14,33,-40,4,-52,-27,-46,-50,-23,-54,10,-40,40,-8,54,25,48,52,27,61,-6,44,-42,10,-61,-27,-54,-54,-29,-61,10,-46,44,-10,69,29,63,61,35,69,-10,0,0,16,-65,-25,-61,-54,-33,-63,4,-44,38,-14,54,21,50,42,27,48,-4,35,-31,6,-44,-19,-38,-35,-19,-38,6,-27,29,-4,40,19,33,33,12,35,-8,23,-29,4,-35,-14,-29,-29,-12,-29,4,-21,21,-4,29,10,25,23,14,0,0,0,0,0,0]"
1773371064.0847154,CSI_DATA,163378,98:4a:6b:31:4a:10,-57,11,-99,36,37,1,1795935836,83,0,256,0,"[0,0,0,0,0,0,0,0,-62,-25,-54,-25,-51,-47,-40,-54,-14,-69,-7,-69,3,-73,43,-73,51,-58,62,-54,69,-32,80,-21,91,0,87,21,80,32,73,51,69,69,65,80,43,80,21,94,3,94,0,94,-25,98,-51,87,-73,80,-87,73,-98,58,-98,25,0,0,-109,-29,-94,-32,-98,-54,-83,-54,-65,-73,-43,-80,-21,-91,-14,-94,3,-83,18,-80,29,-76,47,-69,54,-51,54,-40,69,-32,73,-21,65,-7,62,14,58,29,58,43,51,29,40,51,32,43,14,54,7,58,3,47,-7,36,-29,32,0,0,0,0,0,0,0,0,0,0,0,0,0,0,65,-29,32,-54,14,-62,-32,-65,-62,-36,-83,3,-69,43,-40,73,10,80,58,62,76,18,83,-29,54,-65,-3,-91,-47,-76,-80,-29,-91,14,-73,62,-21,102,47,83,87,47,98,-3,80,-62,36,-102,-21,-102,-87,-76,-98,-7,-105,51,0,0,7,105,58,80,91,40,87,-25,65,-76,7,-87,-47,-73,-73,-32,-69,18,-58,51,-10,76,32,54,62,14,62,-18,47,-43,10,-62,-21,-54,-47,-25,-65,3,-43,36,-18,43,18,54,43,32,54,7,36,-21,25,-40,-3,-40,-29,-36,0,0,0,0,0,0]"
1773371064.1024606,CSI_DATA,163379,98:4a:6b:31:4a:10,-62,11,-99,-33,59,1,1795946604,83,0,256,0,"[0,0,0,0,0,0,0,0,-40,10,-42,0,-44,-10,-38,-21,-31,-33,-21,-42,-12,-48,2,-50,12,-48,25,-46,33,-38,44,-31,50,-19,52,-8,57,4,54,14,50,25,42,38,35,46,27,57,16,57,2,61,-10,63,-27,65,-42,52,-52,44,-59,35,-69,23,0,0,-69,-10,-63,-27,-52,-35,-44,-48,-35,-50,-19,-54,-4,-54,6,-52,19,-50,21,-44,31,-38,35,-25,42,-21,40,-12,42,-4,44,6,35,19,31,21,27,25,16,31,12,31,2,33,-4,29,-10,27,-14,23,-16,21,-21,12,-25,8,0,0,0,0,0,0,0,0,0,0,0,0,0,0,21,-35,0,-42,-21,-38,-40,-23,-48,0,-44,27,-23,44,2,52,29,42,48,21,54,-6,44,-35,16,-54,-14,-52,-42,-35,-57,-8,-54,23,-31,50,2,61,33,54,57,23,61,-10,48,-42,14,-63,-23,-65,-52,-42,-67,-6,-63,31,0,0,2,69,35,52,59,25,61,-12,40,-40,12,-52,-19,-50,-40,-29,-48,-2,-40,25,-19,44,8,42,29,29,40,6,38,-16,19,-35,0,-38,-21,-31,-33,-12,-33,6,-27,23,-6,31,8,29,23,19,31,4,27,-12,14,-23,0,-27,0,0,0,0,0,0]"
1773371064.1101937,CSI_DATA,163380,98:4a:6b:31:4a:10,-62,11,-99,-33,59,1,1795956298,83,0,256,0,"[0,0,0,0,0,0,0,0,-31,-23,-25,-31,-12,-42,-6,-46,6,-42,19,-46,29,-38,35,-35,42,-27,50,-21,54,-8,50,4,52,12,54,25,48,29,35,38,31,50,19,52,10,59,2,57,-12,57,-21,50,-33,54,-46,48,-48,46,-61,27,-69,16,-71,6,0,0,-65,-19,-54,-33,-52,-46,-38,-48,-29,-54,-21,-52,-10,-54,2,-54,12,-52,21,-48,25,-42,31,-35,38,-25,42,-21,40,-10,44,-2,38,6,38,10,33,16,29,21,27,23,16,29,10,29,2,27,2,31,-4,25,-8,23,-14,21,0,0,0,0,0,0,0,0,0,0,0,0,0,0,42,2,35,-23,23,-44,-6,-46,-29,-31,-46,-14,-48,14,-35,35,-10,52,21,44,48,27,52,-2,44,-33,21,-48,-12,-57,-46,-40,-57,-4,-52,27,-23,57,10,59,40,44,65,6,61,-23,38,-57,2,-61,-40,-57,-63,-27,-69,14,0,0,-12,71,33,57,52,29,61,-6,44,-38,10,-50,-21,-46,-42,-27,-50,0,-38,25,-14,42,14,42,35,27,42,-2,29,-23,12,-38,-10,-33,-29,-25,-35,-2,-31,16,-10,29,8,31,21,21,29,4,27,-10,19,-25,0,-25,-16,-21,0,0,0,0,0,0]"
1773371064.117777,CSI_DATA,163381,98:4a:6b:31:4a:10,-62,11,-99,-34,59,1,1795967455,83,0,256,0,"[0,0,0,0,0,0,0,0,-21,32,-30,23,-36,17,-43,8,-43,-6,-47,-15,-36,-28,-32,-39,-19,-43,-13,-52,-2,-50,13,-47,23,-47,32,-41,41,-32,45,-23,56,-15,52,-6,60,8,52,17,54,32,43,34,30,54,21,58,10,67,-6,65,-19,60,-32,60,0,0,-54,39,-58,30,-63,17,-60,4,-60,-13,-54,-21,-43,-28,-34,-36,-26,-43,-13,-47,-6,-47,4,-45,8,-41,17,-39,26,-30,32,-30,30,-17,34,-13,34,-2,34,6,34,10,26,15,19,19,15,23,8,26,2,26,2,26,-4,23,0,0,0,0,0,0,0,0,0,0,0,0,0,0,-4,-43,-23,-36,-36,-17,-43,8,-34,32,-17,50,10,50,34,36,54,10,47,-19,32,-41,6,-52,-23,-52,-45,-28,-58,2,-47,30,-19,54,6,54,45,43,58,10,63,-21,36,-56,0,-60,-32,-56,-60,-28,-69,8,-54,41,-21,65,0,0,50,43,67,10,56,-23,34,-47,-4,-58,-34,-45,-50,-17,-47,10,-32,36,-6,43,19,41,39,21,41,-2,30,-28,10,-34,-8,-39,-32,-23,-36,-4,-30,17,-15,32,4,34,19,26,30,10,32,-6,19,-19,4,-28,-8,-26,-19,-17,0,0,0,0,0,0]"
1773371064.1355655,CSI_DATA,163382,98:4a:6b:31:4a:10,-62,11,-99,-43,59,1,1795977737,83,0,256,0,"[0,0,0,0,0,0,0,0,25,31,16,39,8,42,2,45,-14,47,-22,45,-28,36,-39,31,-45,22,-50,11,-50,-2,-53,-11,-50,-16,-45,-28,-36,-39,-31,-45,-28,-50,-11,-53,-2,-59,5,-59,16,-56,25,-56,36,-53,45,-47,56,-33,64,-25,67,-14,70,0,0,0,64,25,59,33,47,45,36,47,28,53,14,56,5,56,-2,56,-14,50,-19,42,-28,39,-33,33,-39,28,-39,22,-45,8,-45,2,-42,-2,-36,-11,-33,-14,-28,-22,-22,-25,-16,-31,-11,-31,-2,-31,0,-28,2,-28,8,-22,14,-19,0,0,0,0,0,0,0,0,0,0,0,0,0,0,-42,-2,-36,19,-25,36,-2,45,25,39,45,19,47,-5,39,-31,14,-50,-16,-50,-45,-31,-53,-5,-45,25,-25,47,8,56,39,45,59,14,50,-25,31,-50,0,-62,-36,-50,-59,-19,-59,19,-39,53,0,67,33,62,64,31,67,-11,0,0,11,-64,-28,-56,-53,-33,-62,5,-45,36,-16,53,19,50,39,31,50,-2,36,-22,14,-42,-11,-42,-31,-25,-39,-5,-31,25,-11,36,8,33,31,22,36,0,31,-19,14,-31,-5,-33,-22,-22,-28,-5,-28,14,-14,28,0,25,14,22,0,0,0,0,0,0]"
1773371064.143634,CSI_DATA,163383,98:4a:6b:31:4a:10,-57,11,-99,31,37,1,1795988684,83,0,256,0,"[0,0,0,0,0,0,0,0,-59,-21,-54,-29,-50,-46,-46,-63,-16,-59,-8,-75,8,-71,29,-75,63,-59,67,-46,80,-29,80,-4,84,0,84,29,92,37,63,50,59,71,54,80,29,84,21,92,-12,92,-21,96,-46,80,-75,80,-84,59,-109,46,-92,16,-130,-8,0,0,-96,-42,-84,-67,-54,-80,-54,-92,-33,-101,-12,-84,16,-88,33,-84,50,-71,54,-50,67,-42,75,-29,75,-8,75,12,67,21,63,25,59,37,46,46,37,54,21,50,4,63,-4,59,-16,46,-29,37,-21,46,-37,29,-29,25,-37,8,0,0,0,0,0,0,0,0,0,0,0,0,0,0,54,-33,33,-46,0,-63,-33,-71,-54,-33,-71,0,-54,37,-33,71,8,75,46,67,71,21,88,-16,67,-71,8,-88,-42,-84,-71,-50,-92,0,-92,50,-33,96,0,96,63,71,96,21,96,-37,63,-88,21,-109,-54,-101,-92,-29,-109,16,0,0,-50,101,37,101,75,54,96,25,75,-46,46,-75,-4,-75,-50,-71,-67,-16,-71,12,-46,59,-12,63,33,54,63,16,59,-16,54,-42,8,-59,-16,-50,-42,-33,-50,-8,-37,29,-16,42,8,54,37,42,37,4,42,-16,33,-29,0,-33,0,0,0,0,0,0]"
1773371064.1515129,CSI_DATA,163384,98:4a:6b:31:4a:10,-62,11,-99,-38,59,1,1795989025,83,0,256,0,"[0,0,0,0,0,0,0,0,-36,-14,-31,-24,-26,-36,-14,-43,-9,-46,4,-48,14,-48,26,-43,36,-34,43,-21,51,-14,53,0,51,12,48,21,41,29,36,36,29,46,19,51,9,56,-7,61,-17,56,-26,56,-41,51,-51,41,-58,29,-63,19,-70,4,-68,-9,0,0,-61,-41,-46,-43,-36,-53,-19,-58,-12,-58,7,-56,12,-53,26,-48,31,-43,39,-31,43,-24,43,-14,46,-2,43,7,41,9,36,19,31,26,24,29,14,31,7,34,0,31,-7,34,-12,29,-17,24,-19,19,-21,14,-24,9,-26,4,0,0,0,0,0,0,0,0,0,0,0,0,0,0,39,-17,26,-34,4,-41,-19,-39,-36,-29,-51,-2,-41,26,-24,46,2,53,29,43,48,24,56,-9,43,-39,17,-53,-14,-53,-43,-34,-61,-7,-53,29,-34,58,7,61,39,51,61,21,65,-14,43,-51,9,-65,-29,-65,-58,-39,-68,-2,0,0,-24,68,12,58,46,43,61,12,58,-21,34,-46,4,-53,-26,-43,-43,-19,-48,7,-31,36,-9,43,12,39,34,19,39,0,29,-24,12,-36,-12,-36,-26,-21,-36,-7,-31,17,-17,26,-2,34,14,26,26,9,29,-4,21,-19,7,-26,0,0,0,0,0,0]"
1773371064.1591845,CSI_DATA,163385,98:4a:6b:31:4a:10,-57,11,-99,28,37,1,1796008994,83,0,256,0,"[0,0,0,0,0,0,0,0,64,18,55,45,50,59,27,55,13,78,-9,73,-27,64,-41,68,-55,50,-68,41,-82,32,-82,13,-82,-9,-87,-27,-68,-50,-68,-55,-41,-73,-36,-87,-27,-91,-9,-91,18,-91,36,-91,50,-91,73,-68,87,-68,87,-59,101,-22,105,-4,0,0,96,36,91,68,68,87,50,82,32,101,22,91,-13,96,-27,91,-36,82,-50,68,-64,59,-78,36,-73,22,-82,18,-68,-4,-73,-18,-68,-22,-50,-32,-45,-50,-22,-50,-18,-64,0,-59,-9,-45,18,-50,18,-50,27,-36,36,-27,32,-9,0,0,0,0,0,0,0,0,0,0,0,0,0,0,-55,13,-41,55,-9,68,27,64,73,41,82,0,64,-41,45,-68,-4,-87,-59,-78,-78,-27,-82,22,-59,59,-18,87,45,78,73,45,91,0,78,-55,45,-101,-13,-105,-73,-68,-105,-18,-87,32,-59,96,9,114,55,91,110,50,114,-13,0,0,22,-110,-36,-96,-82,-64,-101,-9,-82,50,-32,73,13,91,55,59,87,18,73,-27,41,-64,-4,-73,-36,-59,-64,-9,-64,22,-45,45,0,59,27,50,55,27,55,-4,41,-41,18,-50,-22,-55,-36,-32,-45,9,-41,18,-27,41,4,45,0,0,0,0,0,0]"
1773371064.176224,CSI_DATA,163386,98:4a:6b:31:4a:10,-62,11,-99,-34,59,1,1796019185,83,0,256,0,"[0,0,0,0,0,0,0,0,-17,39,-26,32,-36,23,-41,13,-45,2,-45,-13,-43,-23,-39,-34,-28,-43,-15,-50,-2,-52,10,-52,21,-50,32,-43,41,-34,50,-23,54,-15,56,0,58,10,54,23,47,34,41,47,32,54,17,63,6,67,-13,67,-26,65,-41,58,0,0,-63,32,-65,19,-67,4,-60,-15,-54,-26,-43,-36,-34,-45,-28,-50,-15,-50,-4,-52,6,-50,17,-43,26,-41,32,-28,36,-23,41,-13,41,-4,39,2,34,13,30,15,23,23,17,30,8,30,2,26,-4,28,-10,23,-10,23,-19,17,0,0,0,0,0,0,0,0,0,0,0,0,0,0,-15,-41,-34,-28,-45,-8,-43,15,-30,39,-8,50,17,47,36,32,52,8,50,-21,32,-45,4,-56,-26,-50,-45,-28,-56,2,-45,34,-23,54,13,60,41,47,63,15,56,-17,41,-47,6,-65,-28,-60,-58,-34,-71,-2,-58,36,-28,65,0,0,43,54,63,19,63,-15,43,-43,13,-56,-19,-54,-43,-32,-50,-4,-43,26,-23,43,6,47,32,34,45,10,36,-15,26,-32,2,-41,-17,-32,-34,-17,-36,2,-30,21,-13,34,8,34,23,21,30,8,28,-8,19,-21,4,-28,-10,-23,0,0,0,0,0,0]"
1773371064.1834507,CSI_DATA,163387,98:4a:6b:31:4a:10,-62,11,-99,-41,59,1,1796028951,83,0,256,0,"[0,0,0,0,0,0,0,0,-29,-31,-21,-37,-13,-42,0,-42,10,-47,23,-42,29,-39,42,-31,47,-21,50,-10,50,2,55,13,47,21,42,31,34,39,26,45,18,50,5,58,-2,55,-15,61,-26,53,-37,50,-45,45,-55,29,-61,23,-69,13,-69,-2,-66,-13,0,0,-53,-39,-45,-50,-34,-58,-18,-58,-10,-58,2,-58,13,-55,23,-47,29,-42,37,-34,42,-26,47,-18,45,-7,42,-2,42,10,37,18,34,21,26,26,21,29,13,31,10,34,-2,34,-5,31,-13,26,-13,23,-18,18,-23,13,-23,10,0,0,0,0,0,0,0,0,0,0,0,0,0,0,39,0,37,-21,21,-37,-2,-42,-23,-39,-42,-18,-47,5,-37,31,-15,50,13,47,39,37,55,5,50,-23,26,-50,-5,-55,-37,-45,-55,-21,-58,18,-39,42,-7,63,26,50,55,29,66,-2,53,-42,15,-61,-21,-63,-53,-39,-66,-2,0,0,-31,61,5,63,39,47,61,13,55,-15,31,-45,0,-53,-29,-45,-45,-18,-45,10,-26,31,-2,42,21,37,34,18,39,-5,23,-23,7,-37,-15,-34,-29,-18,-34,2,-23,21,-13,29,10,31,21,21,31,2,26,-13,13,-21,0,-26,0,0,0,0,0,0]"
1773371064.1905708,CSI_DATA,163388,98:4a:6b:31:4a:10,-62,11,-99,-42,59,1,1796039428,83,0,256,0,"[0,0,0,0,0,0,0,0,16,-38,27,-35,32,-30,38,-19,46,-10,46,2,49,10,46,21,41,30,35,35,24,46,21,49,10,49,2,52,-8,54,-19,52,-24,49,-38,46,-41,41,-52,32,-54,21,-60,13,-62,8,-62,-5,-65,-16,-65,-27,-60,-38,-52,-43,0,0,-30,-60,-16,-65,-5,-65,5,-62,10,-57,21,-54,30,-49,35,-43,41,-32,46,-24,46,-16,46,-10,49,-2,46,2,41,13,38,19,32,24,24,27,21,30,13,32,8,32,0,35,-2,32,-5,27,-10,24,-13,21,-21,19,-21,16,0,0,0,0,0,0,0,0,0,0,0,0,0,0,10,38,30,24,43,5,41,-21,24,-41,-2,-49,-27,-41,-49,-16,-49,13,-32,38,-5,54,27,49,49,21,54,-10,41,-41,10,-57,-21,-54,-52,-27,-60,8,-46,41,-10,57,27,57,52,38,68,-5,49,-41,13,-62,-24,-60,-57,-35,0,0,-60,41,-21,62,19,60,46,38,57,5,46,-30,19,-49,-13,-49,-38,-30,-46,0,-35,27,-13,41,16,38,35,21,41,-5,27,-24,10,-35,-13,-35,-30,-19,-35,2,-24,21,-10,32,10,32,24,19,30,0,27,-19,8,-24,-5,-27,0,0,0,0,0,0]"
1773371064.1979995,CSI_DATA,163389,98:4a:6b:31:4a:10,-62,11,-99,-33,59,1,1796049312,83,0,256,0,"[0,0,0,0,0,0,0,0,31,25,25,33,19,40,10,44,0,46,-14,46,-25,42,-38,38,-40,27,-46,21,-52,6,-54,-2,-50,-10,-50,-23,-44,-33,-38,-38,-31,-50,-21,-52,-8,-54,2,-57,12,-59,25,-59,35,-57,44,-46,52,-40,65,-25,71,-16,69,0,0,0,65,23,54,38,52,40,38,50,27,57,14,54,6,54,-8,57,-14,52,-21,46,-31,40,-35,33,-44,25,-44,16,-42,8,-42,0,-38,-8,-38,-12,-31,-21,-25,-23,-16,-27,-12,-31,-6,-31,0,-29,4,-27,8,-25,12,-23,16,-16,0,0,0,0,0,0,0,0,0,0,0,0,0,0,-42,6,-33,27,-16,42,8,44,33,33,48,10,44,-14,33,-40,4,-54,-23,-46,-46,-25,-54,6,-44,33,-16,52,14,54,44,35,61,8,50,-25,27,-54,-10,-61,-42,-46,-61,-14,-59,23,-38,57,0,65,42,54,63,27,71,-19,0,0,10,-63,-19,-61,-54,-38,-59,6,-48,38,-16,50,16,52,40,31,52,0,40,-21,16,-42,-8,-44,-31,-25,-40,-2,-35,21,-14,38,6,35,27,27,35,6,31,-16,19,-27,-4,-31,-19,-25,-29,-10,-29,8,-21,21,-4,27,10,23,0,0,0,0,0,0]"
